konae,rarangi,kupu,root,suffix,nominal,double_passive
mbc265-not-stripped.txt,93,fakahaerehia,fakahaere,hia,no,no
mbc265-not-stripped.txt,91,fakamAramahia,fakamArama,hia,no,no
mbc265-not-stripped.txt,81,taea,tae,a,no,no
mbc171-not-stripped.txt,25,taea,tae,a,no,no
mbc171-not-stripped.txt,35,Afinatia,Afina,tia,no,no
mbc072-not-stripped.txt,30,patua,patu,a,no,no
mbc072-not-stripped.txt,30,takahia,takahi,a,no,no
mbc270-not-stripped.txt,20,tOia,tO,ia,no,no
mbc270-not-stripped.txt,17,mAtakitakitia,mAtakitaki,tia,no,no
mbc270-not-stripped.txt,19,fakakorea,fakakore,a,no,no
mbc270-not-stripped.txt,18,taNohia,taNo,hia,no,no
mbc270-not-stripped.txt,17,mauria,mau,ria,no,no
mbc270-not-stripped.txt,19,heria,heri,a,no,no
mbc270-not-stripped.txt,21,tukua,tuku,a,no,no
mbc270-not-stripped.txt,21,tukuna,tuku,na,no,no
mbc270-not-stripped.txt,20,tahia,tahi,a,no,no
mbc270-not-stripped.txt,19,kitea,kite,a,no,no
mbc270-not-stripped.txt,16,mauria,mau,ria,no,no
mbc270-not-stripped.txt,20,kumea,kume,a,no,no
mbc153-not-stripped.txt,6,mahiNia,mahi,Nia,no,no
mbc270-not-stripped.txt,20,pAkia,pA,kia,no,no
mbc224-not-stripped.txt,41,taea,tae,a,no,no
mbc270-not-stripped.txt,20,makaia,maka,ia,no,no
mbc270-not-stripped.txt,21,tapatapahia,tapatapahi,a,no,no
mbc270-not-stripped.txt,18,fakatereNia,fakatere,Nia,no,no
mbc270-not-stripped.txt,20,rapia,rapi,a,no,no
mbc270-not-stripped.txt,21,taNohia,taNo,hia,no,no
mbc270-not-stripped.txt,16,taea,tae,a,no,no
mbc270-not-stripped.txt,21,taNohia,taNo,hia,no,no
mbc270-not-stripped.txt,21,kitea,kite,a,no,no
mbc270-not-stripped.txt,19,arahina,Arahi,na,no,no
mbc270-not-stripped.txt,19,mauria,mau,ria,no,no
mbc224-not-stripped.txt,43,fakawaimehamehahia,fakawaimehameha,hia,no,no
mbc224-not-stripped.txt,43,fakawaimehamehahia,fakawaimehameha,hia,no,no
mbc224-not-stripped.txt,43,kOrerohia,kOrero,hia,no,no
mbc270-not-stripped.txt,28,taea,tae,a,no,no
mbc270-not-stripped.txt,25,taea,tae,a,no,no
mbc270-not-stripped.txt,27,taea,tae,a,no,no
mbc270-not-stripped.txt,26,taea,tae,a,no,no
mbc265-not-stripped.txt,95,fakahaerehia,fakahaere,hia,no,no
mbc150-not-stripped.txt,12,huihuiNia,huihui,Nia,no,no
mbc150-not-stripped.txt,26,waihotia,waiho,tia,no,no
mbc150-not-stripped.txt,9,mauria,mau,ria,no,no
mbc150-not-stripped.txt,9,taNihia,taNi,hia,no,no
mbc073-not-stripped.txt,23,taea,tae,a,no,no
mbc227-not-stripped.txt,46,mOhiotia,mOhio,tia,no,no
mbc227-not-stripped.txt,46,kOrerotia,kOrero,tia,no,no
mbc077-not-stripped.txt,43,pEneiNia,pEnei,Nia,no,no
mbc077-not-stripped.txt,46,peia,pei,a,no,no
mbc077-not-stripped.txt,43,mauria,mau,ria,no,no
mbc077-not-stripped.txt,46,mauria,mau,ria,no,no
mbc270-not-stripped.txt,8,pEheatia,pEhea,tia,no,no
mbc270-not-stripped.txt,8,fAia,fai,a,no,no
mbc270-not-stripped.txt,6,kitea,kite,a,no,no
mbc270-not-stripped.txt,9,kOrerohia,kOrero,hia,no,no
mbc270-not-stripped.txt,7,kUrararirarihia,kUrararirari,hia,no,no
mbc265-not-stripped.txt,87,kaiNa,kai,Na,no,no
mbc265-not-stripped.txt,106,tukuna,tuku,na,no,no
mbc265-not-stripped.txt,106,taiAfiotia,taiAfio,tia,no,no
mbc081-not-stripped.txt,16,tuituia,tuitui,a,no,no
mbc081-not-stripped.txt,16,tuituia,tuitui,a,no,no
mbc081-not-stripped.txt,16,taea,tae,a,no,no
mbc081-not-stripped.txt,16,taea,tae,a,no,no
mbc076-not-stripped.txt,78,fakahokitia,fakahoki,tia,no,no
mbc076-not-stripped.txt,78,kitea,kite,a,no,no
mbc042-not-stripped.txt,35,hokoNia,hoko,Nia,no,no
mbc042-not-stripped.txt,41,moumoutia,moumou,tia,no,no
mbc077-not-stripped.txt,42,mahitia,mahi,tia,no,no
mbc080-not-stripped.txt,10,hokotia,hoko,tia,no,no
mbc042-not-stripped.txt,35,waihoNia,waiho,Nia,no,no
mbc101-not-stripped.txt,43,mauria,mau,ria,no,no
mbc120-not-stripped.txt,57,Afinatia,Afina,tia,no,no
mbc055-not-stripped.txt,37,fakaritea,fakarite,a,no,no
mbc055-not-stripped.txt,43,kOrerohia,kOrero,hia,no,no
mbc074-not-stripped.txt,50,hokia,hoki,a,no,no
mbc074-not-stripped.txt,54,taea,tae,a,no,no
mbc058-not-stripped.txt,59,wAriutia,wAriu,tia,no,no
mbc058-not-stripped.txt,59,firifiritia,firifiri,tia,no,no
mbc075-not-stripped.txt,4,kIia,kI,ia,no,no
mbc075-not-stripped.txt,4,haria,hari,a,no,no
mbc116-not-stripped.txt,8,tuhituhiNia,tuhituhi,Nia,no,no
mbc116-not-stripped.txt,10,akoNia,ako,Nia,no,no
mbc116-not-stripped.txt,10,akoNia,ako,Nia,no,no
mbc116-not-stripped.txt,8,akoNia,ako,Nia,no,no
mbc116-not-stripped.txt,10,tuhituhiNia,tuhituhi,Nia,no,no
mbc116-not-stripped.txt,10,akoNia,ako,Nia,no,no
mbc116-not-stripped.txt,49,fakarerekEhia,fakarerekE,hia,no,no
mbc116-not-stripped.txt,49,wahineNia,wahine,Nia,no,no
mbc116-not-stripped.txt,49,fakarerekENia,fakarerekE,Nia,no,no
mbc056-not-stripped.txt,13,hokona,hoko,na,no,no
mbc041-not-stripped.txt,51,fakatakototia,fakatakoto,tia,no,no
mbc041-not-stripped.txt,51,fAia,fai,a,no,no
mbc041-not-stripped.txt,53,fakatakototia,fakatakoto,tia,no,no
mbc116-not-stripped.txt,18,rapuhia,rapu,hia,no,no
mbc116-not-stripped.txt,18,kOreroNia,kOrero,Nia,no,no
mbc116-not-stripped.txt,18,haria,hari,a,no,no
mbc116-not-stripped.txt,31,haria,hari,a,no,no
mbc116-not-stripped.txt,18,rapuhia,rapu,hia,no,no
mbc116-not-stripped.txt,18,tukia,tuki,a,no,no
mbc116-not-stripped.txt,18,kOreroNia,kOrero,Nia,no,no
mbc116-not-stripped.txt,31,mauria,mau,ria,no,no
mbc229-not-stripped.txt,15,poipoitia,poipoi,tia,no,no
mbc120-not-stripped.txt,48,kitea,kite,a,no,no
mbc122-not-stripped.txt,13,tiakina,tiaki,na,no,no
mbc122-not-stripped.txt,46,fakahaeretia,fakahaere,tia,no,no
mbc120-not-stripped.txt,55,fakapaohotia,fakapaoho,tia,no,no
mbc057-not-stripped.txt,70,huakina,huaki,na,no,no
mbc062-not-stripped.txt,35,fakapaiNia,fakapai,Nia,no,no
mbc148-not-stripped.txt,15,mauria,mau,ria,no,no
mbc175-not-stripped.txt,25,kitea,kite,a,no,no
mbc197-not-stripped.txt,23,fakahokia,fakahoki,a,no,no
mbc125-not-stripped.txt,3,huihuia,huihui,a,no,no
mbc159-not-stripped.txt,23,hoatuNia,hoatu,Nia,no,no
mbc125-not-stripped.txt,1,fakapUpUtia,fakapUpU,tia,no,no
mbc197-not-stripped.txt,23,pupurihia,pupuri,hia,no,no
mbc145-not-stripped.txt,42,fiua,fiu,a,no,no
mbc197-not-stripped.txt,23,pupurihia,pupuri,hia,no,no
mbc197-not-stripped.txt,23,titirohia,titiro,hia,no,no
mbc057-not-stripped.txt,70,kUareNia,kUare,Nia,no,no
mbc159-not-stripped.txt,23,hAkariNia,hAkari,Nia,no,no
mbc159-not-stripped.txt,23,hopuNia,hopu,Nia,no,no
mbc197-not-stripped.txt,23,tohuNia,tohu,Nia,no,no
mbc045-not-stripped.txt,62,fakatUNia,fakatU,Nia,no,no
mbc148-not-stripped.txt,17,takahia,takahi,a,no,no
mbc058-not-stripped.txt,43,heria,heri,a,no,no
mbc197-not-stripped.txt,23,tukua,tuku,a,no,no
mbc137-not-stripped.txt,12,nekehia,neke,hia,no,no
mbc108-not-stripped.txt,14,fakahaereNia,fakahaere,Nia,no,no
mbc134-not-stripped.txt,14,fakawaia,fakawai,a,no,no
mbc153-not-stripped.txt,18,mOhiotia,mOhio,tia,no,no
mbc153-not-stripped.txt,20,arahina,Arahi,na,no,no
mbc205-not-stripped.txt,12,tIkina,tiki,na,no,no
mbc205-not-stripped.txt,12,hoatuNia,hoatu,Nia,no,no
mbc153-not-stripped.txt,24,tukua,tuku,a,no,no
mbc152-not-stripped.txt,92,nuitia,nui,tia,no,no
mbc205-not-stripped.txt,12,mahia,mahi,a,no,no
mbc153-not-stripped.txt,22,fafaitia,fafai,tia,no,no
mbc153-not-stripped.txt,18,horoia,horoi,a,no,no
mbc153-not-stripped.txt,20,manakohia,manako,hia,no,no
mbc205-not-stripped.txt,7,rukuhia,ruku,hia,no,no
mbc153-not-stripped.txt,26,fakaaria,fakaari,a,no,no
mbc205-not-stripped.txt,4,karaNatia,karaNa,tia,no,no
mbc205-not-stripped.txt,4,arahina,Arahi,na,no,no
mbc205-not-stripped.txt,4,fArikiNia,fAriki,Nia,no,no
mbc195-not-stripped.txt,26,piripihia,piripi,hia,no,no
mbc058-not-stripped.txt,74,hIkoitia,hIkoi,tia,no,no
mbc134-not-stripped.txt,14,meatia,mea,tia,no,no
mbc205-not-stripped.txt,9,waihotia,waiho,tia,no,no
mbc200-not-stripped.txt,18,pautia,pau,tia,no,no
mbc152-not-stripped.txt,92,arohatia,aroha,tia,no,no
mbc153-not-stripped.txt,24,fafaiNia,fafai,Nia,no,no
mbc134-not-stripped.txt,14,murua,muru,a,no,no
mbc205-not-stripped.txt,7,rukuhia,ruku,hia,no,no
mbc205-not-stripped.txt,12,fakarerea,fakarere,a,no,no
mbc105-not-stripped.txt,10,arahitia,Arahi,tia,no,no
mbc205-not-stripped.txt,12,herea,here,a,no,no
mbc062-not-stripped.txt,21,fakakotitiNia,fakakotiti,Nia,no,no
mbc205-not-stripped.txt,11,taea,tae,a,no,no
mbc055-not-stripped.txt,9,takahia,takahi,a,no,no
mbc175-not-stripped.txt,37,mahia,mahi,a,no,no
mbc205-not-stripped.txt,12,mauria,mau,ria,no,no
mbc053-not-stripped.txt,30,fakatutukihia,fakatutuki,hia,no,no
mbc134-not-stripped.txt,14,kawea,kawe,a,no,no
mbc134-not-stripped.txt,14,fakaoraNia,fakaora,Nia,no,no
mbc205-not-stripped.txt,9,mihia,mihi,a,no,no
mbc205-not-stripped.txt,4,karaNatia,karaNa,tia,no,no
mbc205-not-stripped.txt,4,mauria,mau,ria,no,no
mbc123-not-stripped.txt,41,mahia,mahi,a,no,no
mbc205-not-stripped.txt,4,mihiNia,mihi,Nia,no,no
mbc153-not-stripped.txt,20,tukuna,tuku,na,no,no
mbc108-not-stripped.txt,14,fakakahaNia,fakakaha,Nia,no,no
mbc205-not-stripped.txt,12,herea,here,a,no,no
mbc091-not-stripped.txt,6,taea,tae,a,no,no
mbc091-not-stripped.txt,2,fakahokia,fakahoki,a,no,no
mbc200-not-stripped.txt,18,fakapautia,fakapau,tia,no,no
mbc197-not-stripped.txt,22,tapahia,tapahi,a,no,no
mbc153-not-stripped.txt,24,tukua,tuku,a,no,no
mbc102-not-stripped.txt,14,fAitia,fai,tia,no,no
mbc205-not-stripped.txt,12,fiua,fiu,a,no,no
mbc123-not-stripped.txt,39,ririNia,riri,Nia,no,no
mbc061-not-stripped.txt,0,fakapaiNia,fakapai,Nia,no,no
mbc205-not-stripped.txt,4,haria,hari,a,no,no
mbc197-not-stripped.txt,22,fakafAnuihia,fakafAnui,hia,no,no
mbc074-not-stripped.txt,60,irihia,iri,hia,no,no
mbc097-not-stripped.txt,33,manaakitia,manaaki,tia,no,no
mbc205-not-stripped.txt,4,tuia,tui,a,no,no
mbc205-not-stripped.txt,9,heria,heri,a,no,no
mbc123-not-stripped.txt,83,tUtUNia,tUtU,Nia,no,no
mbc205-not-stripped.txt,4,haria,hari,a,no,no
mbc205-not-stripped.txt,4,tuia,tui,a,no,no
mbc134-not-stripped.txt,13,mahia,mahi,a,no,no
mbc205-not-stripped.txt,4,tuia,tui,a,no,no
mbc205-not-stripped.txt,4,fakatakotoNia,fakatakoto,Nia,no,no
mbc205-not-stripped.txt,4,taNihia,taNi,hia,no,no
mbc062-not-stripped.txt,21,fakakotitiNia,fakakotiti,Nia,no,no
mbc205-not-stripped.txt,9,werohia,wero,hia,no,no
mbc205-not-stripped.txt,4,tuia,tui,a,no,no
mbc205-not-stripped.txt,4,tuia,tui,a,no,no
mbc205-not-stripped.txt,4,waihotia,waiho,tia,no,no
mbc205-not-stripped.txt,11,hauhia,hau,hia,no,no
mbc102-not-stripped.txt,14,manatia,mana,tia,no,no
mbc134-not-stripped.txt,13,fakamahia,fakamahi,a,no,no
mbc205-not-stripped.txt,4,tuia,tui,a,no,no
mbc205-not-stripped.txt,11,hoea,hoe,a,no,no
mbc216-not-stripped.txt,5,hurihia,huri,hia,no,no
mbc216-not-stripped.txt,1,homaihia,homai,hia,no,no
mbc216-not-stripped.txt,3,taea,tae,a,no,no
mbc216-not-stripped.txt,5,fakahauhauNia,fakahauhau,Nia,no,no
mbc216-not-stripped.txt,5,taea,tae,a,no,no
mbc216-not-stripped.txt,5,hurihia,huri,hia,no,no
mbc216-not-stripped.txt,1,homaihia,homai,hia,no,no
mbc226-not-stripped.txt,39,kitea,kite,a,no,no
mbc052-not-stripped.txt,7,taea,tae,a,no,no
mbc052-not-stripped.txt,3,fakahokia,fakahoki,a,no,no
mbc234-not-stripped.txt,20,fAia,fai,a,no,no
mbc234-not-stripped.txt,14,akoNia,ako,Nia,no,no
mbc234-not-stripped.txt,28,fakafifia,fakafifi,a,no,no
mbc234-not-stripped.txt,26,taea,tae,a,no,no
mbc234-not-stripped.txt,26,fakamanatia,fakamana,tia,no,no
mbc234-not-stripped.txt,28,tirohia,titiro,hia,no,no
mbc234-not-stripped.txt,28,tirohia,titiro,hia,no,no
mbc234-not-stripped.txt,18,fakaputaina,fakaputa,ina,no,no
mbc234-not-stripped.txt,36,kIia,kI,ia,no,no
mbc234-not-stripped.txt,36,tUmanakohia,tUmanako,hia,no,no
mbc234-not-stripped.txt,28,fAia,fai,a,no,no
mbc234-not-stripped.txt,40,wawatahia,wawata,hia,no,no
mbc234-not-stripped.txt,40,fakaputaina,fakaputa,ina,no,no
mbc008-not-stripped.txt,12,tUrorotia,tUroro,tia,no,no
mbc057-not-stripped.txt,48,kohia,kohi,a,no,no
mbc048-not-stripped.txt,34,fakaritea,fakarite,a,no,no
mbc048-not-stripped.txt,32,kOrerotia,kOrero,tia,no,no
mbc134-not-stripped.txt,10,mihimihiNia,mihimihi,Nia,no,no
mbc134-not-stripped.txt,10,huihuiNia,huihui,Nia,no,no
mbc134-not-stripped.txt,10,poroporoakiNia,poroporoaki,Nia,no,no
mbc134-not-stripped.txt,10,kawea,kawe,a,no,no
mbc120-not-stripped.txt,18,fakamahia,fakamahi,a,no,no
mbc088-not-stripped.txt,34,fakatapuhia,fakatapu,hia,no,no
mbc087-not-stripped.txt,51,takahitia,takahi,tia,no,no
mbc088-not-stripped.txt,34,fakahuratia,fakahura,tia,no,no
mbc218-not-stripped.txt,37,mahia,mahi,a,no,no
mbc271-not-stripped.txt,124,taea,tae,a,no,no
mbc271-not-stripped.txt,147,meatia,mea,tia,no,no
mbc271-not-stripped.txt,8,taea,tae,a,no,no
mbc271-not-stripped.txt,142,tukuna,tuku,na,no,no
mbc271-not-stripped.txt,149,hokona,hoko,na,no,no
mbc074-not-stripped.txt,32,fakaatuNia,fakaatu,Nia,no,no
mbc074-not-stripped.txt,32,fakaaeNia,fakaae,Nia,no,no
mbc074-not-stripped.txt,28,Araihia,Arai,hia,no,no
mbc229-not-stripped.txt,50,taea,tae,a,no,no
mbc229-not-stripped.txt,50,fakaaroNia,fakaaro,Nia,no,no
mbc139-not-stripped.txt,30,taea,tae,a,no,no
mbc098-not-stripped.txt,25,haria,hari,a,no,no
mbc098-not-stripped.txt,27,haria,hari,a,no,no
mbc098-not-stripped.txt,27,taea,tae,a,no,no
mbc098-not-stripped.txt,15,manaakitia,manaaki,tia,no,no
mbc098-not-stripped.txt,23,mahia,mahi,a,no,no
mbc098-not-stripped.txt,19,taea,tae,a,no,no
mbc098-not-stripped.txt,27,haerea,haere,a,no,no
mbc098-not-stripped.txt,19,manaakitia,manaaki,tia,no,no
mbc098-not-stripped.txt,27,haria,hari,a,no,no
mbc098-not-stripped.txt,23,haria,hari,a,no,no
mbc098-not-stripped.txt,15,aratakina,arataki,na,no,no
mbc098-not-stripped.txt,15,tiakina,tiaki,na,no,no
mbc098-not-stripped.txt,15,paiheretia,paihere,tia,no,no
mbc098-not-stripped.txt,27,mahia,mahi,a,no,no
mbc098-not-stripped.txt,21,taea,tae,a,no,no
mbc098-not-stripped.txt,27,taea,tae,a,no,no
mbc098-not-stripped.txt,15,manaakitia,manaaki,tia,no,no
mbc098-not-stripped.txt,15,tukuna,tuku,na,no,no
mbc087-not-stripped.txt,39,taea,tae,a,no,no
mbc087-not-stripped.txt,39,taea,tae,a,no,no
mbc087-not-stripped.txt,39,taea,tae,a,no,no
mbc041-not-stripped.txt,19,homaiNia,homai,Nia,no,no
mbc041-not-stripped.txt,14,purua,puru,a,no,no
mbc273-not-stripped.txt,31,haukUtia,haukU,tia,no,no
mbc273-not-stripped.txt,31,kitea,kite,a,no,no
mbc273-not-stripped.txt,31,panaNia,pana,Nia,no,no
mbc273-not-stripped.txt,31,panaNia,pana,Nia,no,no
mbc273-not-stripped.txt,31,panaNia,pana,Nia,no,no
mbc273-not-stripped.txt,33,haNaNia,haNa,Nia,no,no
mbc273-not-stripped.txt,33,haNaNia,haNa,Nia,no,no
mbc273-not-stripped.txt,34,fakaroNoNia,fakaroNo,Nia,no,no
mbc273-not-stripped.txt,34,haNaNia,haNa,Nia,no,no
mbc273-not-stripped.txt,34,tirohia,titiro,hia,no,no
mbc273-not-stripped.txt,35,fakamAfANia,fakamAfA,Nia,no,no
mbc044-not-stripped.txt,37,fakatinanahia,fakatinana,hia,no,no
mbc081-not-stripped.txt,55,fakahokia,fakahoki,a,no,no
mbc228-not-stripped.txt,16,fiua,fiu,a,no,no
mbc227-not-stripped.txt,9,fakaaetia,fakaae,tia,no,no
mbc169-not-stripped.txt,20,werohia,wero,hia,no,no
mbc169-not-stripped.txt,20,werohia,wero,hia,no,no
mbc228-not-stripped.txt,16,fiua,fiu,a,no,no
mbc228-not-stripped.txt,16,fAia,fai,a,no,no
mbc169-not-stripped.txt,20,kOrerorerotia,kOrerorero,tia,no,no
mbc228-not-stripped.txt,16,haria,hari,a,no,no
mbc224-not-stripped.txt,45,taea,tae,a,no,no
mbc169-not-stripped.txt,20,waihotia,waiho,tia,no,no
mbc153-not-stripped.txt,12,kumea,kume,a,no,no
mbc153-not-stripped.txt,12,fakatikaNia,fakatika,Nia,no,no
mbc227-not-stripped.txt,40,pANia,pA,Nia,no,no
mbc230-not-stripped.txt,88,kOrerotia,kOrero,tia,no,no
mbc230-not-stripped.txt,88,kOrerotia,kOrero,tia,no,no
mbc230-not-stripped.txt,88,mahia,mahi,a,no,no
mbc230-not-stripped.txt,88,kOrerotia,kOrero,tia,no,no
mbc265-not-stripped.txt,88,tukua,tuku,a,no,no
mbc265-not-stripped.txt,88,mahia,mahi,a,no,no
mbc265-not-stripped.txt,88,taea,tae,a,no,no
mbc236-not-stripped.txt,2,katoaNia,katoa,Nia,no,no
mbc236-not-stripped.txt,2,taNihia,taNi,hia,no,no
mbc236-not-stripped.txt,2,katoaNia,katoa,Nia,no,no
mbc236-not-stripped.txt,2,uhia,uhi,a,no,no
mbc230-not-stripped.txt,1,haria,hari,a,no,no
mbc230-not-stripped.txt,82,kimitia,kimi,tia,no,no
mbc230-not-stripped.txt,73,tapahia,tapahi,a,no,no
mbc230-not-stripped.txt,80,fakahokia,fakahoki,a,no,no
mbc230-not-stripped.txt,80,poroa,poro,a,no,no
mbc230-not-stripped.txt,80,fakahokia,fakahoki,a,no,no
mbc230-not-stripped.txt,73,kIia,kI,ia,no,no
mbc230-not-stripped.txt,90,waihoNia,waiho,Nia,no,no
mbc230-not-stripped.txt,90,waihoNia,waiho,Nia,no,no
mbc230-not-stripped.txt,1,nohotia,noho,tia,no,no
mbc230-not-stripped.txt,90,fakapANia,fakapA,Nia,no,no
mbc230-not-stripped.txt,71,tukuna,tuku,na,no,no
mbc230-not-stripped.txt,90,kOreroNia,kOrero,Nia,no,no
mbc230-not-stripped.txt,78,kitea,kite,a,no,no
mbc230-not-stripped.txt,78,kitea,kite,a,no,no
mbc230-not-stripped.txt,1,haria,hari,a,no,no
mbc230-not-stripped.txt,71,nOhia,noho,hia,no,no
mbc230-not-stripped.txt,12,kimihia,kimi,hia,no,no
mbc230-not-stripped.txt,90,kENia,kE,Nia,no,no
mbc230-not-stripped.txt,80,fakahokia,fakahoki,a,no,no
mbc230-not-stripped.txt,69,kIia,kI,ia,no,no
mbc230-not-stripped.txt,90,mahia,mahi,a,no,no
mbc230-not-stripped.txt,80,hokona,hoko,na,no,no
mbc230-not-stripped.txt,83,patua,patu,a,no,no
mbc230-not-stripped.txt,80,tuaputia,tuapu,tia,no,no
mbc230-not-stripped.txt,71,herea,here,a,no,no
mbc230-not-stripped.txt,83,tapahia,tapahi,a,no,no
mbc230-not-stripped.txt,83,tapatapahia,tapatapahi,a,no,no
mbc230-not-stripped.txt,83,patua,patu,a,no,no
mbc230-not-stripped.txt,90,kOreroNia,kOrero,Nia,no,no
mbc230-not-stripped.txt,71,kIia,kI,ia,no,no
mbc230-not-stripped.txt,75,kIia,kI,ia,no,no
mbc230-not-stripped.txt,69,heria,heri,a,no,no
mbc230-not-stripped.txt,67,meatia,mea,tia,no,no
mbc230-not-stripped.txt,69,hereheretia,herehere,tia,no,no
mbc230-not-stripped.txt,69,fakaemitia,fakaemi,tia,no,no
mbc230-not-stripped.txt,90,mahia,mahi,a,no,no
mbc238-not-stripped.txt,10,mahia,mahi,a,no,no
mbc238-not-stripped.txt,14,kitea,kite,a,no,no
mbc238-not-stripped.txt,12,utuNia,utu,Nia,no,no
mbc238-not-stripped.txt,14,firifiria,firifiri,a,no,no
mbc238-not-stripped.txt,16,kitea,kite,a,no,no
mbc238-not-stripped.txt,12,kitea,kite,a,no,no
mbc238-not-stripped.txt,12,kOrerotia,kOrero,tia,no,no
mbc044-not-stripped.txt,8,taea,tae,a,no,no
mbc044-not-stripped.txt,6,tAhaeNia,tAhae,Nia,no,no
mbc044-not-stripped.txt,8,fakahokiNia,fakahoki,Nia,no,no
mbc272-not-stripped.txt,85,tOtikatia,tOtika,tia,no,no
mbc271-not-stripped.txt,99,fakatUria,fakatU,ria,no,no
mbc271-not-stripped.txt,64,kitea,kite,a,no,no
mbc271-not-stripped.txt,31,fakaaetia,fakaae,tia,no,no
mbc052-not-stripped.txt,59,aukatitia,aukati,tia,no,no
mbc086-not-stripped.txt,18,kitea,kite,a,no,no
mbc054-not-stripped.txt,3,fakatUria,fakatU,ria,no,no
mbc116-not-stripped.txt,30,tukuna,tuku,na,no,no
mbc116-not-stripped.txt,28,kawea,kawe,a,no,no
mbc116-not-stripped.txt,26,mOhioNia,mOhio,Nia,no,no
mbc116-not-stripped.txt,30,tAria,tatari,a,no,no
mbc096-not-stripped.txt,63,fakamAramahia,fakamArama,hia,no,no
mbc096-not-stripped.txt,38,fakakapeNia,fakakape,Nia,no,no
mbc096-not-stripped.txt,59,rEhitatia,rEhita,tia,no,no
mbc096-not-stripped.txt,57,rEhitatia,rEhita,tia,no,no
mbc096-not-stripped.txt,55,haria,hari,a,no,no
mbc093-not-stripped.txt,0,fakaritea,fakarite,a,no,no
mbc093-not-stripped.txt,2,kaiNa,kai,Na,no,no
mbc093-not-stripped.txt,0,taea,tae,a,no,no
mbc093-not-stripped.txt,0,karaNatia,karaNa,tia,no,no
mbc093-not-stripped.txt,2,kaiNa,kai,Na,no,no
mbc093-not-stripped.txt,2,kaiNa,kai,Na,no,no
mbc058-not-stripped.txt,21,fakahAweatia,fakahAwea,tia,no,no
mbc055-not-stripped.txt,31,tUkinoNia,tUkino,Nia,no,no
mbc060-not-stripped.txt,30,haria,hari,a,no,no
mbc060-not-stripped.txt,28,mahia,mahi,a,no,no
mbc035-not-stripped.txt,2,mauria,mau,ria,no,no
mbc035-not-stripped.txt,2,fakakorea,fakakore,a,no,no
mbc269-not-stripped.txt,35,fAia,fai,a,no,no
mbc269-not-stripped.txt,36,kOrerohia,kOrero,hia,no,no
mbc269-not-stripped.txt,33,kitea,kite,a,no,no
mbc269-not-stripped.txt,34,kUrarirarihia,kUrarirari,hia,no,no
mbc269-not-stripped.txt,35,pEheatia,pEhea,tia,no,no
mbc090-not-stripped.txt,27,tonutia,tonu,tia,no,no
mbc229-not-stripped.txt,49,fakaiNoatia,fakaiNoa,tia,no,no
mbc271-not-stripped.txt,128,hokona,hoko,na,no,no
mbc272-not-stripped.txt,84,hokona,hoko,na,no,no
mbc271-not-stripped.txt,79,penua,penu,a,no,no
mbc272-not-stripped.txt,80,ahatia,aha,tia,no,no
mbc272-not-stripped.txt,84,hokona,hoko,na,no,no
mbc271-not-stripped.txt,52,tukuna,tuku,na,no,no
mbc271-not-stripped.txt,79,kitea,kite,a,no,no
mbc271-not-stripped.txt,37,tOia,tO,ia,no,no
mbc271-not-stripped.txt,71,hokona,hoko,na,no,no
mbc271-not-stripped.txt,37,Afinatia,Afina,tia,no,no
mbc271-not-stripped.txt,94,fetUraNitia,fetUraNi,tia,no,no
mbc271-not-stripped.txt,104,tunua,tunu,a,no,no
mbc120-not-stripped.txt,8,fAia,fai,a,no,no
mbc120-not-stripped.txt,56,Afinatia,Afina,tia,no,no
mbc120-not-stripped.txt,41,pOkia,poki,a,no,no
mbc120-not-stripped.txt,56,tirohia,titiro,hia,no,no
mbc120-not-stripped.txt,41,heria,heri,a,no,no
mbc155-not-stripped.txt,15,fakatinanahia,fakatinana,hia,no,no
mbc155-not-stripped.txt,15,hutia,huti,a,no,no
mbc155-not-stripped.txt,15,fakatUNia,fakatU,Nia,no,no
mbc155-not-stripped.txt,15,fakatUNia,fakatU,Nia,no,no
mbc155-not-stripped.txt,15,tonohia,tono,hia,no,no
mbc155-not-stripped.txt,15,fakatUNia,fakatU,Nia,no,no
mbc155-not-stripped.txt,15,fakahokia,fakahoki,a,no,no
mbc155-not-stripped.txt,15,fakatUNia,fakatU,Nia,no,no
mbc155-not-stripped.txt,15,patua,patu,a,no,no
mbc155-not-stripped.txt,15,tonohia,tono,hia,no,no
mbc155-not-stripped.txt,15,huaina,hua,ina,no,no
mbc155-not-stripped.txt,15,haria,hari,a,no,no
mbc155-not-stripped.txt,15,fakapouNia,fakapou,Nia,no,no
mbc155-not-stripped.txt,15,kitea,kite,a,no,no
mbc155-not-stripped.txt,15,fakatUNia,fakatU,Nia,no,no
mbc155-not-stripped.txt,15,fakatUNia,fakatU,Nia,no,no
mbc155-not-stripped.txt,15,puruNia,puru,Nia,no,no
mbc155-not-stripped.txt,15,fakatinanahia,fakatinana,hia,no,no
mbc155-not-stripped.txt,15,patua,patu,a,no,no
mbc155-not-stripped.txt,15,haNaia,haNa,ia,no,no
mbc116-not-stripped.txt,43,roNohia,roNo,hia,no,no
mbc116-not-stripped.txt,43,roNohia,roNo,hia,no,no
mbc116-not-stripped.txt,50,taea,tae,a,no,no
mbc116-not-stripped.txt,50,taea,tae,a,no,no
mbc116-not-stripped.txt,20,akona,ako,na,no,no
mbc116-not-stripped.txt,22,tukuna,tuku,na,no,no
mbc116-not-stripped.txt,22,haria,hari,a,no,no
mbc097-not-stripped.txt,13,taea,tae,a,no,no
mbc097-not-stripped.txt,13,taea,tae,a,no,no
mbc097-not-stripped.txt,24,meiNa,mea,Na,no,no
mbc087-not-stripped.txt,4,fAia,fai,a,no,no
mbc057-not-stripped.txt,65,kUareNia,kUare,Nia,no,no
mbc154-not-stripped.txt,35,taea,tae,a,no,no
mbc154-not-stripped.txt,35,fakakahaNia,fakakaha,Nia,no,no
mbc154-not-stripped.txt,35,fakahauoratia,fakahauora,tia,no,no
mbc154-not-stripped.txt,35,paria,pari,a,no,no
mbc154-not-stripped.txt,35,pikihia,piki,hia,no,no
mbc154-not-stripped.txt,35,taea,tae,a,no,no
mbc119-not-stripped.txt,27,panapanaia,panapana,ia,no,no
mbc119-not-stripped.txt,27,kINia,kI,Nia,no,no
mbc119-not-stripped.txt,28,moeNia,moe,Nia,no,no
mbc119-not-stripped.txt,27,foatuNia,foatu,Nia,no,no
mbc119-not-stripped.txt,28,moeNia,moe,Nia,no,no
mbc119-not-stripped.txt,27,hikiNia,hiki,Nia,no,no
mbc119-not-stripped.txt,28,kimihia,kimi,hia,no,no
mbc119-not-stripped.txt,28,kOreroNia,kOrero,Nia,no,no
mbc119-not-stripped.txt,27,nohoNia,noho,Nia,no,no
mbc119-not-stripped.txt,27,moea,moe,a,no,no
mbc076-not-stripped.txt,20,kOrerohia,kOrero,hia,no,no
mbc076-not-stripped.txt,20,fakamAramaNia,fakamArama,Nia,no,no
mbc076-not-stripped.txt,20,kOrerohia,kOrero,hia,no,no
mbc085-not-stripped.txt,64,fakahaeretia,fakahaere,tia,no,no
mbc155-not-stripped.txt,16,fakamiNeNia,fakamiNe,Nia,no,no
mbc094-not-stripped.txt,7,fakamahia,fakamahi,a,no,no
mbc094-not-stripped.txt,2,kitea,kite,a,no,no
mbc094-not-stripped.txt,11,taea,tae,a,no,no
mbc094-not-stripped.txt,2,fakamanahia,fakamana,hia,no,no
mbc094-not-stripped.txt,2,fakakorehia,fakakore,hia,no,no
mbc094-not-stripped.txt,2,kitea,kite,a,no,no
mbc094-not-stripped.txt,2,kitea,kite,a,no,no
mbc094-not-stripped.txt,7,fakamahia,fakamahi,a,no,no
mbc094-not-stripped.txt,9,kitea,kite,a,no,no
mbc094-not-stripped.txt,9,fakamahia,fakamahi,a,no,no
mbc094-not-stripped.txt,13,taea,tae,a,no,no
mbc094-not-stripped.txt,13,fakaNuNua,fakaNuNu,a,no,no
mbc094-not-stripped.txt,2,takea,take,a,no,no
mbc094-not-stripped.txt,9,kitea,kite,a,no,no
mbc094-not-stripped.txt,9,kitea,kite,a,no,no
mbc094-not-stripped.txt,13,fakaNuNua,fakaNuNu,a,no,no
mbc094-not-stripped.txt,13,kitea,kite,a,no,no
mbc094-not-stripped.txt,11,kitea,kite,a,no,no
mbc094-not-stripped.txt,2,fakarerekEhia,fakarerekE,hia,no,no
mbc094-not-stripped.txt,7,fakamahia,fakamahi,a,no,no
mbc058-not-stripped.txt,35,roNoNia,roNo,Nia,no,no
mbc058-not-stripped.txt,35,roNoNia,roNo,Nia,no,no
mbc058-not-stripped.txt,35,roNoNia,roNo,Nia,no,no
mbc230-not-stripped.txt,33,kitea,kite,a,no,no
mbc230-not-stripped.txt,43,waihoNia,waiho,Nia,no,no
mbc265-not-stripped.txt,18,karaNahia,karaNa,hia,no,no
mbc210-not-stripped.txt,34,katia,kati,a,no,no
mbc210-not-stripped.txt,40,fANaitia,fANai,tia,no,no
mbc210-not-stripped.txt,36,fakamanatia,fakamana,tia,no,no
mbc210-not-stripped.txt,20,taea,tae,a,no,no
mbc210-not-stripped.txt,32,taea,tae,a,no,no
mbc210-not-stripped.txt,44,taea,tae,a,no,no
mbc210-not-stripped.txt,34,mauria,mau,ria,no,no
mbc210-not-stripped.txt,22,wehetia,wehe,tia,no,no
mbc210-not-stripped.txt,22,fakatUria,fakatU,ria,no,no
mbc210-not-stripped.txt,22,wehetia,wehe,tia,no,no
mbc210-not-stripped.txt,30,utuNia,utu,Nia,no,no
mbc055-not-stripped.txt,14,uhia,uhi,a,no,no
mbc055-not-stripped.txt,10,taea,tae,a,no,no
mbc223-not-stripped.txt,30,mahia,mahi,a,no,no
mbc223-not-stripped.txt,51,firifirihia,firifiri,hia,no,no
mbc271-not-stripped.txt,19,fakahokia,fakahoki,a,no,no
mbc271-not-stripped.txt,51,tukua,tuku,a,no,no
mbc036-not-stripped.txt,25,katoatia,katoa,tia,no,no
mbc019-not-stripped.txt,9,taea,tae,a,no,no
mbc130-not-stripped.txt,20,patua,patu,a,no,no
mbc130-not-stripped.txt,20,AfinaNia,Afina,Nia,no,no
mbc130-not-stripped.txt,20,patua,patu,a,no,no
mbc130-not-stripped.txt,20,patua,patu,a,no,no
mbc130-not-stripped.txt,20,fakahokia,fakahoki,a,no,no
mbc137-not-stripped.txt,1,haNaia,haNa,ia,no,no
mbc137-not-stripped.txt,1,fakahokia,fakahoki,a,no,no
mbc137-not-stripped.txt,1,kitea,kite,a,no,no
mbc229-not-stripped.txt,54,fakaritea,fakarite,a,no,no
mbc076-not-stripped.txt,68,tOia,tO,ia,no,no
mbc227-not-stripped.txt,48,tukuna,tuku,na,no,no
mbc041-not-stripped.txt,15,fakaarohia,fakaaro,hia,no,no
mbc041-not-stripped.txt,17,hokohokohia,hokohoko,hia,no,no
mbc097-not-stripped.txt,97,tUria,tU,ria,no,no
mbc271-not-stripped.txt,123,hokona,hoko,na,no,no
mbc271-not-stripped.txt,7,hokona,hoko,na,no,no
mbc271-not-stripped.txt,125,hokona,hoko,na,no,no
mbc084-not-stripped.txt,22,taea,tae,a,no,no
mbc225-not-stripped.txt,47,karaNatia,karaNa,tia,no,no
mbc225-not-stripped.txt,47,karaNatia,karaNa,tia,no,no
mbc141-not-stripped.txt,53,tuhituhia,tuhituhi,a,no,no
mbc141-not-stripped.txt,18,pEnAtia,pEnA,tia,no,no
mbc141-not-stripped.txt,10,mahia,mahi,a,no,no
mbc141-not-stripped.txt,14,tirohia,titiro,hia,no,no
mbc141-not-stripped.txt,16,mauria,mau,ria,no,no
mbc141-not-stripped.txt,18,fakahokia,fakahoki,a,no,no
mbc141-not-stripped.txt,14,tirohia,titiro,hia,no,no
mbc141-not-stripped.txt,18,mauria,mau,ria,no,no
mbc141-not-stripped.txt,14,kOrerotia,kOrero,tia,no,no
mbc141-not-stripped.txt,18,pEneitia,pEnei,tia,no,no
mbc141-not-stripped.txt,14,taea,tae,a,no,no
mbc141-not-stripped.txt,14,ritehia,rite,hia,no,no
mbc141-not-stripped.txt,12,taea,tae,a,no,no
mbc020-not-stripped.txt,27,mOhioNia,mOhio,Nia,no,no
mbc020-not-stripped.txt,27,haria,hari,a,no,no
mbc020-not-stripped.txt,27,karakiaNia,karakia,Nia,no,no
mbc020-not-stripped.txt,27,tImataNia,tImata,Nia,no,no
mbc020-not-stripped.txt,27,fakatUNia,fakatU,Nia,no,no
mbc020-not-stripped.txt,27,waereaNia,waerea,Nia,no,no
mbc020-not-stripped.txt,27,tUmanakohia,tUmanako,hia,no,no
mbc020-not-stripped.txt,27,karaNahia,karaNa,hia,no,no
mbc020-not-stripped.txt,27,muiaNia,mui,a/Nia,no,yes
mbc020-not-stripped.txt,27,kauhauNia,kauhau,Nia,no,no
mbc020-not-stripped.txt,27,toroNia,toro,Nia,no,no
mbc020-not-stripped.txt,27,fakatUNia,fakatU,Nia,no,no
mbc020-not-stripped.txt,27,taiapaNia,taiapa,Nia,no,no
mbc088-not-stripped.txt,68,fakahuihuitia,fakahuihui,tia,no,no
mbc055-not-stripped.txt,41,weroNia,wero,Nia,no,no
mbc070-not-stripped.txt,6,mauria,mau,ria,no,no
mbc070-not-stripped.txt,3,panaia,pana,ia,no,no
mbc086-not-stripped.txt,10,tautokohia,tautoko,hia,no,no
mbc072-not-stripped.txt,28,patupatuNia,patupatu,Nia,no,no
mbc097-not-stripped.txt,99,akona,ako,na,no,no
mbc155-not-stripped.txt,11,tonuNia,tonu,Nia,no,no
mbc155-not-stripped.txt,11,fakatipuNia,fakatipu,Nia,no,no
mbc155-not-stripped.txt,5,kitehia,kite,hia,no,no
mbc155-not-stripped.txt,5,kOhauNia,kOhau,Nia,no,no
mbc155-not-stripped.txt,5,fakatUNia,fakatU,Nia,no,no
mbc155-not-stripped.txt,11,tahua,tahu,a,no,no
mbc155-not-stripped.txt,11,utaina,uta,ina,no,no
mbc155-not-stripped.txt,5,fakatUNia,fakatU,Nia,no,no
mbc155-not-stripped.txt,11,waihoNia,waiho,Nia,no,no
mbc155-not-stripped.txt,5,taNohia,taNo,hia,no,no
mbc155-not-stripped.txt,7,tukua,tuku,a,no,no
mbc155-not-stripped.txt,5,puNaNia,puNa,Nia,no,no
mbc155-not-stripped.txt,5,tukua,tuku,a,no,no
mbc155-not-stripped.txt,11,fafatiNia,fafati,Nia,no,no
mbc155-not-stripped.txt,5,fakatUNia,fakatU,Nia,no,no
mbc155-not-stripped.txt,9,puritia,puri,tia,no,no
mbc142-not-stripped.txt,37,kitea,kite,a,no,no
mbc142-not-stripped.txt,37,kitea,kite,a,no,no
mbc210-not-stripped.txt,7,fakatUria,fakatU,ria,no,no
mbc210-not-stripped.txt,7,taea,tae,a,no,no
mbc210-not-stripped.txt,3,tOria,tO,ria,no,no
mbc210-not-stripped.txt,3,fakatOria,fakatO,ria,no,no
mbc056-not-stripped.txt,56,kOreroNia,kOrero,Nia,no,no
mbc229-not-stripped.txt,60,fakaarohia,fakaaro,hia,no,no
mbc229-not-stripped.txt,60,taea,tae,a,no,no
mbc229-not-stripped.txt,51,mOhiotia,mOhio,tia,no,no
mbc229-not-stripped.txt,60,muia,mui,a,no,no
mbc229-not-stripped.txt,60,taNohia,taNo,hia,no,no
mbc229-not-stripped.txt,51,taNohia,taNo,hia,no,no
mbc229-not-stripped.txt,60,mOhiotia,mOhio,tia,no,no
mbc229-not-stripped.txt,60,homaiNia,homai,Nia,no,no
mbc085-not-stripped.txt,51,kOrerotia,kOrero,tia,no,no
mbc089-not-stripped.txt,46,huria,huri,a,no,no
mbc045-not-stripped.txt,12,pANia,pA,Nia,no,no
mbc223-not-stripped.txt,61,kikia,kiki,a,no,no
mbc166-not-stripped.txt,152,taea,tae,a,no,no
mbc166-not-stripped.txt,166,taea,tae,a,no,no
mbc166-not-stripped.txt,164,taea,tae,a,no,no
mbc166-not-stripped.txt,132,kIia,kI,ia,no,no
mbc166-not-stripped.txt,150,taea,tae,a,no,no
mbc166-not-stripped.txt,142,tukuna,tuku,na,no,no
mbc166-not-stripped.txt,134,pANia,pA,Nia,no,no
mbc166-not-stripped.txt,146,manA,mana,a,no,no
mbc166-not-stripped.txt,148,fANaihia,fANai,hia,no,no
mbc166-not-stripped.txt,176,hopukina,hopu,kina,no,no
mbc166-not-stripped.txt,136,fAia,fai,a,no,no
mbc166-not-stripped.txt,160,tukuna,tuku,na,no,no
mbc166-not-stripped.txt,156,tonuhia,tonu,hia,no,no
mbc166-not-stripped.txt,156,fANaihia,fANai,hia,no,no
mbc166-not-stripped.txt,166,tukuna,tuku,na,no,no
mbc166-not-stripped.txt,130,kuraina,kura,ina,no,no
mbc166-not-stripped.txt,176,taea,tae,a,no,no
mbc166-not-stripped.txt,180,taea,tae,a,no,no
mbc166-not-stripped.txt,176,poipoia,poipoi,a,no,no
mbc166-not-stripped.txt,142,pAtaihia,pAtai,hia,no,no
mbc166-not-stripped.txt,176,pupurihia,pupuri,hia,no,no
mbc086-not-stripped.txt,61,mahia,mahi,a,no,no
mbc057-not-stripped.txt,64,waihotia,waiho,tia,no,no
mbc035-not-stripped.txt,12,fiua,fiu,a,no,no
mbc035-not-stripped.txt,12,tomokia,tomo,kia,no,no
mbc045-not-stripped.txt,16,mahia,mahi,a,no,no
mbc210-not-stripped.txt,13,kIia,kI,ia,no,no
mbc210-not-stripped.txt,15,taea,tae,a,no,no
mbc137-not-stripped.txt,6,tAraihia,tArai,hia,no,no
mbc137-not-stripped.txt,6,kimihia,kimi,hia,no,no
mbc137-not-stripped.txt,6,uia,ui,a,no,no
mbc137-not-stripped.txt,6,fanohia,fano,hia,no,no
mbc137-not-stripped.txt,6,tapatapahia,tapatapahi,a,no,no
mbc137-not-stripped.txt,6,herehia,here,hia,no,no
mbc137-not-stripped.txt,6,uia,ui,a,no,no
mbc137-not-stripped.txt,6,rapuhia,rapu,hia,no,no
mbc083-not-stripped.txt,36,panaNia,pana,Nia,no,no
mbc181-not-stripped.txt,2,fakaterea,fakatere,a,no,no
mbc181-not-stripped.txt,2,kOrerotia,kOrero,tia,no,no
mbc181-not-stripped.txt,2,kOrerotia,kOrero,tia,no,no
mbc260-not-stripped.txt,110,fakatereNia,fakatere,Nia,no,no
mbc260-not-stripped.txt,110,kOrerotia,kOrero,tia,no,no
mbc260-not-stripped.txt,110,tItItoreNia,tItItore,Nia,no,no
mbc181-not-stripped.txt,2,kOrerotia,kOrero,tia,no,no
mbc181-not-stripped.txt,2,fakatikatikaina,fakatikatika,ina,no,no
mbc181-not-stripped.txt,2,tirohia,titiro,hia,no,no
mbc181-not-stripped.txt,2,tirohia,titiro,hia,no,no
mbc181-not-stripped.txt,2,tItoiNia,tItoi,Nia,no,no
mbc260-not-stripped.txt,110,kOrerotia,kOrero,tia,no,no
mbc181-not-stripped.txt,1,fakaterehia,fakatere,hia,no,no
mbc260-not-stripped.txt,110,fakaterehia,fakatere,hia,no,no
mbc260-not-stripped.txt,110,fakahokia,fakahoki,a,no,no
mbc260-not-stripped.txt,110,tirohia,titiro,hia,no,no
mbc260-not-stripped.txt,110,kOrerotia,kOrero,tia,no,no
mbc181-not-stripped.txt,2,kitea,kite,a,no,no
mbc181-not-stripped.txt,2,hikina,hiki,na,no,no
mbc260-not-stripped.txt,110,tirohia,titiro,hia,no,no
mbc260-not-stripped.txt,110,kitea,kite,a,no,no
mbc260-not-stripped.txt,110,hikina,hiki,na,no,no
mbc181-not-stripped.txt,2,fakahokia,fakahoki,a,no,no
mbc260-not-stripped.txt,110,tirohia,titiro,hia,no,no
mbc260-not-stripped.txt,110,kOrerotia,kOrero,tia,no,no
mbc181-not-stripped.txt,2,tirohia,titiro,hia,no,no
mbc181-not-stripped.txt,2,fakatereNia,fakatere,Nia,no,no
mbc181-not-stripped.txt,2,kOrerotia,kOrero,tia,no,no
mbc260-not-stripped.txt,110,fakatikatikaina,fakatikatika,ina,no,no
mbc260-not-stripped.txt,110,hikina,hiki,na,no,no
mbc060-not-stripped.txt,4,fakapaea,fakapae,a,no,no
mbc091-not-stripped.txt,9,roatia,roa,tia,no,no
mbc091-not-stripped.txt,9,katoatia,katoa,tia,no,no
mbc091-not-stripped.txt,11,murua,muru,a,no,no
mbc239-not-stripped.txt,28,hauAtia,hauA,tia,no,no
mbc239-not-stripped.txt,22,fakahAweatia,fakahAwea,tia,no,no
mbc239-not-stripped.txt,22,kOrerotia,kOrero,tia,no,no
mbc058-not-stripped.txt,18,tuhia,tuhi,a,no,no
mbc241-not-stripped.txt,27,fakatutukihia,fakatutuki,hia,no,no
mbc241-not-stripped.txt,27,tohuNia,tohu,Nia,no,no
mbc116-not-stripped.txt,11,mOhioNia,mOhio,Nia,no,no
mbc047-not-stripped.txt,64,haria,hari,a,no,no
mbc047-not-stripped.txt,62,fiua,fiu,a,no,no
mbc047-not-stripped.txt,66,mahia,mahi,a,no,no
mbc047-not-stripped.txt,66,fakairohia,fakairo,hia,no,no
mbc047-not-stripped.txt,62,haNaia,haNa,ia,no,no
mbc057-not-stripped.txt,69,fifia,fifi,a,no,no
mbc057-not-stripped.txt,69,utuNia,utu,Nia,no,no
mbc057-not-stripped.txt,69,kinoNia,kino,Nia,no,no
mbc075-not-stripped.txt,35,fakaiNoatia,fakaiNoa,tia,no,no
mbc051-not-stripped.txt,48,haria,hari,a,no,no
mbc051-not-stripped.txt,50,fakakorea,fakakore,a,no,no
mbc051-not-stripped.txt,50,taea,tae,a,no,no
mbc131-not-stripped.txt,0,akoNia,ako,Nia,no,no
mbc131-not-stripped.txt,0,tonuNia,tonu,Nia,no,no
mbc131-not-stripped.txt,0,mahia,mahi,a,no,no
mbc072-not-stripped.txt,5,mahia,mahi,a,no,no
mbc136-not-stripped.txt,4,tukuna,tuku,na,no,no
mbc136-not-stripped.txt,29,tukuna,tuku,na,no,no
mbc136-not-stripped.txt,29,tukuna,tuku,na,no,no
mbc136-not-stripped.txt,4,tukuna,tuku,na,no,no
mbc082-not-stripped.txt,73,fakaputaNia,fakaputa,Nia,no,no
mbc064-not-stripped.txt,70,kIia,kI,ia,no,no
mbc064-not-stripped.txt,68,kOrerotia,kOrero,tia,no,no
mbc071-not-stripped.txt,9,tuhia,tuhi,a,no,no
mbc071-not-stripped.txt,11,pAnuitia,pAnui,tia,no,no
mbc071-not-stripped.txt,11,taNohia,taNo,hia,no,no
mbc071-not-stripped.txt,9,taNohia,taNo,hia,no,no
mbc057-not-stripped.txt,31,nukuhia,nuku,hia,no,no
mbc191-not-stripped.txt,4,hoatuNia,hoatu,Nia,no,no
mbc191-not-stripped.txt,4,pErANia,pErA,Nia,no,no
mbc192-not-stripped.txt,6,fakatakotoNia,fakatakoto,Nia,no,no
mbc191-not-stripped.txt,4,fakaohoohoNia,fakaohooho,Nia,no,no
mbc191-not-stripped.txt,4,taupatupatuNia,taupatupatu,Nia,no,no
mbc191-not-stripped.txt,11,tikaNia,tika,Nia,no,no
mbc192-not-stripped.txt,9,horoia,horoi,a,no,no
mbc191-not-stripped.txt,13,fakatakotoNia,fakatakoto,Nia,no,no
mbc192-not-stripped.txt,2,tIkina,tiki,na,no,no
mbc191-not-stripped.txt,7,fakahauNia,fakahau,Nia,no,no
mbc192-not-stripped.txt,8,tIkina,tiki,na,no,no
mbc191-not-stripped.txt,4,haNaia,haNa,ia,no,no
mbc192-not-stripped.txt,6,fakahokia,fakahoki,a,no,no
mbc191-not-stripped.txt,4,tarea,tare,a,no,no
mbc192-not-stripped.txt,2,tiroNia,tiro,Nia,no,no
mbc192-not-stripped.txt,11,tarea,tare,a,no,no
mbc191-not-stripped.txt,4,mahia,mahi,a,no,no
mbc192-not-stripped.txt,6,fakaemiNia,fakaemi,Nia,no,no
mbc191-not-stripped.txt,13,fakanohoNia,fakanoho,Nia,no,no
mbc191-not-stripped.txt,4,pAtaitia,pAtai,tia,no,no
mbc191-not-stripped.txt,4,kOrerorerotia,kOrerorero,tia,no,no
mbc191-not-stripped.txt,4,fakawAwANia,fakawAwA,Nia,no,no
mbc192-not-stripped.txt,2,fakanohoNia,fakanoho,Nia,no,no
mbc191-not-stripped.txt,4,homaiNia,homai,Nia,no,no
mbc192-not-stripped.txt,6,karaNaNia,karaNa,Nia,no,no
mbc192-not-stripped.txt,6,pOhiriNia,pOhiri,Nia,no,no
mbc192-not-stripped.txt,8,fAia,fai,a,no,no
mbc192-not-stripped.txt,6,fANaiNia,fANai,Nia,no,no
mbc191-not-stripped.txt,7,fAia,fai,a,no,no
mbc191-not-stripped.txt,7,fakaaroNia,fakaaro,Nia,no,no
mbc191-not-stripped.txt,7,fakaarotia,fakaaro,tia,no,no
mbc192-not-stripped.txt,6,fakahokia,fakahoki,a,no,no
mbc191-not-stripped.txt,4,titiroNia,titiro,Nia,no,no
mbc192-not-stripped.txt,2,titiroNia,titiro,Nia,no,no
mbc191-not-stripped.txt,4,homaiNia,homai,Nia,no,no
mbc191-not-stripped.txt,4,fakatikatikaNia,fakatikatika,Nia,no,no
mbc192-not-stripped.txt,6,fANaiNia,fANai,Nia,no,no
mbc191-not-stripped.txt,11,fakamAtautauNia,fakamAtautau,Nia,no,no
mbc191-not-stripped.txt,13,tiroNia,tiro,Nia,no,no
mbc191-not-stripped.txt,11,tikaNia,tika,Nia,no,no
mbc191-not-stripped.txt,4,fakamAtautauNia,fakamAtautau,Nia,no,no
mbc192-not-stripped.txt,9,fiua,fiu,a,no,no
mbc191-not-stripped.txt,4,fakamahia,fakamahi,a,no,no
mbc192-not-stripped.txt,11,wahaina,waha,ina,no,no
mbc191-not-stripped.txt,4,fakaputaNia,fakaputa,Nia,no,no
mbc191-not-stripped.txt,7,fiua,fiu,a,no,no
mbc192-not-stripped.txt,8,kENia,kE,Nia,no,no
mbc192-not-stripped.txt,13,katoaNia,katoa,Nia,no,no
mbc192-not-stripped.txt,6,fANaiNia,fANai,Nia,no,no
mbc192-not-stripped.txt,6,karikariNia,karikari,Nia,no,no
mbc192-not-stripped.txt,11,fANaiNia,fANai,Nia,no,no
mbc192-not-stripped.txt,11,fakaritea,fakarite,a,no,no
mbc192-not-stripped.txt,11,kitea,kite,a,no,no
mbc191-not-stripped.txt,4,kawea,kawe,a,no,no
mbc191-not-stripped.txt,4,kauteNia,kaute,Nia,no,no
mbc191-not-stripped.txt,4,kitea,kite,a,no,no
mbc192-not-stripped.txt,13,tukuna,tuku,na,no,no
mbc192-not-stripped.txt,11,tarea,tare,a,no,no
mbc192-not-stripped.txt,9,kOreroNia,kOrero,Nia,no,no
mbc191-not-stripped.txt,4,fakariteNia,fakarite,Nia,no,no
mbc191-not-stripped.txt,4,fakaekeNia,fakaeke,Nia,no,no
mbc192-not-stripped.txt,2,tIkina,tiki,na,no,no
mbc191-not-stripped.txt,7,tapahia,tapahi,a,no,no
mbc192-not-stripped.txt,6,kaiNa,kai,Na,no,no
mbc191-not-stripped.txt,4,warea,ware,a,no,no
mbc191-not-stripped.txt,5,fakafifia,fakafifi,a,no,no
mbc192-not-stripped.txt,13,kohaNia,koha,Nia,no,no
mbc192-not-stripped.txt,6,katoaNia,katoa,Nia,no,no
mbc192-not-stripped.txt,13,tukuna,tuku,na,no,no
mbc191-not-stripped.txt,4,kOrerotia,kOrero,tia,no,no
mbc191-not-stripped.txt,2,warea,ware,a,no,no
mbc192-not-stripped.txt,8,fakapakekeNia,fakapakeke,Nia,no,no
mbc191-not-stripped.txt,4,tautokoNia,tautoko,Nia,no,no
mbc192-not-stripped.txt,13,aroNia,aro,Nia,no,no
mbc192-not-stripped.txt,9,pupuhiNia,pupuhi,Nia,no,no
mbc192-not-stripped.txt,9,kitea,kite,a,no,no
mbc191-not-stripped.txt,4,fakamAtautauNia,fakamAtautau,Nia,no,no
mbc192-not-stripped.txt,8,tIkina,tiki,na,no,no
mbc191-not-stripped.txt,4,fakamAtautauNia,fakamAtautau,Nia,no,no
mbc192-not-stripped.txt,8,tIkina,tiki,na,no,no
mbc191-not-stripped.txt,4,kOrerorerotia,kOrerorero,tia,no,no
mbc191-not-stripped.txt,4,kitea,kite,a,no,no
mbc192-not-stripped.txt,13,tukuna,tuku,na,no,no
mbc192-not-stripped.txt,13,tukuna,tuku,na,no,no
mbc192-not-stripped.txt,13,tukuna,tuku,na,no,no
mbc192-not-stripped.txt,8,fakatuferaNia,fakatufera,Nia,no,no
mbc191-not-stripped.txt,4,fakaaraNia,fakaara,Nia,no,no
mbc192-not-stripped.txt,13,rukea,ruke,a,no,no
mbc192-not-stripped.txt,13,kaiNia,kai,Nia,no,no
mbc192-not-stripped.txt,6,karikariNia,karikari,Nia,no,no
mbc192-not-stripped.txt,13,tukuna,tuku,na,no,no
mbc191-not-stripped.txt,2,kitea,kite,a,no,no
mbc191-not-stripped.txt,2,kENia,kE,Nia,no,no
mbc191-not-stripped.txt,4,tonoNia,tono,Nia,no,no
mbc191-not-stripped.txt,2,warea,ware,a,no,no
mbc192-not-stripped.txt,11,wahaina,waha,ina,no,no
mbc191-not-stripped.txt,5,kitea,kite,a,no,no
mbc191-not-stripped.txt,4,fakaaraNia,fakaara,Nia,no,no
mbc191-not-stripped.txt,2,weheweheNia,wehewehe,Nia,no,no
mbc192-not-stripped.txt,8,kENia,kE,Nia,no,no
mbc191-not-stripped.txt,7,katoaNia,katoa,Nia,no,no
mbc191-not-stripped.txt,7,kataina,kata,ina,no,no
mbc191-not-stripped.txt,7,tukuna,tuku,na,no,no
mbc192-not-stripped.txt,11,tahuna,tahu,na,no,no
mbc191-not-stripped.txt,4,tonoNia,tono,Nia,no,no
mbc192-not-stripped.txt,13,tahuna,tahu,na,no,no
mbc192-not-stripped.txt,8,kIia,kI,ia,no,no
mbc192-not-stripped.txt,13,fakaekeNia,fakaeke,Nia,no,no
mbc191-not-stripped.txt,7,kIia,kI,ia,no,no
mbc191-not-stripped.txt,4,fakahaereNia,fakahaere,Nia,no,no
mbc191-not-stripped.txt,7,popokia,popoki,a,no,no
mbc192-not-stripped.txt,13,kOrerotia,kOrero,tia,no,no
mbc191-not-stripped.txt,7,kENia,kE,Nia,no,no
mbc192-not-stripped.txt,13,fakafifia,fakafifi,a,no,no
mbc192-not-stripped.txt,13,fiua,fiu,a,no,no
mbc060-not-stripped.txt,65,hoea,hoe,a,no,no
mbc156-not-stripped.txt,8,kIia,kI,ia,no,no
mbc150-not-stripped.txt,45,mahia,mahi,a,no,no
mbc150-not-stripped.txt,2,taea,tae,a,no,no
mbc150-not-stripped.txt,2,tapahia,tapahi,a,no,no
mbc150-not-stripped.txt,2,pOtaeNia,pOtae,Nia,no,no
mbc126-not-stripped.txt,44,kOrerotia,kOrero,tia,no,no
mbc126-not-stripped.txt,42,purutia,puru,tia,no,no
mbc126-not-stripped.txt,36,kOrerotia,kOrero,tia,no,no
mbc126-not-stripped.txt,18,taea,tae,a,no,no
mbc137-not-stripped.txt,2,fakaarotia,fakaaro,tia,no,no
mbc126-not-stripped.txt,34,hokona,hoko,na,no,no
mbc066-not-stripped.txt,42,mahia,mahi,a,no,no
mbc066-not-stripped.txt,30,tImataNia,tImata,Nia,no,no
mbc063-not-stripped.txt,5,mahiNia,mahi,Nia,no,no
mbc063-not-stripped.txt,5,mahiNia,mahi,Nia,no,no
mbc063-not-stripped.txt,3,kEtia,kE,tia,no,no
mbc055-not-stripped.txt,58,puritia,puri,tia,no,no
mbc057-not-stripped.txt,13,tuhaina,tuha,ina,no,no
mbc065-not-stripped.txt,12,tuhia,tuhi,a,no,no
mbc065-not-stripped.txt,14,fakanuitia,fakanui,tia,no,no
mbc230-not-stripped.txt,2,mahitia,mahi,tia,no,no
mbc230-not-stripped.txt,2,hoatuhia,hoatu,hia,no,no
mbc230-not-stripped.txt,2,tOhia,tO,hia,no,no
mbc230-not-stripped.txt,2,mOhiotia,mOhio,tia,no,no
mbc230-not-stripped.txt,46,kitea,kite,a,no,no
mbc230-not-stripped.txt,2,taea,tae,a,no,no
mbc230-not-stripped.txt,2,mahia,mahi,a,no,no
mbc230-not-stripped.txt,37,kitea,kite,a,no,no
mbc230-not-stripped.txt,2,kOrerohia,kOrero,hia,no,no
mbc230-not-stripped.txt,2,utua,utu,a,no,no
mbc230-not-stripped.txt,2,kIia,kI,ia,no,no
mbc230-not-stripped.txt,2,iNoahia,iNoa,hia,no,no
mbc069-not-stripped.txt,11,fakakAhoretia,fakakAhore,tia,no,no
mbc069-not-stripped.txt,16,tukuna,tuku,na,no,no
mbc069-not-stripped.txt,16,mahia,mahi,a,no,no
mbc069-not-stripped.txt,11,fakakoretakehia,fakakoretake,hia,no,no
mbc135-not-stripped.txt,5,fakaaea,fakaae,a,no,no
mbc135-not-stripped.txt,5,fakamaua,fakamau,a,no,no
mbc059-not-stripped.txt,8,kawea,kawe,a,no,no
mbc059-not-stripped.txt,8,taea,tae,a,no,no
mbc057-not-stripped.txt,76,fANaitia,fANai,tia,no,no
mbc174-not-stripped.txt,43,tukua,tuku,a,no,no
mbc174-not-stripped.txt,37,huaNia,hua,Nia,no,no
mbc174-not-stripped.txt,35,tukutukuna,tukutuku,na,no,no
mbc174-not-stripped.txt,19,urua,uru,a,no,no
mbc174-not-stripped.txt,39,pAnuiNia,pAnui,Nia,no,no
mbc174-not-stripped.txt,39,roNohia,roNo,hia,no,no
mbc174-not-stripped.txt,35,haereNia,haere,Nia,no,no
mbc174-not-stripped.txt,37,huaNia,hua,Nia,no,no
mbc174-not-stripped.txt,35,haereNia,haere,Nia,no,no
mbc174-not-stripped.txt,21,meaNia,mea,Nia,no,no
mbc174-not-stripped.txt,27,taea,tae,a,no,no
mbc174-not-stripped.txt,27,taea,tae,a,no,no
mbc174-not-stripped.txt,1,fakatupuNia,fakatupu,Nia,no,no
mbc174-not-stripped.txt,35,tukuna,tuku,na,no,no
mbc097-not-stripped.txt,40,fakamutuNia,fakamutu,Nia,no,no
mbc097-not-stripped.txt,68,kOreroNia,kOrero,Nia,no,no
mbc042-not-stripped.txt,47,fakatakotohia,fakatakoto,hia,no,no
mbc058-not-stripped.txt,71,taea,tae,a,no,no
mbc058-not-stripped.txt,71,fakaakoNia,fakaako,Nia,no,no
mbc058-not-stripped.txt,77,taea,tae,a,no,no
mbc058-not-stripped.txt,71,tonohia,tono,hia,no,no
mbc058-not-stripped.txt,75,fakaakoNia,fakaako,Nia,no,no
mbc058-not-stripped.txt,71,taea,tae,a,no,no
mbc058-not-stripped.txt,77,taea,tae,a,no,no
mbc133-not-stripped.txt,8,hoatuNia,hoatu,Nia,no,no
mbc133-not-stripped.txt,14,tImatahia,tImata,hia,no,no
mbc133-not-stripped.txt,10,mahia,mahi,a,no,no
mbc133-not-stripped.txt,12,fakaaea,fakaae,a,no,no
mbc133-not-stripped.txt,20,kOrerohia,kOrero,hia,no,no
mbc133-not-stripped.txt,8,kIia,kI,ia,no,no
mbc133-not-stripped.txt,24,fakaurutia,fakauru,tia,no,no
mbc133-not-stripped.txt,14,rawekeNia,raweke,Nia,no,no
mbc133-not-stripped.txt,12,fakaaea,fakaae,a,no,no
mbc133-not-stripped.txt,24,waihotia,waiho,tia,no,no
mbc133-not-stripped.txt,8,kimihia,kimi,hia,no,no
mbc133-not-stripped.txt,8,haria,hari,a,no,no
mbc133-not-stripped.txt,18,mahia,mahi,a,no,no
mbc133-not-stripped.txt,14,katoahia,katoa,hia,no,no
mbc133-not-stripped.txt,10,fakatUNia,fakatU,Nia,no,no
mbc133-not-stripped.txt,6,mahia,mahi,a,no,no
mbc133-not-stripped.txt,6,fakahENia,fakahE,Nia,no,no
mbc133-not-stripped.txt,24,fakaurutia,fakauru,tia,no,no
mbc133-not-stripped.txt,18,katoahia,katoa,hia,no,no
mbc133-not-stripped.txt,8,mahia,mahi,a,no,no
mbc133-not-stripped.txt,6,kimihia,kimi,hia,no,no
mbc133-not-stripped.txt,16,fakatUNia,fakatU,Nia,no,no
mbc133-not-stripped.txt,20,patua,patu,a,no,no
mbc133-not-stripped.txt,6,kitea,kite,a,no,no
mbc133-not-stripped.txt,16,haria,hari,a,no,no
mbc133-not-stripped.txt,6,tonoNia,tono,Nia,no,no
mbc133-not-stripped.txt,6,kitea,kite,a,no,no
mbc133-not-stripped.txt,10,fakatUNia,fakatU,Nia,no,no
mbc133-not-stripped.txt,24,kOrerohia,kOrero,hia,no,no
mbc133-not-stripped.txt,20,kOrerohia,kOrero,hia,no,no
mbc133-not-stripped.txt,6,hokona,hoko,na,no,no
mbc133-not-stripped.txt,6,kitea,kite,a,no,no
mbc133-not-stripped.txt,8,kitea,kite,a,no,no
mbc133-not-stripped.txt,6,kitea,kite,a,no,no
mbc133-not-stripped.txt,12,homaiNia,homai,Nia,no,no
mbc133-not-stripped.txt,14,mahia,mahi,a,no,no
mbc133-not-stripped.txt,12,homaiNia,homai,Nia,no,no
mbc133-not-stripped.txt,8,haria,hari,a,no,no
mbc133-not-stripped.txt,14,fakamahia,fakamahi,a,no,no
mbc133-not-stripped.txt,18,titirohia,titiro,hia,no,no
mbc133-not-stripped.txt,16,haria,hari,a,no,no
mbc133-not-stripped.txt,24,fakaaea,fakaae,a,no,no
mbc133-not-stripped.txt,16,tImatahia,tImata,hia,no,no
mbc133-not-stripped.txt,18,fakatUNia,fakatU,Nia,no,no
mbc133-not-stripped.txt,4,tikitia,tiki,tia,no,no
mbc133-not-stripped.txt,6,fakahENia,fakahE,Nia,no,no
mbc133-not-stripped.txt,6,fakahokia,fakahoki,a,no,no
mbc133-not-stripped.txt,12,taea,tae,a,no,no
mbc133-not-stripped.txt,12,pOfiriNia,pOfiri,Nia,no,no
mbc133-not-stripped.txt,12,tonoNia,tono,Nia,no,no
mbc133-not-stripped.txt,14,fakatUNia,fakatU,Nia,no,no
mbc133-not-stripped.txt,20,fakaaeNia,fakaae,Nia,no,no
mbc133-not-stripped.txt,18,kitea,kite,a,no,no
mbc133-not-stripped.txt,4,tukuNia,tuku,Nia,no,no
mbc133-not-stripped.txt,6,fakaotihia,fakaoti,hia,no,no
mbc133-not-stripped.txt,2,homaiNia,homai,Nia,no,no
mbc133-not-stripped.txt,4,kOrerohia,kOrero,hia,no,no
mbc133-not-stripped.txt,12,mahia,mahi,a,no,no
mbc133-not-stripped.txt,12,mihimihiNia,mihimihi,Nia,no,no
mbc133-not-stripped.txt,6,hokona,hoko,na,no,no
mbc133-not-stripped.txt,18,kOrerohia,kOrero,hia,no,no
mbc133-not-stripped.txt,18,fakatUhia,fakatU,hia,no,no
mbc133-not-stripped.txt,6,kOrerohia,kOrero,hia,no,no
mbc133-not-stripped.txt,12,hurihia,huri,hia,no,no
mbc133-not-stripped.txt,18,mahia,mahi,a,no,no
mbc133-not-stripped.txt,4,mahia,mahi,a,no,no
mbc133-not-stripped.txt,4,kimihia,kimi,hia,no,no
mbc133-not-stripped.txt,4,takotohia,takoto,hia,no,no
mbc133-not-stripped.txt,2,kOrerohia,kOrero,hia,no,no
mbc133-not-stripped.txt,2,tuhia,tuhi,a,no,no
mbc133-not-stripped.txt,4,Oritehia,Orite,hia,no,no
mbc082-not-stripped.txt,18,hainahia,haina,hia,no,no
mbc082-not-stripped.txt,18,haNA,haNa,a,no,no
mbc097-not-stripped.txt,17,tukuna,tuku,na,no,no
mbc097-not-stripped.txt,17,tukuna,tuku,na,no,no
mbc095-not-stripped.txt,1,karaNatia,karaNa,tia,no,no
mbc095-not-stripped.txt,1,fakatUNia,fakatU,Nia,no,no
mbc095-not-stripped.txt,1,roNotia,roNo,tia,no,no
mbc095-not-stripped.txt,3,fakahokia,fakahoki,a,no,no
mbc095-not-stripped.txt,1,fANaitia,fANai,tia,no,no
mbc095-not-stripped.txt,1,taea,tae,a,no,no
mbc095-not-stripped.txt,1,karaNatia,karaNa,tia,no,no
mbc076-not-stripped.txt,46,mahia,mahi,a,no,no
mbc017-not-stripped.txt,10,mauria,mau,ria,no,no
mbc239-not-stripped.txt,39,fakatUNia,fakatU,Nia,no,no
mbc017-not-stripped.txt,10,hoatuhia,hoatu,hia,no,no
mbc239-not-stripped.txt,41,mauria,mau,ria,no,no
mbc017-not-stripped.txt,10,kitea,kite,a,no,no
mbc017-not-stripped.txt,10,tukua,tuku,a,no,no
mbc239-not-stripped.txt,39,tukua,tuku,a,no,no
mbc017-not-stripped.txt,10,tukua,tuku,a,no,no
mbc239-not-stripped.txt,39,tukua,tuku,a,no,no
mbc017-not-stripped.txt,10,fakatUNia,fakatU,Nia,no,no
mbc239-not-stripped.txt,41,hoatuhia,hoatu,hia,no,no
mbc265-not-stripped.txt,97,mOhiotia,mOhio,tia,no,no
mbc265-not-stripped.txt,96,fakahaerehia,fakahaere,hia,no,no
mbc265-not-stripped.txt,97,fakarauhIia,fakarauhI,ia,no,no
mbc265-not-stripped.txt,96,fiua,fiu,a,no,no
mbc064-not-stripped.txt,11,mahia,mahi,a,no,no
mbc064-not-stripped.txt,13,fakatikatikahia,fakatikatika,hia,no,no
mbc129-not-stripped.txt,21,ruia,rui,a,no,no
mbc129-not-stripped.txt,21,roNohia,roNo,hia,no,no
mbc129-not-stripped.txt,28,korofitia,korofiti,a,no,no
mbc087-not-stripped.txt,67,mahia,mahi,a,no,no
mbc129-not-stripped.txt,21,fakamanatia,fakamana,tia,no,no
mbc129-not-stripped.txt,29,fakaruruhia,fakaruru,hia,no,no
mbc129-not-stripped.txt,17,kIia,kI,ia,no,no
mbc129-not-stripped.txt,29,fakakorehia,fakakore,hia,no,no
mbc159-not-stripped.txt,2,hereNia,here,Nia,no,no
mbc159-not-stripped.txt,2,tIkina,tiki,na,no,no
mbc159-not-stripped.txt,2,tuhiNia,tuhi,Nia,no,no
mbc159-not-stripped.txt,2,karaNahia,karaNa,hia,no,no
mbc159-not-stripped.txt,2,tukuna,tuku,na,no,no
mbc159-not-stripped.txt,2,haria,hari,a,no,no
mbc159-not-stripped.txt,2,hoatuhia,hoatu,hia,no,no
mbc159-not-stripped.txt,2,arahihia,Arahi,hia,no,no
mbc153-not-stripped.txt,5,karaNatia,karaNa,tia,no,no
mbc153-not-stripped.txt,5,pUhia,pupuhi,a,no,no
mbc153-not-stripped.txt,5,fakakIkIhia,fakakIkI,hia,no,no
mbc153-not-stripped.txt,5,takahia,takahi,a,no,no
mbc153-not-stripped.txt,5,purua,puru,a,no,no
mbc153-not-stripped.txt,5,karaNatia,karaNa,tia,no,no
mbc153-not-stripped.txt,5,takahia,takahi,a,no,no
mbc153-not-stripped.txt,5,titirotia,titiro,tia,no,no
mbc153-not-stripped.txt,5,mahia,mahi,a,no,no
mbc153-not-stripped.txt,5,fakatUria,fakatU,ria,no,no
mbc153-not-stripped.txt,5,takahia,takahi,a,no,no
mbc101-not-stripped.txt,5,homaihia,homai,hia,no,no
mbc124-not-stripped.txt,14,fakanohoia,fakanoho,ia,no,no
mbc124-not-stripped.txt,14,patua,patu,a,no,no
mbc124-not-stripped.txt,14,poroa,poro,a,no,no
mbc124-not-stripped.txt,14,fakanohoia,fakanoho,ia,no,no
mbc124-not-stripped.txt,14,fakahokia,fakahoki,a,no,no
mbc124-not-stripped.txt,14,tOia,tO,ia,no,no
mbc124-not-stripped.txt,14,fakaaea,fakaae,a,no,no
mbc124-not-stripped.txt,14,fakaekea,fakaeke,a,no,no
mbc124-not-stripped.txt,14,fakaekea,fakaeke,a,no,no
mbc124-not-stripped.txt,14,Apititia,Apiti,tia,no,no
mbc124-not-stripped.txt,14,nohoia,noho,ia,no,no
mbc097-not-stripped.txt,26,meiNahia,mea,Na/hia,no,yes
mbc097-not-stripped.txt,26,meiNia,mea,Nia,no,no
mbc097-not-stripped.txt,26,mAuiuiNia,mAuiui,Nia,no,no
mbc097-not-stripped.txt,26,kitea,kite,a,no,no
mbc044-not-stripped.txt,25,tukua,tuku,a,no,no
mbc102-not-stripped.txt,4,hunatia,huna,tia,no,no
mbc102-not-stripped.txt,4,kOrerotia,kOrero,tia,no,no
mbc102-not-stripped.txt,4,firifiria,firifiri,a,no,no
mbc102-not-stripped.txt,4,pakaNatia,pakaNa,tia,no,no
mbc102-not-stripped.txt,4,tohutohuNia,tohutohu,Nia,no,no
mbc102-not-stripped.txt,4,hunaia,huna,ia,no,no
mbc102-not-stripped.txt,4,kOrerotia,kOrero,tia,no,no
mbc102-not-stripped.txt,4,fiua,fiu,a,no,no
mbc159-not-stripped.txt,16,tapahia,tapahi,a,no,no
mbc159-not-stripped.txt,16,tApaihia,tApai,hia,no,no
mbc159-not-stripped.txt,16,tApaiNia,tApai,Nia,no,no
mbc159-not-stripped.txt,16,fakahokiNia,fakahoki,Nia,no,no
mbc159-not-stripped.txt,13,kitea,kite,a,no,no
mbc159-not-stripped.txt,17,taea,tae,a,no,no
mbc159-not-stripped.txt,16,tOia,tO,ia,no,no
mbc159-not-stripped.txt,7,kOrerohia,kOrero,hia,no,no
mbc159-not-stripped.txt,16,moemoeAtia,moemoeA,tia,no,no
mbc159-not-stripped.txt,16,mOhiotia,mOhio,tia,no,no
mbc159-not-stripped.txt,17,haeretia,haere,tia,no,no
mbc159-not-stripped.txt,13,kitea,kite,a,no,no
mbc159-not-stripped.txt,17,rIhiNia,rIhi,Nia,no,no
mbc159-not-stripped.txt,16,fakapotoNia,fakapoto,Nia,no,no
mbc159-not-stripped.txt,13,tApaihia,tApai,hia,no,no
mbc159-not-stripped.txt,16,kitea,kite,a,no,no
mbc159-not-stripped.txt,13,kIhia,kI,hia,no,no
mbc159-not-stripped.txt,16,tApaihia,tApai,hia,no,no
mbc159-not-stripped.txt,16,kitea,kite,a,no,no
mbc159-not-stripped.txt,16,kINia,kI,Nia,no,no
mbc159-not-stripped.txt,13,ruruhia,ruru,hia,no,no
mbc159-not-stripped.txt,13,kitea,kite,a,no,no
mbc159-not-stripped.txt,16,kIia,kI,ia,no,no
mbc159-not-stripped.txt,17,tonohia,tono,hia,no,no
mbc159-not-stripped.txt,17,kIhia,kI,hia,no,no
mbc159-not-stripped.txt,16,haNaia,haNa,ia,no,no
mbc159-not-stripped.txt,7,kIhia,kI,hia,no,no
mbc159-not-stripped.txt,17,fakahokia,fakahoki,a,no,no
mbc159-not-stripped.txt,16,tIkina,tiki,na,no,no
mbc159-not-stripped.txt,17,fakahautia,fakahau,tia,no,no
mbc159-not-stripped.txt,17,fakatUria,fakatU,ria,no,no
mbc159-not-stripped.txt,17,fakatUria,fakatU,ria,no,no
mbc159-not-stripped.txt,17,haria,hari,a,no,no
mbc159-not-stripped.txt,16,fakahokia,fakahoki,a,no,no
mbc159-not-stripped.txt,16,topea,tope,a,no,no
mbc159-not-stripped.txt,16,tonoNia,tono,Nia,no,no
mbc159-not-stripped.txt,17,kitea,kite,a,no,no
mbc159-not-stripped.txt,16,tohuNia,tohu,Nia,no,no
mbc159-not-stripped.txt,16,kitea,kite,a,no,no
mbc159-not-stripped.txt,17,wAhia,wAwAhi,a,no,no
mbc159-not-stripped.txt,17,tukuna,tuku,na,no,no
mbc159-not-stripped.txt,16,topea,tope,a,no,no
mbc159-not-stripped.txt,17,kINia,kI,Nia,no,no
mbc159-not-stripped.txt,17,fakatipuNia,fakatipu,Nia,no,no
mbc159-not-stripped.txt,17,hokohokotia,hokohoko,tia,no,no
mbc159-not-stripped.txt,17,haereNia,haere,Nia,no,no
mbc159-not-stripped.txt,17,fakahauhia,fakahau,hia,no,no
mbc159-not-stripped.txt,17,fakaaetia,fakaae,tia,no,no
mbc159-not-stripped.txt,17,tahua,tahu,a,no,no
mbc159-not-stripped.txt,17,topea,tope,a,no,no
mbc159-not-stripped.txt,17,haria,hari,a,no,no
mbc159-not-stripped.txt,16,kOrerotia,kOrero,tia,no,no
mbc159-not-stripped.txt,17,rUrihia,rUri,hia,no,no
mbc159-not-stripped.txt,17,heria,heri,a,no,no
mbc159-not-stripped.txt,7,kitea,kite,a,no,no
mbc159-not-stripped.txt,13,kIhia,kI,hia,no,no
mbc159-not-stripped.txt,13,kOrerohia,kOrero,hia,no,no
mbc159-not-stripped.txt,7,rewatia,rewa,tia,no,no
mbc159-not-stripped.txt,17,hokotia,hoko,tia,no,no
mbc159-not-stripped.txt,17,fakatUria,fakatU,ria,no,no
mbc159-not-stripped.txt,16,tOia,tO,ia,no,no
mbc159-not-stripped.txt,17,fakaaeNia,fakaae,Nia,no,no
mbc159-not-stripped.txt,17,fakaaehia,fakaae,hia,no,no
mbc159-not-stripped.txt,17,hIkoitia,hIkoi,tia,no,no
mbc159-not-stripped.txt,17,huria,huri,a,no,no
mbc159-not-stripped.txt,7,mahia,mahi,a,no,no
mbc159-not-stripped.txt,7,kitea,kite,a,no,no
mbc159-not-stripped.txt,7,rewatia,rewa,tia,no,no
mbc159-not-stripped.txt,7,kitea,kite,a,no,no
mbc159-not-stripped.txt,17,haereNia,haere,Nia,no,no
mbc210-not-stripped.txt,9,fakaatuNia,fakaatu,Nia,no,no
mbc210-not-stripped.txt,9,kohetehia,kohete,hia,no,no
mbc210-not-stripped.txt,9,mahia,mahi,a,no,no
mbc210-not-stripped.txt,9,akona,ako,na,no,no
mbc265-not-stripped.txt,104,taea,tae,a,no,no
mbc265-not-stripped.txt,99,akiakihia,akiaki,hia,no,no
mbc228-not-stripped.txt,38,taea,tae,a,no,no
mbc228-not-stripped.txt,22,kIia,kI,ia,no,no
mbc228-not-stripped.txt,21,fakahaereNia,fakahaere,Nia,no,no
mbc229-not-stripped.txt,26,pANia,pA,Nia,no,no
mbc101-not-stripped.txt,58,mahia,mahi,a,no,no
mbc101-not-stripped.txt,56,hurihia,huri,hia,no,no
mbc101-not-stripped.txt,29,uia,ui,a,no,no
mbc137-not-stripped.txt,23,mahia,mahi,a,no,no
mbc044-not-stripped.txt,5,tapahia,tapahi,a,no,no
mbc129-not-stripped.txt,5,fakamAramatia,fakamArama,tia,no,no
mbc129-not-stripped.txt,7,fakatakotohia,fakatakoto,hia,no,no
mbc129-not-stripped.txt,7,kitea,kite,a,no,no
mbc129-not-stripped.txt,7,fakatUhia,fakatU,hia,no,no
mbc058-not-stripped.txt,55,taea,tae,a,no,no
mbc058-not-stripped.txt,53,fakamOhioNia,fakamOhio,Nia,no,no
mbc058-not-stripped.txt,53,kENia,kE,Nia,no,no
mbc001-not-stripped.txt,2,fakatakotoNia,fakatakoto,Nia,no,no
mbc001-not-stripped.txt,2,mahia,mahi,a,no,no
mbc135-not-stripped.txt,57,fakaakona,fakaako,na,no,no
mbc135-not-stripped.txt,51,kOrerohia,kOrero,hia,no,no
mbc135-not-stripped.txt,51,fAia,fai,a,no,no
mbc135-not-stripped.txt,51,homaihia,homai,hia,no,no
mbc135-not-stripped.txt,40,hoatuhia,hoatu,hia,no,no
mbc082-not-stripped.txt,2,meatia,mea,tia,no,no
mbc048-not-stripped.txt,71,takakinohia,takakino,hia,no,no
mbc265-not-stripped.txt,6,rapua,rapu,a,no,no
mbc265-not-stripped.txt,6,fakatipuNia,fakatipu,Nia,no,no
mbc113-not-stripped.txt,23,tuia,tui,a,no,no
mbc113-not-stripped.txt,23,tuia,tui,a,no,no
mbc113-not-stripped.txt,23,tuia,tui,a,no,no
mbc113-not-stripped.txt,23,tuia,tui,a,no,no
mbc221-not-stripped.txt,30,fakamoeNia,fakamoe,Nia,no,no
mbc221-not-stripped.txt,28,moea,moe,a,no,no
mbc221-not-stripped.txt,36,meaNia,mea,Nia,no,no
mbc221-not-stripped.txt,34,maiNia,mai,Nia,no,no
mbc221-not-stripped.txt,30,mOhiotia,mOhio,tia,no,no
mbc221-not-stripped.txt,28,tApiriNia,tApiri,Nia,no,no
mbc221-not-stripped.txt,30,tapaia,tapa,ia,no,no
mbc221-not-stripped.txt,28,kOrerotia,kOrero,tia,no,no
mbc070-not-stripped.txt,54,tAhaeNia,tAhae,Nia,no,no
mbc145-not-stripped.txt,36,mAkirihia,mAkiri,hia,no,no
mbc145-not-stripped.txt,36,patua,patu,a,no,no
mbc145-not-stripped.txt,36,kaiNa,kai,Na,no,no
mbc145-not-stripped.txt,36,pErAhia,pErA,hia,no,no
mbc145-not-stripped.txt,36,patua,patu,a,no,no
mbc145-not-stripped.txt,10,kohukohuhia,kohukohu,hia,no,no
mbc145-not-stripped.txt,36,mAkirihia,mAkiri,hia,no,no
mbc145-not-stripped.txt,36,mAkirihia,mAkiri,hia,no,no
mbc145-not-stripped.txt,36,mAkirihia,mAkiri,hia,no,no
mbc145-not-stripped.txt,36,tApukehia,tApuke,hia,no,no
mbc145-not-stripped.txt,36,kaiNa,kai,Na,no,no
mbc145-not-stripped.txt,36,kOhuahia,kOhua,hia,no,no
mbc145-not-stripped.txt,36,fakarerea,fakarere,a,no,no
mbc145-not-stripped.txt,10,kohukohuhia,kohukohu,hia,no,no
mbc145-not-stripped.txt,10,fiua,fiu,a,no,no
mbc145-not-stripped.txt,36,tonuhia,tonu,hia,no,no
mbc145-not-stripped.txt,36,kEhia,kE,hia,no,no
mbc145-not-stripped.txt,36,hutia,huti,a,no,no
mbc145-not-stripped.txt,36,hutia,huti,a,no,no
mbc145-not-stripped.txt,36,patua,patu,a,no,no
mbc145-not-stripped.txt,36,nohohia,noho,hia,no,no
mbc136-not-stripped.txt,14,patua,patu,a,no,no
mbc122-not-stripped.txt,16,mauNia,mau,Nia,no,no
mbc122-not-stripped.txt,16,akoNia,ako,Nia,no,no
mbc122-not-stripped.txt,19,kINia,kI,Nia,no,no
mbc122-not-stripped.txt,16,mauNia,mau,Nia,no,no
mbc122-not-stripped.txt,19,fakamoeNia,fakamoe,Nia,no,no
mbc122-not-stripped.txt,19,moeNia,moe,Nia,no,no
mbc122-not-stripped.txt,19,moeNia,moe,Nia,no,no
mbc122-not-stripped.txt,19,kINia,kI,Nia,no,no
mbc122-not-stripped.txt,16,akoNia,ako,Nia,no,no
mbc122-not-stripped.txt,16,mauNia,mau,Nia,no,no
mbc122-not-stripped.txt,19,mauNia,mau,Nia,no,no
mbc122-not-stripped.txt,19,fakahokiNia,fakahoki,Nia,no,no
mbc201-not-stripped.txt,22,kuhua,kuhu,a,no,no
mbc201-not-stripped.txt,24,fakatakotoNia,fakatakoto,Nia,no,no
mbc201-not-stripped.txt,22,taea,tae,a,no,no
mbc201-not-stripped.txt,22,taea,tae,a,no,no
mbc201-not-stripped.txt,24,tirohia,titiro,hia,no,no
mbc201-not-stripped.txt,24,kOrerotia,kOrero,tia,no,no
mbc201-not-stripped.txt,22,fakatUria,fakatU,ria,no,no
mbc201-not-stripped.txt,22,mauria,mau,ria,no,no
mbc201-not-stripped.txt,22,fakaaeNia,fakaae,Nia,no,no
mbc201-not-stripped.txt,24,karaNahia,karaNa,hia,no,no
mbc201-not-stripped.txt,24,kOreroNia,kOrero,Nia,no,no
mbc201-not-stripped.txt,22,fakaaeNia,fakaae,Nia,no,no
mbc201-not-stripped.txt,16,fakahokia,fakahoki,a,no,no
mbc201-not-stripped.txt,22,kOreroNia,kOrero,Nia,no,no
mbc201-not-stripped.txt,22,fakairohia,fakairo,hia,no,no
mbc201-not-stripped.txt,24,takahia,takahi,a,no,no
mbc201-not-stripped.txt,24,karaNahia,karaNa,hia,no,no
mbc201-not-stripped.txt,22,fakaaroNia,fakaaro,Nia,no,no
mbc201-not-stripped.txt,22,pOtiNia,pOti,Nia,no,no
mbc150-not-stripped.txt,42,kuraina,kura,ina,no,no
mbc140-not-stripped.txt,12,pikihia,piki,hia,no,no
mbc140-not-stripped.txt,16,karafiuhia,karafiu,hia,no,no
mbc140-not-stripped.txt,20,waihotia,waiho,tia,no,no
mbc140-not-stripped.txt,12,karaNahia,karaNa,hia,no,no
mbc140-not-stripped.txt,2,fakamahia,fakamahi,a,no,no
mbc140-not-stripped.txt,20,waihotia,waiho,tia,no,no
mbc140-not-stripped.txt,12,haria,hari,a,no,no
mbc140-not-stripped.txt,0,mahia,mahi,a,no,no
mbc140-not-stripped.txt,6,haria,hari,a,no,no
mbc140-not-stripped.txt,6,waipukea,waipuke,a,no,no
mbc140-not-stripped.txt,8,warewarehia,wareware,hia,no,no
mbc140-not-stripped.txt,6,moutinihia,moutini,hia,no,no
mbc140-not-stripped.txt,6,tImatahia,tImata,hia,no,no
mbc140-not-stripped.txt,2,taea,tae,a,no,no
mbc140-not-stripped.txt,8,haria,hari,a,no,no
mbc140-not-stripped.txt,2,fakamahia,fakamahi,a,no,no
mbc140-not-stripped.txt,6,fakakorea,fakakore,a,no,no
mbc140-not-stripped.txt,8,haria,hari,a,no,no
mbc140-not-stripped.txt,6,kOrerohia,kOrero,hia,no,no
mbc140-not-stripped.txt,0,haNA,haNa,a,no,no
mbc140-not-stripped.txt,6,pAtaihia,pAtai,hia,no,no
mbc140-not-stripped.txt,8,mOhiotia,mOhio,tia,no,no
mbc140-not-stripped.txt,0,fakarerihia,fakareri,hia,no,no
mbc096-not-stripped.txt,39,tarea,tare,a,no,no
mbc096-not-stripped.txt,62,fakahaerea,fakahaere,a,no,no
mbc096-not-stripped.txt,30,roNohia,roNo,hia,no,no
mbc096-not-stripped.txt,60,mAramatia,mArama,tia,no,no
mbc096-not-stripped.txt,26,titoNia,tito,Nia,no,no
mbc096-not-stripped.txt,26,homaihia,homai,hia,no,no
mbc096-not-stripped.txt,62,kapetia,kape,tia,no,no
mbc096-not-stripped.txt,26,fakawaiatahia,fakawaiata,hia,no,no
mbc096-not-stripped.txt,30,tonuhia,tonu,hia,no,no
mbc096-not-stripped.txt,26,fakakanikanihia,fakakanikani,hia,no,no
mbc156-not-stripped.txt,3,kOrerotia,kOrero,tia,no,no
mbc156-not-stripped.txt,12,hokia,hoki,a,no,no
mbc156-not-stripped.txt,4,toroa,toro,a,no,no
mbc156-not-stripped.txt,12,kOrerotia,kOrero,tia,no,no
mbc156-not-stripped.txt,2,fakamAtauNia,fakamAtau,Nia,no,no
mbc122-not-stripped.txt,38,akoNia,ako,Nia,no,no
mbc122-not-stripped.txt,27,taea,tae,a,no,no
mbc122-not-stripped.txt,27,mauria,mau,ria,no,no
mbc122-not-stripped.txt,27,tuhituhiNia,tuhituhi,Nia,no,no
mbc122-not-stripped.txt,27,tuhituhiNia,tuhituhi,Nia,no,no
mbc122-not-stripped.txt,27,akona,ako,na,no,no
mbc122-not-stripped.txt,27,meiNia,mea,Nia,no,no
mbc122-not-stripped.txt,27,mahiNia,mahi,Nia,no,no
mbc019-not-stripped.txt,22,pOtihia,pOti,hia,no,no
mbc069-not-stripped.txt,21,fakapauhia,fakapau,hia,no,no
mbc020-not-stripped.txt,2,fakamanahia,fakamana,hia,no,no
mbc240-not-stripped.txt,26,hokona,hoko,na,no,no
mbc240-not-stripped.txt,26,waipukehia,waipuke,hia,no,no
mbc069-not-stripped.txt,23,fakaponotia,fakapono,tia,no,no
mbc020-not-stripped.txt,2,kIia,kI,ia,no,no
mbc061-not-stripped.txt,1,faiNia,fai,Nia,no,no
mbc070-not-stripped.txt,42,patua,patu,a,no,no
mbc070-not-stripped.txt,45,homaitia,homai,tia,no,no
mbc070-not-stripped.txt,42,mahitia,mahi,tia,no,no
mbc104-not-stripped.txt,89,rAhuitia,rAhui,tia,no,no
mbc104-not-stripped.txt,89,kaiNa,kai,Na,no,no
mbc104-not-stripped.txt,89,kitea,kite,a,no,no
mbc104-not-stripped.txt,85,taea,tae,a,no,no
mbc104-not-stripped.txt,89,fakahokia,fakahoki,a,no,no
mbc104-not-stripped.txt,85,mauria,mau,ria,no,no
mbc086-not-stripped.txt,52,fakahokia,fakahoki,a,no,no
mbc236-not-stripped.txt,0,kOrerohia,kOrero,hia,no,no
mbc086-not-stripped.txt,50,tInihia,tIni,hia,no,no
mbc218-not-stripped.txt,35,tirohia,titiro,hia,no,no
mbc236-not-stripped.txt,0,pErAhia,pErA,hia,no,no
mbc086-not-stripped.txt,52,karaNahia,karaNa,hia,no,no
mbc236-not-stripped.txt,0,haerehia,haere,hia,no,no
mbc053-not-stripped.txt,10,tukia,tuki,a,no,no
mbc086-not-stripped.txt,52,taea,tae,a,no,no
mbc218-not-stripped.txt,35,NAkautia,NAkau,tia,no,no
mbc236-not-stripped.txt,0,kumea,kume,a,no,no
mbc086-not-stripped.txt,52,taea,tae,a,no,no
mbc236-not-stripped.txt,0,wawatahia,wawata,hia,no,no
mbc231-not-stripped.txt,71,tukuna,tuku,na,no,no
mbc236-not-stripped.txt,0,tIkina,tiki,na,no,no
mbc236-not-stripped.txt,0,fakaNAwarihia,fakaNAwari,hia,no,no
mbc236-not-stripped.txt,0,tIkina,tiki,na,no,no
mbc236-not-stripped.txt,0,taea,tae,a,no,no
mbc218-not-stripped.txt,35,fakatUhia,fakatU,hia,no,no
mbc236-not-stripped.txt,0,fakarerea,fakarere,a,no,no
mbc231-not-stripped.txt,71,fakahokia,fakahoki,a,no,no
mbc236-not-stripped.txt,0,kOrerohia,kOrero,hia,no,no
mbc138-not-stripped.txt,20,purihia,puri,hia,no,no
mbc236-not-stripped.txt,0,warewarehia,wareware,hia,no,no
mbc138-not-stripped.txt,20,manaakihia,manaaki,hia,no,no
mbc236-not-stripped.txt,0,manaakihia,manaaki,hia,no,no
mbc090-not-stripped.txt,56,fAia,fai,a,no,no
mbc090-not-stripped.txt,50,tautokohia,tautoko,hia,no,no
mbc090-not-stripped.txt,56,kitea,kite,a,no,no
mbc090-not-stripped.txt,50,fakaaehia,fakaae,hia,no,no
mbc090-not-stripped.txt,52,poua,pou,a,no,no
mbc241-not-stripped.txt,25,tIkina,tiki,na,no,no
mbc241-not-stripped.txt,21,toheNia,tohe,Nia,no,no
mbc241-not-stripped.txt,23,kIia,kI,ia,no,no
mbc241-not-stripped.txt,23,fakaarotia,fakaaro,tia,no,no
mbc241-not-stripped.txt,25,tAreiNia,tArei,Nia,no,no
mbc241-not-stripped.txt,25,haereNia,haere,Nia,no,no
mbc241-not-stripped.txt,21,tautokoNia,tautoko,Nia,no,no
mbc241-not-stripped.txt,25,weroNia,wero,Nia,no,no
mbc241-not-stripped.txt,23,mOhiotia,mOhio,tia,no,no
mbc241-not-stripped.txt,23,fakatUNia,fakatU,Nia,no,no
mbc241-not-stripped.txt,23,tANia,tA,Nia,no,no
mbc241-not-stripped.txt,21,haeretia,haere,tia,no,no
mbc241-not-stripped.txt,25,pErANia,pErA,Nia,no,no
mbc241-not-stripped.txt,25,kohia,kohi,a,no,no
mbc241-not-stripped.txt,23,fakamanatia,fakamana,tia,no,no
mbc241-not-stripped.txt,25,mahia,mahi,a,no,no
mbc241-not-stripped.txt,25,kitea,kite,a,no,no
mbc209-not-stripped.txt,30,fakaaturia,fakaatu,ria,no,no
mbc073-not-stripped.txt,8,uhia,uhi,a,no,no
mbc231-not-stripped.txt,47,fakaarotia,fakaaro,tia,no,no
mbc073-not-stripped.txt,49,kitea,kite,a,no,no
mbc209-not-stripped.txt,40,hiahiatia,hiahia,tia,no,no
mbc053-not-stripped.txt,56,taea,tae,a,no,no
mbc073-not-stripped.txt,49,fakanuitia,fakanui,tia,no,no
mbc075-not-stripped.txt,53,porohia,poro,hia,no,no
mbc074-not-stripped.txt,0,fakakoretia,fakakore,tia,no,no
mbc073-not-stripped.txt,6,fakaaetia,fakaae,tia,no,no
mbc075-not-stripped.txt,37,tUmanakohia,tUmanako,hia,no,no
mbc074-not-stripped.txt,0,raNona,roNo,na,no,no
mbc073-not-stripped.txt,6,takahia,takahi,a,no,no
mbc073-not-stripped.txt,49,kumea,kume,a,no,no
mbc074-not-stripped.txt,49,tirohia,titiro,hia,no,no
mbc072-not-stripped.txt,19,takahia,takahi,a,no,no
mbc144-not-stripped.txt,9,fakakOhatutia,fakakOhatu,tia,no,no
mbc035-not-stripped.txt,14,fakaatuhia,fakaatu,hia,no,no
mbc073-not-stripped.txt,49,warewaretia,wareware,tia,no,no
mbc144-not-stripped.txt,15,fakamAtautauhia,fakamAtautau,hia,no,no
mbc134-not-stripped.txt,4,tUmanakohia,tUmanako,hia,no,no
mbc209-not-stripped.txt,38,tUmanakohia,tUmanako,hia,no,no
mbc073-not-stripped.txt,8,fakakorehia,fakakore,hia,no,no
mbc102-not-stripped.txt,26,kApuia,kApui,a,no,no
mbc081-not-stripped.txt,52,fakahokia,fakahoki,a,no,no
mbc074-not-stripped.txt,0,fAnuitia,fAnui,tia,no,no
mbc074-not-stripped.txt,0,Naua,Nau,a,no,no
mbc144-not-stripped.txt,50,waiatatia,waiata,tia,no,no
mbc209-not-stripped.txt,30,taea,tae,a,no,no
mbc209-not-stripped.txt,42,kOrerotia,kOrero,tia,no,no
mbc209-not-stripped.txt,40,kOrerotia,kOrero,tia,no,no
mbc102-not-stripped.txt,10,fakahokia,fakahoki,a,no,no
mbc074-not-stripped.txt,0,fakahAweatia,fakahAwea,tia,no,no
mbc209-not-stripped.txt,34,fakaritea,fakarite,a,no,no
mbc073-not-stripped.txt,48,taea,tae,a,no,no
mbc073-not-stripped.txt,48,taea,tae,a,no,no
mbc209-not-stripped.txt,34,fakaritea,fakarite,a,no,no
mbc081-not-stripped.txt,52,kitea,kite,a,no,no
mbc072-not-stripped.txt,6,moumouhia,moumou,hia,no,no
mbc209-not-stripped.txt,38,mahia,mahi,a,no,no
mbc074-not-stripped.txt,0,fakahouNia,fakahou,Nia,no,no
mbc073-not-stripped.txt,8,fakamanahia,fakamana,hia,no,no
mbc073-not-stripped.txt,36,fakapikihia,fakapiki,hia,no,no
mbc074-not-stripped.txt,7,kawea,kawe,a,no,no
mbc102-not-stripped.txt,13,kOfatutia,kOfatu,tia,no,no
mbc134-not-stripped.txt,4,fakatuferahia,fakatufera,hia,no,no
mbc073-not-stripped.txt,49,eketia,eke,tia,no,no
mbc081-not-stripped.txt,42,tIkapea,tIkape,a,no,no
mbc072-not-stripped.txt,4,murua,muru,a,no,no
mbc144-not-stripped.txt,21,kOrerohia,kOrero,hia,no,no
mbc231-not-stripped.txt,46,tukuna,tuku,na,no,no
mbc102-not-stripped.txt,12,tukua,tuku,a,no,no
mbc231-not-stripped.txt,47,fakaarotia,fakaaro,tia,no,no
mbc072-not-stripped.txt,27,kinotia,kino,tia,no,no
mbc074-not-stripped.txt,2,fakahaerehia,fakahaere,hia,no,no
mbc144-not-stripped.txt,4,hokia,hoki,a,no,no
mbc072-not-stripped.txt,27,tUkinotia,tUkino,tia,no,no
mbc081-not-stripped.txt,60,fakamahia,fakamahi,a,no,no
mbc073-not-stripped.txt,49,NAkaunuitia,NAkaunui,tia,no,no
mbc144-not-stripped.txt,57,fakahokia,fakahoki,a,no,no
mbc073-not-stripped.txt,49,tOia,tO,ia,no,no
mbc073-not-stripped.txt,27,rerea,rere,a,no,no
mbc209-not-stripped.txt,34,fakafAnuitia,fakafAnui,tia,no,no
mbc073-not-stripped.txt,49,uhia,uhi,a,no,no
mbc209-not-stripped.txt,40,taea,tae,a,no,no
mbc144-not-stripped.txt,29,haria,hari,a,no,no
mbc144-not-stripped.txt,57,fakaritea,fakarite,a,no,no
mbc144-not-stripped.txt,57,fakahokia,fakahoki,a,no,no
mbc102-not-stripped.txt,0,kitea,kite,a,no,no
mbc073-not-stripped.txt,48,fakaritea,fakarite,a,no,no
mbc072-not-stripped.txt,11,tohua,tohu,a,no,no
mbc073-not-stripped.txt,10,fakatauria,fakatau,ria,no,no
mbc075-not-stripped.txt,37,kitea,kite,a,no,no
mbc144-not-stripped.txt,56,kOfatutia,kOfatu,tia,no,no
mbc074-not-stripped.txt,0,torotorohia,torotoro,hia,no,no
mbc073-not-stripped.txt,48,kitea,kite,a,no,no
mbc144-not-stripped.txt,35,kaiNia,kai,Nia,no,no
mbc134-not-stripped.txt,40,katoatia,katoa,tia,no,no
mbc209-not-stripped.txt,36,mahia,mahi,a,no,no
mbc072-not-stripped.txt,4,fakapautia,fakapau,tia,no,no
mbc134-not-stripped.txt,38,peitahia,peita,hia,no,no
mbc073-not-stripped.txt,48,eketia,eke,tia,no,no
mbc144-not-stripped.txt,56,meatia,mea,tia,no,no
mbc074-not-stripped.txt,41,wAnaNatia,wAnaNa,tia,no,no
mbc072-not-stripped.txt,6,kohikohia,kohikohi,a,no,no
mbc144-not-stripped.txt,56,waihotia,waiho,tia,no,no
mbc134-not-stripped.txt,40,fafaitia,fafai,tia,no,no
mbc209-not-stripped.txt,30,kitea,kite,a,no,no
mbc073-not-stripped.txt,42,tuhia,tuhi,a,no,no
mbc156-not-stripped.txt,7,kIia,kI,ia,no,no
mbc156-not-stripped.txt,17,kINia,kI,Nia,no,no
mbc156-not-stripped.txt,25,huriNia,huri,Nia,no,no
mbc156-not-stripped.txt,25,kINia,kI,Nia,no,no
mbc156-not-stripped.txt,17,tupuria,tupu,ria,no,no
mbc156-not-stripped.txt,25,wAnaNahia,wAnaNa,hia,no,no
mbc156-not-stripped.txt,7,mauria,mau,ria,no,no
mbc156-not-stripped.txt,25,kINia,kI,Nia,no,no
mbc156-not-stripped.txt,20,kINia,kI,Nia,no,no
mbc156-not-stripped.txt,25,fakatUNia,fakatU,Nia,no,no
mbc227-not-stripped.txt,44,haeretia,haere,tia,no,no
mbc227-not-stripped.txt,44,tonutia,tonu,tia,no,no
mbc227-not-stripped.txt,44,pAtia,pA,tia,no,no
mbc227-not-stripped.txt,44,kOrerotia,kOrero,tia,no,no
mbc227-not-stripped.txt,44,pAtia,pA,tia,no,no
mbc227-not-stripped.txt,44,pApAtia,pApA,tia,no,no
mbc227-not-stripped.txt,44,mahia,mahi,a,no,no
mbc227-not-stripped.txt,44,tonutia,tonu,tia,no,no
mbc227-not-stripped.txt,44,warewaretia,wareware,tia,no,no
mbc227-not-stripped.txt,44,pokea,poke,a,no,no
mbc226-not-stripped.txt,197,mOhiotia,mOhio,tia,no,no
mbc229-not-stripped.txt,18,ruia,rui,a,no,no
mbc226-not-stripped.txt,107,taea,tae,a,no,no
mbc139-not-stripped.txt,44,taea,tae,a,no,no
mbc226-not-stripped.txt,71,firifirihia,firifiri,hia,no,no
mbc226-not-stripped.txt,0,taea,tae,a,no,no
mbc229-not-stripped.txt,18,fakakahaNia,fakakaha,Nia,no,no
mbc226-not-stripped.txt,0,fakaritea,fakarite,a,no,no
mbc226-not-stripped.txt,211,pAtaia,pAtai,a,no,no
mbc139-not-stripped.txt,44,taea,tae,a,no,no
mbc139-not-stripped.txt,44,taea,tae,a,no,no
mbc265-not-stripped.txt,14,kOrerotia,kOrero,tia,no,no
mbc265-not-stripped.txt,14,hikitia,hiki,tia,no,no
mbc265-not-stripped.txt,14,kOrerotia,kOrero,tia,no,no
mbc265-not-stripped.txt,14,hApaitia,hApai,tia,no,no
mbc186-not-stripped.txt,49,pEhia,pEhi,a,no,no
mbc116-not-stripped.txt,3,mOhiotia,mOhio,tia,no,no
mbc116-not-stripped.txt,9,fAkina,fAki,na,no,no
mbc116-not-stripped.txt,3,taurimaNia,taurima,Nia,no,no
mbc116-not-stripped.txt,58,mahia,mahi,a,no,no
mbc116-not-stripped.txt,7,fAkina,fAki,na,no,no
mbc116-not-stripped.txt,7,fakaaeNia,fakaae,Nia,no,no
mbc116-not-stripped.txt,58,kIia,kI,ia,no,no
mbc116-not-stripped.txt,7,patua,patu,a,no,no
mbc116-not-stripped.txt,58,riria,riri,a,no,no
mbc116-not-stripped.txt,9,karaNatia,karaNa,tia,no,no
mbc160-not-stripped.txt,19,fakamahia,fakamahi,a,no,no
mbc160-not-stripped.txt,19,kOreroNia,kOrero,Nia,no,no
mbc160-not-stripped.txt,19,fakaaroNia,fakaaro,Nia,no,no
mbc160-not-stripped.txt,19,haria,hari,a,no,no
mbc160-not-stripped.txt,19,heria,heri,a,no,no
mbc160-not-stripped.txt,19,nohoNia,noho,Nia,no,no
mbc160-not-stripped.txt,19,fakatUNia,fakatU,Nia,no,no
mbc160-not-stripped.txt,19,haria,hari,a,no,no
mbc160-not-stripped.txt,19,haria,hari,a,no,no
mbc160-not-stripped.txt,22,kIia,kI,ia,no,no
mbc116-not-stripped.txt,59,turuturua,turuturu,a,no,no
mbc116-not-stripped.txt,59,Aminetia,Amine,tia,no,no
mbc116-not-stripped.txt,63,fakahokia,fakahoki,a,no,no
mbc116-not-stripped.txt,59,Aminetia,Amine,tia,no,no
mbc116-not-stripped.txt,59,Aminetia,Amine,tia,no,no
mbc116-not-stripped.txt,63,fitia,fiti,a,no,no
mbc116-not-stripped.txt,59,fakamaua,fakamau,a,no,no
mbc116-not-stripped.txt,59,Aminetia,Amine,tia,no,no
mbc116-not-stripped.txt,63,taratia,tara,tia,no,no
mbc116-not-stripped.txt,57,fakautua,fakautu,a,no,no
mbc116-not-stripped.txt,59,Aminetia,Amine,tia,no,no
mbc176-not-stripped.txt,103,fakapaohotia,fakapaoho,tia,no,no
mbc176-not-stripped.txt,113,taea,tae,a,no,no
mbc176-not-stripped.txt,103,kOrerotia,kOrero,tia,no,no
mbc075-not-stripped.txt,19,taea,tae,a,no,no
mbc075-not-stripped.txt,19,taea,tae,a,no,no
mbc116-not-stripped.txt,52,kOreroNia,kOrero,Nia,no,no
mbc116-not-stripped.txt,52,kIia,kI,ia,no,no
mbc272-not-stripped.txt,24,tIkina,tiki,na,no,no
mbc066-not-stripped.txt,57,fakamanatia,fakamana,tia,no,no
mbc265-not-stripped.txt,25,warewaretia,wareware,tia,no,no
mbc098-not-stripped.txt,7,fakatuferatia,fakatufera,tia,no,no
mbc098-not-stripped.txt,1,fakahokia,fakahoki,a,no,no
mbc098-not-stripped.txt,9,tukua,tuku,a,no,no
mbc098-not-stripped.txt,13,fakahokia,fakahoki,a,no,no
mbc063-not-stripped.txt,66,fakamOhiotia,fakamOhio,tia,no,no
mbc070-not-stripped.txt,16,fakatUNia,fakatU,Nia,no,no
mbc070-not-stripped.txt,16,fakatUNia,fakatU,Nia,no,no
mbc218-not-stripped.txt,20,fakaarohia,fakaaro,hia,no,no
mbc218-not-stripped.txt,22,fakaarotia,fakaaro,tia,no,no
mbc218-not-stripped.txt,22,heria,heri,a,no,no
mbc218-not-stripped.txt,22,fakatipuraNahia,fakatipuraNa,hia,no,no
mbc218-not-stripped.txt,24,kitea,kite,a,no,no
mbc218-not-stripped.txt,24,fakaputahia,fakaputa,hia,no,no
mbc218-not-stripped.txt,22,kitea,kite,a,no,no
mbc218-not-stripped.txt,22,taea,tae,a,no,no
mbc218-not-stripped.txt,22,kimihia,kimi,hia,no,no
mbc218-not-stripped.txt,22,tukutukuna,tukutuku,na,no,no
mbc067-not-stripped.txt,22,tonoNia,tono,Nia,no,no
mbc067-not-stripped.txt,24,mahiNia,mahi,Nia,no,no
mbc067-not-stripped.txt,24,homaitia,homai,tia,no,no
mbc210-not-stripped.txt,11,kIia,kI,ia,no,no
mbc210-not-stripped.txt,11,fakahaeretia,fakahaere,tia,no,no
mbc273-not-stripped.txt,36,mahia,mahi,a,no,no
mbc273-not-stripped.txt,36,tOtikatia,tOtika,tia,no,no
mbc273-not-stripped.txt,36,tonoa,tono,a,no,no
mbc273-not-stripped.txt,36,tukuna,tuku,na,no,no
mbc273-not-stripped.txt,37,akohia,ako,hia,no,no
mbc273-not-stripped.txt,37,akohia,ako,hia,no,no
mbc273-not-stripped.txt,37,mauria,mau,ria,no,no
mbc273-not-stripped.txt,37,taea,tae,a,no,no
mbc273-not-stripped.txt,38,haria,hari,a,no,no
mbc273-not-stripped.txt,38,hiahiatia,hiahia,tia,no,no
mbc273-not-stripped.txt,38,waihotia,waiho,tia,no,no
mbc273-not-stripped.txt,39,haNaia,haNa,ia,no,no
mbc273-not-stripped.txt,39,kIia,kI,ia,no,no
mbc273-not-stripped.txt,39,ruia,rui,a,no,no
mbc273-not-stripped.txt,39,taea,tae,a,no,no
mbc273-not-stripped.txt,39,taea,tae,a,no,no
mbc122-not-stripped.txt,15,tApukehia,tApuke,hia,no,no
mbc122-not-stripped.txt,15,karaNaNia,karaNa,Nia,no,no
mbc222-not-stripped.txt,16,fakaarohia,fakaaro,hia,no,no
mbc065-not-stripped.txt,39,mahia,mahi,a,no,no
mbc065-not-stripped.txt,35,haNaia,haNa,ia,no,no
mbc118-not-stripped.txt,29,fakarAhuitia,fakarAhui,tia,no,no
mbc118-not-stripped.txt,29,fakakAhoretia,fakakAhore,tia,no,no
mbc118-not-stripped.txt,29,fakarAhuitia,fakarAhui,tia,no,no
mbc225-not-stripped.txt,63,fakahokia,fakahoki,a,no,no
mbc272-not-stripped.txt,92,mahia,mahi,a,no,no
mbc088-not-stripped.txt,74,tUtUhia,tUtU,hia,no,no
mbc088-not-stripped.txt,76,wehewehetia,wehewehe,tia,no,no
mbc049-not-stripped.txt,74,kOreroNia,kOrero,Nia,no,no
mbc078-not-stripped.txt,37,hokia,hoki,a,no,no
mbc105-not-stripped.txt,4,fakahokia,fakahoki,a,no,no
mbc150-not-stripped.txt,46,hokia,hoki,a,no,no
mbc150-not-stripped.txt,46,waihotia,waiho,tia,no,no
mbc150-not-stripped.txt,46,tuhia,tuhi,a,no,no
mbc165-not-stripped.txt,44,fakakINia,fakakI,Nia,no,no
mbc044-not-stripped.txt,33,karafaehia,karafae,hia,no,no
mbc044-not-stripped.txt,33,werohia,wero,hia,no,no
mbc129-not-stripped.txt,14,pOkaia,pOka,ia,no,no
mbc044-not-stripped.txt,33,fakafiuhia,fakafiu,hia,no,no
mbc272-not-stripped.txt,45,taea,tae,a,no,no
mbc123-not-stripped.txt,24,titia,titi,a,no,no
mbc123-not-stripped.txt,55,kOhurutia,kOhuru,tia,no,no
mbc114-not-stripped.txt,1,mOhiotia,mOhio,tia,no,no
mbc135-not-stripped.txt,21,motuhia,motu,hia,no,no
mbc135-not-stripped.txt,8,fakatinanatia,fakatinana,tia,no,no
mbc123-not-stripped.txt,56,fakaarohia,fakaaro,hia,no,no
mbc114-not-stripped.txt,1,tirohia,titiro,hia,no,no
mbc133-not-stripped.txt,45,fakaaeNia,fakaae,Nia,no,no
mbc135-not-stripped.txt,45,horaina,hora,ina,no,no
mbc123-not-stripped.txt,23,mOhiotia,mOhio,tia,no,no
mbc123-not-stripped.txt,81,kIia,kI,ia,no,no
mbc272-not-stripped.txt,33,pEneihia,pEnei,hia,no,no
mbc123-not-stripped.txt,93,taea,tae,a,no,no
mbc135-not-stripped.txt,9,motuhia,motu,hia,no,no
mbc123-not-stripped.txt,58,mauria,mau,ria,no,no
mbc123-not-stripped.txt,97,titia,titi,a,no,no
mbc121-not-stripped.txt,1,Naromia,Naro,mia,no,no
mbc135-not-stripped.txt,33,pErANia,pErA,Nia,no,no
mbc123-not-stripped.txt,89,manaakihia,manaaki,hia,no,no
mbc272-not-stripped.txt,43,mahia,mahi,a,no,no
mbc135-not-stripped.txt,27,fakatUria,fakatU,ria,no,no
mbc123-not-stripped.txt,26,kitea,kite,a,no,no
mbc123-not-stripped.txt,26,mOhiotia,mOhio,tia,no,no
mbc123-not-stripped.txt,55,taNihia,taNi,hia,no,no
mbc123-not-stripped.txt,12,kitea,kite,a,no,no
mbc135-not-stripped.txt,0,herea,here,a,no,no
mbc123-not-stripped.txt,26,kitea,kite,a,no,no
mbc123-not-stripped.txt,100,hIkoiNia,hIkoi,Nia,no,no
mbc123-not-stripped.txt,81,kitea,kite,a,no,no
mbc123-not-stripped.txt,76,kitea,kite,a,no,no
mbc123-not-stripped.txt,38,fakaakona,fakaako,na,no,no
mbc123-not-stripped.txt,71,kitea,kite,a,no,no
mbc121-not-stripped.txt,1,kitea,kite,a,no,no
mbc123-not-stripped.txt,58,horoia,horoi,a,no,no
mbc123-not-stripped.txt,24,taea,tae,a,no,no
mbc123-not-stripped.txt,26,poroa,poro,a,no,no
mbc135-not-stripped.txt,2,pEheatia,pEhea,tia,no,no
mbc123-not-stripped.txt,43,takahia,takahi,a,no,no
mbc123-not-stripped.txt,71,tunua,tunu,a,no,no
mbc272-not-stripped.txt,29,meiNa,mea,Na,no,no
mbc121-not-stripped.txt,1,manaakitia,manaaki,tia,no,no
mbc121-not-stripped.txt,4,kotia,koti,a,no,no
mbc123-not-stripped.txt,26,mOhiotia,mOhio,tia,no,no
mbc123-not-stripped.txt,3,tAkiritia,tAkiri,tia,no,no
mbc133-not-stripped.txt,3,fakatUria,fakatU,ria,no,no
mbc135-not-stripped.txt,56,fakaakona,fakaako,na,no,no
mbc123-not-stripped.txt,93,fakaarohia,fakaaro,hia,no,no
mbc123-not-stripped.txt,101,fAia,fai,a,no,no
mbc123-not-stripped.txt,97,kauria,kau,ria,no,no
mbc123-not-stripped.txt,38,kIia,kI,ia,no,no
mbc121-not-stripped.txt,1,mihia,mihi,a,no,no
mbc123-not-stripped.txt,95,raNona,roNo,na,no,no
mbc121-not-stripped.txt,1,raNona,roNo,na,no,no
mbc121-not-stripped.txt,1,takahia,takahi,a,no,no
mbc123-not-stripped.txt,3,takahia,takahi,a,no,no
mbc123-not-stripped.txt,97,fakafitia,fakafiti,a,no,no
mbc123-not-stripped.txt,3,kitea,kite,a,no,no
mbc164-not-stripped.txt,15,pEhia,pEhi,a,no,no
mbc164-not-stripped.txt,15,pEhia,pEhi,a,no,no
mbc164-not-stripped.txt,37,pEhia,pEhi,a,no,no
mbc164-not-stripped.txt,15,pEhia,pEhi,a,no,no
mbc164-not-stripped.txt,17,kitea,kite,a,no,no
mbc164-not-stripped.txt,35,fakatUria,fakatU,ria,no,no
mbc164-not-stripped.txt,25,fakatUria,fakatU,ria,no,no
mbc164-not-stripped.txt,33,hopuNia,hopu,Nia,no,no
mbc083-not-stripped.txt,71,tonoa,tono,a,no,no
mbc139-not-stripped.txt,12,mahia,mahi,a,no,no
mbc259-not-stripped.txt,12,tukua,tuku,a,no,no
mbc259-not-stripped.txt,12,tukua,tuku,a,no,no
mbc259-not-stripped.txt,8,tukua,tuku,a,no,no
mbc259-not-stripped.txt,0,haerehia,haere,hia,no,no
mbc259-not-stripped.txt,7,tukua,tuku,a,no,no
mbc259-not-stripped.txt,8,kOrerorerohia,kOrerorero,hia,no,no
mbc259-not-stripped.txt,7,tukua,tuku,a,no,no
mbc259-not-stripped.txt,8,fakatApirihia,fakatApiri,hia,no,no
mbc259-not-stripped.txt,10,tukua,tuku,a,no,no
mbc259-not-stripped.txt,7,tukua,tuku,a,no,no
mbc259-not-stripped.txt,0,tukua,tuku,a,no,no
mbc259-not-stripped.txt,0,tukua,tuku,a,no,no
mbc259-not-stripped.txt,0,tiakihia,tiaki,hia,no,no
mbc259-not-stripped.txt,13,mahia,mahi,a,no,no
mbc259-not-stripped.txt,8,tukua,tuku,a,no,no
mbc259-not-stripped.txt,11,tukua,tuku,a,no,no
mbc259-not-stripped.txt,0,tukua,tuku,a,no,no
mbc259-not-stripped.txt,8,tukua,tuku,a,no,no
mbc259-not-stripped.txt,7,kIia,kI,ia,no,no
mbc259-not-stripped.txt,7,putahia,puta,hia,no,no
mbc259-not-stripped.txt,0,warewarehia,wareware,hia,no,no
mbc259-not-stripped.txt,1,tukua,tuku,a,no,no
mbc259-not-stripped.txt,2,tukua,tuku,a,no,no
mbc259-not-stripped.txt,8,haerehia,haere,hia,no,no
mbc259-not-stripped.txt,8,kIia,kI,ia,no,no
mbc259-not-stripped.txt,13,tukua,tuku,a,no,no
mbc259-not-stripped.txt,10,haerehia,haere,hia,no,no
mbc259-not-stripped.txt,7,atutia,atu,tia,no,no
mbc259-not-stripped.txt,10,tukua,tuku,a,no,no
mbc259-not-stripped.txt,0,tukua,tuku,a,no,no
mbc259-not-stripped.txt,0,fakapirihia,fakapiri,hia,no,no
mbc259-not-stripped.txt,0,tukua,tuku,a,no,no
mbc259-not-stripped.txt,7,kOrerorerohia,kOrerorero,hia,no,no
mbc259-not-stripped.txt,13,tukua,tuku,a,no,no
mbc259-not-stripped.txt,3,tukua,tuku,a,no,no
mbc259-not-stripped.txt,2,fakahokia,fakahoki,a,no,no
mbc259-not-stripped.txt,3,tukua,tuku,a,no,no
mbc259-not-stripped.txt,7,fakahurihia,fakahuri,hia,no,no
mbc259-not-stripped.txt,0,tukua,tuku,a,no,no
mbc259-not-stripped.txt,5,tukua,tuku,a,no,no
mbc259-not-stripped.txt,7,fakamutua,fakamutu,a,no,no
mbc259-not-stripped.txt,0,tukua,tuku,a,no,no
mbc259-not-stripped.txt,3,tukua,tuku,a,no,no
mbc259-not-stripped.txt,11,tukua,tuku,a,no,no
mbc259-not-stripped.txt,3,tukua,tuku,a,no,no
mbc259-not-stripped.txt,13,haerehia,haere,hia,no,no
mbc199-not-stripped.txt,16,purua,puru,a,no,no
mbc199-not-stripped.txt,8,fakaritea,fakarite,a,no,no
mbc199-not-stripped.txt,16,fakarerea,fakarere,a,no,no
mbc199-not-stripped.txt,16,fakahokia,fakahoki,a,no,no
mbc199-not-stripped.txt,8,kOrerohia,kOrero,hia,no,no
mbc199-not-stripped.txt,18,kIia,kI,ia,no,no
mbc199-not-stripped.txt,22,kaiNa,kai,Na,no,no
mbc199-not-stripped.txt,16,purua,puru,a,no,no
mbc199-not-stripped.txt,8,waihotia,waiho,tia,no,no
mbc199-not-stripped.txt,47,kohia,kohi,a,no,no
mbc199-not-stripped.txt,8,heria,heri,a,no,no
mbc199-not-stripped.txt,8,akohia,ako,hia,no,no
mbc199-not-stripped.txt,8,fakahouhia,fakahou,hia,no,no
mbc199-not-stripped.txt,8,purua,puru,a,no,no
mbc199-not-stripped.txt,41,tirohia,titiro,hia,no,no
mbc199-not-stripped.txt,6,kIia,kI,ia,no,no
mbc199-not-stripped.txt,41,fAia,fai,a,no,no
mbc199-not-stripped.txt,37,kIia,kI,ia,no,no
mbc199-not-stripped.txt,8,tirohia,titiro,hia,no,no
mbc199-not-stripped.txt,41,kIia,kI,ia,no,no
mbc199-not-stripped.txt,37,kitea,kite,a,no,no
mbc199-not-stripped.txt,8,heria,heri,a,no,no
mbc199-not-stripped.txt,41,fAia,fai,a,no,no
mbc199-not-stripped.txt,29,kohia,kohi,a,no,no
mbc199-not-stripped.txt,31,taea,tae,a,no,no
mbc199-not-stripped.txt,41,titirohia,titiro,hia,no,no
mbc199-not-stripped.txt,37,urua,uru,a,no,no
mbc199-not-stripped.txt,6,mahia,mahi,a,no,no
mbc199-not-stripped.txt,8,mahia,mahi,a,no,no
mbc199-not-stripped.txt,2,hokona,hoko,na,no,no
mbc199-not-stripped.txt,2,titirohia,titiro,hia,no,no
mbc199-not-stripped.txt,2,hoatuhia,hoatu,hia,no,no
mbc199-not-stripped.txt,8,kinohia,kino,hia,no,no
mbc199-not-stripped.txt,8,mahia,mahi,a,no,no
mbc199-not-stripped.txt,2,wAnaNahia,wAnaNa,hia,no,no
mbc199-not-stripped.txt,47,heria,heri,a,no,no
mbc199-not-stripped.txt,8,fakaritea,fakarite,a,no,no
mbc199-not-stripped.txt,20,mahia,mahi,a,no,no
mbc199-not-stripped.txt,41,fAia,fai,a,no,no
mbc199-not-stripped.txt,2,tIkina,tiki,na,no,no
mbc199-not-stripped.txt,8,kohia,kohi,a,no,no
mbc199-not-stripped.txt,29,fakamahia,fakamahi,a,no,no
mbc199-not-stripped.txt,37,fAia,fai,a,no,no
mbc199-not-stripped.txt,2,kIia,kI,ia,no,no
mbc162-not-stripped.txt,161,kitea,kite,a,no,no
mbc162-not-stripped.txt,163,fAia,fai,a,no,no
mbc162-not-stripped.txt,84,tirohia,titiro,hia,no,no
mbc162-not-stripped.txt,73,kEhia,kE,hia,no,no
mbc162-not-stripped.txt,91,tirohia,titiro,hia,no,no
mbc162-not-stripped.txt,161,kitea,kite,a,no,no
mbc162-not-stripped.txt,158,tautokona,tautoko,na,no,no
mbc162-not-stripped.txt,86,fakatikahia,fakatika,hia,no,no
mbc162-not-stripped.txt,104,kOrerotia,kOrero,tia,no,no
mbc162-not-stripped.txt,161,kitea,kite,a,no,no
mbc162-not-stripped.txt,102,raNona,roNo,na,no,no
mbc162-not-stripped.txt,89,kitea,kite,a,no,no
mbc162-not-stripped.txt,110,firifirihia,firifiri,hia,no,no
mbc162-not-stripped.txt,154,kitea,kite,a,no,no
mbc162-not-stripped.txt,89,taea,tae,a,no,no
mbc162-not-stripped.txt,71,kIia,kI,ia,no,no
mbc162-not-stripped.txt,89,tirohia,titiro,hia,no,no
mbc162-not-stripped.txt,129,taea,tae,a,no,no
mbc162-not-stripped.txt,89,kOrerotia,kOrero,tia,no,no
mbc051-not-stripped.txt,66,tautokona,tautoko,na,no,no
mbc162-not-stripped.txt,150,kitea,kite,a,no,no
mbc162-not-stripped.txt,84,Afinatia,Afina,tia,no,no
mbc162-not-stripped.txt,73,mahia,mahi,a,no,no
mbc162-not-stripped.txt,89,kOrerotia,kOrero,tia,no,no
mbc162-not-stripped.txt,117,tirohia,titiro,hia,no,no
mbc162-not-stripped.txt,84,uiuia,uiui,a,no,no
mbc162-not-stripped.txt,114,mahia,mahi,a,no,no
mbc162-not-stripped.txt,102,kOrerotia,kOrero,tia,no,no
mbc162-not-stripped.txt,86,mahia,mahi,a,no,no
mbc162-not-stripped.txt,84,tirohia,titiro,hia,no,no
mbc162-not-stripped.txt,89,taea,tae,a,no,no
mbc162-not-stripped.txt,106,taea,tae,a,no,no
mbc099-not-stripped.txt,31,fakaarohia,fakaaro,hia,no,no
mbc099-not-stripped.txt,31,taea,tae,a,no,no
mbc099-not-stripped.txt,31,fakamatakuNia,fakamataku,Nia,no,no
mbc099-not-stripped.txt,31,Afinatia,Afina,tia,no,no
mbc134-not-stripped.txt,21,tuferatia,tufera,tia,no,no
mbc134-not-stripped.txt,21,kOrerotia,kOrero,tia,no,no
mbc134-not-stripped.txt,21,karaNatia,karaNa,tia,no,no
mbc150-not-stripped.txt,25,fAia,fai,a,no,no
mbc150-not-stripped.txt,25,pupuritia,pupuri,tia,no,no
mbc196-not-stripped.txt,9,fakaritea,fakarite,a,no,no
mbc195-not-stripped.txt,4,fakahaerehia,fakahaere,hia,no,no
mbc195-not-stripped.txt,11,kitea,kite,a,no,no
mbc195-not-stripped.txt,6,roNohia,roNo,hia,no,no
mbc195-not-stripped.txt,9,pAnuihia,pAnui,hia,no,no
mbc195-not-stripped.txt,6,tirohia,titiro,hia,no,no
mbc196-not-stripped.txt,9,tirohia,titiro,hia,no,no
mbc196-not-stripped.txt,8,tohea,tohe,a,no,no
mbc134-not-stripped.txt,15,fakamaua,fakamau,a,no,no
mbc134-not-stripped.txt,20,fakahOnoretia,fakahOnore,tia,no,no
mbc134-not-stripped.txt,20,manaakitia,manaaki,tia,no,no
mbc134-not-stripped.txt,15,fakawAteaNia,fakawAtea,Nia,no,no
mbc134-not-stripped.txt,19,fakaaria,fakaari,a,no,no
mbc134-not-stripped.txt,15,karaNatia,karaNa,tia,no,no
mbc134-not-stripped.txt,20,arohatia,aroha,tia,no,no
mbc134-not-stripped.txt,20,fakaarohia,fakaaro,hia,no,no
mbc134-not-stripped.txt,20,manaakitia,manaaki,tia,no,no
mbc134-not-stripped.txt,15,utainaNia,uta,ina/Nia,no,yes
mbc134-not-stripped.txt,20,fakakorOriatia,fakakorOria,tia,no,no
mbc218-not-stripped.txt,31,fakariteNia,fakarite,Nia,no,no
mbc218-not-stripped.txt,31,manaakitia,manaaki,tia,no,no
mbc218-not-stripped.txt,31,haNaNia,haNa,Nia,no,no
mbc218-not-stripped.txt,31,mauria,mau,ria,no,no
mbc109-not-stripped.txt,27,paiNia,pai,Nia,no,no
mbc109-not-stripped.txt,27,kimihia,kimi,hia,no,no
mbc074-not-stripped.txt,20,haNatia,haNa,tia,no,no
mbc074-not-stripped.txt,20,tautohetia,tautohe,tia,no,no
mbc074-not-stripped.txt,20,fakahokia,fakahoki,a,no,no
mbc074-not-stripped.txt,20,fakaarotia,fakaaro,tia,no,no
mbc223-not-stripped.txt,14,pupurihia,pupuri,hia,no,no
mbc223-not-stripped.txt,38,mahia,mahi,a,no,no
mbc223-not-stripped.txt,38,taea,tae,a,no,no
mbc223-not-stripped.txt,14,pupurihia,pupuri,hia,no,no
mbc223-not-stripped.txt,38,tirotirohia,tirotiro,hia,no,no
mbc223-not-stripped.txt,14,fakahuahia,fakahua,hia,no,no
mbc223-not-stripped.txt,14,pupurihia,pupuri,hia,no,no
mbc223-not-stripped.txt,14,aukatihia,aukati,hia,no,no
mbc223-not-stripped.txt,38,nohoNia,noho,Nia,no,no
mbc223-not-stripped.txt,38,fakaputahia,fakaputa,hia,no,no
mbc223-not-stripped.txt,14,fANaihia,fANai,hia,no,no
mbc223-not-stripped.txt,14,pupurihia,pupuri,hia,no,no
mbc223-not-stripped.txt,14,fakahorahia,fakahora,hia,no,no
mbc223-not-stripped.txt,38,fAnauhia,fAnau,hia,no,no
mbc223-not-stripped.txt,14,tukuna,tuku,na,no,no
mbc223-not-stripped.txt,38,tirotirohia,tirotiro,hia,no,no
mbc223-not-stripped.txt,38,tukuna,tuku,na,no,no
mbc223-not-stripped.txt,14,tukuna,tuku,na,no,no
mbc223-not-stripped.txt,38,tukuna,tuku,na,no,no
mbc176-not-stripped.txt,190,meatia,mea,tia,no,no
mbc176-not-stripped.txt,178,patua,patu,a,no,no
mbc176-not-stripped.txt,178,arohaina,aroha,ina,no,no
mbc176-not-stripped.txt,169,taea,tae,a,no,no
mbc176-not-stripped.txt,180,tukuna,tuku,na,no,no
mbc176-not-stripped.txt,169,haria,hari,a,no,no
mbc005-not-stripped.txt,8,fakaroNotia,fakaroNo,tia,no,no
mbc005-not-stripped.txt,4,fANaia,fANai,a,no,no
mbc005-not-stripped.txt,4,fANaia,fANai,a,no,no
mbc085-not-stripped.txt,19,kINia,kI,Nia,no,no
mbc085-not-stripped.txt,17,kINia,kI,Nia,no,no
mbc100-not-stripped.txt,13,mauria,mau,ria,no,no
mbc100-not-stripped.txt,13,aetia,ae,tia,no,no
mbc100-not-stripped.txt,13,tuhituhia,tuhituhi,a,no,no
mbc100-not-stripped.txt,13,iotia,io,tia,no,no
mbc100-not-stripped.txt,13,hurihurihia,hurihuri,hia,no,no
mbc208-not-stripped.txt,7,kIia,kI,ia,no,no
mbc208-not-stripped.txt,1,meatia,mea,tia,no,no
mbc049-not-stripped.txt,53,tapatapahia,tapatapahi,a,no,no
mbc080-not-stripped.txt,14,waihoNia,waiho,Nia,no,no
mbc060-not-stripped.txt,7,tahuNia,tahu,Nia,no,no
mbc009-not-stripped.txt,15,tukuna,tuku,na,no,no
mbc009-not-stripped.txt,15,ahahia,aha,hia,no,no
mbc009-not-stripped.txt,15,katia,kati,a,no,no
mbc009-not-stripped.txt,19,akohia,ako,hia,no,no
mbc009-not-stripped.txt,15,fakahokia,fakahoki,a,no,no
mbc009-not-stripped.txt,21,haria,hari,a,no,no
mbc009-not-stripped.txt,17,heria,heri,a,no,no
mbc009-not-stripped.txt,15,fakahokia,fakahoki,a,no,no
mbc009-not-stripped.txt,31,patua,patu,a,no,no
mbc009-not-stripped.txt,21,fakaaehia,fakaae,hia,no,no
mbc006-not-stripped.txt,8,fakatUhia,fakatU,hia,no,no
mbc008-not-stripped.txt,4,kOrerohia,kOrero,hia,no,no
mbc006-not-stripped.txt,8,fakahokia,fakahoki,a,no,no
mbc006-not-stripped.txt,8,pANia,pA,Nia,no,no
mbc006-not-stripped.txt,9,pOhirihia,pOhiri,hia,no,no
mbc197-not-stripped.txt,16,hikitia,hiki,tia,no,no
mbc197-not-stripped.txt,16,kitea,kite,a,no,no
mbc006-not-stripped.txt,8,fakahokia,fakahoki,a,no,no
mbc006-not-stripped.txt,7,fakatakotohia,fakatakoto,hia,no,no
mbc004-not-stripped.txt,12,fakarerea,fakarere,a,no,no
mbc004-not-stripped.txt,3,taea,tae,a,no,no
mbc004-not-stripped.txt,12,heria,heri,a,no,no
mbc006-not-stripped.txt,7,fakatakotohia,fakatakoto,hia,no,no
mbc197-not-stripped.txt,16,tirohia,titiro,hia,no,no
mbc006-not-stripped.txt,7,fakatauhia,fakatau,hia,no,no
mbc230-not-stripped.txt,9,kOrerotia,kOrero,tia,no,no
mbc230-not-stripped.txt,5,kitea,kite,a,no,no
mbc230-not-stripped.txt,5,fakaaetia,fakaae,tia,no,no
mbc230-not-stripped.txt,56,waipukehia,waipuke,hia,no,no
mbc230-not-stripped.txt,52,kitea,kite,a,no,no
mbc230-not-stripped.txt,52,kitea,kite,a,no,no
mbc230-not-stripped.txt,52,mOhiotia,mOhio,tia,no,no
mbc230-not-stripped.txt,56,waipukehia,waipuke,hia,no,no
mbc224-not-stripped.txt,9,tuhia,tuhi,a,no,no
mbc224-not-stripped.txt,7,fakamahia,fakamahi,a,no,no
mbc100-not-stripped.txt,25,taea,tae,a,no,no
mbc100-not-stripped.txt,25,pErAtia,pErA,tia,no,no
mbc100-not-stripped.txt,40,taea,tae,a,no,no
mbc100-not-stripped.txt,25,taNohia,taNo,hia,no,no
mbc100-not-stripped.txt,25,taea,tae,a,no,no
mbc224-not-stripped.txt,5,mahia,mahi,a,no,no
mbc100-not-stripped.txt,25,tirohia,titiro,hia,no,no
mbc100-not-stripped.txt,23,tuhia,tuhi,a,no,no
mbc224-not-stripped.txt,7,tautokotia,tautoko,tia,no,no
mbc224-not-stripped.txt,11,hokona,hoko,na,no,no
mbc224-not-stripped.txt,13,fakaarohia,fakaaro,hia,no,no
mbc100-not-stripped.txt,25,fakaputaina,fakaputa,ina,no,no
mbc100-not-stripped.txt,23,tAia,tA,ia,no,no
mbc100-not-stripped.txt,40,tuhia,tuhi,a,no,no
mbc100-not-stripped.txt,25,mahia,mahi,a,no,no
mbc100-not-stripped.txt,23,mOhiotia,mOhio,tia,no,no
mbc100-not-stripped.txt,40,kitea,kite,a,no,no
mbc100-not-stripped.txt,23,mahia,mahi,a,no,no
mbc224-not-stripped.txt,7,tAia,tA,ia,no,no
mbc224-not-stripped.txt,13,hOhonutia,hOhonu,tia,no,no
mbc100-not-stripped.txt,23,mahia,mahi,a,no,no
mbc100-not-stripped.txt,23,tirohia,titiro,hia,no,no
mbc100-not-stripped.txt,23,fakaaea,fakaae,a,no,no
mbc100-not-stripped.txt,23,tAia,tA,ia,no,no
mbc100-not-stripped.txt,23,utua,utu,a,no,no
mbc100-not-stripped.txt,23,taea,tae,a,no,no
mbc100-not-stripped.txt,23,fakamAoritia,fakamAori,tia,no,no
mbc100-not-stripped.txt,23,fakamAtautautia,fakamAtautau,tia,no,no
mbc100-not-stripped.txt,25,kitea,kite,a,no,no
mbc100-not-stripped.txt,23,tuhia,tuhi,a,no,no
mbc100-not-stripped.txt,23,mahia,mahi,a,no,no
mbc100-not-stripped.txt,23,akona,ako,na,no,no
mbc100-not-stripped.txt,25,kitea,kite,a,no,no
mbc100-not-stripped.txt,23,mahia,mahi,a,no,no
mbc100-not-stripped.txt,23,fakamAtautautia,fakamAtautau,tia,no,no
mbc147-not-stripped.txt,7,inoitia,inoi,tia,no,no
mbc147-not-stripped.txt,38,kOrerotia,kOrero,tia,no,no
mbc147-not-stripped.txt,7,heria,heri,a,no,no
mbc147-not-stripped.txt,19,haNatia,haNa,tia,no,no
mbc147-not-stripped.txt,7,fakaarotia,fakaaro,tia,no,no
mbc147-not-stripped.txt,19,moemoeAtia,moemoeA,tia,no,no
mbc147-not-stripped.txt,38,fakaaea,fakaae,a,no,no
mbc147-not-stripped.txt,14,mahia,mahi,a,no,no
mbc147-not-stripped.txt,38,haria,hari,a,no,no
mbc147-not-stripped.txt,7,fakairotia,fakairo,tia,no,no
mbc147-not-stripped.txt,19,haNatia,haNa,tia,no,no
mbc147-not-stripped.txt,7,fakatUtia,fakatU,tia,no,no
mbc118-not-stripped.txt,7,patuNia,patu,Nia,no,no
mbc118-not-stripped.txt,7,meiNa,mea,Na,no,no
mbc118-not-stripped.txt,23,pirauNia,pirau,Nia,no,no
mbc118-not-stripped.txt,7,meiNa,mea,Na,no,no
mbc118-not-stripped.txt,3,tukuna,tuku,na,no,no
mbc118-not-stripped.txt,3,tukuna,tuku,na,no,no
mbc078-not-stripped.txt,5,kIaNia,kI,a/Nia,no,yes
mbc104-not-stripped.txt,104,kitea,kite,a,no,no
mbc104-not-stripped.txt,104,kitea,kite,a,no,no
mbc104-not-stripped.txt,106,tonutia,tonu,tia,no,no
mbc104-not-stripped.txt,104,mauria,mau,ria,no,no
mbc104-not-stripped.txt,104,kitea,kite,a,no,no
mbc104-not-stripped.txt,108,fANaiNia,fANai,Nia,no,no
mbc104-not-stripped.txt,108,kOrerotia,kOrero,tia,no,no
mbc104-not-stripped.txt,104,mauria,mau,ria,no,no
mbc104-not-stripped.txt,104,hutia,huti,a,no,no
mbc104-not-stripped.txt,106,tonutia,tonu,tia,no,no
mbc104-not-stripped.txt,106,fakatikaina,fakatika,ina,no,no
mbc104-not-stripped.txt,104,mautia,mau,tia,no,no
mbc104-not-stripped.txt,108,patua,patu,a,no,no
mbc104-not-stripped.txt,108,tApiria,tApiri,a,no,no
mbc104-not-stripped.txt,132,pEneiNia,pEnei,Nia,no,no
mbc104-not-stripped.txt,114,hopukinatia,hopu,kina/tia,no,yes
mbc093-not-stripped.txt,20,hopua,hopu,a,no,no
mbc141-not-stripped.txt,15,mauria,mau,ria,no,no
mbc093-not-stripped.txt,16,pokoNia,poko,Nia,no,no
mbc103-not-stripped.txt,47,huatia,hua,tia,no,no
mbc093-not-stripped.txt,20,fakatakototia,fakatakoto,tia,no,no
mbc264-not-stripped.txt,2,roNohia,roNo,hia,no,no
mbc128-not-stripped.txt,5,fakafakaatatia,fakafakaata,tia,no,no
mbc094-not-stripped.txt,0,fakatUria,fakatU,ria,no,no
mbc220-not-stripped.txt,50,horoia,horoi,a,no,no
mbc101-not-stripped.txt,38,pEnAtia,pEnA,tia,no,no
mbc104-not-stripped.txt,28,kitea,kite,a,no,no
mbc198-not-stripped.txt,31,mOhioNia,mOhio,Nia,no,no
mbc117-not-stripped.txt,6,hiahiatia,hiahia,tia,no,no
mbc094-not-stripped.txt,1,fakatUria,fakatU,ria,no,no
mbc198-not-stripped.txt,31,mOhioNia,mOhio,Nia,no,no
mbc117-not-stripped.txt,0,kitea,kite,a,no,no
mbc101-not-stripped.txt,17,waihotia,waiho,tia,no,no
mbc101-not-stripped.txt,50,akoNia,ako,Nia,no,no
mbc099-not-stripped.txt,0,fakatUria,fakatU,ria,no,no
mbc093-not-stripped.txt,20,takatakahia,takatakahi,a,no,no
mbc220-not-stripped.txt,37,fakatUria,fakatU,ria,no,no
mbc198-not-stripped.txt,29,hopua,hopu,a,no,no
mbc198-not-stripped.txt,31,nohoNia,noho,Nia,no,no
mbc101-not-stripped.txt,3,akotia,ako,tia,no,no
mbc093-not-stripped.txt,50,kaiNa,kai,Na,no,no
mbc104-not-stripped.txt,63,rAhuitia,rAhui,tia,no,no
mbc220-not-stripped.txt,35,nohotia,noho,tia,no,no
mbc108-not-stripped.txt,16,fakatUria,fakatU,ria,no,no
mbc198-not-stripped.txt,29,piua,piu,a,no,no
mbc198-not-stripped.txt,31,meiNa,mea,Na,no,no
mbc104-not-stripped.txt,100,pErAtia,pErA,tia,no,no
mbc101-not-stripped.txt,8,mauria,mau,ria,no,no
mbc120-not-stripped.txt,52,mahia,mahi,a,no,no
mbc103-not-stripped.txt,24,fakataetaetia,fakataetae,tia,no,no
mbc093-not-stripped.txt,53,fAnuitia,fAnui,tia,no,no
mbc158-not-stripped.txt,49,tohua,tohu,a,no,no
mbc128-not-stripped.txt,41,fakapaohoohotia,fakapaohooho,tia,no,no
mbc264-not-stripped.txt,61,tANia,tA,Nia,no,no
mbc114-not-stripped.txt,21,patua,patu,a,no,no
mbc103-not-stripped.txt,47,akotia,ako,tia,no,no
mbc198-not-stripped.txt,46,kOreroNia,kOrero,Nia,no,no
mbc125-not-stripped.txt,13,akoNia,ako,Nia,no,no
mbc198-not-stripped.txt,38,kOreroNia,kOrero,Nia,no,no
mbc198-not-stripped.txt,29,tAria,tatari,a,no,no
mbc117-not-stripped.txt,56,tUkinoNia,tUkino,Nia,no,no
mbc124-not-stripped.txt,0,fetUraNitia,fetUraNi,tia,no,no
mbc093-not-stripped.txt,14,ahaNia,aha,Nia,no,no
mbc093-not-stripped.txt,20,taNohia,taNo,hia,no,no
mbc127-not-stripped.txt,47,fetUraNitia,fetUraNi,tia,no,no
mbc264-not-stripped.txt,63,kOrerotia,kOrero,tia,no,no
mbc114-not-stripped.txt,13,patua,patu,a,no,no
mbc093-not-stripped.txt,20,fakatakotoNia,fakatakoto,Nia,no,no
mbc097-not-stripped.txt,27,fakaoratia,fakaora,tia,no,no
mbc104-not-stripped.txt,100,kaiNa,kai,Na,no,no
mbc094-not-stripped.txt,1,tImataNia,tImata,Nia,no,no
mbc101-not-stripped.txt,8,tImatatia,tImata,tia,no,no
mbc198-not-stripped.txt,31,kitea,kite,a,no,no
mbc124-not-stripped.txt,0,nohoNia,noho,Nia,no,no
mbc125-not-stripped.txt,5,fakatUria,fakatU,ria,no,no
mbc099-not-stripped.txt,37,tuhia,tuhi,a,no,no
mbc128-not-stripped.txt,19,kOreroNia,kOrero,Nia,no,no
mbc198-not-stripped.txt,66,kapia,kapi,a,no,no
mbc128-not-stripped.txt,41,fakapaohotia,fakapaoho,tia,no,no
mbc264-not-stripped.txt,61,tapainatia,tapa,ina/tia,no,yes
mbc264-not-stripped.txt,49,mOhiotia,mOhio,tia,no,no
mbc264-not-stripped.txt,65,hopukina,hopu,kina,no,no
mbc094-not-stripped.txt,1,kOreroNia,kOrero,Nia,no,no
mbc093-not-stripped.txt,14,fakatakotoNia,fakatakoto,Nia,no,no
mbc125-not-stripped.txt,9,mahia,mahi,a,no,no
mbc198-not-stripped.txt,44,wAteaNia,wAtea,Nia,no,no
mbc132-not-stripped.txt,15,mauria,mau,ria,no,no
mbc198-not-stripped.txt,11,piua,piu,a,no,no
mbc132-not-stripped.txt,0,kitea,kite,a,no,no
mbc264-not-stripped.txt,65,hopukina,hopu,kina,no,no
mbc114-not-stripped.txt,13,honotia,hono,tia,no,no
mbc114-not-stripped.txt,13,kOreroNia,kOrero,Nia,no,no
mbc120-not-stripped.txt,16,mahia,mahi,a,no,no
mbc099-not-stripped.txt,18,kOreroNia,kOrero,Nia,no,no
mbc114-not-stripped.txt,13,patua,patu,a,no,no
mbc097-not-stripped.txt,1,fakatUria,fakatU,ria,no,no
mbc114-not-stripped.txt,13,pokaNia,poka,Nia,no,no
mbc198-not-stripped.txt,29,fakaritea,fakarite,a,no,no
mbc124-not-stripped.txt,0,huatia,hua,tia,no,no
mbc097-not-stripped.txt,16,nehua,nehu,a,no,no
mbc272-not-stripped.txt,100,kOreroNia,kOrero,Nia,no,no
mbc115-not-stripped.txt,2,fakatUria,fakatU,ria,no,no
mbc110-not-stripped.txt,0,raNona,roNo,na,no,no
mbc100-not-stripped.txt,44,tuhia,tuhi,a,no,no
mbc158-not-stripped.txt,38,mahia,mahi,a,no,no
mbc094-not-stripped.txt,0,fakaritea,fakarite,a,no,no
mbc115-not-stripped.txt,0,fetUraNitia,fetUraNi,tia,no,no
mbc141-not-stripped.txt,28,fakatUria,fakatU,ria,no,no
mbc114-not-stripped.txt,13,mahia,mahi,a,no,no
mbc094-not-stripped.txt,17,tirohia,titiro,hia,no,no
mbc100-not-stripped.txt,0,fetUraNitia,fetUraNi,tia,no,no
mbc132-not-stripped.txt,3,hopua,hopu,a,no,no
mbc129-not-stripped.txt,42,fAnuitia,fAnui,tia,no,no
mbc104-not-stripped.txt,17,kaiNa,kai,Na,no,no
mbc109-not-stripped.txt,0,takahia,takahi,a,no,no
mbc097-not-stripped.txt,16,fakawehea,fakawehe,a,no,no
mbc114-not-stripped.txt,13,kawea,kawe,a,no,no
mbc198-not-stripped.txt,11,haereNia,haere,Nia,no,no
mbc198-not-stripped.txt,54,mauria,mau,ria,no,no
mbc093-not-stripped.txt,50,kaiNa,kai,Na,no,no
mbc093-not-stripped.txt,20,waihotia,waiho,tia,no,no
mbc125-not-stripped.txt,67,utuNia,utu,Nia,no,no
mbc114-not-stripped.txt,13,fakatautia,fakatau,tia,no,no
mbc114-not-stripped.txt,13,pokaNia,poka,Nia,no,no
mbc141-not-stripped.txt,13,fakahEtia,fakahE,tia,no,no
mbc099-not-stripped.txt,38,fAnuitia,fAnui,tia,no,no
mbc198-not-stripped.txt,11,mahia,mahi,a,no,no
mbc198-not-stripped.txt,1,nohoNia,noho,Nia,no,no
mbc264-not-stripped.txt,68,aukatia,aukati,a,no,no
mbc272-not-stripped.txt,98,rapuNia,rapu,Nia,no,no
mbc108-not-stripped.txt,37,fakapaohotia,fakapaoho,tia,no,no
mbc099-not-stripped.txt,18,taea,tae,a,no,no
mbc115-not-stripped.txt,2,fakatUria,fakatU,ria,no,no
mbc125-not-stripped.txt,64,mahia,mahi,a,no,no
mbc117-not-stripped.txt,54,makaia,maka,ia,no,no
mbc093-not-stripped.txt,20,takatakaia,takataka,ia,no,no
mbc120-not-stripped.txt,26,ahaNia,aha,Nia,no,no
mbc112-not-stripped.txt,0,pokea,poke,a,no,no
mbc109-not-stripped.txt,43,raputia,rapu,tia,no,no
mbc099-not-stripped.txt,37,fakaritea,fakarite,a,no,no
mbc198-not-stripped.txt,25,kitea,kite,a,no,no
mbc104-not-stripped.txt,80,hoputia,hopu,tia,no,no
mbc198-not-stripped.txt,58,fakapaiNia,fakapai,Nia,no,no
mbc104-not-stripped.txt,1,tirohia,titiro,hia,no,no
mbc198-not-stripped.txt,58,mauria,mau,ria,no,no
mbc114-not-stripped.txt,13,fakatauNia,fakatau,Nia,no,no
mbc102-not-stripped.txt,30,fAnuitia,fAnui,tia,no,no
mbc114-not-stripped.txt,13,fakatairaNitia,fakatairaNi,tia,no,no
mbc114-not-stripped.txt,13,fakaritea,fakarite,a,no,no
mbc141-not-stripped.txt,25,tirotirohia,tirotiro,hia,no,no
mbc091-not-stripped.txt,0,totohetia,totohe,tia,no,no
mbc104-not-stripped.txt,140,tukuna,tuku,na,no,no
mbc117-not-stripped.txt,13,akoNia,ako,Nia,no,no
mbc198-not-stripped.txt,11,mahia,mahi,a,no,no
mbc099-not-stripped.txt,36,kOrerotia,kOrero,tia,no,no
mbc114-not-stripped.txt,13,tonoa,tono,a,no,no
mbc109-not-stripped.txt,0,huatia,hua,tia,no,no
mbc111-not-stripped.txt,0,haeretia,haere,tia,no,no
mbc198-not-stripped.txt,66,pEhia,pEhi,a,no,no
mbc118-not-stripped.txt,0,fakatUNia,fakatU,Nia,no,no
mbc125-not-stripped.txt,42,akoNia,ako,Nia,no,no
mbc198-not-stripped.txt,60,fakakAhoreNia,fakakAhore,Nia,no,no
mbc093-not-stripped.txt,20,raua,rau,a,no,no
mbc096-not-stripped.txt,69,ruia,rui,a,no,no
mbc096-not-stripped.txt,68,ruia,rui,a,no,no
mbc114-not-stripped.txt,13,unuhia,unu,hia,no,no
mbc120-not-stripped.txt,47,tataritia,tatari,tia,no,no
mbc115-not-stripped.txt,0,takahia,takahi,a,no,no
mbc141-not-stripped.txt,19,raupatutia,raupatu,tia,no,no
mbc198-not-stripped.txt,54,tukuna,tuku,na,no,no
mbc115-not-stripped.txt,2,fakatUria,fakatU,ria,no,no
mbc198-not-stripped.txt,58,fANaihia,fANai,hia,no,no
mbc094-not-stripped.txt,5,fakaritea,fakarite,a,no,no
mbc125-not-stripped.txt,32,hokoNia,hoko,Nia,no,no
mbc131-not-stripped.txt,16,mahia,mahi,a,no,no
mbc125-not-stripped.txt,58,mahia,mahi,a,no,no
mbc127-not-stripped.txt,22,fakatONia,fakatO,Nia,no,no
mbc120-not-stripped.txt,28,mahia,mahi,a,no,no
mbc120-not-stripped.txt,34,pania,pani,a,no,no
mbc128-not-stripped.txt,13,kOrerotia,kOrero,tia,no,no
mbc091-not-stripped.txt,0,pakaNatia,pakaNa,tia,no,no
mbc117-not-stripped.txt,49,mahia,mahi,a,no,no
mbc099-not-stripped.txt,36,kitea,kite,a,no,no
mbc111-not-stripped.txt,0,mAtakitakina,mAtakitaki,na,no,no
mbc264-not-stripped.txt,47,tapaina,tapa,ina,no,no
mbc118-not-stripped.txt,0,fetUraNitia,fetUraNi,tia,no,no
mbc198-not-stripped.txt,66,katia,kati,a,no,no
mbc198-not-stripped.txt,19,kaiNa,kai,Na,no,no
mbc094-not-stripped.txt,12,kOrerotia,kOrero,tia,no,no
mbc104-not-stripped.txt,82,tukuna,tuku,na,no,no
mbc198-not-stripped.txt,60,fakakAhoreNia,fakakAhore,Nia,no,no
mbc198-not-stripped.txt,58,tanuNia,tanu,Nia,no,no
mbc198-not-stripped.txt,25,kUtia,kuti,a,no,no
mbc117-not-stripped.txt,66,fakatinanatia,fakatinana,tia,no,no
mbc141-not-stripped.txt,19,wehewehetia,wehewehe,tia,no,no
mbc118-not-stripped.txt,0,fakaritea,fakarite,a,no,no
mbc125-not-stripped.txt,30,fakaakoNia,fakaako,Nia,no,no
mbc094-not-stripped.txt,6,tImataNia,tImata,Nia,no,no
mbc198-not-stripped.txt,68,fakapaiNia,fakapai,Nia,no,no
mbc093-not-stripped.txt,20,taNohia,taNo,hia,no,no
mbc123-not-stripped.txt,0,takahia,takahi,a,no,no
mbc120-not-stripped.txt,34,fakakuiatia,fakakuia,tia,no,no
mbc125-not-stripped.txt,62,akoNia,ako,Nia,no,no
mbc108-not-stripped.txt,37,fAnuitia,fAnui,tia,no,no
mbc120-not-stripped.txt,47,fakapaohotia,fakapaoho,tia,no,no
mbc114-not-stripped.txt,13,pokaNia,poka,Nia,no,no
mbc114-not-stripped.txt,13,unuhia,unu,hia,no,no
mbc131-not-stripped.txt,16,tImatatia,tImata,tia,no,no
mbc125-not-stripped.txt,54,akoNia,ako,Nia,no,no
mbc125-not-stripped.txt,52,akoNia,ako,Nia,no,no
mbc108-not-stripped.txt,11,fakatUria,fakatU,ria,no,no
mbc141-not-stripped.txt,21,fakatUria,fakatU,ria,no,no
mbc104-not-stripped.txt,148,tuhia,tuhi,a,no,no
mbc094-not-stripped.txt,3,mahia,mahi,a,no,no
mbc104-not-stripped.txt,147,wAhia,wAwAhi,a,no,no
mbc198-not-stripped.txt,19,mauria,mau,ria,no,no
mbc131-not-stripped.txt,16,fakaritea,fakarite,a,no,no
mbc104-not-stripped.txt,0,warewaretia,wareware,tia,no,no
mbc114-not-stripped.txt,13,fakaaetia,fakaae,tia,no,no
mbc104-not-stripped.txt,88,rAhuitia,rAhui,tia,no,no
mbc108-not-stripped.txt,21,fakatUria,fakatU,ria,no,no
mbc099-not-stripped.txt,20,fakatUria,fakatU,ria,no,no
mbc127-not-stripped.txt,8,mOhiotia,mOhio,tia,no,no
mbc099-not-stripped.txt,37,fakapaohotia,fakapaoho,tia,no,no
mbc117-not-stripped.txt,9,mahia,mahi,a,no,no
mbc141-not-stripped.txt,19,wAhia,wAwAhi,a,no,no
mbc198-not-stripped.txt,19,mauria,mau,ria,no,no
mbc141-not-stripped.txt,21,fakatUria,fakatU,ria,no,no
mbc198-not-stripped.txt,62,akoNia,ako,Nia,no,no
mbc198-not-stripped.txt,60,pErANia,pErA,Nia,no,no
mbc117-not-stripped.txt,66,kitea,kite,a,no,no
mbc114-not-stripped.txt,13,fakaaea,fakaae,a,no,no
mbc120-not-stripped.txt,1,fakaritea,fakarite,a,no,no
mbc125-not-stripped.txt,26,akoNia,ako,Nia,no,no
mbc150-not-stripped.txt,31,kOrerohia,kOrero,hia,no,no
mbc150-not-stripped.txt,31,kOrerohia,kOrero,hia,no,no
mbc150-not-stripped.txt,31,tautokona,tautoko,na,no,no
mbc150-not-stripped.txt,31,waihotia,waiho,tia,no,no
mbc150-not-stripped.txt,39,taea,tae,a,no,no
mbc150-not-stripped.txt,39,fakatakotohia,fakatakoto,hia,no,no
mbc150-not-stripped.txt,31,kitea,kite,a,no,no
mbc149-not-stripped.txt,43,hUnukuhia,hUnuku,hia,no,no
mbc149-not-stripped.txt,4,hIkoitia,hIkoi,tia,no,no
mbc155-not-stripped.txt,14,kimihia,kimi,hia,no,no
mbc152-not-stripped.txt,93,fakafifia,fakafifi,a,no,no
mbc155-not-stripped.txt,14,tukuna,tuku,na,no,no
mbc149-not-stripped.txt,31,fakatakEtia,fakatakE,tia,no,no
mbc152-not-stripped.txt,93,haimona,haimo,na,no,no
mbc149-not-stripped.txt,37,kaNakaNahia,kaNakaNa,hia,no,no
mbc155-not-stripped.txt,6,ahahia,aha,hia,no,no
mbc138-not-stripped.txt,9,warewaretia,wareware,tia,no,no
mbc146-not-stripped.txt,38,fakahaeretia,fakahaere,tia,no,no
mbc152-not-stripped.txt,88,fakatUtia,fakatU,tia,no,no
mbc151-not-stripped.txt,9,tapaina,tapa,ina,no,no
mbc149-not-stripped.txt,45,kitea,kite,a,no,no
mbc138-not-stripped.txt,12,mahia,mahi,a,no,no
mbc149-not-stripped.txt,47,kawea,kawe,a,no,no
mbc107-not-stripped.txt,25,fakamAramatia,fakamArama,tia,no,no
mbc119-not-stripped.txt,25,fakatUhia,fakatU,hia,no,no
mbc119-not-stripped.txt,32,tohutia,tohu,tia,no,no
mbc120-not-stripped.txt,71,tuhia,tuhi,a,no,no
mbc106-not-stripped.txt,1,fakapuaretia,fakapuare,tia,no,no
mbc120-not-stripped.txt,71,fakapaohotia,fakapaoho,tia,no,no
mbc119-not-stripped.txt,21,rAraNitia,rAraNi,tia,no,no
mbc119-not-stripped.txt,25,roNohia,roNo,hia,no,no
mbc119-not-stripped.txt,32,fakatUhia,fakatU,hia,no,no
mbc103-not-stripped.txt,0,fakatuferatia,fakatufera,tia,no,no
mbc124-not-stripped.txt,9,tukua,tuku,a,no,no
mbc124-not-stripped.txt,7,tukua,tuku,a,no,no
mbc124-not-stripped.txt,2,uia,ui,a,no,no
mbc124-not-stripped.txt,7,fakahokia,fakahoki,a,no,no
mbc124-not-stripped.txt,7,tukua,tuku,a,no,no
mbc124-not-stripped.txt,2,waerea,waere,a,no,no
mbc124-not-stripped.txt,3,tukua,tuku,a,no,no
mbc124-not-stripped.txt,7,tukua,tuku,a,no,no
mbc124-not-stripped.txt,7,fakahokia,fakahoki,a,no,no
mbc124-not-stripped.txt,20,akona,ako,na,no,no
mbc124-not-stripped.txt,7,waihotia,waiho,tia,no,no
mbc124-not-stripped.txt,3,fakaaria,fakaari,a,no,no
mbc124-not-stripped.txt,5,kimihia,kimi,hia,no,no
mbc124-not-stripped.txt,7,kitea,kite,a,no,no
mbc124-not-stripped.txt,2,fakatuferatia,fakatufera,tia,no,no
mbc124-not-stripped.txt,5,fAnautia,fAnau,tia,no,no
mbc203-not-stripped.txt,6,taea,tae,a,no,no
mbc203-not-stripped.txt,6,roNohia,roNo,hia,no,no
mbc203-not-stripped.txt,6,fakahokia,fakahoki,a,no,no
mbc203-not-stripped.txt,6,kitea,kite,a,no,no
mbc203-not-stripped.txt,6,taea,tae,a,no,no
mbc059-not-stripped.txt,21,kIia,kI,ia,no,no
mbc108-not-stripped.txt,17,heretia,here,tia,no,no
mbc108-not-stripped.txt,15,mahiNia,mahi,Nia,no,no
mbc144-not-stripped.txt,32,kaiNa,kai,Na,no,no
mbc144-not-stripped.txt,32,tirohia,titiro,hia,no,no
mbc144-not-stripped.txt,32,haria,hari,a,no,no
mbc144-not-stripped.txt,32,huahuaNia,huahua,Nia,no,no
mbc070-not-stripped.txt,43,hoea,hoe,a,no,no
mbc070-not-stripped.txt,43,fakanuihia,fakanui,hia,no,no
mbc070-not-stripped.txt,43,fakaritehia,fakarite,hia,no,no
mbc070-not-stripped.txt,43,fakanuihia,fakanui,hia,no,no
mbc143-not-stripped.txt,12,fiua,fiu,a,no,no
mbc143-not-stripped.txt,12,foatuhia,foatu,hia,no,no
mbc227-not-stripped.txt,5,fakahENia,fakahE,Nia,no,no
mbc227-not-stripped.txt,5,herea,here,a,no,no
mbc227-not-stripped.txt,5,fakanuitia,fakanui,tia,no,no
mbc189-not-stripped.txt,16,haria,hari,a,no,no
mbc189-not-stripped.txt,16,kitea,kite,a,no,no
mbc189-not-stripped.txt,13,utaina,uta,ina,no,no
mbc189-not-stripped.txt,16,haria,hari,a,no,no
mbc189-not-stripped.txt,16,nehutia,nehu,tia,no,no
mbc189-not-stripped.txt,14,fAia,fai,a,no,no
mbc189-not-stripped.txt,14,fAia,fai,a,no,no
mbc189-not-stripped.txt,13,utaina,uta,ina,no,no
mbc189-not-stripped.txt,16,taNihia,taNi,hia,no,no
mbc189-not-stripped.txt,12,fakatairaNitia,fakatairaNi,tia,no,no
mbc189-not-stripped.txt,12,unuhia,unu,hia,no,no
mbc189-not-stripped.txt,11,haehaea,haehae,a,no,no
mbc189-not-stripped.txt,12,utaina,uta,ina,no,no
mbc189-not-stripped.txt,16,fakamanatia,fakamana,tia,no,no
mbc189-not-stripped.txt,11,ripiripia,ripiripi,a,no,no
mbc189-not-stripped.txt,11,haehaea,haehae,a,no,no
mbc189-not-stripped.txt,11,ripiripia,ripiripi,a,no,no
mbc136-not-stripped.txt,40,kIia,kI,ia,no,no
mbc136-not-stripped.txt,38,hikina,hiki,na,no,no
mbc136-not-stripped.txt,38,akona,ako,na,no,no
mbc145-not-stripped.txt,14,tapaina,tapa,ina,no,no
mbc145-not-stripped.txt,5,wehea,wehe,a,no,no
mbc136-not-stripped.txt,38,kIia,kI,ia,no,no
mbc136-not-stripped.txt,38,kIia,kI,ia,no,no
mbc145-not-stripped.txt,3,kOrerohia,kOrero,hia,no,no
mbc136-not-stripped.txt,38,fakatUria,fakatU,ria,no,no
mbc145-not-stripped.txt,5,fakairihia,fakairi,hia,no,no
mbc145-not-stripped.txt,5,fakairihia,fakairi,hia,no,no
mbc145-not-stripped.txt,5,fakairiirihia,fakairiiri,hia,no,no
mbc136-not-stripped.txt,38,kuraina,kura,ina,no,no
mbc145-not-stripped.txt,5,tapaina,tapa,ina,no,no
mbc136-not-stripped.txt,40,hikina,hiki,na,no,no
mbc145-not-stripped.txt,14,fafaihia,fafai,hia,no,no
mbc136-not-stripped.txt,40,hikina,hiki,na,no,no
mbc145-not-stripped.txt,14,huria,huri,a,no,no
mbc145-not-stripped.txt,5,fakahokia,fakahoki,a,no,no
mbc075-not-stripped.txt,11,fakamAtauNia,fakamAtau,Nia,no,no
mbc075-not-stripped.txt,11,fakamAtautauNia,fakamAtautau,Nia,no,no
mbc075-not-stripped.txt,16,fAia,fai,a,no,no
mbc075-not-stripped.txt,11,taea,tae,a,no,no
mbc075-not-stripped.txt,11,tirohia,titiro,hia,no,no
mbc075-not-stripped.txt,11,kitea,kite,a,no,no
mbc100-not-stripped.txt,8,patua,patu,a,no,no
mbc100-not-stripped.txt,8,fakamAoritia,fakamAori,tia,no,no
mbc100-not-stripped.txt,8,perEhitia,perEhi,tia,no,no
mbc080-not-stripped.txt,63,tImatahia,tImata,hia,no,no
mbc080-not-stripped.txt,63,hurihia,huri,hia,no,no
mbc064-not-stripped.txt,50,titoNia,tito,Nia,no,no
mbc195-not-stripped.txt,32,pAnuihia,pAnui,hia,no,no
mbc195-not-stripped.txt,32,kOrerohia,kOrero,hia,no,no
mbc084-not-stripped.txt,20,mahia,mahi,a,no,no
mbc228-not-stripped.txt,32,kOrerotia,kOrero,tia,no,no
mbc228-not-stripped.txt,32,nuitia,nui,tia,no,no
mbc228-not-stripped.txt,32,kawea,kawe,a,no,no
mbc228-not-stripped.txt,32,poipoia,poipoi,a,no,no
mbc084-not-stripped.txt,20,mahia,mahi,a,no,no
mbc107-not-stripped.txt,4,taea,tae,a,no,no
mbc107-not-stripped.txt,4,kimihia,kimi,hia,no,no
mbc107-not-stripped.txt,1,tirotirohia,tirotiro,hia,no,no
mbc107-not-stripped.txt,1,fakafAitiNia,fakafAiti,Nia,no,no
mbc107-not-stripped.txt,1,mahia,mahi,a,no,no
mbc107-not-stripped.txt,1,kitea,kite,a,no,no
mbc200-not-stripped.txt,19,fakaarohia,fakaaro,hia,no,no
mbc200-not-stripped.txt,19,haerehia,haere,hia,no,no
mbc200-not-stripped.txt,19,fakatakotohia,fakatakoto,hia,no,no
mbc200-not-stripped.txt,19,fakautua,fakautu,a,no,no
mbc200-not-stripped.txt,19,fakapuakina,fakapuaki,na,no,no
mbc200-not-stripped.txt,19,fakapuakina,fakapuaki,na,no,no
mbc238-not-stripped.txt,3,pAnuitia,pAnui,tia,no,no
mbc238-not-stripped.txt,3,pAnuitia,pAnui,tia,no,no
mbc238-not-stripped.txt,7,kimihia,kimi,hia,no,no
mbc270-not-stripped.txt,37,pania,pani,a,no,no
mbc269-not-stripped.txt,0,tAkaikaihia,tAkaikai,hia,no,no
mbc168-not-stripped.txt,59,Afinahia,Afina,hia,no,no
mbc168-not-stripped.txt,0,kIia,kI,ia,no,no
mbc269-not-stripped.txt,0,roNohia,roNo,hia,no,no
mbc269-not-stripped.txt,37,akona,ako,na,no,no
mbc269-not-stripped.txt,27,heria,heri,a,no,no
mbc168-not-stripped.txt,51,kawea,kawe,a,no,no
mbc165-not-stripped.txt,37,tutukia,tutuki,a,no,no
mbc270-not-stripped.txt,35,kitea,kite,a,no,no
mbc265-not-stripped.txt,79,kitea,kite,a,no,no
mbc269-not-stripped.txt,27,fakaroNohia,fakaroNo,hia,no,no
mbc270-not-stripped.txt,34,fakamahia,fakamahi,a,no,no
mbc270-not-stripped.txt,37,mekea,meke,a,no,no
mbc168-not-stripped.txt,0,rapua,rapu,a,no,no
mbc270-not-stripped.txt,35,tonutia,tonu,tia,no,no
mbc269-not-stripped.txt,0,pANia,pA,Nia,no,no
mbc165-not-stripped.txt,37,mekea,meke,a,no,no
mbc270-not-stripped.txt,13,haria,hari,a,no,no
mbc269-not-stripped.txt,0,tImatahia,tImata,hia,no,no
mbc269-not-stripped.txt,20,fakahokia,fakahoki,a,no,no
mbc269-not-stripped.txt,19,akona,ako,na,no,no
mbc270-not-stripped.txt,36,tukuna,tuku,na,no,no
mbc172-not-stripped.txt,50,fakairihia,fakairi,hia,no,no
mbc269-not-stripped.txt,27,tukua,tuku,a,no,no
mbc168-not-stripped.txt,20,kawea,kawe,a,no,no
mbc165-not-stripped.txt,26,mahia,mahi,a,no,no
mbc168-not-stripped.txt,0,taea,tae,a,no,no
mbc165-not-stripped.txt,120,purua,puru,a,no,no
mbc168-not-stripped.txt,0,kIia,kI,ia,no,no
mbc168-not-stripped.txt,18,kawea,kawe,a,no,no
mbc172-not-stripped.txt,50,tukuna,tuku,na,no,no
mbc270-not-stripped.txt,35,tOia,tO,ia,no,no
mbc269-not-stripped.txt,0,pANia,pA,Nia,no,no
mbc172-not-stripped.txt,4,kOrerohia,kOrero,hia,no,no
mbc269-not-stripped.txt,0,fakaturiturihia,fakaturituri,hia,no,no
mbc165-not-stripped.txt,146,tukua,tuku,a,no,no
mbc269-not-stripped.txt,10,fakatOmuahia,fakatOmua,hia,no,no
mbc269-not-stripped.txt,19,fakahokia,fakahoki,a,no,no
mbc165-not-stripped.txt,41,mOhioNia,mOhio,Nia,no,no
mbc269-not-stripped.txt,19,akona,ako,na,no,no
mbc165-not-stripped.txt,45,fakakINia,fakakI,Nia,no,no
mbc168-not-stripped.txt,0,rapua,rapu,a,no,no
mbc269-not-stripped.txt,0,kuhua,kuhu,a,no,no
mbc265-not-stripped.txt,48,fakahaerehia,fakahaere,hia,no,no
mbc270-not-stripped.txt,37,poua,pou,a,no,no
mbc269-not-stripped.txt,21,haerehia,haere,hia,no,no
mbc270-not-stripped.txt,35,kOrerotia,kOrero,tia,no,no
mbc269-not-stripped.txt,26,titirohia,titiro,hia,no,no
mbc269-not-stripped.txt,15,heria,heri,a,no,no
mbc172-not-stripped.txt,30,taea,tae,a,no,no
mbc165-not-stripped.txt,121,hoatuhia,hoatu,hia,no,no
mbc168-not-stripped.txt,0,tirohia,titiro,hia,no,no
mbc270-not-stripped.txt,13,fiua,fiu,a,no,no
mbc269-not-stripped.txt,39,haerehia,haere,hia,no,no
mbc269-not-stripped.txt,27,pANia,pA,Nia,no,no
mbc172-not-stripped.txt,50,fakakIkIhia,fakakIkI,hia,no,no
mbc172-not-stripped.txt,38,tukua,tuku,a,no,no
mbc269-not-stripped.txt,39,haerehia,haere,hia,no,no
mbc168-not-stripped.txt,8,mOhiotia,mOhio,tia,no,no
mbc269-not-stripped.txt,4,pUhia,pupuhi,a,no,no
mbc270-not-stripped.txt,13,hurihia,huri,hia,no,no
mbc168-not-stripped.txt,0,titirohia,titiro,hia,no,no
mbc269-not-stripped.txt,27,heria,heri,a,no,no
mbc270-not-stripped.txt,35,hikitia,hiki,tia,no,no
mbc165-not-stripped.txt,107,kOrerohia,kOrero,hia,no,no
mbc270-not-stripped.txt,35,fakahokia,fakahoki,a,no,no
mbc172-not-stripped.txt,50,tukuna,tuku,na,no,no
mbc269-not-stripped.txt,25,taea,tae,a,no,no
mbc168-not-stripped.txt,61,Afinahia,Afina,hia,no,no
mbc168-not-stripped.txt,6,kawea,kawe,a,no,no
mbc269-not-stripped.txt,27,unumia,unu,mia,no,no
mbc169-not-stripped.txt,28,fakafiria,fakafiri,a,no,no
mbc269-not-stripped.txt,21,tApirihia,tApiri,hia,no,no
mbc165-not-stripped.txt,121,homaihia,homai,hia,no,no
mbc269-not-stripped.txt,22,tukua,tuku,a,no,no
mbc265-not-stripped.txt,13,fakawAteahia,fakawAtea,hia,no,no
mbc169-not-stripped.txt,44,mahia,mahi,a,no,no
mbc165-not-stripped.txt,54,patua,patu,a,no,no
mbc270-not-stripped.txt,34,taea,tae,a,no,no
mbc270-not-stripped.txt,13,kitea,kite,a,no,no
mbc269-not-stripped.txt,9,akona,ako,na,no,no
mbc269-not-stripped.txt,2,taea,tae,a,no,no
mbc269-not-stripped.txt,1,manaakitia,manaaki,tia,no,no
mbc169-not-stripped.txt,28,kOrerohia,kOrero,hia,no,no
mbc270-not-stripped.txt,37,takaia,taka,ia,no,no
mbc270-not-stripped.txt,37,tukuna,tuku,na,no,no
mbc269-not-stripped.txt,13,manaakitia,manaaki,tia,no,no
mbc269-not-stripped.txt,24,manaakitia,manaaki,tia,no,no
mbc269-not-stripped.txt,20,fakahuahia,fakahua,hia,no,no
mbc269-not-stripped.txt,22,heria,heri,a,no,no
mbc103-not-stripped.txt,25,kENia,kE,Nia,no,no
mbc103-not-stripped.txt,25,hoatuNia,hoatu,Nia,no,no
mbc103-not-stripped.txt,25,panipaniNia,panipani,Nia,no,no
mbc103-not-stripped.txt,23,fakatUNia,fakatU,Nia,no,no
mbc103-not-stripped.txt,25,fakahokiNia,fakahoki,Nia,no,no
mbc103-not-stripped.txt,23,tAtiNia,tAti,Nia,no,no
mbc103-not-stripped.txt,25,puruNia,puru,Nia,no,no
mbc103-not-stripped.txt,23,mauNia,mau,Nia,no,no
mbc103-not-stripped.txt,23,fakatUNia,fakatU,Nia,no,no
mbc103-not-stripped.txt,25,kinoNia,kino,Nia,no,no
mbc103-not-stripped.txt,23,takatakahiNia,takatakahi,Nia,no,no
mbc103-not-stripped.txt,23,fakatUNia,fakatU,Nia,no,no
mbc103-not-stripped.txt,25,fiuNia,fiu,Nia,no,no
mbc103-not-stripped.txt,23,fAitia,fai,tia,no,no
mbc103-not-stripped.txt,23,kINia,kI,Nia,no,no
mbc120-not-stripped.txt,64,werohia,wero,hia,no,no
mbc208-not-stripped.txt,81,faifaiANia,faifaiA,Nia,no,no
mbc208-not-stripped.txt,12,kIia,kI,ia,no,no
mbc208-not-stripped.txt,81,mauria,mau,ria,no,no
mbc120-not-stripped.txt,4,waihotia,waiho,tia,no,no
mbc120-not-stripped.txt,4,meatia,mea,tia,no,no
mbc120-not-stripped.txt,64,noatia,noa,tia,no,no
mbc209-not-stripped.txt,25,fakakoreNia,fakakore,Nia,no,no
mbc209-not-stripped.txt,9,taea,tae,a,no,no
mbc209-not-stripped.txt,9,fakatipuNia,fakatipu,Nia,no,no
mbc209-not-stripped.txt,25,fakaaeNia,fakaae,Nia,no,no
mbc208-not-stripped.txt,73,kitea,kite,a,no,no
mbc209-not-stripped.txt,25,tukuna,tuku,na,no,no
mbc208-not-stripped.txt,49,kaiNa,kai,Na,no,no
mbc120-not-stripped.txt,64,mahia,mahi,a,no,no
mbc209-not-stripped.txt,25,utuhia,utu,hia,no,no
mbc208-not-stripped.txt,46,taea,tae,a,no,no
mbc208-not-stripped.txt,61,pEneiNia,pEnei,Nia,no,no
mbc209-not-stripped.txt,9,kEtia,kE,tia,no,no
mbc089-not-stripped.txt,21,pupuritia,pupuri,tia,no,no
mbc089-not-stripped.txt,21,tIkina,tiki,na,no,no
mbc089-not-stripped.txt,21,mOhiotia,mOhio,tia,no,no
mbc082-not-stripped.txt,6,haNA,haNa,a,no,no
mbc085-not-stripped.txt,5,fakataimahahia,fakataimaha,hia,no,no
mbc117-not-stripped.txt,35,kauhautia,kauhau,tia,no,no
mbc117-not-stripped.txt,35,fakakitea,fakakite,a,no,no
mbc117-not-stripped.txt,35,fakakitea,fakakite,a,no,no
mbc271-not-stripped.txt,132,kitea,kite,a,no,no
mbc271-not-stripped.txt,132,fAnuitia,fAnui,tia,no,no
mbc271-not-stripped.txt,132,puakitia,puaki,tia,no,no
mbc271-not-stripped.txt,130,mOhiotia,mOhio,tia,no,no
mbc015-not-stripped.txt,5,hiahiatia,hiahia,tia,no,no
mbc015-not-stripped.txt,7,taeatia,tae,a/tia,no,yes
mbc015-not-stripped.txt,5,tirohia,titiro,hia,no,no
mbc015-not-stripped.txt,5,kOrerotia,kOrero,tia,no,no
mbc043-not-stripped.txt,7,kOrerotia,kOrero,tia,no,no
mbc078-not-stripped.txt,13,kitea,kite,a,no,no
mbc043-not-stripped.txt,7,hokia,hoki,a,no,no
mbc043-not-stripped.txt,3,kitea,kite,a,no,no
mbc043-not-stripped.txt,5,kOrerotia,kOrero,tia,no,no
mbc203-not-stripped.txt,8,kIia,kI,ia,no,no
mbc203-not-stripped.txt,8,fakaohoNia,fakaoho,Nia,no,no
mbc203-not-stripped.txt,8,haNahia,haNa,hia,no,no
mbc203-not-stripped.txt,8,tapaia,tapa,ia,no,no
mbc203-not-stripped.txt,8,mauria,mau,ria,no,no
mbc203-not-stripped.txt,8,ahatia,aha,tia,no,no
mbc203-not-stripped.txt,8,fakaterea,fakatere,a,no,no
mbc082-not-stripped.txt,38,tAia,tA,ia,no,no
mbc058-not-stripped.txt,6,rapua,rapu,a,no,no
mbc186-not-stripped.txt,51,titia,titi,a,no,no
mbc186-not-stripped.txt,51,noahia,noa,hia,no,no
mbc186-not-stripped.txt,46,kIia,kI,ia,no,no
mbc186-not-stripped.txt,51,haria,hari,a,no,no
mbc186-not-stripped.txt,51,fakaritea,fakarite,a,no,no
mbc186-not-stripped.txt,46,muia,mui,a,no,no
mbc202-not-stripped.txt,3,kitea,kite,a,no,no
mbc202-not-stripped.txt,3,taea,tae,a,no,no
mbc202-not-stripped.txt,36,mOhiotia,mOhio,tia,no,no
mbc202-not-stripped.txt,40,haNaia,haNa,ia,no,no
mbc202-not-stripped.txt,3,pANia,pA,Nia,no,no
mbc202-not-stripped.txt,40,haNaia,haNa,ia,no,no
mbc202-not-stripped.txt,3,tapaina,tapa,ina,no,no
mbc202-not-stripped.txt,36,tonutia,tonu,tia,no,no
mbc202-not-stripped.txt,3,fakataNihia,fakataNi,hia,no,no
mbc202-not-stripped.txt,4,fakataNihia,fakataNi,hia,no,no
mbc202-not-stripped.txt,3,kEtia,kE,tia,no,no
mbc202-not-stripped.txt,32,pANia,pA,Nia,no,no
mbc202-not-stripped.txt,6,fakataNihia,fakataNi,hia,no,no
mbc202-not-stripped.txt,36,fakataNihia,fakataNi,hia,no,no
mbc202-not-stripped.txt,20,tIkina,tiki,na,no,no
mbc202-not-stripped.txt,3,fakataNihia,fakataNi,hia,no,no
mbc202-not-stripped.txt,3,fakataNihia,fakataNi,hia,no,no
mbc202-not-stripped.txt,36,fakataNihia,fakataNi,hia,no,no
mbc202-not-stripped.txt,44,fakataNihia,fakataNi,hia,no,no
mbc202-not-stripped.txt,26,kEtia,kE,tia,no,no
mbc202-not-stripped.txt,3,fakataNihia,fakataNi,hia,no,no
mbc202-not-stripped.txt,6,taea,tae,a,no,no
mbc202-not-stripped.txt,26,kOrerotia,kOrero,tia,no,no
mbc202-not-stripped.txt,3,fakataNihia,fakataNi,hia,no,no
mbc202-not-stripped.txt,46,taea,tae,a,no,no
mbc202-not-stripped.txt,44,taea,tae,a,no,no
mbc202-not-stripped.txt,34,fakataNihia,fakataNi,hia,no,no
mbc202-not-stripped.txt,20,fakahokia,fakahoki,a,no,no
mbc202-not-stripped.txt,6,fakataNihia,fakataNi,hia,no,no
mbc202-not-stripped.txt,3,fakataNihia,fakataNi,hia,no,no
mbc202-not-stripped.txt,3,fakataNihia,fakataNi,hia,no,no
mbc202-not-stripped.txt,20,fakataNihia,fakataNi,hia,no,no
mbc202-not-stripped.txt,6,patua,patu,a,no,no
mbc202-not-stripped.txt,3,fakataNihia,fakataNi,hia,no,no
mbc202-not-stripped.txt,6,kawea,kawe,a,no,no
mbc202-not-stripped.txt,36,fakataNihia,fakataNi,hia,no,no
mbc202-not-stripped.txt,46,tIkina,tiki,na,no,no
mbc202-not-stripped.txt,20,fakataNihia,fakataNi,hia,no,no
mbc202-not-stripped.txt,46,fakataNihia,fakataNi,hia,no,no
mbc202-not-stripped.txt,6,raNona,roNo,na,no,no
mbc202-not-stripped.txt,22,kitea,kite,a,no,no
mbc202-not-stripped.txt,20,fakatakotohia,fakatakoto,hia,no,no
mbc202-not-stripped.txt,6,taea,tae,a,no,no
mbc202-not-stripped.txt,3,fakataNihia,fakataNi,hia,no,no
mbc202-not-stripped.txt,17,kitea,kite,a,no,no
mbc184-not-stripped.txt,213,mAtautia,mAtau,tia,no,no
mbc183-not-stripped.txt,0,fakamAramaNia,fakamArama,Nia,no,no
mbc178-not-stripped.txt,201,tirohia,titiro,hia,no,no
mbc258-not-stripped.txt,16,kOreroNia,kOrero,Nia,no,no
mbc182-not-stripped.txt,30,mahia,mahi,a,no,no
mbc258-not-stripped.txt,16,kohikohinA,kohikohi,na/a,no,yes
mbc184-not-stripped.txt,81,kitea,kite,a,no,no
mbc185-not-stripped.txt,33,tAria,tatari,a,no,no
mbc185-not-stripped.txt,16,roNohia,roNo,hia,no,no
mbc161-not-stripped.txt,71,tukuna,tuku,na,no,no
mbc184-not-stripped.txt,77,fakaatuNia,fakaatu,Nia,no,no
mbc069-not-stripped.txt,28,karaNaNia,karaNa,Nia,no,no
mbc258-not-stripped.txt,7,fakatinanaNia,fakatinana,Nia,no,no
mbc178-not-stripped.txt,189,haria,hari,a,no,no
mbc185-not-stripped.txt,6,kOreroNia,kOrero,Nia,no,no
mbc171-not-stripped.txt,64,tukuna,tuku,na,no,no
mbc167-not-stripped.txt,0,roNohia,roNo,hia,no,no
mbc184-not-stripped.txt,73,kitea,kite,a,no,no
mbc180-not-stripped.txt,8,tukuna,tuku,na,no,no
mbc185-not-stripped.txt,6,kitea,kite,a,no,no
mbc180-not-stripped.txt,0,moeNia,moe,Nia,no,no
mbc182-not-stripped.txt,14,haNA,haNa,a,no,no
mbc183-not-stripped.txt,1,fakamomoria,fakamomo,ria,no,no
mbc171-not-stripped.txt,64,haria,hari,a,no,no
mbc258-not-stripped.txt,16,kOreroNia,kOrero,Nia,no,no
mbc258-not-stripped.txt,16,pAnuitia,pAnui,tia,no,no
mbc182-not-stripped.txt,32,kOreroNia,kOrero,Nia,no,no
mbc184-not-stripped.txt,213,kOreroNia,kOrero,Nia,no,no
mbc171-not-stripped.txt,64,haria,hari,a,no,no
mbc182-not-stripped.txt,14,tirohia,titiro,hia,no,no
mbc061-not-stripped.txt,65,fakaparuparuNia,fakaparuparu,Nia,no,no
mbc165-not-stripped.txt,138,kikia,kiki,a,no,no
mbc258-not-stripped.txt,7,hurihia,huri,hia,no,no
mbc258-not-stripped.txt,7,fakatUria,fakatU,ria,no,no
mbc184-not-stripped.txt,77,kitea,kite,a,no,no
mbc167-not-stripped.txt,6,tonoa,tono,a,no,no
mbc183-not-stripped.txt,9,fakahokia,fakahoki,a,no,no
mbc183-not-stripped.txt,9,mahia,mahi,a,no,no
mbc167-not-stripped.txt,0,mahia,mahi,a,no,no
mbc183-not-stripped.txt,0,tukuna,tuku,na,no,no
mbc165-not-stripped.txt,98,mahia,mahi,a,no,no
mbc178-not-stripped.txt,175,fakaakoNia,fakaako,Nia,no,no
mbc171-not-stripped.txt,46,AfinaNia,Afina,Nia,no,no
mbc258-not-stripped.txt,16,roNohia,roNo,hia,no,no
mbc258-not-stripped.txt,14,tukuna,tuku,na,no,no
mbc185-not-stripped.txt,24,kOreroNia,kOrero,Nia,no,no
mbc183-not-stripped.txt,9,tohuNia,tohu,Nia,no,no
mbc185-not-stripped.txt,35,fakaaeNia,fakaae,Nia,no,no
mbc182-not-stripped.txt,2,fArikiNia,fAriki,Nia,no,no
mbc182-not-stripped.txt,14,fakahaereNia,fakahaere,Nia,no,no
mbc175-not-stripped.txt,50,kitea,kite,a,no,no
mbc184-not-stripped.txt,81,fakamahia,fakamahi,a,no,no
mbc184-not-stripped.txt,269,kitea,kite,a,no,no
mbc258-not-stripped.txt,7,fakahaeretia,fakahaere,tia,no,no
mbc180-not-stripped.txt,10,moeNia,moe,Nia,no,no
mbc167-not-stripped.txt,20,kitea,kite,a,no,no
mbc258-not-stripped.txt,7,puritia,puri,tia,no,no
mbc162-not-stripped.txt,74,fakaaroNia,fakaaro,Nia,no,no
mbc258-not-stripped.txt,7,tonoa,tono,a,no,no
mbc167-not-stripped.txt,0,kitea,kite,a,no,no
mbc175-not-stripped.txt,52,taea,tae,a,no,no
mbc180-not-stripped.txt,8,fAitia,fai,tia,no,no
mbc258-not-stripped.txt,7,hiahiatia,hiahia,tia,no,no
mbc184-not-stripped.txt,111,roNohia,roNo,hia,no,no
mbc171-not-stripped.txt,54,tukuna,tuku,na,no,no
mbc185-not-stripped.txt,4,roNohia,roNo,hia,no,no
mbc167-not-stripped.txt,57,tukuna,tuku,na,no,no
mbc185-not-stripped.txt,14,roNohia,roNo,hia,no,no
mbc183-not-stripped.txt,0,haria,hari,a,no,no
mbc162-not-stripped.txt,147,tirohia,titiro,hia,no,no
mbc184-not-stripped.txt,217,roNohia,roNo,hia,no,no
mbc258-not-stripped.txt,12,tukuna,tuku,na,no,no
mbc167-not-stripped.txt,6,haria,hari,a,no,no
mbc161-not-stripped.txt,20,fakaaeNia,fakaae,Nia,no,no
mbc185-not-stripped.txt,24,kOreroNia,kOrero,Nia,no,no
mbc265-not-stripped.txt,80,mAtautia,mAtau,tia,no,no
mbc167-not-stripped.txt,18,fakaputaNia,fakaputa,Nia,no,no
mbc185-not-stripped.txt,4,mAtautia,mAtau,tia,no,no
mbc180-not-stripped.txt,0,fakahaereNia,fakahaere,Nia,no,no
mbc185-not-stripped.txt,49,tirohia,titiro,hia,no,no
mbc161-not-stripped.txt,63,fANaihia,fANai,hia,no,no
mbc258-not-stripped.txt,7,puritia,puri,tia,no,no
mbc185-not-stripped.txt,22,kinoNia,kino,Nia,no,no
mbc178-not-stripped.txt,139,pAtaiNia,pAtai,Nia,no,no
mbc185-not-stripped.txt,45,roNohia,roNo,hia,no,no
mbc167-not-stripped.txt,20,kitea,kite,a,no,no
mbc183-not-stripped.txt,9,taNohia,taNo,hia,no,no
mbc182-not-stripped.txt,14,mahia,mahi,a,no,no
mbc258-not-stripped.txt,16,fakatONia,fakatO,Nia,no,no
mbc178-not-stripped.txt,0,tirohia,titiro,hia,no,no
mbc184-not-stripped.txt,97,pEheaNia,pEhea,Nia,no,no
mbc258-not-stripped.txt,7,fakatUria,fakatU,ria,no,no
mbc258-not-stripped.txt,9,maharatia,mahara,tia,no,no
mbc185-not-stripped.txt,4,fakahaereNia,fakahaere,Nia,no,no
mbc180-not-stripped.txt,10,tukuna,tuku,na,no,no
mbc182-not-stripped.txt,2,uia,ui,a,no,no
mbc183-not-stripped.txt,9,fakapiriNia,fakapiri,Nia,no,no
mbc258-not-stripped.txt,7,poipoia,poipoi,a,no,no
mbc258-not-stripped.txt,12,kawea,kawe,a,no,no
mbc258-not-stripped.txt,14,tukuna,tuku,na,no,no
mbc180-not-stripped.txt,4,wAnaNaNia,wAnaNa,Nia,no,no
mbc165-not-stripped.txt,138,kikia,kiki,a,no,no
mbc171-not-stripped.txt,46,AfinaNia,Afina,Nia,no,no
mbc163-not-stripped.txt,198,inumia,inu,mia,no,no
mbc167-not-stripped.txt,57,tukuna,tuku,na,no,no
mbc258-not-stripped.txt,2,fakairiNia,fakairi,Nia,no,no
mbc161-not-stripped.txt,55,fakaritea,fakarite,a,no,no
mbc178-not-stripped.txt,201,taea,tae,a,no,no
mbc162-not-stripped.txt,137,purea,pure,a,no,no
mbc184-not-stripped.txt,159,kitea,kite,a,no,no
mbc180-not-stripped.txt,10,nanaoNia,nanao,Nia,no,no
mbc258-not-stripped.txt,16,kOreroNia,kOrero,Nia,no,no
mbc183-not-stripped.txt,0,kitea,kite,a,no,no
mbc171-not-stripped.txt,64,fakahokia,fakahoki,a,no,no
mbc167-not-stripped.txt,0,kitea,kite,a,no,no
mbc185-not-stripped.txt,16,roNohia,roNo,hia,no,no
mbc165-not-stripped.txt,124,fakarapaNia,fakarapa,Nia,no,no
mbc178-not-stripped.txt,151,nuiNia,nui,Nia,no,no
mbc258-not-stripped.txt,16,tukuna,tuku,na,no,no
mbc185-not-stripped.txt,4,kitea,kite,a,no,no
mbc258-not-stripped.txt,5,haria,hari,a,no,no
mbc185-not-stripped.txt,49,roNohia,roNo,hia,no,no
mbc183-not-stripped.txt,9,haria,hari,a,no,no
mbc258-not-stripped.txt,7,kitea,kite,a,no,no
mbc183-not-stripped.txt,9,haria,hari,a,no,no
mbc183-not-stripped.txt,9,pErANia,pErA,Nia,no,no
mbc183-not-stripped.txt,9,taNohia,taNo,hia,no,no
mbc171-not-stripped.txt,46,AfinaNia,Afina,Nia,no,no
mbc183-not-stripped.txt,9,manaakitia,manaaki,tia,no,no
mbc265-not-stripped.txt,80,kitea,kite,a,no,no
mbc182-not-stripped.txt,0,fetUraNitia,fetUraNi,tia,no,no
mbc258-not-stripped.txt,7,mahia,mahi,a,no,no
mbc167-not-stripped.txt,41,aroNia,aro,Nia,no,no
mbc185-not-stripped.txt,49,fakatUtUNia,fakatUtU,Nia,no,no
mbc182-not-stripped.txt,4,kOreroNia,kOrero,Nia,no,no
mbc182-not-stripped.txt,6,pAkia,pA,kia,no,no
mbc258-not-stripped.txt,16,fakatONia,fakatO,Nia,no,no
mbc182-not-stripped.txt,12,fakahaereNia,fakahaere,Nia,no,no
mbc258-not-stripped.txt,9,kitea,kite,a,no,no
mbc182-not-stripped.txt,12,fakahaereNia,fakahaere,Nia,no,no
mbc258-not-stripped.txt,7,pAtaihia,pAtai,hia,no,no
mbc184-not-stripped.txt,111,roNohia,roNo,hia,no,no
mbc162-not-stripped.txt,107,fakaakoNia,fakaako,Nia,no,no
mbc162-not-stripped.txt,109,tirohia,titiro,hia,no,no
mbc184-not-stripped.txt,111,roNohia,roNo,hia,no,no
mbc185-not-stripped.txt,4,kitea,kite,a,no,no
mbc265-not-stripped.txt,80,taea,tae,a,no,no
mbc258-not-stripped.txt,8,rereNia,rere,Nia,no,no
mbc180-not-stripped.txt,10,moeNia,moe,Nia,no,no
mbc165-not-stripped.txt,98,tukuna,tuku,na,no,no
mbc165-not-stripped.txt,71,fakapapaoroNia,fakapapaoro,Nia,no,no
mbc165-not-stripped.txt,117,kohikohiaina,kohikohi,a/ina,no,yes
mbc258-not-stripped.txt,6,tukuna,tuku,na,no,no
mbc165-not-stripped.txt,61,wepua,wepu,a,no,no
mbc184-not-stripped.txt,211,kahaNia,kaha,Nia,no,no
mbc161-not-stripped.txt,51,kOreroNia,kOrero,Nia,no,no
mbc185-not-stripped.txt,6,kitea,kite,a,no,no
mbc163-not-stripped.txt,306,taNohia,taNo,hia,no,no
mbc184-not-stripped.txt,91,kitea,kite,a,no,no
mbc258-not-stripped.txt,7,fakahokia,fakahoki,a,no,no
mbc258-not-stripped.txt,7,fakatUria,fakatU,ria,no,no
mbc180-not-stripped.txt,0,tukuna,tuku,na,no,no
mbc178-not-stripped.txt,189,hiahiatia,hiahia,tia,no,no
mbc258-not-stripped.txt,7,kitea,kite,a,no,no
mbc167-not-stripped.txt,0,kitea,kite,a,no,no
mbc183-not-stripped.txt,9,fakamarokeNia,fakamaroke,Nia,no,no
mbc182-not-stripped.txt,6,warewareNia,wareware,Nia,no,no
mbc265-not-stripped.txt,80,kOreroNia,kOrero,Nia,no,no
mbc184-not-stripped.txt,89,haria,hari,a,no,no
mbc178-not-stripped.txt,0,roNohia,roNo,hia,no,no
mbc258-not-stripped.txt,7,kitea,kite,a,no,no
mbc167-not-stripped.txt,57,roNohia,roNo,hia,no,no
mbc163-not-stripped.txt,192,paeraNia,paera,Nia,no,no
mbc184-not-stripped.txt,89,kitea,kite,a,no,no
mbc178-not-stripped.txt,66,fakamANia,fakamA,Nia,no,no
mbc182-not-stripped.txt,6,pEneiNia,pEnei,Nia,no,no
mbc178-not-stripped.txt,70,kOrerohia,kOrero,hia,no,no
mbc182-not-stripped.txt,12,fakahaereNia,fakahaere,Nia,no,no
mbc167-not-stripped.txt,4,fakapuakiNia,fakapuaki,Nia,no,no
mbc162-not-stripped.txt,130,fakatikaNia,fakatika,Nia,no,no
mbc258-not-stripped.txt,16,fakatikatikaNia,fakatikatika,Nia,no,no
mbc178-not-stripped.txt,102,fakahokia,fakahoki,a,no,no
mbc167-not-stripped.txt,4,kitea,kite,a,no,no
mbc163-not-stripped.txt,198,fakainumia,fakainu,mia,no,no
mbc162-not-stripped.txt,149,roNohia,roNo,hia,no,no
mbc185-not-stripped.txt,4,kOreroNia,kOrero,Nia,no,no
mbc162-not-stripped.txt,93,roNohia,roNo,hia,no,no
mbc258-not-stripped.txt,1,tukuna,tuku,na,no,no
mbc167-not-stripped.txt,57,tukuna,tuku,na,no,no
mbc165-not-stripped.txt,65,roNohia,roNo,hia,no,no
mbc167-not-stripped.txt,57,tukuna,tuku,na,no,no
mbc162-not-stripped.txt,147,faiNia,fai,Nia,no,no
mbc069-not-stripped.txt,31,faiNia,fai,Nia,no,no
mbc161-not-stripped.txt,51,taea,tae,a,no,no
mbc161-not-stripped.txt,51,taea,tae,a,no,no
mbc165-not-stripped.txt,119,herea,here,a,no,no
mbc185-not-stripped.txt,49,haria,hari,a,no,no
mbc258-not-stripped.txt,7,kitea,kite,a,no,no
mbc161-not-stripped.txt,61,kOreroNia,kOrero,Nia,no,no
mbc180-not-stripped.txt,0,moeNia,moe,Nia,no,no
mbc185-not-stripped.txt,4,fakapuakiNia,fakapuaki,Nia,no,no
mbc180-not-stripped.txt,2,taea,tae,a,no,no
mbc178-not-stripped.txt,64,roNohia,roNo,hia,no,no
mbc171-not-stripped.txt,24,haria,hari,a,no,no
mbc258-not-stripped.txt,9,manakohia,manako,hia,no,no
mbc163-not-stripped.txt,192,haria,hari,a,no,no
mbc258-not-stripped.txt,9,fAia,fai,a,no,no
mbc258-not-stripped.txt,7,manakohia,manako,hia,no,no
mbc258-not-stripped.txt,7,meatia,mea,tia,no,no
mbc180-not-stripped.txt,4,riteritea,riterite,a,no,no
mbc167-not-stripped.txt,4,kOreroNia,kOrero,Nia,no,no
mbc161-not-stripped.txt,65,fakahaereNia,fakahaere,Nia,no,no
mbc162-not-stripped.txt,95,fakahokiNia,fakahoki,Nia,no,no
mbc180-not-stripped.txt,0,taNohia,taNo,hia,no,no
mbc178-not-stripped.txt,64,kataNia,kata,Nia,no,no
mbc258-not-stripped.txt,3,tukuna,tuku,na,no,no
mbc258-not-stripped.txt,2,puritia,puri,tia,no,no
mbc180-not-stripped.txt,0,kOreroNia,kOrero,Nia,no,no
mbc162-not-stripped.txt,137,haria,hari,a,no,no
mbc258-not-stripped.txt,6,pAnuitia,pAnui,tia,no,no
mbc258-not-stripped.txt,13,tukuna,tuku,na,no,no
mbc167-not-stripped.txt,4,roNohia,roNo,hia,no,no
mbc184-not-stripped.txt,43,mahia,mahi,a,no,no
mbc167-not-stripped.txt,10,fakatinanaNia,fakatinana,Nia,no,no
mbc265-not-stripped.txt,80,kapia,kapi,a,no,no
mbc167-not-stripped.txt,10,tonoa,tono,a,no,no
mbc258-not-stripped.txt,6,mAtautia,mAtau,tia,no,no
mbc182-not-stripped.txt,2,takahia,takahi,a,no,no
mbc258-not-stripped.txt,1,manaakiNia,manaaki,Nia,no,no
mbc167-not-stripped.txt,39,roNohia,roNo,hia,no,no
mbc258-not-stripped.txt,8,kitea,kite,a,no,no
mbc184-not-stripped.txt,81,kitea,kite,a,no,no
mbc182-not-stripped.txt,2,pEneiNia,pEnei,Nia,no,no
mbc185-not-stripped.txt,49,roNohia,roNo,hia,no,no
mbc161-not-stripped.txt,51,taea,tae,a,no,no
mbc167-not-stripped.txt,0,roNohia,roNo,hia,no,no
mbc183-not-stripped.txt,9,mAtautia,mAtau,tia,no,no
mbc180-not-stripped.txt,6,tirohia,titiro,hia,no,no
mbc258-not-stripped.txt,6,tukuna,tuku,na,no,no
mbc185-not-stripped.txt,24,kitea,kite,a,no,no
mbc258-not-stripped.txt,1,tonutia,tonu,tia,no,no
mbc265-not-stripped.txt,80,tirohia,titiro,hia,no,no
mbc180-not-stripped.txt,2,tukua,tuku,a,no,no
mbc265-not-stripped.txt,80,kitea,kite,a,no,no
mbc265-not-stripped.txt,80,kitea,kite,a,no,no
mbc180-not-stripped.txt,0,moeNia,moe,Nia,no,no
mbc167-not-stripped.txt,0,tukuna,tuku,na,no,no
mbc258-not-stripped.txt,5,tukuna,tuku,na,no,no
mbc167-not-stripped.txt,0,roNohia,roNo,hia,no,no
mbc184-not-stripped.txt,111,kitea,kite,a,no,no
mbc258-not-stripped.txt,6,tukuna,tuku,na,no,no
mbc258-not-stripped.txt,4,karaNaNia,karaNa,Nia,no,no
mbc184-not-stripped.txt,57,mahia,mahi,a,no,no
mbc182-not-stripped.txt,2,hutia,huti,a,no,no
mbc258-not-stripped.txt,8,fakakotahihia,fakakotahi,hia,no,no
mbc258-not-stripped.txt,6,taea,tae,a,no,no
mbc182-not-stripped.txt,2,tiakina,tiaki,na,no,no
mbc184-not-stripped.txt,43,fakaoreoreNia,fakaoreore,Nia,no,no
mbc258-not-stripped.txt,7,fakatUria,fakatU,ria,no,no
mbc171-not-stripped.txt,18,tukuna,tuku,na,no,no
mbc163-not-stripped.txt,168,fakatipuNia,fakatipu,Nia,no,no
mbc258-not-stripped.txt,6,roNohia,roNo,hia,no,no
mbc258-not-stripped.txt,7,roNohia,roNo,hia,no,no
mbc162-not-stripped.txt,95,fakatauNia,fakatau,Nia,no,no
mbc163-not-stripped.txt,155,tOhiNia,tOhi,Nia,no,no
mbc182-not-stripped.txt,2,fakatutUNia,fakatutU,Nia,no,no
mbc185-not-stripped.txt,45,kawea,kawe,a,no,no
mbc258-not-stripped.txt,11,roNohia,roNo,hia,no,no
mbc184-not-stripped.txt,91,mahia,mahi,a,no,no
mbc163-not-stripped.txt,206,wepua,wepu,a,no,no
mbc258-not-stripped.txt,2,fakahaereNia,fakahaere,Nia,no,no
mbc258-not-stripped.txt,4,fakahaereNia,fakahaere,Nia,no,no
mbc165-not-stripped.txt,111,taea,tae,a,no,no
mbc180-not-stripped.txt,6,fakapuakina,fakapuaki,na,no,no
mbc171-not-stripped.txt,18,kitea,kite,a,no,no
mbc258-not-stripped.txt,1,manaakiNia,manaaki,Nia,no,no
mbc167-not-stripped.txt,65,tukuna,tuku,na,no,no
mbc178-not-stripped.txt,215,fakamAramaNia,fakamArama,Nia,no,no
mbc180-not-stripped.txt,2,fakahaereNia,fakahaere,Nia,no,no
mbc182-not-stripped.txt,2,kIia,kI,ia,no,no
mbc163-not-stripped.txt,316,tIkina,tiki,na,no,no
mbc182-not-stripped.txt,2,pAkia,pA,kia,no,no
mbc258-not-stripped.txt,2,riNihia,riNi,hia,no,no
mbc182-not-stripped.txt,2,takatakahia,takatakahi,a,no,no
mbc180-not-stripped.txt,6,tirohia,titiro,hia,no,no
mbc258-not-stripped.txt,5,tImataNia,tImata,Nia,no,no
mbc182-not-stripped.txt,2,pANia,pA,Nia,no,no
mbc258-not-stripped.txt,1,haereNia,haere,Nia,no,no
mbc185-not-stripped.txt,24,roNohia,roNo,hia,no,no
mbc180-not-stripped.txt,6,tirohia,titiro,hia,no,no
mbc182-not-stripped.txt,2,kawea,kawe,a,no,no
mbc154-not-stripped.txt,26,haria,hari,a,no,no
mbc153-not-stripped.txt,8,mauria,mau,ria,no,no
mbc153-not-stripped.txt,8,fakaaroNia,fakaaro,Nia,no,no
mbc153-not-stripped.txt,8,kOrerotia,kOrero,tia,no,no
mbc153-not-stripped.txt,8,kiteNia,kite,Nia,no,no
mbc104-not-stripped.txt,107,kitea,kite,a,no,no
mbc104-not-stripped.txt,103,akoNia,ako,Nia,no,no
mbc104-not-stripped.txt,107,fakaaeNia,fakaae,Nia,no,no
mbc104-not-stripped.txt,103,fakanoaNia,fakanoa,Nia,no,no
mbc104-not-stripped.txt,107,akoNia,ako,Nia,no,no
mbc104-not-stripped.txt,103,makaia,maka,ia,no,no
mbc104-not-stripped.txt,139,mahia,mahi,a,no,no
mbc104-not-stripped.txt,103,uhia,uhi,a,no,no
mbc104-not-stripped.txt,107,fakafifihia,fakafifi,hia,no,no
mbc104-not-stripped.txt,139,kitea,kite,a,no,no
mbc104-not-stripped.txt,139,kitea,kite,a,no,no
mbc104-not-stripped.txt,103,fakapaiNia,fakapai,Nia,no,no
mbc104-not-stripped.txt,107,taNohia,taNo,hia,no,no
mbc223-not-stripped.txt,3,kIia,kI,ia,no,no
mbc263-not-stripped.txt,195,fakatikatikaNia,fakatikatika,Nia,no,no
mbc263-not-stripped.txt,203,fakariteNia,fakarite,Nia,no,no
mbc263-not-stripped.txt,20,Afinatia,Afina,tia,no,no
mbc223-not-stripped.txt,15,fakawAteahia,fakawAtea,hia,no,no
mbc263-not-stripped.txt,20,titirohia,titiro,hia,no,no
mbc223-not-stripped.txt,11,fakawAteahia,fakawAtea,hia,no,no
mbc263-not-stripped.txt,187,arahia,ara,hia,no,no
mbc263-not-stripped.txt,23,fakairiNia,fakairi,Nia,no,no
mbc223-not-stripped.txt,49,fakatuferahia,fakatufera,hia,no,no
mbc223-not-stripped.txt,50,fakawAteahia,fakawAtea,hia,no,no
mbc223-not-stripped.txt,49,fakawAteahia,fakawAtea,hia,no,no
mbc223-not-stripped.txt,3,titirohia,titiro,hia,no,no
mbc263-not-stripped.txt,22,fakatImatahia,fakatImata,hia,no,no
mbc263-not-stripped.txt,181,fatuhia,fatu,hia,no,no
mbc223-not-stripped.txt,49,fakautuhia,fakautu,hia,no,no
mbc223-not-stripped.txt,49,fakawAteahia,fakawAtea,hia,no,no
mbc223-not-stripped.txt,39,taea,tae,a,no,no
mbc263-not-stripped.txt,181,tAhaetia,tAhae,tia,no,no
mbc223-not-stripped.txt,49,fakautuhia,fakautu,hia,no,no
mbc057-not-stripped.txt,25,roNona,roNo,na,no,no
mbc054-not-stripped.txt,63,aroNia,aro,Nia,no,no
mbc142-not-stripped.txt,15,tApaiNia,tApai,Nia,no,no
mbc142-not-stripped.txt,15,haNaia,haNa,ia,no,no
mbc142-not-stripped.txt,15,noatia,noa,tia,no,no
mbc142-not-stripped.txt,15,tapaia,tapa,ia,no,no
mbc142-not-stripped.txt,15,tukua,tuku,a,no,no
mbc142-not-stripped.txt,15,fakamahia,fakamahi,a,no,no
mbc142-not-stripped.txt,15,haNaia,haNa,ia,no,no
mbc142-not-stripped.txt,15,haNaia,haNa,ia,no,no
mbc142-not-stripped.txt,23,otia,oti,a,no,no
mbc142-not-stripped.txt,15,tukua,tuku,a,no,no
mbc142-not-stripped.txt,15,tuatahitia,tuatahi,tia,no,no
mbc142-not-stripped.txt,15,wehea,wehe,a,no,no
mbc142-not-stripped.txt,15,mahia,mahi,a,no,no
mbc184-not-stripped.txt,142,akoNia,ako,Nia,no,no
mbc184-not-stripped.txt,258,fakahokia,fakahoki,a,no,no
mbc184-not-stripped.txt,146,kOrerotia,kOrero,tia,no,no
mbc184-not-stripped.txt,156,kiteNia,kite,Nia,no,no
mbc184-not-stripped.txt,210,nohoNia,noho,Nia,no,no
mbc184-not-stripped.txt,256,taea,tae,a,no,no
mbc184-not-stripped.txt,118,rauhINia,rauhI,Nia,no,no
mbc184-not-stripped.txt,200,kOrerotia,kOrero,tia,no,no
mbc184-not-stripped.txt,174,katoaNia,katoa,Nia,no,no
mbc184-not-stripped.txt,174,kOrerotia,kOrero,tia,no,no
mbc184-not-stripped.txt,58,kawehia,kawe,hia,no,no
mbc184-not-stripped.txt,76,fakapaohoNia,fakapaoho,Nia,no,no
mbc184-not-stripped.txt,58,pAnuitia,pAnui,tia,no,no
mbc184-not-stripped.txt,232,kitea,kite,a,no,no
mbc184-not-stripped.txt,116,akoNia,ako,Nia,no,no
mbc184-not-stripped.txt,258,fakahokiNia,fakahoki,Nia,no,no
mbc184-not-stripped.txt,170,pAtaiNia,pAtai,Nia,no,no
mbc184-not-stripped.txt,186,kiteNia,kite,Nia,no,no
mbc184-not-stripped.txt,78,rapua,rapu,a,no,no
mbc184-not-stripped.txt,252,taea,tae,a,no,no
mbc184-not-stripped.txt,252,kOreroNia,kOrero,Nia,no,no
mbc184-not-stripped.txt,258,fakaaea,fakaae,a,no,no
mbc184-not-stripped.txt,166,pErAtia,pErA,tia,no,no
mbc184-not-stripped.txt,78,tonuNia,tonu,Nia,no,no
mbc184-not-stripped.txt,76,mahiNia,mahi,Nia,no,no
mbc184-not-stripped.txt,56,mOhiotia,mOhio,tia,no,no
mbc184-not-stripped.txt,124,akoNia,ako,Nia,no,no
mbc184-not-stripped.txt,56,waihaNatia,waihaNa,tia,no,no
mbc184-not-stripped.txt,66,kIia,kI,ia,no,no
mbc184-not-stripped.txt,250,tapahiNia,tapahi,Nia,no,no
mbc184-not-stripped.txt,58,pAnuitia,pAnui,tia,no,no
mbc184-not-stripped.txt,126,nunuiNia,nunui,Nia,no,no
mbc184-not-stripped.txt,264,fakahokia,fakahoki,a,no,no
mbc184-not-stripped.txt,204,nohoNia,noho,Nia,no,no
mbc184-not-stripped.txt,42,fakaoreoreNia,fakaoreore,Nia,no,no
mbc184-not-stripped.txt,98,iNoatia,iNoa,tia,no,no
mbc184-not-stripped.txt,88,kOrerotia,kOrero,tia,no,no
mbc184-not-stripped.txt,72,katohia,kato,hia,no,no
mbc184-not-stripped.txt,98,kOrerotia,kOrero,tia,no,no
mbc184-not-stripped.txt,78,tonuNia,tonu,Nia,no,no
mbc184-not-stripped.txt,232,tonuNia,tonu,Nia,no,no
mbc184-not-stripped.txt,56,waihaNatia,waihaNa,tia,no,no
mbc184-not-stripped.txt,236,kiteNia,kite,Nia,no,no
mbc184-not-stripped.txt,206,pupurutia,pupuru,tia,no,no
mbc184-not-stripped.txt,140,akoNia,ako,Nia,no,no
mbc184-not-stripped.txt,66,tirohia,titiro,hia,no,no
mbc184-not-stripped.txt,98,karaNatia,karaNa,tia,no,no
mbc184-not-stripped.txt,72,fakatUhia,fakatU,hia,no,no
mbc184-not-stripped.txt,258,pEfeaNia,pEfea,Nia,no,no
mbc184-not-stripped.txt,226,kiteNia,kite,Nia,no,no
mbc184-not-stripped.txt,84,tapahiNia,tapahi,Nia,no,no
mbc184-not-stripped.txt,262,pAtaiNia,pAtai,Nia,no,no
mbc184-not-stripped.txt,258,tonohia,tono,hia,no,no
mbc184-not-stripped.txt,202,fakatupuNia,fakatupu,Nia,no,no
mbc184-not-stripped.txt,90,kitehia,kite,hia,no,no
mbc184-not-stripped.txt,84,tukuNia,tuku,Nia,no,no
mbc184-not-stripped.txt,258,tonuNia,tonu,Nia,no,no
mbc184-not-stripped.txt,108,tAwaiNia,tAwai,Nia,no,no
mbc184-not-stripped.txt,138,akoNia,ako,Nia,no,no
mbc184-not-stripped.txt,252,fakahokiNia,fakahoki,Nia,no,no
mbc184-not-stripped.txt,4,tapahiNia,tapahi,Nia,no,no
mbc184-not-stripped.txt,40,kOrerotia,kOrero,tia,no,no
mbc184-not-stripped.txt,102,waihoNia,waiho,Nia,no,no
mbc184-not-stripped.txt,258,pAtaiNia,pAtai,Nia,no,no
mbc184-not-stripped.txt,2,kawehia,kawe,hia,no,no
mbc184-not-stripped.txt,204,kitea,kite,a,no,no
mbc184-not-stripped.txt,8,mahiNia,mahi,Nia,no,no
mbc184-not-stripped.txt,252,fAnauNia,fAnau,Nia,no,no
mbc184-not-stripped.txt,224,kiteNia,kite,Nia,no,no
mbc168-not-stripped.txt,72,kOrerotia,kOrero,tia,no,no
mbc168-not-stripped.txt,72,mOhiotia,mOhio,tia,no,no
mbc168-not-stripped.txt,72,raNona,roNo,na,no,no
mbc168-not-stripped.txt,78,taea,tae,a,no,no
mbc168-not-stripped.txt,76,huakina,huaki,na,no,no
mbc168-not-stripped.txt,74,pupurutia,pupuru,tia,no,no
mbc168-not-stripped.txt,80,kitea,kite,a,no,no
mbc168-not-stripped.txt,76,huakina,huaki,na,no,no
mbc105-not-stripped.txt,1,mimia,mimi,a,no,no
mbc081-not-stripped.txt,38,fakaaea,fakaae,a,no,no
mbc265-not-stripped.txt,32,taea,tae,a,no,no
mbc265-not-stripped.txt,34,fakaaroNia,fakaaro,Nia,no,no
mbc265-not-stripped.txt,34,tUtakitakina,tUtakitaki,na,no,no
mbc265-not-stripped.txt,32,arohaina,aroha,ina,no,no
mbc265-not-stripped.txt,34,tImataNia,tImata,Nia,no,no
mbc265-not-stripped.txt,34,tImataNia,tImata,Nia,no,no
mbc265-not-stripped.txt,56,arohaina,aroha,ina,no,no
mbc265-not-stripped.txt,60,tImataNia,tImata,Nia,no,no
mbc265-not-stripped.txt,34,fakahaeretia,fakahaere,tia,no,no
mbc265-not-stripped.txt,34,mOhiotia,mOhio,tia,no,no
mbc106-not-stripped.txt,23,fakaaea,fakaae,a,no,no
mbc132-not-stripped.txt,12,fakarerekEtia,fakarerekE,tia,no,no
mbc132-not-stripped.txt,12,fakahuatia,fakahua,tia,no,no
mbc096-not-stripped.txt,56,tAhaeNia,tAhae,Nia,no,no
mbc096-not-stripped.txt,54,fakahokia,fakahoki,a,no,no
mbc096-not-stripped.txt,56,waiataNia,waiata,Nia,no,no
mbc096-not-stripped.txt,65,tirohia,titiro,hia,no,no
mbc096-not-stripped.txt,49,waihoNia,waiho,Nia,no,no
mbc096-not-stripped.txt,45,fakahaereNia,fakahaere,Nia,no,no
mbc096-not-stripped.txt,56,homaiNia,homai,Nia,no,no
mbc096-not-stripped.txt,65,waiatahia,waiata,hia,no,no
mbc096-not-stripped.txt,54,fakapaohoNia,fakapaoho,Nia,no,no
mbc096-not-stripped.txt,11,pureihia,purei,hia,no,no
mbc096-not-stripped.txt,65,kIia,kI,ia,no,no
mbc096-not-stripped.txt,54,kohia,kohi,a,no,no
mbc096-not-stripped.txt,54,tiakina,tiaki,na,no,no
mbc096-not-stripped.txt,54,fakatUNia,fakatU,Nia,no,no
mbc096-not-stripped.txt,54,utua,utu,a,no,no
mbc096-not-stripped.txt,43,fakapaohotia,fakapaoho,tia,no,no
mbc096-not-stripped.txt,45,kIia,kI,ia,no,no
mbc096-not-stripped.txt,25,fakaaeNia,fakaae,Nia,no,no
mbc096-not-stripped.txt,49,fakahaereNia,fakahaere,Nia,no,no
mbc096-not-stripped.txt,43,fakawehea,fakawehe,a,no,no
mbc096-not-stripped.txt,65,ruia,rui,a,no,no
mbc160-not-stripped.txt,13,hiahiatia,hiahia,tia,no,no
mbc160-not-stripped.txt,30,fakahokia,fakahoki,a,no,no
mbc160-not-stripped.txt,13,kitea,kite,a,no,no
mbc160-not-stripped.txt,13,kOrerohia,kOrero,hia,no,no
mbc160-not-stripped.txt,13,hiahiatia,hiahia,tia,no,no
mbc159-not-stripped.txt,21,fakatUNia,fakatU,Nia,no,no
mbc159-not-stripped.txt,21,fakatakotoNia,fakatakoto,Nia,no,no
mbc159-not-stripped.txt,21,fakamauNia,fakamau,Nia,no,no
mbc159-not-stripped.txt,21,fakaaeNia,fakaae,Nia,no,no
mbc159-not-stripped.txt,21,wAhia,wAwAhi,a,no,no
mbc159-not-stripped.txt,21,tImataNia,tImata,Nia,no,no
mbc168-not-stripped.txt,25,tukuna,tuku,na,no,no
mbc168-not-stripped.txt,11,waihotia,waiho,tia,no,no
mbc168-not-stripped.txt,9,Afinatia,Afina,tia,no,no
mbc168-not-stripped.txt,9,Afinatia,Afina,tia,no,no
mbc136-not-stripped.txt,30,pUhia,pupuhi,a,no,no
mbc136-not-stripped.txt,30,mahia,mahi,a,no,no
mbc136-not-stripped.txt,30,kIia,kI,ia,no,no
mbc136-not-stripped.txt,30,aituAhia,aituA,hia,no,no
mbc136-not-stripped.txt,30,mahia,mahi,a,no,no
mbc136-not-stripped.txt,30,tukuna,tuku,na,no,no
mbc136-not-stripped.txt,30,poroa,poro,a,no,no
mbc104-not-stripped.txt,98,marahia,mara,hia,no,no
mbc104-not-stripped.txt,90,kaiNa,kai,Na,no,no
mbc104-not-stripped.txt,90,kuhuNia,kuhu,Nia,no,no
mbc104-not-stripped.txt,90,rAhuiNia,rAhui,Nia,no,no
mbc104-not-stripped.txt,98,kaiNa,kai,Na,no,no
mbc104-not-stripped.txt,92,fakamarahia,fakamara,hia,no,no
mbc130-not-stripped.txt,13,kOrerotia,kOrero,tia,no,no
mbc104-not-stripped.txt,96,ruia,rui,a,no,no
mbc104-not-stripped.txt,90,hikina,hiki,na,no,no
mbc104-not-stripped.txt,98,ruia,rui,a,no,no
mbc104-not-stripped.txt,96,ruia,rui,a,no,no
mbc104-not-stripped.txt,96,fiua,fiu,a,no,no
mbc104-not-stripped.txt,92,mauria,mau,ria,no,no
mbc104-not-stripped.txt,90,amohiaNia,amo,hia/Nia,no,yes
mbc104-not-stripped.txt,92,hokia,hoki,a,no,no
mbc104-not-stripped.txt,96,tIkina,tiki,na,no,no
mbc104-not-stripped.txt,143,waihotia,waiho,tia,no,no
mbc104-not-stripped.txt,143,waihotia,waiho,tia,no,no
mbc104-not-stripped.txt,143,waihotia,waiho,tia,no,no
mbc104-not-stripped.txt,143,tonoNia,tono,Nia,no,no
mbc104-not-stripped.txt,143,kitea,kite,a,no,no
mbc104-not-stripped.txt,143,hikina,hiki,na,no,no
mbc104-not-stripped.txt,143,warewaretia,wareware,tia,no,no
mbc104-not-stripped.txt,146,takatakahiNia,takatakahi,Nia,no,no
mbc104-not-stripped.txt,143,purua,puru,a,no,no
mbc104-not-stripped.txt,143,waihotia,waiho,tia,no,no
mbc104-not-stripped.txt,146,rukuNia,ruku,Nia,no,no
mbc104-not-stripped.txt,143,akona,ako,na,no,no
mbc104-not-stripped.txt,146,pAhaNia,pAha,Nia,no,no
mbc104-not-stripped.txt,143,tonoNia,tono,Nia,no,no
mbc104-not-stripped.txt,146,unahiNia,unahi,Nia,no,no
mbc104-not-stripped.txt,143,fakakIia,fakakI,ia,no,no
mbc104-not-stripped.txt,143,kitea,kite,a,no,no
mbc104-not-stripped.txt,146,kIia,kI,ia,no,no
mbc104-not-stripped.txt,146,pokaina,poka,ina,no,no
mbc104-not-stripped.txt,141,tapaina,tapa,ina,no,no
mbc104-not-stripped.txt,146,waihotia,waiho,tia,no,no
mbc104-not-stripped.txt,143,akoNia,ako,Nia,no,no
mbc105-not-stripped.txt,5,fakamahia,fakamahi,a,no,no
mbc105-not-stripped.txt,5,kOrerohia,kOrero,hia,no,no
mbc160-not-stripped.txt,31,fakawAteahia,fakawAtea,hia,no,no
mbc229-not-stripped.txt,53,hauhaua,hauhau,a,no,no
mbc127-not-stripped.txt,51,haria,hari,a,no,no
mbc127-not-stripped.txt,27,huraNia,hura,Nia,no,no
mbc127-not-stripped.txt,27,pErANia,pErA,Nia,no,no
mbc127-not-stripped.txt,51,fakafitiNia,fakafiti,Nia,no,no
mbc127-not-stripped.txt,27,pEnAtia,pEnA,tia,no,no
mbc127-not-stripped.txt,31,fakatuferaNia,fakatufera,Nia,no,no
mbc127-not-stripped.txt,31,roNona,roNo,na,no,no
mbc127-not-stripped.txt,27,fakairoNia,fakairo,Nia,no,no
mbc127-not-stripped.txt,39,tohuNia,tohu,Nia,no,no
mbc127-not-stripped.txt,29,haNaNia,haNa,Nia,no,no
mbc127-not-stripped.txt,27,fakaaroNia,fakaaro,Nia,no,no
mbc127-not-stripped.txt,29,mOhiotia,mOhio,tia,no,no
mbc127-not-stripped.txt,27,fakaaroNia,fakaaro,Nia,no,no
mbc127-not-stripped.txt,39,fakaekeNia,fakaeke,Nia,no,no
mbc036-not-stripped.txt,14,pania,pani,a,no,no
mbc036-not-stripped.txt,11,akihia,Aki,hia,no,no
mbc036-not-stripped.txt,15,aituANia,aituA,Nia,no,no
mbc036-not-stripped.txt,19,fakamahia,fakamahi,a,no,no
mbc036-not-stripped.txt,20,tAtAia,tAtA,ia,no,no
mbc036-not-stripped.txt,20,tohua,tohu,a,no,no
mbc036-not-stripped.txt,20,pureitia,purei,tia,no,no
mbc036-not-stripped.txt,10,fakahokia,fakahoki,a,no,no
mbc036-not-stripped.txt,10,akihia,Aki,hia,no,no
mbc036-not-stripped.txt,13,Amenetia,Amene,tia,no,no
mbc036-not-stripped.txt,15,tonoa,tono,a,no,no
mbc036-not-stripped.txt,20,kitea,kite,a,no,no
mbc036-not-stripped.txt,19,Aheitia,Ahei,tia,no,no
mbc036-not-stripped.txt,14,mOhiotia,mOhio,tia,no,no
mbc036-not-stripped.txt,16,meatia,mea,tia,no,no
mbc036-not-stripped.txt,21,panA,pana,a,no,no
mbc036-not-stripped.txt,11,hokona,hoko,na,no,no
mbc036-not-stripped.txt,13,tonoa,tono,a,no,no
mbc036-not-stripped.txt,11,fakahokia,fakahoki,a,no,no
mbc036-not-stripped.txt,16,hokona,hoko,na,no,no
mbc036-not-stripped.txt,15,tirohia,titiro,hia,no,no
mbc036-not-stripped.txt,11,fakahokia,fakahoki,a,no,no
mbc036-not-stripped.txt,16,kAhakinatia,kAhaki,na/tia,no,yes
mbc036-not-stripped.txt,15,feraferahia,ferafera,hia,no,no
mbc036-not-stripped.txt,19,pureitia,purei,tia,no,no
mbc104-not-stripped.txt,81,kIia,kI,ia,no,no
mbc104-not-stripped.txt,79,tukua,tuku,a,no,no
mbc104-not-stripped.txt,83,kIia,kI,ia,no,no
mbc104-not-stripped.txt,81,kIia,kI,ia,no,no
mbc200-not-stripped.txt,3,taea,tae,a,no,no
mbc200-not-stripped.txt,3,fakatUria,fakatU,ria,no,no
mbc200-not-stripped.txt,3,tonoa,tono,a,no,no
mbc200-not-stripped.txt,3,fakatUria,fakatU,ria,no,no
mbc200-not-stripped.txt,3,fAia,fai,a,no,no
mbc200-not-stripped.txt,3,fakawAteahia,fakawAtea,hia,no,no
mbc200-not-stripped.txt,3,fakawAteahia,fakawAtea,hia,no,no
mbc046-not-stripped.txt,57,kIia,kI,ia,no,no
mbc046-not-stripped.txt,57,kIia,kI,ia,no,no
mbc046-not-stripped.txt,57,kitea,kite,a,no,no
mbc130-not-stripped.txt,28,fakatUria,fakatU,ria,no,no
mbc130-not-stripped.txt,28,kIia,kI,ia,no,no
mbc130-not-stripped.txt,18,uhia,uhi,a,no,no
mbc130-not-stripped.txt,28,kIia,kI,ia,no,no
mbc130-not-stripped.txt,28,kIia,kI,ia,no,no
mbc130-not-stripped.txt,28,kIia,kI,ia,no,no
mbc105-not-stripped.txt,35,taea,tae,a,no,no
mbc130-not-stripped.txt,28,fakatUria,fakatU,ria,no,no
mbc105-not-stripped.txt,35,kaketia,kake,tia,no,no
mbc130-not-stripped.txt,28,kitea,kite,a,no,no
mbc130-not-stripped.txt,28,kIia,kI,ia,no,no
mbc130-not-stripped.txt,28,kitea,kite,a,no,no
mbc130-not-stripped.txt,28,kitea,kite,a,no,no
mbc105-not-stripped.txt,35,fAia,fai,a,no,no
mbc091-not-stripped.txt,13,kOreroNia,kOrero,Nia,no,no
mbc091-not-stripped.txt,13,paohotia,paoho,tia,no,no
mbc091-not-stripped.txt,13,hekea,heke,a,no,no
mbc240-not-stripped.txt,34,akona,ako,na,no,no
mbc091-not-stripped.txt,13,fakaaratia,fakaara,tia,no,no
mbc091-not-stripped.txt,13,kIia,kI,ia,no,no
mbc091-not-stripped.txt,13,haria,hari,a,no,no
mbc240-not-stripped.txt,34,taea,tae,a,no,no
mbc240-not-stripped.txt,31,taea,tae,a,no,no
mbc091-not-stripped.txt,13,taea,tae,a,no,no
mbc240-not-stripped.txt,31,taea,tae,a,no,no
mbc240-not-stripped.txt,31,kitea,kite,a,no,no
mbc240-not-stripped.txt,3,tuhia,tuhi,a,no,no
mbc240-not-stripped.txt,34,taea,tae,a,no,no
mbc240-not-stripped.txt,30,Aheitia,Ahei,tia,no,no
mbc091-not-stripped.txt,13,kOrerotia,kOrero,tia,no,no
mbc229-not-stripped.txt,56,kaiNa,kai,Na,no,no
mbc091-not-stripped.txt,13,taea,tae,a,no,no
mbc240-not-stripped.txt,29,akona,ako,na,no,no
mbc091-not-stripped.txt,13,karaNatia,karaNa,tia,no,no
mbc240-not-stripped.txt,29,roNohia,roNo,hia,no,no
mbc240-not-stripped.txt,32,haria,hari,a,no,no
mbc057-not-stripped.txt,10,kOrerohia,kOrero,hia,no,no
mbc057-not-stripped.txt,10,kitea,kite,a,no,no
mbc057-not-stripped.txt,10,pUrerea,pUrere,a,no,no
mbc057-not-stripped.txt,10,ufihia,ufi,hia,no,no
mbc057-not-stripped.txt,10,roNona,roNo,na,no,no
mbc057-not-stripped.txt,10,ufihia,ufi,hia,no,no
mbc035-not-stripped.txt,27,taea,tae,a,no,no
mbc035-not-stripped.txt,27,taea,tae,a,no,no
mbc240-not-stripped.txt,11,fakamahia,fakamahi,a,no,no
mbc131-not-stripped.txt,12,fakatakotohia,fakatakoto,hia,no,no
mbc024-not-stripped.txt,12,taea,tae,a,no,no
mbc120-not-stripped.txt,0,taea,tae,a,no,no
mbc024-not-stripped.txt,8,fakatakotohia,fakatakoto,hia,no,no
mbc120-not-stripped.txt,0,taea,tae,a,no,no
mbc024-not-stripped.txt,8,fAia,fai,a,no,no
mbc240-not-stripped.txt,11,fakahaeretia,fakahaere,tia,no,no
mbc033-not-stripped.txt,2,fakahuia,fakahui,a,no,no
mbc131-not-stripped.txt,12,kitea,kite,a,no,no
mbc033-not-stripped.txt,38,tirohia,titiro,hia,no,no
mbc035-not-stripped.txt,27,taea,tae,a,no,no
mbc024-not-stripped.txt,8,pOhiritia,pOhiri,tia,no,no
mbc035-not-stripped.txt,27,taea,tae,a,no,no
mbc081-not-stripped.txt,6,fakaiNoahia,fakaiNoa,hia,no,no
mbc081-not-stripped.txt,2,fAia,fai,a,no,no
mbc120-not-stripped.txt,2,ihotia,iho,tia,no,no
mbc024-not-stripped.txt,8,taea,tae,a,no,no
mbc033-not-stripped.txt,38,tApirihia,tApiri,hia,no,no
mbc024-not-stripped.txt,10,kIia,kI,ia,no,no
mbc035-not-stripped.txt,27,taea,tae,a,no,no
mbc024-not-stripped.txt,19,tonoa,tono,a,no,no
mbc024-not-stripped.txt,25,fakaitihia,fakaiti,hia,no,no
mbc240-not-stripped.txt,11,kimihia,kimi,hia,no,no
mbc024-not-stripped.txt,14,taea,tae,a,no,no
mbc018-not-stripped.txt,14,fAia,fai,a,no,no
mbc240-not-stripped.txt,9,fAia,fai,a,no,no
mbc018-not-stripped.txt,14,fAia,fai,a,no,no
mbc079-not-stripped.txt,25,taea,tae,a,no,no
mbc120-not-stripped.txt,0,fakatinanatia,fakatinana,tia,no,no
mbc033-not-stripped.txt,2,katoatia,katoa,tia,no,no
mbc120-not-stripped.txt,0,taea,tae,a,no,no
mbc240-not-stripped.txt,9,fAia,fai,a,no,no
mbc024-not-stripped.txt,10,kOrerotia,kOrero,tia,no,no
mbc024-not-stripped.txt,10,taea,tae,a,no,no
mbc131-not-stripped.txt,18,fakaakona,fakaako,na,no,no
mbc120-not-stripped.txt,66,mahia,mahi,a,no,no
mbc120-not-stripped.txt,2,tirohia,titiro,hia,no,no
mbc120-not-stripped.txt,0,tuatahitia,tuatahi,tia,no,no
mbc033-not-stripped.txt,2,taea,tae,a,no,no
mbc024-not-stripped.txt,25,poroa,poro,a,no,no
mbc081-not-stripped.txt,2,taea,tae,a,no,no
mbc120-not-stripped.txt,2,wawatahia,wawata,hia,no,no
mbc131-not-stripped.txt,18,kIia,kI,ia,no,no
mbc024-not-stripped.txt,10,mOhiotia,mOhio,tia,no,no
mbc087-not-stripped.txt,47,taea,tae,a,no,no
mbc033-not-stripped.txt,24,fakaaetia,fakaae,tia,no,no
mbc024-not-stripped.txt,10,fAia,fai,a,no,no
mbc087-not-stripped.txt,47,taea,tae,a,no,no
mbc081-not-stripped.txt,4,tautokona,tautoko,na,no,no
mbc120-not-stripped.txt,66,kitea,kite,a,no,no
mbc087-not-stripped.txt,45,taea,tae,a,no,no
mbc120-not-stripped.txt,2,fakamAoritia,fakamAori,tia,no,no
mbc087-not-stripped.txt,47,taea,tae,a,no,no
mbc120-not-stripped.txt,66,taea,tae,a,no,no
mbc224-not-stripped.txt,37,hiahiatia,hiahia,tia,no,no
mbc033-not-stripped.txt,24,tautokona,tautoko,na,no,no
mbc120-not-stripped.txt,66,taea,tae,a,no,no
mbc079-not-stripped.txt,25,taea,tae,a,no,no
mbc120-not-stripped.txt,66,ihotia,iho,tia,no,no
mbc120-not-stripped.txt,66,raNona,roNo,na,no,no
mbc131-not-stripped.txt,18,hakahia,haka,hia,no,no
mbc224-not-stripped.txt,42,taea,tae,a,no,no
mbc237-not-stripped.txt,1,fakatauhia,fakatau,hia,no,no
mbc237-not-stripped.txt,1,tukuna,tuku,na,no,no
mbc196-not-stripped.txt,15,raua,rau,a,no,no
mbc196-not-stripped.txt,15,nekehia,neke,hia,no,no
mbc196-not-stripped.txt,15,heria,heri,a,no,no
mbc196-not-stripped.txt,15,fakahokia,fakahoki,a,no,no
mbc196-not-stripped.txt,16,utaina,uta,ina,no,no
mbc196-not-stripped.txt,15,kitea,kite,a,no,no
mbc091-not-stripped.txt,16,fakautua,fakautu,a,no,no
mbc148-not-stripped.txt,29,poua,pou,a,no,no
mbc112-not-stripped.txt,7,taNohia,taNo,hia,no,no
mbc112-not-stripped.txt,7,haNaia,haNa,ia,no,no
mbc112-not-stripped.txt,15,fakatUria,fakatU,ria,no,no
mbc110-not-stripped.txt,20,karaNaNia,karaNa,Nia,no,no
mbc110-not-stripped.txt,20,pErANia,pErA,Nia,no,no
mbc110-not-stripped.txt,20,haNaNia,haNa,Nia,no,no
mbc110-not-stripped.txt,20,fakaputaNia,fakaputa,Nia,no,no
mbc110-not-stripped.txt,20,meaNia,mea,Nia,no,no
mbc110-not-stripped.txt,20,fakamutua,fakamutu,a,no,no
mbc110-not-stripped.txt,20,fakahiahiaNia,fakahiahia,Nia,no,no
mbc110-not-stripped.txt,20,pErANia,pErA,Nia,no,no
mbc110-not-stripped.txt,20,warewarehia,wareware,hia,no,no
mbc072-not-stripped.txt,15,pakaNaNia,pakaNa,Nia,no,no
mbc092-not-stripped.txt,17,fakamahia,fakamahi,a,no,no
mbc092-not-stripped.txt,17,fakahENia,fakahE,Nia,no,no
mbc092-not-stripped.txt,17,kIia,kI,ia,no,no
mbc092-not-stripped.txt,17,tukuna,tuku,na,no,no
mbc092-not-stripped.txt,17,kIia,kI,ia,no,no
mbc092-not-stripped.txt,17,fakahENia,fakahE,Nia,no,no
mbc092-not-stripped.txt,17,kIia,kI,ia,no,no
mbc092-not-stripped.txt,17,fakahENia,fakahE,Nia,no,no
mbc092-not-stripped.txt,17,kIia,kI,ia,no,no
mbc092-not-stripped.txt,17,kimihia,kimi,hia,no,no
mbc092-not-stripped.txt,17,mahiNia,mahi,Nia,no,no
mbc092-not-stripped.txt,17,taNohia,taNo,hia,no,no
mbc092-not-stripped.txt,17,kitea,kite,a,no,no
mbc092-not-stripped.txt,17,kIia,kI,ia,no,no
mbc092-not-stripped.txt,17,kIia,kI,ia,no,no
mbc092-not-stripped.txt,17,pAnuiNia,pAnui,Nia,no,no
mbc092-not-stripped.txt,17,kimihia,kimi,hia,no,no
mbc092-not-stripped.txt,17,tapaNia,tapa,Nia,no,no
mbc092-not-stripped.txt,17,kereimiNia,kereimi,Nia,no,no
mbc092-not-stripped.txt,17,fakamahiNia,fakamahi,Nia,no,no
mbc103-not-stripped.txt,50,tukitukiNia,tukituki,Nia,no,no
mbc103-not-stripped.txt,50,fakaaea,fakaae,a,no,no
mbc103-not-stripped.txt,50,mauNia,mau,Nia,no,no
mbc103-not-stripped.txt,50,tukitukiNia,tukituki,Nia,no,no
mbc103-not-stripped.txt,50,kINia,kI,Nia,no,no
mbc103-not-stripped.txt,50,fakaaea,fakaae,a,no,no
mbc103-not-stripped.txt,52,kitea,kite,a,no,no
mbc103-not-stripped.txt,50,pANia,pA,Nia,no,no
mbc103-not-stripped.txt,50,karaNaNia,karaNa,Nia,no,no
mbc103-not-stripped.txt,50,kOreroNia,kOrero,Nia,no,no
mbc103-not-stripped.txt,50,karaNaNia,karaNa,Nia,no,no
mbc103-not-stripped.txt,52,tirotiroNia,tirotiro,Nia,no,no
mbc094-not-stripped.txt,19,taea,tae,a,no,no
mbc094-not-stripped.txt,19,haNaia,haNa,ia,no,no
mbc094-not-stripped.txt,21,haereNia,haere,Nia,no,no
mbc094-not-stripped.txt,21,raihanatia,raihana,tia,no,no
mbc094-not-stripped.txt,21,taea,tae,a,no,no
mbc094-not-stripped.txt,21,tApiriNia,tApiri,Nia,no,no
mbc094-not-stripped.txt,21,tukuna,tuku,na,no,no
mbc094-not-stripped.txt,21,raihanatia,raihana,tia,no,no
mbc094-not-stripped.txt,21,meatia,mea,tia,no,no
mbc094-not-stripped.txt,21,tukuna,tuku,na,no,no
mbc094-not-stripped.txt,19,kOrerohia,kOrero,hia,no,no
mbc094-not-stripped.txt,15,fAia,fai,a,no,no
mbc094-not-stripped.txt,21,tukuna,tuku,na,no,no
mbc094-not-stripped.txt,21,tuhia,tuhi,a,no,no
mbc094-not-stripped.txt,21,tuaruatia,tuarua,tia,no,no
mbc094-not-stripped.txt,21,pAnuitia,pAnui,tia,no,no
mbc094-not-stripped.txt,21,tIkina,tiki,na,no,no
mbc094-not-stripped.txt,19,hiahiatia,hiahia,tia,no,no
mbc094-not-stripped.txt,21,taea,tae,a,no,no
mbc094-not-stripped.txt,15,tukuna,tuku,na,no,no
mbc094-not-stripped.txt,19,taea,tae,a,no,no
mbc094-not-stripped.txt,15,fakamahia,fakamahi,a,no,no
mbc094-not-stripped.txt,15,fakaputaina,fakaputa,ina,no,no
mbc058-not-stripped.txt,49,kOrerohia,kOrero,hia,no,no
mbc088-not-stripped.txt,65,kitea,kite,a,no,no
mbc087-not-stripped.txt,68,mauria,mau,ria,no,no
mbc101-not-stripped.txt,41,kapohia,kapo,hia,no,no
mbc051-not-stripped.txt,13,taea,tae,a,no,no
mbc032-not-stripped.txt,45,tukua,tuku,a,no,no
mbc032-not-stripped.txt,48,tapahia,tapahi,a,no,no
mbc041-not-stripped.txt,39,fAia,fai,a,no,no
mbc052-not-stripped.txt,53,kitea,kite,a,no,no
mbc087-not-stripped.txt,11,fakaaeNia,fakaae,Nia,no,no
mbc041-not-stripped.txt,5,fakatUNia,fakatU,Nia,no,no
mbc052-not-stripped.txt,53,tuhituhiNia,tuhituhi,Nia,no,no
mbc041-not-stripped.txt,5,fakatUNia,fakatU,Nia,no,no
mbc041-not-stripped.txt,5,takahia,takahi,a,no,no
mbc087-not-stripped.txt,11,fakaaeNia,fakaae,Nia,no,no
mbc041-not-stripped.txt,5,fakakAhoreNia,fakakAhore,Nia,no,no
mbc066-not-stripped.txt,48,taNohia,taNo,hia,no,no
mbc066-not-stripped.txt,48,fakaaetia,fakaae,tia,no,no
mbc271-not-stripped.txt,139,kawea,kawe,a,no,no
mbc271-not-stripped.txt,139,kitea,kite,a,no,no
mbc171-not-stripped.txt,9,kOrerotia,kOrero,tia,no,no
mbc171-not-stripped.txt,1,hokoNia,hoko,Nia,no,no
mbc171-not-stripped.txt,15,taNohia,taNo,hia,no,no
mbc171-not-stripped.txt,15,pakaNia,paka,Nia,no,no
mbc171-not-stripped.txt,9,kOrerotia,kOrero,tia,no,no
mbc131-not-stripped.txt,3,kINia,kI,Nia,no,no
mbc142-not-stripped.txt,11,waihotia,waiho,tia,no,no
mbc142-not-stripped.txt,11,tIkina,tiki,na,no,no
mbc142-not-stripped.txt,11,tIkina,tiki,na,no,no
mbc142-not-stripped.txt,6,tukuna,tuku,na,no,no
mbc142-not-stripped.txt,11,taea,tae,a,no,no
mbc142-not-stripped.txt,28,mahitia,mahi,tia,no,no
mbc142-not-stripped.txt,6,kOrerohia,kOrero,hia,no,no
mbc142-not-stripped.txt,25,fakawAteatia,fakawAtea,tia,no,no
mbc142-not-stripped.txt,20,tImataria,tImata,ria,no,no
mbc142-not-stripped.txt,11,takea,take,a,no,no
mbc142-not-stripped.txt,28,tuhituhitia,tuhituhi,tia,no,no
mbc142-not-stripped.txt,30,waihaNatia,waihaNa,tia,no,no
mbc142-not-stripped.txt,11,tiakina,tiaki,na,no,no
mbc142-not-stripped.txt,28,fakaarohia,fakaaro,hia,no,no
mbc142-not-stripped.txt,30,fakahokia,fakahoki,a,no,no
mbc142-not-stripped.txt,16,fakatUria,fakatU,ria,no,no
mbc142-not-stripped.txt,11,kIia,kI,ia,no,no
mbc142-not-stripped.txt,11,tIkina,tiki,na,no,no
mbc142-not-stripped.txt,11,tiakina,tiaki,na,no,no
mbc142-not-stripped.txt,25,mahia,mahi,a,no,no
mbc142-not-stripped.txt,20,kAkahutia,kAkahu,tia,no,no
mbc142-not-stripped.txt,30,putua,putu,a,no,no
mbc142-not-stripped.txt,11,manaakitia,manaaki,tia,no,no
mbc142-not-stripped.txt,4,tupea,tupe,a,no,no
mbc142-not-stripped.txt,20,kAkahutia,kAkahu,tia,no,no
mbc142-not-stripped.txt,10,tukua,tuku,a,no,no
mbc143-not-stripped.txt,2,mahia,mahi,a,no,no
mbc143-not-stripped.txt,2,homaihia,homai,hia,no,no
mbc143-not-stripped.txt,2,homaihia,homai,hia,no,no
mbc143-not-stripped.txt,2,kIia,kI,ia,no,no
mbc143-not-stripped.txt,2,homaitia,homai,tia,no,no
mbc143-not-stripped.txt,2,tImatahia,tImata,hia,no,no
mbc143-not-stripped.txt,1,mauria,mau,ria,no,no
mbc143-not-stripped.txt,1,tImatahia,tImata,hia,no,no
mbc143-not-stripped.txt,2,tirohia,titiro,hia,no,no
mbc143-not-stripped.txt,2,tirohia,titiro,hia,no,no
mbc143-not-stripped.txt,2,tonoa,tono,a,no,no
mbc232-not-stripped.txt,62,paohotia,paoho,tia,no,no
mbc232-not-stripped.txt,62,pEheatia,pEhea,tia,no,no
mbc232-not-stripped.txt,72,fakapahUtia,fakapahU,tia,no,no
mbc232-not-stripped.txt,62,horaina,hora,ina,no,no
mbc232-not-stripped.txt,62,pEheatia,pEhea,tia,no,no
mbc232-not-stripped.txt,62,waihotia,waiho,tia,no,no
mbc232-not-stripped.txt,62,fakatikaina,fakatika,ina,no,no
mbc232-not-stripped.txt,62,akoNia,ako,Nia,no,no
mbc232-not-stripped.txt,62,fakamahia,fakamahi,a,no,no
mbc232-not-stripped.txt,62,homaitia,homai,tia,no,no
mbc231-not-stripped.txt,89,mahia,mahi,a,no,no
mbc231-not-stripped.txt,89,kitea,kite,a,no,no
mbc261-not-stripped.txt,82,akona,ako,na,no,no
mbc272-not-stripped.txt,103,huihuiNia,huihui,Nia,no,no
mbc272-not-stripped.txt,113,pAtaiNia,pAtai,Nia,no,no
mbc272-not-stripped.txt,103,tukuna,tuku,na,no,no
mbc272-not-stripped.txt,101,mahiNia,mahi,Nia,no,no
mbc272-not-stripped.txt,97,kIia,kI,ia,no,no
mbc272-not-stripped.txt,103,tonutia,tonu,tia,no,no
mbc272-not-stripped.txt,99,kaiNAkautia,kaiNAkau,tia,no,no
mbc272-not-stripped.txt,111,kitea,kite,a,no,no
mbc231-not-stripped.txt,23,kumea,kume,a,no,no
mbc231-not-stripped.txt,19,fArikitia,fAriki,tia,no,no
mbc076-not-stripped.txt,50,kOrerotia,kOrero,tia,no,no
mbc231-not-stripped.txt,23,tukua,tuku,a,no,no
mbc231-not-stripped.txt,19,kOrerotia,kOrero,tia,no,no
mbc223-not-stripped.txt,4,kEhia,kE,hia,no,no
mbc223-not-stripped.txt,24,kawea,kawe,a,no,no
mbc223-not-stripped.txt,24,titirohia,titiro,hia,no,no
mbc223-not-stripped.txt,24,hopukia,hopu,kia,no,no
mbc223-not-stripped.txt,24,titirohia,titiro,hia,no,no
mbc223-not-stripped.txt,4,haNaia,haNa,ia,no,no
mbc223-not-stripped.txt,24,hopukina,hopu,kina,no,no
mbc223-not-stripped.txt,4,kOkirihia,kOkiri,hia,no,no
mbc223-not-stripped.txt,24,tAmia,tAmi,a,no,no
mbc223-not-stripped.txt,4,tukuna,tuku,na,no,no
mbc223-not-stripped.txt,4,kawea,kawe,a,no,no
mbc223-not-stripped.txt,24,tAmia,tAmi,a,no,no
mbc223-not-stripped.txt,24,kEhia,kE,hia,no,no
mbc223-not-stripped.txt,24,fAnuihia,fAnui,hia,no,no
mbc223-not-stripped.txt,24,kawea,kawe,a,no,no
mbc223-not-stripped.txt,24,herea,here,a,no,no
mbc223-not-stripped.txt,24,mahia,mahi,a,no,no
mbc223-not-stripped.txt,24,kIia,kI,ia,no,no
mbc223-not-stripped.txt,24,roNohia,roNo,hia,no,no
mbc014-not-stripped.txt,29,mahia,mahi,a,no,no
mbc014-not-stripped.txt,33,mauria,mau,ria,no,no
mbc239-not-stripped.txt,5,mauria,mau,ria,no,no
mbc014-not-stripped.txt,29,mahia,mahi,a,no,no
mbc014-not-stripped.txt,35,haria,hari,a,no,no
mbc239-not-stripped.txt,5,pOhiritia,pOhiri,tia,no,no
mbc239-not-stripped.txt,7,heria,heri,a,no,no
mbc239-not-stripped.txt,1,mahia,mahi,a,no,no
mbc239-not-stripped.txt,1,mahia,mahi,a,no,no
mbc239-not-stripped.txt,15,huakina,huaki,na,no,no
mbc239-not-stripped.txt,3,mauria,mau,ria,no,no
mbc014-not-stripped.txt,33,pOhiritia,pOhiri,tia,no,no
mbc014-not-stripped.txt,31,mauria,mau,ria,no,no
mbc082-not-stripped.txt,83,kuhuna,kuhu,na,no,no
mbc231-not-stripped.txt,39,tukua,tuku,a,no,no
mbc231-not-stripped.txt,39,waihotia,waiho,tia,no,no
mbc218-not-stripped.txt,33,ruia,rui,a,no,no
mbc218-not-stripped.txt,33,fakaritea,fakarite,a,no,no
mbc218-not-stripped.txt,33,fakahokia,fakahoki,a,no,no
mbc218-not-stripped.txt,33,fakaritea,fakarite,a,no,no
mbc218-not-stripped.txt,33,mauria,mau,ria,no,no
mbc218-not-stripped.txt,33,kIia,kI,ia,no,no
mbc218-not-stripped.txt,33,rerea,rere,a,no,no
mbc218-not-stripped.txt,33,tahia,tahi,a,no,no
mbc218-not-stripped.txt,33,ruia,rui,a,no,no
mbc218-not-stripped.txt,33,fakaNaroa,fakaNaro,a,no,no
mbc218-not-stripped.txt,33,fakahokihokitia,fakahokihoki,tia,no,no
mbc218-not-stripped.txt,33,tahia,tahi,a,no,no
mbc218-not-stripped.txt,33,kIia,kI,ia,no,no
mbc218-not-stripped.txt,33,mauria,mau,ria,no,no
mbc128-not-stripped.txt,37,fakahaerehia,fakahaere,hia,no,no
mbc175-not-stripped.txt,36,roNohia,roNo,hia,no,no
mbc157-not-stripped.txt,16,raua,rau,a,no,no
mbc175-not-stripped.txt,36,taea,tae,a,no,no
mbc128-not-stripped.txt,37,fakaatuhia,fakaatu,hia,no,no
mbc157-not-stripped.txt,73,kitea,kite,a,no,no
mbc112-not-stripped.txt,9,roNohia,roNo,hia,no,no
mbc157-not-stripped.txt,68,tukuna,tuku,na,no,no
mbc175-not-stripped.txt,36,tohaina,toha,ina,no,no
mbc175-not-stripped.txt,49,paohotia,paoho,tia,no,no
mbc157-not-stripped.txt,73,horaina,hora,ina,no,no
mbc157-not-stripped.txt,16,kOrorirorihia,kOrorirori,hia,no,no
mbc157-not-stripped.txt,27,takahia,takahi,a,no,no
mbc112-not-stripped.txt,4,fakatUria,fakatU,ria,no,no
mbc175-not-stripped.txt,36,taea,tae,a,no,no
mbc157-not-stripped.txt,72,fakahaerehia,fakahaere,hia,no,no
mbc128-not-stripped.txt,37,fakaatuhia,fakaatu,hia,no,no
mbc175-not-stripped.txt,36,waihaNatia,waihaNa,tia,no,no
mbc128-not-stripped.txt,37,fakaaturia,fakaatu,ria,no,no
mbc078-not-stripped.txt,28,taea,tae,a,no,no
mbc175-not-stripped.txt,36,mOhiotia,mOhio,tia,no,no
mbc175-not-stripped.txt,36,maumautia,maumau,tia,no,no
mbc175-not-stripped.txt,36,kOrerohia,kOrero,hia,no,no
mbc175-not-stripped.txt,36,pAtaihia,pAtai,hia,no,no
mbc231-not-stripped.txt,14,taea,tae,a,no,no
mbc231-not-stripped.txt,48,hopukina,hopu,kina,no,no
mbc157-not-stripped.txt,25,tapaina,tapa,ina,no,no
mbc157-not-stripped.txt,23,tukuna,tuku,na,no,no
mbc175-not-stripped.txt,49,mOhiotia,mOhio,tia,no,no
mbc175-not-stripped.txt,36,tonuhia,tonu,hia,no,no
mbc112-not-stripped.txt,4,kitea,kite,a,no,no
mbc232-not-stripped.txt,83,kapia,kapi,a,no,no
mbc157-not-stripped.txt,16,tAtarihia,tAtari,hia,no,no
mbc175-not-stripped.txt,36,roNohia,roNo,hia,no,no
mbc175-not-stripped.txt,36,kitea,kite,a,no,no
mbc175-not-stripped.txt,36,kOrerohia,kOrero,hia,no,no
mbc157-not-stripped.txt,67,tautokona,tautoko,na,no,no
mbc175-not-stripped.txt,36,kOrerohia,kOrero,hia,no,no
mbc078-not-stripped.txt,26,tuhia,tuhi,a,no,no
mbc231-not-stripped.txt,90,omahia,oma,hia,no,no
mbc157-not-stripped.txt,73,hukea,huke,a,no,no
mbc157-not-stripped.txt,72,fakamAtautauria,fakamAtautau,ria,no,no
mbc175-not-stripped.txt,31,waihaNatia,waihaNa,tia,no,no
mbc157-not-stripped.txt,14,fakatakotohia,fakatakoto,hia,no,no
mbc175-not-stripped.txt,32,waihaNatia,waihaNa,tia,no,no
mbc157-not-stripped.txt,67,tirohia,titiro,hia,no,no
mbc157-not-stripped.txt,23,horaina,hora,ina,no,no
mbc175-not-stripped.txt,36,fakaarohia,fakaaro,hia,no,no
mbc175-not-stripped.txt,31,waihaNatia,waihaNa,tia,no,no
mbc157-not-stripped.txt,2,NaNaeoretia,NaNaeore,tia,no,no
mbc157-not-stripped.txt,24,taea,tae,a,no,no
mbc175-not-stripped.txt,36,patua,patu,a,no,no
mbc175-not-stripped.txt,36,tohaina,toha,ina,no,no
mbc175-not-stripped.txt,36,raNona,roNo,na,no,no
mbc157-not-stripped.txt,14,inumia,inu,mia,no,no
mbc157-not-stripped.txt,67,kitea,kite,a,no,no
mbc112-not-stripped.txt,6,karamuimuia,karamuimui,a,no,no
mbc231-not-stripped.txt,14,kIia,kI,ia,no,no
mbc112-not-stripped.txt,4,fakaarahia,fakaara,hia,no,no
mbc128-not-stripped.txt,37,patua,patu,a,no,no
mbc232-not-stripped.txt,0,firifirihia,firifiri,hia,no,no
mbc128-not-stripped.txt,37,mahia,mahi,a,no,no
mbc232-not-stripped.txt,42,wirihia,wiri,hia,no,no
mbc157-not-stripped.txt,13,ufia,ufi,a,no,no
mbc157-not-stripped.txt,24,tautokona,tautoko,na,no,no
mbc078-not-stripped.txt,26,fakatUria,fakatU,ria,no,no
mbc157-not-stripped.txt,13,tukuna,tuku,na,no,no
mbc232-not-stripped.txt,77,fiua,fiu,a,no,no
mbc157-not-stripped.txt,5,takahia,takahi,a,no,no
mbc157-not-stripped.txt,2,fakafArikihia,fakafAriki,hia,no,no
mbc157-not-stripped.txt,2,herea,here,a,no,no
mbc175-not-stripped.txt,36,fakaaturia,fakaatu,ria,no,no
mbc128-not-stripped.txt,37,tahainatia,tAhae,ina/tia,no,yes
mbc232-not-stripped.txt,24,kitea,kite,a,no,no
mbc231-not-stripped.txt,21,fakaritea,fakarite,a,no,no
mbc128-not-stripped.txt,37,patua,patu,a,no,no
mbc232-not-stripped.txt,18,moea,moe,a,no,no
mbc175-not-stripped.txt,31,roNohia,roNo,hia,no,no
mbc112-not-stripped.txt,18,kIia,kI,ia,no,no
mbc231-not-stripped.txt,69,haNaia,haNa,ia,no,no
mbc157-not-stripped.txt,2,fakatipua,fakatipu,a,no,no
mbc232-not-stripped.txt,81,arohatia,aroha,tia,no,no
mbc175-not-stripped.txt,36,taunuhia,taunu,hia,no,no
mbc175-not-stripped.txt,36,roNohia,roNo,hia,no,no
mbc128-not-stripped.txt,37,fakahaerehia,fakahaere,hia,no,no
mbc265-not-stripped.txt,24,akona,ako,na,no,no
mbc128-not-stripped.txt,37,fakatahaina,fakataha,ina,no,no
mbc175-not-stripped.txt,31,fAfAtia,fAfA,tia,no,no
mbc157-not-stripped.txt,73,taea,tae,a,no,no
mbc157-not-stripped.txt,1,fakairohia,fakairo,hia,no,no
mbc232-not-stripped.txt,18,fAfAtia,fAfA,tia,no,no
mbc227-not-stripped.txt,12,tukuna,tuku,na,no,no
mbc175-not-stripped.txt,48,pErAhia,pErA,hia,no,no
mbc231-not-stripped.txt,90,hunuhunua,hunuhunu,a,no,no
mbc265-not-stripped.txt,90,kOrerohia,kOrero,hia,no,no
mbc175-not-stripped.txt,36,fakarekarekahia,fakarekareka,hia,no,no
mbc128-not-stripped.txt,37,kitea,kite,a,no,no
mbc265-not-stripped.txt,24,hApaitia,hApai,tia,no,no
mbc157-not-stripped.txt,23,NaNaeoretia,NaNaeore,tia,no,no
mbc265-not-stripped.txt,89,kOrerohia,kOrero,hia,no,no
mbc231-not-stripped.txt,77,utaina,uta,ina,no,no
mbc175-not-stripped.txt,31,mahia,mahi,a,no,no
mbc231-not-stripped.txt,4,tIkina,tiki,na,no,no
mbc231-not-stripped.txt,6,taea,tae,a,no,no
mbc232-not-stripped.txt,81,tautohetia,tautohe,tia,no,no
mbc231-not-stripped.txt,18,huakina,huaki,na,no,no
mbc112-not-stripped.txt,9,takahia,takahi,a,no,no
mbc078-not-stripped.txt,26,roNohia,roNo,hia,no,no
mbc175-not-stripped.txt,36,paohotia,paoho,tia,no,no
mbc231-not-stripped.txt,80,fAnuitia,fAnui,tia,no,no
mbc157-not-stripped.txt,23,taea,tae,a,no,no
mbc232-not-stripped.txt,63,fakamoea,fakamoe,a,no,no
mbc128-not-stripped.txt,37,fakatahainahia,fakataha,ina/hia,no,yes
mbc265-not-stripped.txt,90,raNona,roNo,na,no,no
mbc175-not-stripped.txt,36,fakatakEhia,fakatakE,hia,no,no
mbc157-not-stripped.txt,6,fafaoa,fafao,a,no,no
mbc175-not-stripped.txt,36,raNona,roNo,na,no,no
mbc157-not-stripped.txt,6,horaina,hora,ina,no,no
mbc128-not-stripped.txt,37,fakapAkehAhia,fakapAkehA,hia,no,no
mbc175-not-stripped.txt,36,waiatahia,waiata,hia,no,no
mbc175-not-stripped.txt,36,fakatUhia,fakatU,hia,no,no
mbc078-not-stripped.txt,28,tuhia,tuhi,a,no,no
mbc175-not-stripped.txt,36,fakaroNohia,fakaroNo,hia,no,no
mbc175-not-stripped.txt,31,tuhia,tuhi,a,no,no
mbc128-not-stripped.txt,37,fakahaerehia,fakahaere,hia,no,no
mbc112-not-stripped.txt,18,maiohatia,maioha,tia,no,no
mbc227-not-stripped.txt,12,tukuna,tuku,na,no,no
mbc157-not-stripped.txt,20,horaina,hora,ina,no,no
mbc231-not-stripped.txt,14,meatia,mea,tia,no,no
mbc128-not-stripped.txt,37,fakahaerehia,fakahaere,hia,no,no
mbc157-not-stripped.txt,19,kAkahutia,kAkahu,tia,no,no
mbc157-not-stripped.txt,73,patua,patu,a,no,no
mbc078-not-stripped.txt,30,kawea,kawe,a,no,no
mbc232-not-stripped.txt,83,tohia,tohi,a,no,no
mbc088-not-stripped.txt,28,paohotia,paoho,tia,no,no
mbc231-not-stripped.txt,27,taea,tae,a,no,no
mbc227-not-stripped.txt,12,roNohia,roNo,hia,no,no
mbc175-not-stripped.txt,36,pErAhia,pErA,hia,no,no
mbc265-not-stripped.txt,90,fakanuia,fakanui,a,no,no
mbc161-not-stripped.txt,43,mihihia,mihi,hia,no,no
mbc161-not-stripped.txt,64,tohua,tohu,a,no,no
mbc161-not-stripped.txt,74,tAkina,taki,na,no,no
mbc161-not-stripped.txt,25,fakaritea,fakarite,a,no,no
mbc161-not-stripped.txt,31,tonohia,tono,hia,no,no
mbc161-not-stripped.txt,64,akona,ako,na,no,no
mbc161-not-stripped.txt,62,penupenua,penupenu,a,no,no
mbc161-not-stripped.txt,54,akona,ako,na,no,no
mbc161-not-stripped.txt,54,fakatipuria,fakatipu,ria,no,no
mbc161-not-stripped.txt,74,kOrerohia,kOrero,hia,no,no
mbc161-not-stripped.txt,52,mahia,mahi,a,no,no
mbc161-not-stripped.txt,54,takitakihia,takitaki,hia,no,no
mbc161-not-stripped.txt,54,tAtaia,tAtai,a,no,no
mbc161-not-stripped.txt,1,hikihia,hiki,hia,no,no
mbc161-not-stripped.txt,31,fakawarea,fakaware,a,no,no
mbc161-not-stripped.txt,43,arohatia,aroha,tia,no,no
mbc161-not-stripped.txt,54,herea,here,a,no,no
mbc161-not-stripped.txt,64,tohua,tohu,a,no,no
mbc161-not-stripped.txt,74,uhia,uhi,a,no,no
mbc161-not-stripped.txt,15,haria,hari,a,no,no
mbc161-not-stripped.txt,54,poua,pou,a,no,no
mbc161-not-stripped.txt,54,kOrerohia,kOrero,hia,no,no
mbc161-not-stripped.txt,54,kotia,koti,a,no,no
mbc161-not-stripped.txt,64,mOhiotia,mOhio,tia,no,no
mbc161-not-stripped.txt,62,fANaia,fANai,a,no,no
mbc161-not-stripped.txt,11,fakawAteatia,fakawAtea,tia,no,no
mbc161-not-stripped.txt,64,tohua,tohu,a,no,no
mbc161-not-stripped.txt,1,wehea,wehe,a,no,no
mbc161-not-stripped.txt,70,kOrerohia,kOrero,hia,no,no
mbc161-not-stripped.txt,70,tahuna,tahu,na,no,no
mbc161-not-stripped.txt,54,haria,hari,a,no,no
mbc161-not-stripped.txt,70,fakarerea,fakarere,a,no,no
mbc161-not-stripped.txt,17,tIkina,tiki,na,no,no
mbc161-not-stripped.txt,1,kOrerohia,kOrero,hia,no,no
mbc161-not-stripped.txt,3,tonohia,tono,hia,no,no
mbc161-not-stripped.txt,76,kOrerohia,kOrero,hia,no,no
mbc161-not-stripped.txt,54,kOrerohia,kOrero,hia,no,no
mbc161-not-stripped.txt,1,taNohia,taNo,hia,no,no
mbc161-not-stripped.txt,54,kOrerohia,kOrero,hia,no,no
mbc161-not-stripped.txt,54,kOrerohia,kOrero,hia,no,no
mbc161-not-stripped.txt,33,tonohia,tono,hia,no,no
mbc161-not-stripped.txt,64,tohua,tohu,a,no,no
mbc161-not-stripped.txt,25,uhia,uhi,a,no,no
mbc161-not-stripped.txt,76,tonohia,tono,hia,no,no
mbc161-not-stripped.txt,56,haria,hari,a,no,no
mbc161-not-stripped.txt,17,tIkina,tiki,na,no,no
mbc161-not-stripped.txt,3,tonuhia,tonu,hia,no,no
mbc161-not-stripped.txt,11,kohia,kohi,a,no,no
mbc161-not-stripped.txt,70,fakarerea,fakarere,a,no,no
mbc161-not-stripped.txt,11,fakaaetia,fakaae,tia,no,no
mbc161-not-stripped.txt,70,takitakihia,takitaki,hia,no,no
mbc161-not-stripped.txt,54,herea,here,a,no,no
mbc161-not-stripped.txt,1,tonohia,tono,hia,no,no
mbc161-not-stripped.txt,11,karaNahia,karaNa,hia,no,no
mbc161-not-stripped.txt,31,fakahuatia,fakahua,tia,no,no
mbc161-not-stripped.txt,39,waiatahia,waiata,hia,no,no
mbc161-not-stripped.txt,19,fakaritea,fakarite,a,no,no
mbc161-not-stripped.txt,54,akona,ako,na,no,no
mbc161-not-stripped.txt,31,kOrerohia,kOrero,hia,no,no
mbc161-not-stripped.txt,31,pErAtia,pErA,tia,no,no
mbc161-not-stripped.txt,3,tonohia,tono,hia,no,no
mbc161-not-stripped.txt,25,fakatutukihia,fakatutuki,hia,no,no
mbc161-not-stripped.txt,17,tIkina,tiki,na,no,no
mbc161-not-stripped.txt,58,fakaaetia,fakaae,tia,no,no
mbc180-not-stripped.txt,3,haria,hari,a,no,no
mbc180-not-stripped.txt,1,fakahokihia,fakahoki,hia,no,no
mbc180-not-stripped.txt,1,fakatakotohia,fakatakoto,hia,no,no
mbc180-not-stripped.txt,3,Afinahia,Afina,hia,no,no
mbc180-not-stripped.txt,3,kimihia,kimi,hia,no,no
mbc180-not-stripped.txt,3,kitea,kite,a,no,no
mbc180-not-stripped.txt,3,kitea,kite,a,no,no
mbc180-not-stripped.txt,3,kitea,kite,a,no,no
mbc180-not-stripped.txt,5,moehia,moe,hia,no,no
mbc180-not-stripped.txt,1,fakatauhia,fakatau,hia,no,no
mbc180-not-stripped.txt,3,kimihia,kimi,hia,no,no
mbc180-not-stripped.txt,1,fakahokia,fakahoki,a,no,no
mbc180-not-stripped.txt,3,fakatUhia,fakatU,hia,no,no
mbc180-not-stripped.txt,1,kaumAtuahia,kaumAtua,hia,no,no
mbc180-not-stripped.txt,1,kohikohia,kohikohi,a,no,no
mbc180-not-stripped.txt,1,fakatakotohia,fakatakoto,hia,no,no
mbc180-not-stripped.txt,3,mOhioNia,mOhio,Nia,no,no
mbc180-not-stripped.txt,1,fakahaerehia,fakahaere,hia,no,no
mbc180-not-stripped.txt,1,fakaritehia,fakarite,hia,no,no
mbc180-not-stripped.txt,3,fakatUhia,fakatU,hia,no,no
mbc180-not-stripped.txt,3,kOrerohia,kOrero,hia,no,no
mbc180-not-stripped.txt,3,fakahokia,fakahoki,a,no,no
mbc180-not-stripped.txt,5,nekehia,neke,hia,no,no
mbc180-not-stripped.txt,3,kitea,kite,a,no,no
mbc180-not-stripped.txt,5,heria,heri,a,no,no
mbc180-not-stripped.txt,7,fakatUhia,fakatU,hia,no,no
mbc180-not-stripped.txt,3,fakatUtUhia,fakatUtU,hia,no,no
mbc180-not-stripped.txt,3,Afinahia,Afina,hia,no,no
mbc180-not-stripped.txt,3,hoatuhia,hoatu,hia,no,no
mbc180-not-stripped.txt,3,hoatuhia,hoatu,hia,no,no
mbc180-not-stripped.txt,5,fakahokia,fakahoki,a,no,no
mbc180-not-stripped.txt,3,fakatUhia,fakatU,hia,no,no
mbc180-not-stripped.txt,1,fakaarohia,fakaaro,hia,no,no
mbc180-not-stripped.txt,3,tuhia,tuhi,a,no,no
mbc180-not-stripped.txt,3,taNotaNohia,taNotaNo,hia,no,no
mbc180-not-stripped.txt,1,waihoNia,waiho,Nia,no,no
mbc180-not-stripped.txt,1,tukuna,tuku,na,no,no
mbc180-not-stripped.txt,7,tiakina,tiaki,na,no,no
mbc180-not-stripped.txt,3,hokona,hoko,na,no,no
mbc180-not-stripped.txt,3,hokona,hoko,na,no,no
mbc180-not-stripped.txt,3,Naromia,Naro,mia,no,no
mbc180-not-stripped.txt,1,fakatauhia,fakatau,hia,no,no
mbc180-not-stripped.txt,1,mahihia,mahi,hia,no,no
mbc180-not-stripped.txt,1,mahia,mahi,a,no,no
mbc180-not-stripped.txt,3,kitekitehia,kitekite,hia,no,no
mbc180-not-stripped.txt,3,fakaatuhia,fakaatu,hia,no,no
mbc180-not-stripped.txt,3,pOtihia,pOti,hia,no,no
mbc180-not-stripped.txt,7,fakatakotohia,fakatakoto,hia,no,no
mbc180-not-stripped.txt,1,taea,tae,a,no,no
mbc180-not-stripped.txt,5,moehia,moe,hia,no,no
mbc180-not-stripped.txt,1,tiakina,tiaki,na,no,no
mbc180-not-stripped.txt,3,haria,hari,a,no,no
mbc180-not-stripped.txt,5,moehia,moe,hia,no,no
mbc180-not-stripped.txt,1,tIkina,tiki,na,no,no
mbc180-not-stripped.txt,3,Afinahia,Afina,hia,no,no
mbc180-not-stripped.txt,1,manaakihia,manaaki,hia,no,no
mbc180-not-stripped.txt,7,hoatuhia,hoatu,hia,no,no
mbc180-not-stripped.txt,7,taea,tae,a,no,no
mbc180-not-stripped.txt,7,fakatakotohia,fakatakoto,hia,no,no
mbc180-not-stripped.txt,3,haria,hari,a,no,no
mbc180-not-stripped.txt,1,takahia,takahi,a,no,no
mbc180-not-stripped.txt,7,tipuhia,tipu,hia,no,no
mbc180-not-stripped.txt,5,fakaritehia,fakarite,hia,no,no
mbc180-not-stripped.txt,1,tukuna,tuku,na,no,no
mbc180-not-stripped.txt,5,raraNahia,raraNa,hia,no,no
mbc180-not-stripped.txt,3,taea,tae,a,no,no
mbc180-not-stripped.txt,7,werohia,wero,hia,no,no
mbc180-not-stripped.txt,5,ekeNia,eke,Nia,no,no
mbc180-not-stripped.txt,5,fakahokia,fakahoki,a,no,no
mbc159-not-stripped.txt,3,fakapaitia,fakapai,tia,no,no
mbc159-not-stripped.txt,3,nukua,nuku,a,no,no
mbc159-not-stripped.txt,3,haNaNia,haNa,Nia,no,no
mbc159-not-stripped.txt,3,haNaNia,haNa,Nia,no,no
mbc159-not-stripped.txt,3,nukua,nuku,a,no,no
mbc159-not-stripped.txt,3,haNaNia,haNa,Nia,no,no
mbc237-not-stripped.txt,23,pupurihia,pupuri,hia,no,no
mbc237-not-stripped.txt,11,hikina,hiki,na,no,no
mbc237-not-stripped.txt,11,hApaiNia,hApai,Nia,no,no
mbc237-not-stripped.txt,23,fakatakotoria,fakatakoto,ria,no,no
mbc237-not-stripped.txt,23,fakaputahia,fakaputa,hia,no,no
mbc237-not-stripped.txt,23,fakatauiratia,fakatauira,tia,no,no
mbc237-not-stripped.txt,7,fakataNihia,fakataNi,hia,no,no
mbc237-not-stripped.txt,25,taea,tae,a,no,no
mbc237-not-stripped.txt,23,tonuhia,tonu,hia,no,no
mbc237-not-stripped.txt,23,tonuhia,tonu,hia,no,no
mbc237-not-stripped.txt,7,kIia,kI,ia,no,no
mbc237-not-stripped.txt,7,fakaputahia,fakaputa,hia,no,no
mbc237-not-stripped.txt,23,pupurihia,pupuri,hia,no,no
mbc088-not-stripped.txt,61,mahia,mahi,a,no,no
mbc227-not-stripped.txt,25,kautetia,kaute,tia,no,no
mbc081-not-stripped.txt,18,kitea,kite,a,no,no
mbc136-not-stripped.txt,18,fainahia,faina,hia,no,no
mbc136-not-stripped.txt,16,patua,patu,a,no,no
mbc136-not-stripped.txt,18,fainahia,faina,hia,no,no
mbc136-not-stripped.txt,18,wepuNia,wepu,Nia,no,no
mbc149-not-stripped.txt,36,fakatUNia,fakatU,Nia,no,no
mbc228-not-stripped.txt,14,fakahaeretia,fakahaere,tia,no,no
mbc228-not-stripped.txt,20,tukua,tuku,a,no,no
mbc149-not-stripped.txt,38,kOrerotia,kOrero,tia,no,no
mbc035-not-stripped.txt,36,fakatauhia,fakatau,hia,no,no
mbc035-not-stripped.txt,37,haNaia,haNa,ia,no,no
mbc035-not-stripped.txt,24,hoatuhia,hoatu,hia,no,no
mbc040-not-stripped.txt,2,fakapOtaetia,fakapOtae,tia,no,no
mbc035-not-stripped.txt,36,fakamanahia,fakamana,hia,no,no
mbc035-not-stripped.txt,37,taea,tae,a,no,no
mbc035-not-stripped.txt,36,fakatenehia,fakatene,hia,no,no
mbc040-not-stripped.txt,25,ihohia,iho,hia,no,no
mbc040-not-stripped.txt,3,tautokotia,tautoko,tia,no,no
mbc035-not-stripped.txt,31,kitea,kite,a,no,no
mbc040-not-stripped.txt,28,kapohia,kapo,hia,no,no
mbc035-not-stripped.txt,37,taea,tae,a,no,no
mbc040-not-stripped.txt,25,fakakorehia,fakakore,hia,no,no
mbc040-not-stripped.txt,5,fakaritea,fakarite,a,no,no
mbc040-not-stripped.txt,37,pEkehia,pEke,hia,no,no
mbc040-not-stripped.txt,0,ruia,rui,a,no,no
mbc035-not-stripped.txt,37,fakaputahia,fakaputa,hia,no,no
mbc035-not-stripped.txt,24,fifia,fifi,a,no,no
mbc035-not-stripped.txt,39,kimihia,kimi,hia,no,no
mbc035-not-stripped.txt,20,karaNatia,karaNa,tia,no,no
mbc040-not-stripped.txt,0,fakaritea,fakarite,a,no,no
mbc040-not-stripped.txt,31,tohua,tohu,a,no,no
mbc040-not-stripped.txt,36,tohua,tohu,a,no,no
mbc040-not-stripped.txt,36,kOrerohia,kOrero,hia,no,no
mbc035-not-stripped.txt,28,fakaarohia,fakaaro,hia,no,no
mbc040-not-stripped.txt,36,karaNahia,karaNa,hia,no,no
mbc040-not-stripped.txt,3,fakaritea,fakarite,a,no,no
mbc040-not-stripped.txt,43,fakatauhia,fakatau,hia,no,no
mbc040-not-stripped.txt,41,kitea,kite,a,no,no
mbc040-not-stripped.txt,42,tohua,tohu,a,no,no
mbc040-not-stripped.txt,43,rakaina,raka,ina,no,no
mbc035-not-stripped.txt,16,tohua,tohu,a,no,no
mbc035-not-stripped.txt,24,fakapauhia,fakapau,hia,no,no
mbc035-not-stripped.txt,21,fakapauhia,fakapau,hia,no,no
mbc035-not-stripped.txt,23,fakapikihia,fakapiki,hia,no,no
mbc040-not-stripped.txt,28,fakapOtaehia,fakapOtae,hia,no,no
mbc035-not-stripped.txt,39,pUhia,pupuhi,a,no,no
mbc040-not-stripped.txt,28,kOhuruhia,kOhuru,hia,no,no
mbc040-not-stripped.txt,37,fakatauhia,fakatau,hia,no,no
mbc035-not-stripped.txt,43,aukatia,aukati,a,no,no
mbc040-not-stripped.txt,27,tohua,tohu,a,no,no
mbc040-not-stripped.txt,36,wAwAhihia,wAwAhi,hia,no,no
mbc040-not-stripped.txt,25,kOrerohia,kOrero,hia,no,no
mbc035-not-stripped.txt,26,kOrerohia,kOrero,hia,no,no
mbc035-not-stripped.txt,21,purua,puru,a,no,no
mbc035-not-stripped.txt,39,mauheretia,mauhere,tia,no,no
mbc035-not-stripped.txt,35,fakatakotohia,fakatakoto,hia,no,no
mbc040-not-stripped.txt,40,fakapOtaehia,fakapOtae,hia,no,no
mbc040-not-stripped.txt,37,takahia,takahi,a,no,no
mbc040-not-stripped.txt,38,raNahautia,raNahau,tia,no,no
mbc035-not-stripped.txt,41,karaNahia,karaNa,hia,no,no
mbc035-not-stripped.txt,24,utuhia,utu,hia,no,no
mbc035-not-stripped.txt,41,fakawAhia,fakawA,hia,no,no
mbc040-not-stripped.txt,7,fakakotahitia,fakakotahi,tia,no,no
mbc035-not-stripped.txt,25,kapohia,kapo,hia,no,no
mbc040-not-stripped.txt,41,fakatauhia,fakatau,hia,no,no
mbc040-not-stripped.txt,42,tohua,tohu,a,no,no
mbc035-not-stripped.txt,25,kapohia,kapo,hia,no,no
mbc040-not-stripped.txt,0,paihanatia,paihana,tia,no,no
mbc040-not-stripped.txt,25,kOrerohia,kOrero,hia,no,no
mbc035-not-stripped.txt,26,wehetia,wehe,tia,no,no
mbc040-not-stripped.txt,0,ruia,rui,a,no,no
mbc040-not-stripped.txt,38,aukatia,aukati,a,no,no
mbc040-not-stripped.txt,37,tautokohia,tautoko,hia,no,no
mbc040-not-stripped.txt,37,tautohetia,tautohe,tia,no,no
mbc152-not-stripped.txt,87,fakanuitia,fakanui,tia,no,no
mbc152-not-stripped.txt,87,kIia,kI,ia,no,no
mbc152-not-stripped.txt,87,rarua,raru,a,no,no
mbc105-not-stripped.txt,33,taea,tae,a,no,no
mbc134-not-stripped.txt,53,fakatUria,fakatU,ria,no,no
mbc134-not-stripped.txt,53,haria,hari,a,no,no
mbc066-not-stripped.txt,55,tonutia,tonu,tia,no,no
mbc066-not-stripped.txt,55,hurihia,huri,hia,no,no
mbc066-not-stripped.txt,55,tikatia,tika,tia,no,no
mbc066-not-stripped.txt,51,kinotia,kino,tia,no,no
mbc150-not-stripped.txt,40,tImatatia,tImata,tia,no,no
mbc150-not-stripped.txt,40,tukia,tuki,a,no,no
mbc150-not-stripped.txt,40,unuhia,unu,hia,no,no
mbc150-not-stripped.txt,40,fakautuNia,fakautu,Nia,no,no
mbc150-not-stripped.txt,32,roimatatia,roimata,tia,no,no
mbc150-not-stripped.txt,40,kimihia,kimi,hia,no,no
mbc150-not-stripped.txt,40,taNohia,taNo,hia,no,no
mbc112-not-stripped.txt,11,manaakitia,manaaki,tia,no,no
mbc112-not-stripped.txt,11,kIia,kI,ia,no,no
mbc112-not-stripped.txt,20,kIia,kI,ia,no,no
mbc146-not-stripped.txt,24,heria,heri,a,no,no
mbc015-not-stripped.txt,18,katoahia,katoa,hia,no,no
mbc169-not-stripped.txt,31,kauhautia,kauhau,tia,no,no
mbc015-not-stripped.txt,18,tautokohia,tautoko,hia,no,no
mbc169-not-stripped.txt,31,kOrerohia,kOrero,hia,no,no
mbc015-not-stripped.txt,18,hokona,hoko,na,no,no
mbc015-not-stripped.txt,18,tautokohia,tautoko,hia,no,no
mbc009-not-stripped.txt,9,taea,tae,a,no,no
mbc232-not-stripped.txt,55,fakarerea,fakarere,a,no,no
mbc232-not-stripped.txt,55,purea,pure,a,no,no
mbc231-not-stripped.txt,9,turakina,turaki,na,no,no
mbc065-not-stripped.txt,58,tukuna,tuku,na,no,no
mbc065-not-stripped.txt,58,kapea,kape,a,no,no
mbc232-not-stripped.txt,55,moea,moe,a,no,no
mbc232-not-stripped.txt,55,rAhuitia,rAhui,tia,no,no
mbc231-not-stripped.txt,9,tIkina,tiki,na,no,no
mbc130-not-stripped.txt,31,mahia,mahi,a,no,no
mbc130-not-stripped.txt,12,takahia,takahi,a,no,no
mbc130-not-stripped.txt,31,taea,tae,a,no,no
mbc130-not-stripped.txt,31,manaakitia,manaaki,tia,no,no
mbc130-not-stripped.txt,29,tukuna,tuku,na,no,no
mbc130-not-stripped.txt,9,fakatUNia,fakatU,Nia,no,no
mbc130-not-stripped.txt,31,purua,puru,a,no,no
mbc130-not-stripped.txt,31,fakahokia,fakahoki,a,no,no
mbc130-not-stripped.txt,29,tuhia,tuhi,a,no,no
mbc130-not-stripped.txt,9,fakanuitia,fakanui,tia,no,no
mbc232-not-stripped.txt,21,taea,tae,a,no,no
mbc232-not-stripped.txt,21,taea,tae,a,no,no
mbc232-not-stripped.txt,21,mahia,mahi,a,no,no
mbc231-not-stripped.txt,35,fakanuitia,fakanui,tia,no,no
mbc232-not-stripped.txt,21,moea,moe,a,no,no
mbc232-not-stripped.txt,21,taea,tae,a,no,no
mbc232-not-stripped.txt,21,taea,tae,a,no,no
mbc231-not-stripped.txt,35,takatakahia,takatakahi,a,no,no
mbc079-not-stripped.txt,72,hikiNia,hiki,Nia,no,no
mbc079-not-stripped.txt,72,fakahouNiatia,fakahou,Nia/tia,no,yes
mbc079-not-stripped.txt,74,fakataetaeNia,fakataetae,Nia,no,no
mbc079-not-stripped.txt,70,kIia,kI,ia,no,no
mbc079-not-stripped.txt,74,tukuna,tuku,na,no,no
mbc156-not-stripped.txt,16,taea,tae,a,no,no
mbc156-not-stripped.txt,16,taea,tae,a,no,no
mbc156-not-stripped.txt,16,taea,tae,a,no,no
mbc156-not-stripped.txt,16,taea,tae,a,no,no
mbc232-not-stripped.txt,38,tirohia,titiro,hia,no,no
mbc232-not-stripped.txt,23,tirohia,titiro,hia,no,no
mbc232-not-stripped.txt,23,taea,tae,a,no,no
mbc232-not-stripped.txt,38,tirohia,titiro,hia,no,no
mbc232-not-stripped.txt,23,huria,huri,a,no,no
mbc231-not-stripped.txt,62,parauNia,parau,Nia,no,no
mbc231-not-stripped.txt,62,arumia,aru,mia,no,no
mbc232-not-stripped.txt,38,manaakitia,manaaki,tia,no,no
mbc231-not-stripped.txt,62,pANia,pA,Nia,no,no
mbc232-not-stripped.txt,23,tohia,tohi,a,no,no
mbc232-not-stripped.txt,23,kOreroNia,kOrero,Nia,no,no
mbc232-not-stripped.txt,23,kOreroNia,kOrero,Nia,no,no
mbc232-not-stripped.txt,23,tirohia,titiro,hia,no,no
mbc197-not-stripped.txt,13,kInakitia,kInaki,tia,no,no
mbc197-not-stripped.txt,13,fakarApopotoNia,fakarApopoto,Nia,no,no
mbc088-not-stripped.txt,45,fakafirifirihia,fakafirifiri,hia,no,no
mbc152-not-stripped.txt,37,fakamAtautia,fakamAtau,tia,no,no
mbc152-not-stripped.txt,78,hiahiatia,hiahia,tia,no,no
mbc152-not-stripped.txt,33,fakaarotia,fakaaro,tia,no,no
mbc152-not-stripped.txt,72,pAnuitia,pAnui,tia,no,no
mbc152-not-stripped.txt,89,tukuna,tuku,na,no,no
mbc152-not-stripped.txt,89,taea,tae,a,no,no
mbc152-not-stripped.txt,85,taea,tae,a,no,no
mbc152-not-stripped.txt,35,tukuna,tuku,na,no,no
mbc152-not-stripped.txt,69,kINia,kI,Nia,no,no
mbc152-not-stripped.txt,89,meaNia,mea,Nia,no,no
mbc152-not-stripped.txt,85,fakahauNia,fakahau,Nia,no,no
mbc152-not-stripped.txt,85,pOfiritia,pOfiri,tia,no,no
mbc152-not-stripped.txt,72,hiahiatia,hiahia,tia,no,no
mbc152-not-stripped.txt,72,karaNatia,karaNa,tia,no,no
mbc152-not-stripped.txt,85,fakatUria,fakatU,ria,no,no
mbc152-not-stripped.txt,89,kohikohiNia,kohikohi,Nia,no,no
mbc152-not-stripped.txt,72,fakaakona,fakaako,na,no,no
mbc152-not-stripped.txt,79,tIkina,tiki,na,no,no
mbc152-not-stripped.txt,79,tukutukuNia,tukutuku,Nia,no,no
mbc152-not-stripped.txt,72,tukuna,tuku,na,no,no
mbc152-not-stripped.txt,72,kINia,kI,Nia,no,no
mbc152-not-stripped.txt,85,karaNatia,karaNa,tia,no,no
mbc152-not-stripped.txt,91,fakaarotia,fakaaro,tia,no,no
mbc152-not-stripped.txt,94,taea,tae,a,no,no
mbc152-not-stripped.txt,85,fakatUria,fakatU,ria,no,no
mbc152-not-stripped.txt,51,pANia,pA,Nia,no,no
mbc152-not-stripped.txt,85,fakamanaia,fakamana,ia,no,no
mbc152-not-stripped.txt,71,haria,hari,a,no,no
mbc152-not-stripped.txt,89,kaiNAkautia,kaiNAkau,tia,no,no
mbc152-not-stripped.txt,89,eketia,eke,tia,no,no
mbc152-not-stripped.txt,71,haria,hari,a,no,no
mbc152-not-stripped.txt,9,haeretia,haere,tia,no,no
mbc152-not-stripped.txt,85,kitea,kite,a,no,no
mbc152-not-stripped.txt,72,pEheatia,pEhea,tia,no,no
mbc152-not-stripped.txt,72,hiahiatia,hiahia,tia,no,no
mbc152-not-stripped.txt,99,kimihia,kimi,hia,no,no
mbc152-not-stripped.txt,72,fiua,fiu,a,no,no
mbc152-not-stripped.txt,25,fakaarohia,fakaaro,hia,no,no
mbc152-not-stripped.txt,79,kitea,kite,a,no,no
mbc149-not-stripped.txt,12,haerehaeretia,haerehaere,tia,no,no
mbc152-not-stripped.txt,85,fakahaereNia,fakahaere,Nia,no,no
mbc152-not-stripped.txt,79,haereNia,haere,Nia,no,no
mbc152-not-stripped.txt,89,kohia,kohi,a,no,no
mbc152-not-stripped.txt,89,fakatUNia,fakatU,Nia,no,no
mbc152-not-stripped.txt,85,fakatUtUNia,fakatUtU,Nia,no,no
mbc152-not-stripped.txt,85,haeretia,haere,tia,no,no
mbc152-not-stripped.txt,13,haeretia,haere,tia,no,no
mbc152-not-stripped.txt,85,meaNia,mea,Nia,no,no
mbc152-not-stripped.txt,99,kimihia,kimi,hia,no,no
mbc152-not-stripped.txt,21,taea,tae,a,no,no
mbc152-not-stripped.txt,91,katia,kati,a,no,no
mbc152-not-stripped.txt,78,fakanohoNia,fakanoho,Nia,no,no
mbc152-not-stripped.txt,85,taNohia,taNo,hia,no,no
mbc152-not-stripped.txt,101,taea,tae,a,no,no
mbc152-not-stripped.txt,79,fakapiriNia,fakapiri,Nia,no,no
mbc152-not-stripped.txt,79,fakaaea,fakaae,a,no,no
mbc152-not-stripped.txt,85,meaNia,mea,Nia,no,no
mbc152-not-stripped.txt,89,kaiNAkautia,kaiNAkau,tia,no,no
mbc152-not-stripped.txt,99,kitea,kite,a,no,no
mbc152-not-stripped.txt,85,kINia,kI,Nia,no,no
mbc152-not-stripped.txt,72,taea,tae,a,no,no
mbc152-not-stripped.txt,33,akona,ako,na,no,no
mbc152-not-stripped.txt,85,fakaaetia,fakaae,tia,no,no
mbc152-not-stripped.txt,69,hiahiatia,hiahia,tia,no,no
mbc152-not-stripped.txt,91,fakakoretia,fakakore,tia,no,no
mbc152-not-stripped.txt,89,fakaarotia,fakaaro,tia,no,no
mbc152-not-stripped.txt,91,fakatUtUNia,fakatUtU,Nia,no,no
mbc152-not-stripped.txt,91,haeretia,haere,tia,no,no
mbc152-not-stripped.txt,57,pIhiahiatia,pIhiahia,tia,no,no
mbc152-not-stripped.txt,79,fAia,fai,a,no,no
mbc152-not-stripped.txt,85,fakameaNia,fakamea,Nia,no,no
mbc152-not-stripped.txt,85,fakafanauNatia,fakafanauNa,tia,no,no
mbc152-not-stripped.txt,85,fakahaereNia,fakahaere,Nia,no,no
mbc152-not-stripped.txt,91,meaNia,mea,Nia,no,no
mbc152-not-stripped.txt,78,kumea,kume,a,no,no
mbc152-not-stripped.txt,91,hANaitia,hANai,tia,no,no
mbc152-not-stripped.txt,23,fakafifia,fakafifi,a,no,no
mbc152-not-stripped.txt,79,fAia,fai,a,no,no
mbc152-not-stripped.txt,79,kimihia,kimi,hia,no,no
mbc152-not-stripped.txt,72,tukuna,tuku,na,no,no
mbc152-not-stripped.txt,91,fakatUtUNia,fakatUtU,Nia,no,no
mbc231-not-stripped.txt,31,karaNatia,karaNa,tia,no,no
mbc062-not-stripped.txt,58,taea,tae,a,no,no
mbc156-not-stripped.txt,13,taea,tae,a,no,no
mbc156-not-stripped.txt,13,huriNia,huri,Nia,no,no
mbc156-not-stripped.txt,13,hiwiNia,hiwi,Nia,no,no
mbc156-not-stripped.txt,13,fANaiNia,fANai,Nia,no,no
mbc156-not-stripped.txt,13,taea,tae,a,no,no
mbc156-not-stripped.txt,13,tiaNia,tia,Nia,no,no
mbc156-not-stripped.txt,13,hoatuNia,hoatu,Nia,no,no
mbc156-not-stripped.txt,9,moeNia,moe,Nia,no,no
mbc156-not-stripped.txt,11,tonoa,tono,a,no,no
mbc156-not-stripped.txt,13,hiwiNia,hiwi,Nia,no,no
mbc204-not-stripped.txt,1,titotia,tito,tia,no,no
mbc204-not-stripped.txt,17,fakaNarotia,fakaNaro,tia,no,no
mbc204-not-stripped.txt,17,tukuna,tuku,na,no,no
mbc204-not-stripped.txt,15,kOrerotia,kOrero,tia,no,no
mbc087-not-stripped.txt,2,fakaurutia,fakauru,tia,no,no
mbc204-not-stripped.txt,17,taea,tae,a,no,no
mbc204-not-stripped.txt,1,fakahuatia,fakahua,tia,no,no
mbc204-not-stripped.txt,17,fakahuia,fakahui,a,no,no
mbc204-not-stripped.txt,17,kawea,kawe,a,no,no
mbc204-not-stripped.txt,15,fakahokia,fakahoki,a,no,no
mbc087-not-stripped.txt,2,fakatUria,fakatU,ria,no,no
mbc204-not-stripped.txt,3,tAria,tatari,a,no,no
mbc204-not-stripped.txt,3,fakaaea,fakaae,a,no,no
mbc087-not-stripped.txt,2,fakaaetia,fakaae,tia,no,no
mbc204-not-stripped.txt,17,fakaaea,fakaae,a,no,no
mbc204-not-stripped.txt,17,roaNia,roa,Nia,no,no
mbc204-not-stripped.txt,3,tukuna,tuku,na,no,no
mbc204-not-stripped.txt,3,fakaaea,fakaae,a,no,no
mbc091-not-stripped.txt,21,fakataurekarekatia,fakataurekareka,tia,no,no
mbc204-not-stripped.txt,3,roaNia,roa,Nia,no,no
mbc204-not-stripped.txt,3,tUmanakohia,tUmanako,hia,no,no
mbc204-not-stripped.txt,5,kOrerotia,kOrero,tia,no,no
mbc091-not-stripped.txt,21,taea,tae,a,no,no
mbc091-not-stripped.txt,21,fAia,fai,a,no,no
mbc204-not-stripped.txt,3,kOrerotia,kOrero,tia,no,no
mbc204-not-stripped.txt,17,turakina,turaki,na,no,no
mbc204-not-stripped.txt,3,fakaaea,fakaae,a,no,no
mbc091-not-stripped.txt,21,fAia,fai,a,no,no
mbc204-not-stripped.txt,3,kIia,kI,ia,no,no
mbc122-not-stripped.txt,11,mauria,mau,ria,no,no
mbc122-not-stripped.txt,52,fakatUria,fakatU,ria,no,no
mbc122-not-stripped.txt,11,taea,tae,a,no,no
mbc122-not-stripped.txt,6,mauria,mau,ria,no,no
mbc122-not-stripped.txt,52,roNonuitia,roNonui,tia,no,no
mbc122-not-stripped.txt,50,utaina,uta,ina,no,no
mbc122-not-stripped.txt,52,fakatUria,fakatU,ria,no,no
mbc122-not-stripped.txt,0,iriiritia,iriiri,tia,no,no
mbc122-not-stripped.txt,11,mAuiuitia,mAuiui,tia,no,no
mbc122-not-stripped.txt,63,taea,tae,a,no,no
mbc122-not-stripped.txt,9,tuhia,tuhi,a,no,no
mbc044-not-stripped.txt,53,taea,tae,a,no,no
mbc044-not-stripped.txt,51,tukuna,tuku,na,no,no
mbc044-not-stripped.txt,51,taea,tae,a,no,no
mbc044-not-stripped.txt,53,rapua,rapu,a,no,no
mbc044-not-stripped.txt,51,fakamutua,fakamutu,a,no,no
mbc044-not-stripped.txt,53,taea,tae,a,no,no
mbc044-not-stripped.txt,51,horoia,horoi,a,no,no
mbc243-not-stripped.txt,17,fakahaeretia,fakahaere,tia,no,no
mbc060-not-stripped.txt,24,korea,kore,a,no,no
mbc032-not-stripped.txt,20,tukuna,tuku,na,no,no
mbc243-not-stripped.txt,21,fakahaeretia,fakahaere,tia,no,no
mbc223-not-stripped.txt,6,haria,hari,a,no,no
mbc060-not-stripped.txt,24,taea,tae,a,no,no
mbc223-not-stripped.txt,8,fakatImatahia,fakatImata,hia,no,no
mbc243-not-stripped.txt,13,tonutia,tonu,tia,no,no
mbc243-not-stripped.txt,13,aukatihia,aukati,hia,no,no
mbc243-not-stripped.txt,17,mahia,mahi,a,no,no
mbc223-not-stripped.txt,8,pAtaia,pAtai,a,no,no
mbc032-not-stripped.txt,22,fakatikatikahia,fakatikatika,hia,no,no
mbc243-not-stripped.txt,15,fakahaeretia,fakahaere,tia,no,no
mbc243-not-stripped.txt,13,AwaNawaNatia,AwaNawaNa,tia,no,no
mbc243-not-stripped.txt,17,tautokona,tautoko,na,no,no
mbc243-not-stripped.txt,15,taea,tae,a,no,no
mbc223-not-stripped.txt,6,taNihia,taNi,hia,no,no
mbc217-not-stripped.txt,7,fakatakotoria,fakatakoto,ria,no,no
mbc217-not-stripped.txt,1,fakatUria,fakatU,ria,no,no
mbc217-not-stripped.txt,5,taea,tae,a,no,no
mbc217-not-stripped.txt,1,fakamAtauhia,fakamAtau,hia,no,no
mbc217-not-stripped.txt,1,fakatakotoria,fakatakoto,ria,no,no
mbc137-not-stripped.txt,10,karaNahia,karaNa,hia,no,no
mbc060-not-stripped.txt,55,taea,tae,a,no,no
mbc137-not-stripped.txt,10,aketia,ake,tia,no,no
mbc217-not-stripped.txt,1,firifiritia,firifiri,tia,no,no
mbc217-not-stripped.txt,1,pEfeatia,pEfea,tia,no,no
mbc137-not-stripped.txt,10,kOrerohia,kOrero,hia,no,no
mbc217-not-stripped.txt,13,taea,tae,a,no,no
mbc217-not-stripped.txt,1,taea,tae,a,no,no
mbc060-not-stripped.txt,57,fakahokia,fakahoki,a,no,no
mbc217-not-stripped.txt,1,fakatUria,fakatU,ria,no,no
mbc217-not-stripped.txt,5,iNoatia,iNoa,tia,no,no
mbc067-not-stripped.txt,14,uhia,uhi,a,no,no
mbc067-not-stripped.txt,14,kOrerohia,kOrero,hia,no,no
mbc217-not-stripped.txt,1,tonutia,tonu,tia,no,no
mbc217-not-stripped.txt,1,kOrerohia,kOrero,hia,no,no
mbc217-not-stripped.txt,1,haria,hari,a,no,no
mbc217-not-stripped.txt,1,taea,tae,a,no,no
mbc060-not-stripped.txt,57,fAnuitia,fAnui,tia,no,no
mbc217-not-stripped.txt,1,karaNahia,karaNa,hia,no,no
mbc137-not-stripped.txt,10,tImatahia,tImata,hia,no,no
mbc217-not-stripped.txt,9,murua,muru,a,no,no
mbc060-not-stripped.txt,57,kOrerohia,kOrero,hia,no,no
mbc217-not-stripped.txt,1,kOrerohia,kOrero,hia,no,no
mbc217-not-stripped.txt,1,fakatakotoria,fakatakoto,ria,no,no
mbc217-not-stripped.txt,3,fakamAtauria,fakamAtau,ria,no,no
mbc217-not-stripped.txt,1,titirohia,titiro,hia,no,no
mbc062-not-stripped.txt,37,pAhia,pA,hia,no,no
mbc079-not-stripped.txt,61,tIhahuNia,tIhahu,Nia,no,no
mbc109-not-stripped.txt,15,taea,tae,a,no,no
mbc109-not-stripped.txt,31,katia,kati,a,no,no
mbc109-not-stripped.txt,31,fakaahuaNia,fakaahua,Nia,no,no
mbc109-not-stripped.txt,31,katia,kati,a,no,no
mbc109-not-stripped.txt,33,taNohia,taNo,hia,no,no
mbc109-not-stripped.txt,33,tukuna,tuku,na,no,no
mbc109-not-stripped.txt,17,karaNahia,karaNa,hia,no,no
mbc229-not-stripped.txt,40,taea,tae,a,no,no
mbc229-not-stripped.txt,40,taea,tae,a,no,no
mbc229-not-stripped.txt,40,kOrerotia,kOrero,tia,no,no
mbc229-not-stripped.txt,40,fakafAnuitia,fakafAnui,tia,no,no
mbc221-not-stripped.txt,5,takahia,takahi,a,no,no
mbc127-not-stripped.txt,11,kinoNia,kino,Nia,no,no
mbc127-not-stripped.txt,11,kOrerotia,kOrero,tia,no,no
mbc127-not-stripped.txt,11,fakawAwAhiNia,fakawAwAhi,Nia,no,no
mbc127-not-stripped.txt,5,kOrerotia,kOrero,tia,no,no
mbc127-not-stripped.txt,5,kOrerotia,kOrero,tia,no,no
mbc127-not-stripped.txt,7,kOrerotia,kOrero,tia,no,no
mbc127-not-stripped.txt,14,tImataNia,tImata,Nia,no,no
mbc127-not-stripped.txt,7,kOrerotia,kOrero,tia,no,no
mbc127-not-stripped.txt,11,kOrerotia,kOrero,tia,no,no
mbc127-not-stripped.txt,11,fakarereatia,fakarere,a/tia,no,yes
mbc127-not-stripped.txt,11,kOrerotia,kOrero,tia,no,no
mbc127-not-stripped.txt,11,kOrerotia,kOrero,tia,no,no
mbc127-not-stripped.txt,11,kOrerotia,kOrero,tia,no,no
mbc127-not-stripped.txt,11,haNaNia,haNa,Nia,no,no
mbc127-not-stripped.txt,7,kOrerotia,kOrero,tia,no,no
mbc127-not-stripped.txt,11,fakatapuNia,fakatapu,Nia,no,no
mbc127-not-stripped.txt,9,kOrerotia,kOrero,tia,no,no
mbc127-not-stripped.txt,11,kOrerotia,kOrero,tia,no,no
mbc127-not-stripped.txt,14,paihereNia,paihere,Nia,no,no
mbc127-not-stripped.txt,7,kIia,kI,ia,no,no
mbc127-not-stripped.txt,14,fakaarohia,fakaaro,hia,no,no
mbc050-not-stripped.txt,38,mauria,mau,ria,no,no
mbc105-not-stripped.txt,2,fakamahia,fakamahi,a,no,no
mbc105-not-stripped.txt,2,fAia,fai,a,no,no
mbc105-not-stripped.txt,2,fakamahia,fakamahi,a,no,no
mbc051-not-stripped.txt,5,penuhia,penu,hia,no,no
mbc051-not-stripped.txt,5,haNA,haNa,a,no,no
mbc050-not-stripped.txt,47,meatia,mea,tia,no,no
mbc051-not-stripped.txt,5,patua,patu,a,no,no
mbc220-not-stripped.txt,17,afiNia,afi,Nia,no,no
mbc221-not-stripped.txt,46,fakaititia,fakaiti,tia,no,no
mbc221-not-stripped.txt,44,mahia,mahi,a,no,no
mbc230-not-stripped.txt,65,kIia,kI,ia,no,no
mbc052-not-stripped.txt,6,fakakorea,fakakore,a,no,no
mbc116-not-stripped.txt,4,haria,hari,a,no,no
mbc116-not-stripped.txt,4,tapaNia,tapa,Nia,no,no
mbc116-not-stripped.txt,62,fakaahuaNia,fakaahua,Nia,no,no
mbc116-not-stripped.txt,4,pAkia,pA,kia,no,no
mbc116-not-stripped.txt,62,tineia,tinei,a,no,no
mbc116-not-stripped.txt,4,haria,hari,a,no,no
mbc116-not-stripped.txt,4,ruruNia,ruru,Nia,no,no
mbc116-not-stripped.txt,4,pAkia,pA,kia,no,no
mbc084-not-stripped.txt,33,kitea,kite,a,no,no
mbc120-not-stripped.txt,21,tApuhia,tApu,hia,no,no
mbc120-not-stripped.txt,21,fakatikatikahia,fakatikatika,hia,no,no
mbc134-not-stripped.txt,24,manaakitia,manaaki,tia,no,no
mbc134-not-stripped.txt,26,moea,moe,a,no,no
mbc134-not-stripped.txt,24,moea,moe,a,no,no
mbc134-not-stripped.txt,28,fakamAramaNia,fakamArama,Nia,no,no
mbc134-not-stripped.txt,24,fakaheketia,fakaheke,tia,no,no
mbc134-not-stripped.txt,24,kaiNa,kai,Na,no,no
mbc134-not-stripped.txt,28,fakarApotopotoNia,fakarApotopoto,Nia,no,no
mbc134-not-stripped.txt,28,purua,puru,a,no,no
mbc134-not-stripped.txt,28,urua,uru,a,no,no
mbc134-not-stripped.txt,30,fakanuiNia,fakanui,Nia,no,no
mbc134-not-stripped.txt,22,fakaroaNia,fakaroa,Nia,no,no
mbc134-not-stripped.txt,24,fakahokia,fakahoki,a,no,no
mbc134-not-stripped.txt,24,kIia,kI,ia,no,no
mbc134-not-stripped.txt,28,tapaNia,tapa,Nia,no,no
mbc066-not-stripped.txt,53,pOkaitia,pOkai,tia,no,no
mbc041-not-stripped.txt,29,haria,hari,a,no,no
mbc041-not-stripped.txt,27,tahuna,tahu,na,no,no
mbc206-not-stripped.txt,1,tukuna,tuku,na,no,no
mbc206-not-stripped.txt,1,mahia,mahi,a,no,no
mbc206-not-stripped.txt,1,pANia,pA,Nia,no,no
mbc206-not-stripped.txt,5,unuhia,unu,hia,no,no
mbc206-not-stripped.txt,3,kiteNia,kite,Nia,no,no
mbc206-not-stripped.txt,1,kIia,kI,ia,no,no
mbc206-not-stripped.txt,3,mOhiotia,mOhio,tia,no,no
mbc206-not-stripped.txt,1,mahia,mahi,a,no,no
mbc206-not-stripped.txt,1,fakanohoNia,fakanoho,Nia,no,no
mbc206-not-stripped.txt,1,fakakINia,fakakI,Nia,no,no
mbc206-not-stripped.txt,7,takaiNia,takai,Nia,no,no
mbc206-not-stripped.txt,5,kOrerotia,kOrero,tia,no,no
mbc206-not-stripped.txt,5,meiNa,mea,Na,no,no
mbc206-not-stripped.txt,1,tapahiNia,tapahi,Nia,no,no
mbc206-not-stripped.txt,5,kIia,kI,ia,no,no
mbc206-not-stripped.txt,5,katoatia,katoa,tia,no,no
mbc206-not-stripped.txt,5,maunuNia,maunu,Nia,no,no
mbc206-not-stripped.txt,1,tonutia,tonu,tia,no,no
mbc034-not-stripped.txt,28,fakaaetia,fakaae,tia,no,no
mbc232-not-stripped.txt,64,kOrerotia,kOrero,tia,no,no
mbc232-not-stripped.txt,64,ruia,rui,a,no,no
mbc232-not-stripped.txt,64,roNohia,roNo,hia,no,no
mbc232-not-stripped.txt,64,hopuna,hopu,na,no,no
mbc232-not-stripped.txt,64,mArikatia,mArika,tia,no,no
mbc232-not-stripped.txt,64,ihotia,iho,tia,no,no
mbc232-not-stripped.txt,64,kOrerotia,kOrero,tia,no,no
mbc232-not-stripped.txt,64,fakamanatia,fakamana,tia,no,no
mbc232-not-stripped.txt,64,fakaritea,fakarite,a,no,no
mbc232-not-stripped.txt,64,fakataukItia,fakataukI,tia,no,no
mbc232-not-stripped.txt,64,roNohia,roNo,hia,no,no
mbc231-not-stripped.txt,17,mahia,mahi,a,no,no
mbc231-not-stripped.txt,17,utaina,uta,ina,no,no
mbc232-not-stripped.txt,64,tuhia,tuhi,a,no,no
mbc231-not-stripped.txt,17,tUhonohonotia,tUhonohono,tia,no,no
mbc066-not-stripped.txt,41,takahia,takahi,a,no,no
mbc047-not-stripped.txt,4,fakanOhia,fakanoho,hia,no,no
mbc065-not-stripped.txt,26,meiNia,mea,Nia,no,no
mbc065-not-stripped.txt,70,tohua,tohu,a,no,no
mbc065-not-stripped.txt,70,tukuna,tuku,na,no,no
mbc077-not-stripped.txt,55,kaiNia,kai,Nia,no,no
mbc019-not-stripped.txt,30,taea,tae,a,no,no
mbc019-not-stripped.txt,30,tuferatia,tufera,tia,no,no
mbc073-not-stripped.txt,15,kIia,kI,ia,no,no
mbc019-not-stripped.txt,28,tuferatia,tufera,tia,no,no
mbc019-not-stripped.txt,30,taea,tae,a,no,no
mbc073-not-stripped.txt,15,taea,tae,a,no,no
mbc019-not-stripped.txt,30,taea,tae,a,no,no
mbc079-not-stripped.txt,37,kIia,kI,ia,no,no
mbc059-not-stripped.txt,68,pAkia,pA,kia,no,no
mbc042-not-stripped.txt,12,wAriutia,wAriu,tia,no,no
mbc070-not-stripped.txt,25,pOtihia,pOti,hia,no,no
mbc042-not-stripped.txt,12,mOhiotia,mOhio,tia,no,no
mbc061-not-stripped.txt,56,tuia,tui,a,no,no
mbc070-not-stripped.txt,27,fiua,fiu,a,no,no
mbc052-not-stripped.txt,27,haNaia,haNa,ia,no,no
mbc080-not-stripped.txt,75,kitea,kite,a,no,no
mbc065-not-stripped.txt,66,tohua,tohu,a,no,no
mbc124-not-stripped.txt,1,fakahoutia,fakahou,tia,no,no
mbc064-not-stripped.txt,18,tArewatia,tArewa,tia,no,no
mbc136-not-stripped.txt,1,horaina,hora,ina,no,no
mbc042-not-stripped.txt,46,hIkoitia,hIkoi,tia,no,no
mbc060-not-stripped.txt,66,tuituihia,tuitui,hia,no,no
mbc041-not-stripped.txt,58,pAkia,pA,kia,no,no
mbc070-not-stripped.txt,23,hIkoihia,hIkoi,hia,no,no
mbc063-not-stripped.txt,43,taea,tae,a,no,no
mbc079-not-stripped.txt,5,firifirihia,firifiri,hia,no,no
mbc148-not-stripped.txt,21,fakanuihia,fakanui,hia,no,no
mbc041-not-stripped.txt,58,roNoNia,roNo,Nia,no,no
mbc061-not-stripped.txt,56,kitea,kite,a,no,no
mbc098-not-stripped.txt,22,pAkia,pA,kia,no,no
mbc057-not-stripped.txt,24,katia,kati,a,no,no
mbc057-not-stripped.txt,28,moumoutia,moumou,tia,no,no
mbc058-not-stripped.txt,65,horaina,hora,ina,no,no
mbc064-not-stripped.txt,24,taea,tae,a,no,no
mbc124-not-stripped.txt,15,tAhaetia,tAhae,tia,no,no
mbc046-not-stripped.txt,69,tukua,tuku,a,no,no
mbc145-not-stripped.txt,1,waihotia,waiho,tia,no,no
mbc080-not-stripped.txt,77,fakaarotia,fakaaro,tia,no,no
mbc051-not-stripped.txt,38,tImatahia,tImata,hia,no,no
mbc048-not-stripped.txt,33,fifia,fifi,a,no,no
mbc148-not-stripped.txt,5,kitea,kite,a,no,no
mbc066-not-stripped.txt,65,tirohia,titiro,hia,no,no
mbc066-not-stripped.txt,60,panipanitia,panipani,tia,no,no
mbc062-not-stripped.txt,50,utaina,uta,ina,no,no
mbc098-not-stripped.txt,14,mOhiotia,mOhio,tia,no,no
mbc064-not-stripped.txt,22,raNonaNia,roNo,na/Nia,no,yes
mbc098-not-stripped.txt,4,rapua,rapu,a,no,no
mbc052-not-stripped.txt,30,manakohia,manako,hia,no,no
mbc051-not-stripped.txt,41,kitea,kite,a,no,no
mbc044-not-stripped.txt,35,horaina,hora,ina,no,no
mbc148-not-stripped.txt,21,taea,tae,a,no,no
mbc064-not-stripped.txt,49,tuhia,tuhi,a,no,no
mbc098-not-stripped.txt,20,kIia,kI,ia,no,no
mbc060-not-stripped.txt,36,meatia,mea,tia,no,no
mbc057-not-stripped.txt,87,akohia,ako,hia,no,no
mbc061-not-stripped.txt,60,rarua,raru,a,no,no
mbc082-not-stripped.txt,33,muia,mui,a,no,no
mbc054-not-stripped.txt,66,tOpUatia,tOpU,a/tia,no,yes
mbc082-not-stripped.txt,39,haNahia,haNa,hia,no,no
mbc063-not-stripped.txt,41,horainahia,horaina,hia,no,no
mbc124-not-stripped.txt,13,waihotia,waiho,tia,no,no
mbc098-not-stripped.txt,4,kitea,kite,a,no,no
mbc069-not-stripped.txt,69,manahia,mana,hia,no,no
mbc042-not-stripped.txt,51,ruia,rui,a,no,no
mbc062-not-stripped.txt,44,kitea,kite,a,no,no
mbc082-not-stripped.txt,54,arohia,aro,hia,no,no
mbc046-not-stripped.txt,69,fakaturukia,fakaturu,kia,no,no
mbc066-not-stripped.txt,60,kOrerotia,kOrero,tia,no,no
mbc066-not-stripped.txt,60,fakaNAwaritia,fakaNAwari,tia,no,no
mbc044-not-stripped.txt,35,kitea,kite,a,no,no
mbc057-not-stripped.txt,26,tiakina,tiaki,na,no,no
mbc065-not-stripped.txt,63,pOtihia,pOti,hia,no,no
mbc098-not-stripped.txt,4,raraNatia,raraNa,tia,no,no
mbc060-not-stripped.txt,66,takohatia,takoha,tia,no,no
mbc064-not-stripped.txt,18,horainahia,horaina,hia,no,no
mbc042-not-stripped.txt,12,tukua,tuku,a,no,no
mbc063-not-stripped.txt,41,wAnaNahia,wAnaNa,hia,no,no
mbc048-not-stripped.txt,67,roNoNia,roNo,Nia,no,no
mbc057-not-stripped.txt,9,kitea,kite,a,no,no
mbc051-not-stripped.txt,35,fakahuihuitia,fakahuihui,tia,no,no
mbc065-not-stripped.txt,68,fakamOhiotia,fakamOhio,tia,no,no
mbc043-not-stripped.txt,46,raweketia,raweke,tia,no,no
mbc066-not-stripped.txt,60,fakaitihia,fakaiti,hia,no,no
mbc148-not-stripped.txt,1,fakaarohia,fakaaro,hia,no,no
mbc065-not-stripped.txt,66,fifia,fifi,a,no,no
mbc060-not-stripped.txt,62,tukua,tuku,a,no,no
mbc090-not-stripped.txt,26,kitea,kite,a,no,no
mbc055-not-stripped.txt,20,fakaritea,fakarite,a,no,no
mbc089-not-stripped.txt,1,pAkia,pA,kia,no,no
mbc059-not-stripped.txt,13,kitea,kite,a,no,no
mbc069-not-stripped.txt,67,tautokotia,tautoko,tia,no,no
mbc077-not-stripped.txt,17,tapahia,tapahi,a,no,no
mbc044-not-stripped.txt,42,taea,tae,a,no,no
mbc060-not-stripped.txt,33,tohua,tohu,a,no,no
mbc085-not-stripped.txt,2,fakapaetia,fakapae,tia,no,no
mbc059-not-stripped.txt,66,terehia,tere,hia,no,no
mbc042-not-stripped.txt,12,fakaputahia,fakaputa,hia,no,no
mbc042-not-stripped.txt,46,fakaritea,fakarite,a,no,no
mbc059-not-stripped.txt,10,taea,tae,a,no,no
mbc136-not-stripped.txt,15,fakanuihia,fakanui,hia,no,no
mbc124-not-stripped.txt,10,haNahia,haNa,hia,no,no
mbc124-not-stripped.txt,15,fakairotia,fakairo,tia,no,no
mbc064-not-stripped.txt,18,fifia,fifi,a,no,no
mbc124-not-stripped.txt,16,tohua,tohu,a,no,no
mbc136-not-stripped.txt,5,fakaarotia,fakaaro,tia,no,no
mbc079-not-stripped.txt,5,horaina,hora,ina,no,no
mbc054-not-stripped.txt,64,tohutohuhia,tohutohu,hia,no,no
mbc065-not-stripped.txt,66,taea,tae,a,no,no
mbc051-not-stripped.txt,35,tirohia,titiro,hia,no,no
mbc089-not-stripped.txt,39,manahia,mana,hia,no,no
mbc061-not-stripped.txt,30,mOhiotia,mOhio,tia,no,no
mbc060-not-stripped.txt,68,fAia,fai,a,no,no
mbc056-not-stripped.txt,67,kitea,kite,a,no,no
mbc042-not-stripped.txt,49,firifirihia,firifiri,hia,no,no
mbc082-not-stripped.txt,59,tirohia,titiro,hia,no,no
mbc041-not-stripped.txt,28,fakapauhia,fakapau,hia,no,no
mbc088-not-stripped.txt,75,penihanatia,penihana,tia,no,no
mbc085-not-stripped.txt,2,muia,mui,a,no,no
mbc085-not-stripped.txt,2,fakawANia,fakawA,Nia,no,no
mbc090-not-stripped.txt,30,taea,tae,a,no,no
mbc069-not-stripped.txt,81,haNaia,haNa,ia,no,no
mbc064-not-stripped.txt,18,fakaarohia,fakaaro,hia,no,no
mbc063-not-stripped.txt,27,ruia,rui,a,no,no
mbc059-not-stripped.txt,7,horaina,hora,ina,no,no
mbc145-not-stripped.txt,9,kOrerotia,kOrero,tia,no,no
mbc069-not-stripped.txt,84,tuia,tui,a,no,no
mbc083-not-stripped.txt,66,tuhia,tuhi,a,no,no
mbc136-not-stripped.txt,37,fakatUhia,fakatU,hia,no,no
mbc089-not-stripped.txt,39,fakaritea,fakarite,a,no,no
mbc048-not-stripped.txt,75,kitea,kite,a,no,no
mbc048-not-stripped.txt,67,kitea,kite,a,no,no
mbc055-not-stripped.txt,23,hikihia,hiki,hia,no,no
mbc042-not-stripped.txt,12,hokona,hoko,na,no,no
mbc056-not-stripped.txt,67,murua,muru,a,no,no
mbc042-not-stripped.txt,12,katia,kati,a,no,no
mbc061-not-stripped.txt,24,kIia,kI,ia,no,no
mbc042-not-stripped.txt,51,taea,tae,a,no,no
mbc066-not-stripped.txt,23,fAia,fai,a,no,no
mbc085-not-stripped.txt,2,kawea,kawe,a,no,no
mbc145-not-stripped.txt,47,ruia,rui,a,no,no
mbc071-not-stripped.txt,35,karaNahia,karaNa,hia,no,no
mbc130-not-stripped.txt,17,kIia,kI,ia,no,no
mbc048-not-stripped.txt,64,kitea,kite,a,no,no
mbc043-not-stripped.txt,29,kanohinohia,kanohinohi,a,no,no
mbc048-not-stripped.txt,64,taea,tae,a,no,no
mbc100-not-stripped.txt,2,tuhia,tuhi,a,no,no
mbc100-not-stripped.txt,39,tuhituhia,tuhituhi,a,no,no
mbc162-not-stripped.txt,35,utua,utu,a,no,no
mbc162-not-stripped.txt,45,tonoa,tono,a,no,no
mbc162-not-stripped.txt,35,kOrerohia,kOrero,hia,no,no
mbc162-not-stripped.txt,55,homaihia,homai,hia,no,no
mbc092-not-stripped.txt,1,mahia,mahi,a,no,no
mbc083-not-stripped.txt,8,tonoa,tono,a,no,no
mbc100-not-stripped.txt,2,tohia,tohi,a,no,no
mbc092-not-stripped.txt,1,kOrerohia,kOrero,hia,no,no
mbc100-not-stripped.txt,39,wekuhia,weku,hia,no,no
mbc092-not-stripped.txt,1,fafaihia,fafai,hia,no,no
mbc162-not-stripped.txt,25,karaNahia,karaNa,hia,no,no
mbc100-not-stripped.txt,2,mahia,mahi,a,no,no
mbc162-not-stripped.txt,11,kOrerohia,kOrero,hia,no,no
mbc083-not-stripped.txt,6,kitea,kite,a,no,no
mbc162-not-stripped.txt,53,mahia,mahi,a,no,no
mbc162-not-stripped.txt,53,tirotirohia,tirotiro,hia,no,no
mbc092-not-stripped.txt,5,karaNahia,karaNa,hia,no,no
mbc083-not-stripped.txt,10,taea,tae,a,no,no
mbc092-not-stripped.txt,0,mahia,mahi,a,no,no
mbc162-not-stripped.txt,17,utua,utu,a,no,no
mbc162-not-stripped.txt,37,tirotirohia,tirotiro,hia,no,no
mbc162-not-stripped.txt,5,kOrerorerohia,kOrerorero,hia,no,no
mbc162-not-stripped.txt,17,fakahokia,fakahoki,a,no,no
mbc162-not-stripped.txt,23,fakaotia,fakaoti,a,no,no
mbc162-not-stripped.txt,3,fakahokia,fakahoki,a,no,no
mbc100-not-stripped.txt,2,haerehia,haere,hia,no,no
mbc162-not-stripped.txt,1,kOrerohia,kOrero,hia,no,no
mbc100-not-stripped.txt,2,mahia,mahi,a,no,no
mbc100-not-stripped.txt,2,akohia,ako,hia,no,no
mbc162-not-stripped.txt,37,kohia,kohi,a,no,no
mbc092-not-stripped.txt,1,mauria,mau,ria,no,no
mbc100-not-stripped.txt,39,purua,puru,a,no,no
mbc092-not-stripped.txt,0,kohikohia,kohikohi,a,no,no
mbc100-not-stripped.txt,2,taea,tae,a,no,no
mbc162-not-stripped.txt,37,kohia,kohi,a,no,no
mbc162-not-stripped.txt,1,tAhia,tA,hia,no,no
mbc100-not-stripped.txt,39,purua,puru,a,no,no
mbc162-not-stripped.txt,11,fakaotia,fakaoti,a,no,no
mbc162-not-stripped.txt,1,hurihurihia,hurihuri,hia,no,no
mbc162-not-stripped.txt,35,tirotirohia,tirotiro,hia,no,no
mbc092-not-stripped.txt,12,mahia,mahi,a,no,no
mbc162-not-stripped.txt,11,mahia,mahi,a,no,no
mbc162-not-stripped.txt,59,taea,tae,a,no,no
mbc092-not-stripped.txt,1,fakahuihuia,fakahuihui,a,no,no
mbc092-not-stripped.txt,0,fakahokia,fakahoki,a,no,no
mbc162-not-stripped.txt,11,tukuna,tuku,na,no,no
mbc092-not-stripped.txt,12,taNohia,taNo,hia,no,no
mbc092-not-stripped.txt,15,fakahokia,fakahoki,a,no,no
mbc092-not-stripped.txt,1,fakatahihia,fakatahi,hia,no,no
mbc162-not-stripped.txt,11,kOrerohia,kOrero,hia,no,no
mbc162-not-stripped.txt,11,kEhia,kE,hia,no,no
mbc092-not-stripped.txt,0,pErAtia,pErA,tia,no,no
mbc100-not-stripped.txt,39,tuhituhia,tuhituhi,a,no,no
mbc083-not-stripped.txt,8,mahia,mahi,a,no,no
mbc092-not-stripped.txt,1,fakatOhia,fakatO,hia,no,no
mbc162-not-stripped.txt,13,kOrerohia,kOrero,hia,no,no
mbc162-not-stripped.txt,59,fakaaeNia,fakaae,Nia,no,no
mbc162-not-stripped.txt,59,taea,tae,a,no,no
mbc125-not-stripped.txt,0,fakahokia,fakahoki,a,no,no
mbc125-not-stripped.txt,0,hainatia,haina,tia,no,no
mbc125-not-stripped.txt,0,keria,keri,a,no,no
mbc125-not-stripped.txt,0,fakahokia,fakahoki,a,no,no
mbc185-not-stripped.txt,13,mahia,mahi,a,no,no
mbc185-not-stripped.txt,28,mahia,mahi,a,no,no
mbc185-not-stripped.txt,38,fakatikatikahia,fakatikatika,hia,no,no
mbc185-not-stripped.txt,1,tirotirohia,tirotiro,hia,no,no
mbc185-not-stripped.txt,32,firifirihia,firifiri,hia,no,no
mbc185-not-stripped.txt,38,fakaaehia,fakaae,hia,no,no
mbc083-not-stripped.txt,59,kitea,kite,a,no,no
mbc185-not-stripped.txt,25,taea,tae,a,no,no
mbc185-not-stripped.txt,17,mahia,mahi,a,no,no
mbc185-not-stripped.txt,26,kOrerohia,kOrero,hia,no,no
mbc185-not-stripped.txt,32,fakaaehia,fakaae,hia,no,no
mbc185-not-stripped.txt,32,hurihia,huri,hia,no,no
mbc185-not-stripped.txt,32,fakanohohia,fakanoho,hia,no,no
mbc185-not-stripped.txt,26,tonuhia,tonu,hia,no,no
mbc185-not-stripped.txt,32,haria,hari,a,no,no
mbc185-not-stripped.txt,23,panaia,pana,ia,no,no
mbc083-not-stripped.txt,59,mahia,mahi,a,no,no
mbc185-not-stripped.txt,5,kOrerohia,kOrero,hia,no,no
mbc185-not-stripped.txt,1,tirotirohia,tirotiro,hia,no,no
mbc083-not-stripped.txt,59,mahia,mahi,a,no,no
mbc185-not-stripped.txt,1,tirotirohia,tirotiro,hia,no,no
mbc185-not-stripped.txt,1,kuhukuhuna,kuhukuhu,na,no,no
mbc185-not-stripped.txt,3,fakamAramahia,fakamArama,hia,no,no
mbc185-not-stripped.txt,23,panaia,pana,ia,no,no
mbc185-not-stripped.txt,1,kimihia,kimi,hia,no,no
mbc185-not-stripped.txt,1,tirotirohia,tirotiro,hia,no,no
mbc185-not-stripped.txt,52,kIhia,kI,hia,no,no
mbc185-not-stripped.txt,26,tonohia,tono,hia,no,no
mbc185-not-stripped.txt,1,firifirihia,firifiri,hia,no,no
mbc185-not-stripped.txt,28,fakatikatikahia,fakatikatika,hia,no,no
mbc185-not-stripped.txt,38,fakaaehia,fakaae,hia,no,no
mbc058-not-stripped.txt,26,kOrerotia,kOrero,tia,no,no
mbc076-not-stripped.txt,36,kOrerotia,kOrero,tia,no,no
mbc047-not-stripped.txt,16,faitia,fai,tia,no,no
mbc071-not-stripped.txt,21,mahia,mahi,a,no,no
mbc058-not-stripped.txt,26,karaNatia,karaNa,tia,no,no
mbc085-not-stripped.txt,35,mahia,mahi,a,no,no
mbc071-not-stripped.txt,21,fAia,fai,a,no,no
mbc054-not-stripped.txt,24,fakafitia,fakafiti,a,no,no
mbc047-not-stripped.txt,16,taea,tae,a,no,no
mbc071-not-stripped.txt,19,taea,tae,a,no,no
mbc076-not-stripped.txt,38,kOrerotia,kOrero,tia,no,no
mbc071-not-stripped.txt,19,fakaiNoatia,fakaiNoa,tia,no,no
mbc054-not-stripped.txt,24,pAnuitia,pAnui,tia,no,no
mbc163-not-stripped.txt,313,fakawAtia,fakawA,tia,no,no
mbc163-not-stripped.txt,311,fakatUria,fakatU,ria,no,no
mbc163-not-stripped.txt,258,karaNahia,karaNa,hia,no,no
mbc163-not-stripped.txt,297,mauria,mau,ria,no,no
mbc163-not-stripped.txt,307,fakaaturia,fakaatu,ria,no,no
mbc163-not-stripped.txt,303,mauheretia,mauhere,tia,no,no
mbc163-not-stripped.txt,313,taea,tae,a,no,no
mbc163-not-stripped.txt,258,taea,tae,a,no,no
mbc163-not-stripped.txt,293,fakahokia,fakahoki,a,no,no
mbc163-not-stripped.txt,280,fakawAteatia,fakawAtea,tia,no,no
mbc163-not-stripped.txt,313,mauheretia,mauhere,tia,no,no
mbc061-not-stripped.txt,72,fakatUria,fakatU,ria,no,no
mbc163-not-stripped.txt,305,fakaritea,fakarite,a,no,no
mbc163-not-stripped.txt,315,mauheretia,mauhere,tia,no,no
mbc163-not-stripped.txt,258,fakatUria,fakatU,ria,no,no
mbc163-not-stripped.txt,297,kitea,kite,a,no,no
mbc163-not-stripped.txt,319,mOhiotia,mOhio,tia,no,no
mbc074-not-stripped.txt,3,mahia,mahi,a,no,no
mbc163-not-stripped.txt,313,mauheretia,mauhere,tia,no,no
mbc163-not-stripped.txt,309,kitea,kite,a,no,no
mbc163-not-stripped.txt,313,mauria,mau,ria,no,no
mbc163-not-stripped.txt,311,takatakahia,takatakahi,a,no,no
mbc163-not-stripped.txt,313,tIkina,tiki,na,no,no
mbc163-not-stripped.txt,313,mauria,mau,ria,no,no
mbc163-not-stripped.txt,286,mauheretia,mauhere,tia,no,no
mbc163-not-stripped.txt,313,mahia,mahi,a,no,no
mbc263-not-stripped.txt,14,kitea,kite,a,no,no
mbc163-not-stripped.txt,315,haria,hari,a,no,no
mbc163-not-stripped.txt,280,taea,tae,a,no,no
mbc163-not-stripped.txt,313,mauria,mau,ria,no,no
mbc163-not-stripped.txt,313,taea,tae,a,no,no
mbc195-not-stripped.txt,47,fakarerea,fakarere,a,no,no
mbc195-not-stripped.txt,47,fakapaua,fakapau,a,no,no
mbc195-not-stripped.txt,47,fakarerea,fakarere,a,no,no
mbc195-not-stripped.txt,47,fakapaua,fakapau,a,no,no
mbc195-not-stripped.txt,47,fakarerea,fakarere,a,no,no
mbc195-not-stripped.txt,47,fakarerea,fakarere,a,no,no
mbc195-not-stripped.txt,47,fakarerea,fakarere,a,no,no
mbc195-not-stripped.txt,47,fakapaua,fakapau,a,no,no
mbc195-not-stripped.txt,47,tukuna,tuku,na,no,no
mbc195-not-stripped.txt,47,fakapaua,fakapau,a,no,no
mbc053-not-stripped.txt,48,kOrerotia,kOrero,tia,no,no
mbc053-not-stripped.txt,46,tukuna,tuku,na,no,no
mbc053-not-stripped.txt,46,tukuna,tuku,na,no,no
mbc159-not-stripped.txt,25,fakahokia,fakahoki,a,no,no
mbc159-not-stripped.txt,25,fakaNAwarihia,fakaNAwari,hia,no,no
mbc159-not-stripped.txt,25,homaihia,homai,hia,no,no
mbc159-not-stripped.txt,25,fakarerea,fakarere,a,no,no
mbc159-not-stripped.txt,25,waihohia,waiho,hia,no,no
mbc159-not-stripped.txt,25,mahihia,mahi,hia,no,no
mbc159-not-stripped.txt,25,karaNahia,karaNa,hia,no,no
mbc159-not-stripped.txt,25,kOrerohia,kOrero,hia,no,no
mbc159-not-stripped.txt,25,kOrerohia,kOrero,hia,no,no
mbc159-not-stripped.txt,25,pAnuihia,pAnui,hia,no,no
mbc159-not-stripped.txt,25,fakamAramahia,fakamArama,hia,no,no
mbc159-not-stripped.txt,25,moemoeAhia,moemoeA,hia,no,no
mbc159-not-stripped.txt,25,taea,tae,a,no,no
mbc159-not-stripped.txt,25,pAnuihia,pAnui,hia,no,no
mbc159-not-stripped.txt,25,tuhihia,tuhi,hia,no,no
mbc120-not-stripped.txt,27,fakakuiahia,fakakuia,hia,no,no
mbc067-not-stripped.txt,47,fakamanaNia,fakamana,Nia,no,no
mbc049-not-stripped.txt,40,fAnuitia,fAnui,tia,no,no
mbc049-not-stripped.txt,40,raNona,roNo,na,no,no
mbc044-not-stripped.txt,64,tukuna,tuku,na,no,no
mbc067-not-stripped.txt,32,fakamaroketia,fakamaroke,tia,no,no
mbc057-not-stripped.txt,83,fakakoreNia,fakakore,Nia,no,no
mbc231-not-stripped.txt,70,kohia,kohi,a,no,no
mbc169-not-stripped.txt,5,tukua,tuku,a,no,no
mbc169-not-stripped.txt,5,fakahokia,fakahoki,a,no,no
mbc169-not-stripped.txt,5,riNihia,riNi,hia,no,no
mbc169-not-stripped.txt,1,hENia,hE,Nia,no,no
mbc169-not-stripped.txt,5,fakakapia,fakakapi,a,no,no
mbc169-not-stripped.txt,5,ririNihia,ririNi,hia,no,no
mbc169-not-stripped.txt,3,nukuhia,nuku,hia,no,no
mbc231-not-stripped.txt,72,tukua,tuku,a,no,no
mbc169-not-stripped.txt,5,pErANia,pErA,Nia,no,no
mbc169-not-stripped.txt,5,tukuna,tuku,na,no,no
mbc169-not-stripped.txt,5,rIhia,rIhi,a,no,no
mbc169-not-stripped.txt,9,firifiria,firifiri,a,no,no
mbc169-not-stripped.txt,5,hokia,hoki,a,no,no
mbc169-not-stripped.txt,13,fakatONia,fakatO,Nia,no,no
mbc058-not-stripped.txt,7,tirohia,titiro,hia,no,no
mbc169-not-stripped.txt,9,tukuna,tuku,na,no,no
mbc231-not-stripped.txt,70,titirohia,titiro,hia,no,no
mbc169-not-stripped.txt,5,meiNa,mea,Na,no,no
mbc231-not-stripped.txt,70,fakariteNia,fakarite,Nia,no,no
mbc169-not-stripped.txt,5,kapia,kapi,a,no,no
mbc231-not-stripped.txt,74,turakina,turaki,na,no,no
mbc169-not-stripped.txt,1,fakamAramaNia,fakamArama,Nia,no,no
mbc169-not-stripped.txt,9,hApaiNia,hApai,Nia,no,no
mbc169-not-stripped.txt,11,fakamAtautauNia,fakamAtautau,Nia,no,no
mbc169-not-stripped.txt,9,fafaiNia,fafai,Nia,no,no
mbc231-not-stripped.txt,72,tukua,tuku,a,no,no
mbc169-not-stripped.txt,9,meaNia,mea,Nia,no,no
mbc169-not-stripped.txt,1,fakamAramaNia,fakamArama,Nia,no,no
mbc169-not-stripped.txt,1,tikaNia,tika,Nia,no,no
mbc169-not-stripped.txt,9,kohiNia,kohi,Nia,no,no
mbc231-not-stripped.txt,70,kIia,kI,ia,no,no
mbc169-not-stripped.txt,9,mauria,mau,ria,no,no
mbc169-not-stripped.txt,1,mahia,mahi,a,no,no
mbc169-not-stripped.txt,9,mArikaNia,mArika,Nia,no,no
mbc169-not-stripped.txt,1,fakarerehia,fakarere,hia,no,no
mbc169-not-stripped.txt,1,tirohia,titiro,hia,no,no
mbc169-not-stripped.txt,9,mArikaNia,mArika,Nia,no,no
mbc169-not-stripped.txt,9,mauria,mau,ria,no,no
mbc169-not-stripped.txt,1,fakarerea,fakarere,a,no,no
mbc083-not-stripped.txt,65,karaNatia,karaNa,tia,no,no
mbc083-not-stripped.txt,65,kIia,kI,ia,no,no
mbc087-not-stripped.txt,29,fakatakatakahia,fakatakataka,hia,no,no
mbc158-not-stripped.txt,19,hikitia,hiki,tia,no,no
mbc158-not-stripped.txt,1,mauria,mau,ria,no,no
mbc158-not-stripped.txt,54,takahia,takahi,a,no,no
mbc158-not-stripped.txt,11,tukuna,tuku,na,no,no
mbc158-not-stripped.txt,11,tuhituhia,tuhituhi,a,no,no
mbc158-not-stripped.txt,54,takatakahia,takatakahi,a,no,no
mbc158-not-stripped.txt,7,tukuna,tuku,na,no,no
mbc158-not-stripped.txt,41,taea,tae,a,no,no
mbc158-not-stripped.txt,27,tukuna,tuku,na,no,no
mbc158-not-stripped.txt,54,takatakahia,takatakahi,a,no,no
mbc158-not-stripped.txt,11,karaNatia,karaNa,tia,no,no
mbc158-not-stripped.txt,50,wepua,wepu,a,no,no
mbc158-not-stripped.txt,7,karaNatia,karaNa,tia,no,no
mbc158-not-stripped.txt,54,takatakahia,takatakahi,a,no,no
mbc158-not-stripped.txt,50,mahia,mahi,a,no,no
mbc158-not-stripped.txt,11,karaNatia,karaNa,tia,no,no
mbc158-not-stripped.txt,50,tukuna,tuku,na,no,no
mbc158-not-stripped.txt,35,kitea,kite,a,no,no
mbc158-not-stripped.txt,5,hokona,hoko,na,no,no
mbc158-not-stripped.txt,44,mauria,mau,ria,no,no
mbc158-not-stripped.txt,27,mauria,mau,ria,no,no
mbc158-not-stripped.txt,37,tukuna,tuku,na,no,no
mbc158-not-stripped.txt,7,tukuna,tuku,na,no,no
mbc092-not-stripped.txt,20,motuhakeNia,motuhake,Nia,no,no
mbc092-not-stripped.txt,20,motuhakeNia,motuhake,Nia,no,no
mbc092-not-stripped.txt,20,mahia,mahi,a,no,no
mbc092-not-stripped.txt,18,taea,tae,a,no,no
mbc092-not-stripped.txt,18,fakatUNia,fakatU,Nia,no,no
mbc092-not-stripped.txt,18,takahia,takahi,a,no,no
mbc092-not-stripped.txt,16,kitea,kite,a,no,no
mbc092-not-stripped.txt,18,tukuna,tuku,na,no,no
mbc092-not-stripped.txt,18,pAtaia,pAtai,a,no,no
mbc092-not-stripped.txt,20,hokona,hoko,na,no,no
mbc092-not-stripped.txt,16,mahia,mahi,a,no,no
mbc092-not-stripped.txt,18,rapua,rapu,a,no,no
mbc092-not-stripped.txt,20,hokona,hoko,na,no,no
mbc092-not-stripped.txt,18,taea,tae,a,no,no
mbc092-not-stripped.txt,16,fakatUNia,fakatU,Nia,no,no
mbc092-not-stripped.txt,18,taea,tae,a,no,no
mbc092-not-stripped.txt,16,tukuna,tuku,na,no,no
mbc189-not-stripped.txt,1,takaia,taka,ia,no,no
mbc004-not-stripped.txt,6,mOhiotia,mOhio,tia,no,no
mbc004-not-stripped.txt,6,waihaNatia,waihaNa,tia,no,no
mbc007-not-stripped.txt,8,rAhuitia,rAhui,tia,no,no
mbc007-not-stripped.txt,9,kitea,kite,a,no,no
mbc207-not-stripped.txt,7,kOrerotia,kOrero,tia,no,no
mbc004-not-stripped.txt,0,mauheretia,mauhere,tia,no,no
mbc007-not-stripped.txt,12,fakahokia,fakahoki,a,no,no
mbc207-not-stripped.txt,7,nuitia,nui,tia,no,no
mbc004-not-stripped.txt,4,mahia,mahi,a,no,no
mbc004-not-stripped.txt,0,tukua,tuku,a,no,no
mbc207-not-stripped.txt,5,takaia,taka,ia,no,no
mbc206-not-stripped.txt,12,tohaina,toha,ina,no,no
mbc207-not-stripped.txt,7,fakakikItia,fakakikI,tia,no,no
mbc008-not-stripped.txt,39,taea,tae,a,no,no
mbc207-not-stripped.txt,7,fakakikItia,fakakikI,tia,no,no
mbc207-not-stripped.txt,5,fiua,fiu,a,no,no
mbc004-not-stripped.txt,2,taea,tae,a,no,no
mbc190-not-stripped.txt,0,uhia,uhi,a,no,no
mbc008-not-stripped.txt,7,horahia,hora,hia,no,no
mbc004-not-stripped.txt,0,fakapuNarehuhia,fakapuNarehu,hia,no,no
mbc004-not-stripped.txt,4,tautokoria,tautoko,ria,no,no
mbc189-not-stripped.txt,0,wahaNUtia,wahaNU,tia,no,no
mbc004-not-stripped.txt,10,mauhereheretia,mauherehere,tia,no,no
mbc008-not-stripped.txt,37,taea,tae,a,no,no
mbc004-not-stripped.txt,6,fakatakotoria,fakatakoto,ria,no,no
mbc008-not-stripped.txt,10,fakaurua,fakauru,a,no,no
mbc007-not-stripped.txt,8,tohuNatia,tohuNa,tia,no,no
mbc189-not-stripped.txt,17,fakatakotoria,fakatakoto,ria,no,no
mbc207-not-stripped.txt,7,kitea,kite,a,no,no
mbc004-not-stripped.txt,8,atafaitia,atafai,tia,no,no
mbc007-not-stripped.txt,8,fakahaeretia,fakahaere,tia,no,no
mbc207-not-stripped.txt,5,tIkina,tiki,na,no,no
mbc004-not-stripped.txt,4,fakatUria,fakatU,ria,no,no
mbc007-not-stripped.txt,12,raupatutia,raupatu,tia,no,no
mbc207-not-stripped.txt,3,takaia,taka,ia,no,no
mbc207-not-stripped.txt,5,fakatahetia,fakatahe,tia,no,no
mbc004-not-stripped.txt,4,tirohia,titiro,hia,no,no
mbc207-not-stripped.txt,7,tAtaritia,tAtari,tia,no,no
mbc206-not-stripped.txt,12,fakatUria,fakatU,ria,no,no
mbc007-not-stripped.txt,8,firifiria,firifiri,a,no,no
mbc004-not-stripped.txt,0,mauheretia,mauhere,tia,no,no
mbc004-not-stripped.txt,0,turakina,turaki,na,no,no
mbc004-not-stripped.txt,0,utaina,uta,ina,no,no
mbc207-not-stripped.txt,8,piria,piri,a,no,no
mbc189-not-stripped.txt,1,taNihia,taNi,hia,no,no
mbc004-not-stripped.txt,6,tANia,tA,Nia,no,no
mbc207-not-stripped.txt,3,uhia,uhi,a,no,no
mbc207-not-stripped.txt,3,takaia,taka,ia,no,no
mbc207-not-stripped.txt,3,tAfaofaotia,tAfaofao,tia,no,no
mbc207-not-stripped.txt,7,tinihaNatia,tinihaNa,tia,no,no
mbc207-not-stripped.txt,3,mauria,mau,ria,no,no
mbc004-not-stripped.txt,5,fakahaeretia,fakahaere,tia,no,no
mbc207-not-stripped.txt,5,reretia,rere,tia,no,no
mbc207-not-stripped.txt,11,tineia,tinei,a,no,no
mbc007-not-stripped.txt,2,fakarerea,fakarere,a,no,no
mbc207-not-stripped.txt,7,kitea,kite,a,no,no
mbc020-not-stripped.txt,5,fakahaeretia,fakahaere,tia,no,no
mbc207-not-stripped.txt,11,kAfakina,kAfaki,na,no,no
mbc004-not-stripped.txt,17,hiahiatia,hiahia,tia,no,no
mbc008-not-stripped.txt,39,fAia,fai,a,no,no
mbc207-not-stripped.txt,5,hikina,hiki,na,no,no
mbc007-not-stripped.txt,1,horoia,horoi,a,no,no
mbc207-not-stripped.txt,3,reretia,rere,tia,no,no
mbc207-not-stripped.txt,11,kOfakina,kOfaki,na,no,no
mbc008-not-stripped.txt,10,fakarAhuitia,fakarAhui,tia,no,no
mbc207-not-stripped.txt,7,tAtarihia,tAtari,hia,no,no
mbc207-not-stripped.txt,7,tinihaNatia,tinihaNa,tia,no,no
mbc008-not-stripped.txt,2,rAhuitia,rAhui,tia,no,no
mbc004-not-stripped.txt,0,tirohia,titiro,hia,no,no
mbc190-not-stripped.txt,0,fakapuakina,fakapuaki,na,no,no
mbc207-not-stripped.txt,7,mauria,mau,ria,no,no
mbc008-not-stripped.txt,8,mauria,mau,ria,no,no
mbc007-not-stripped.txt,26,tukua,tuku,a,no,no
mbc008-not-stripped.txt,8,taNihia,taNi,hia,no,no
mbc007-not-stripped.txt,13,tUkinotia,tUkino,tia,no,no
mbc207-not-stripped.txt,5,fakairia,fakairi,a,no,no
mbc007-not-stripped.txt,12,fakapaua,fakapau,a,no,no
mbc207-not-stripped.txt,3,karamuimuitia,karamuimui,tia,no,no
mbc004-not-stripped.txt,15,fakahokia,fakahoki,a,no,no
mbc207-not-stripped.txt,8,mauria,mau,ria,no,no
mbc206-not-stripped.txt,12,tirohia,titiro,hia,no,no
mbc008-not-stripped.txt,32,fakafifia,fakafifi,a,no,no
mbc207-not-stripped.txt,7,katia,kati,a,no,no
mbc008-not-stripped.txt,29,fakaaratia,fakaara,tia,no,no
mbc008-not-stripped.txt,29,tirohia,titiro,hia,no,no
mbc020-not-stripped.txt,3,pOfiritia,pOfiri,tia,no,no
mbc207-not-stripped.txt,11,kAfakina,kAfaki,na,no,no
mbc206-not-stripped.txt,16,tImataria,tImata,ria,no,no
mbc004-not-stripped.txt,10,fafaitia,fafai,tia,no,no
mbc206-not-stripped.txt,12,fakatUria,fakatU,ria,no,no
mbc206-not-stripped.txt,16,mOhiotia,mOhio,tia,no,no
mbc008-not-stripped.txt,30,mahia,mahi,a,no,no
mbc207-not-stripped.txt,11,mauria,mau,ria,no,no
mbc007-not-stripped.txt,1,noatia,noa,tia,no,no
mbc207-not-stripped.txt,6,tirohia,titiro,hia,no,no
mbc189-not-stripped.txt,17,uhia,uhi,a,no,no
mbc007-not-stripped.txt,12,fakahokia,fakahoki,a,no,no
mbc008-not-stripped.txt,35,kOrerotia,kOrero,tia,no,no
mbc207-not-stripped.txt,3,fiua,fiu,a,no,no
mbc008-not-stripped.txt,7,kOrerotia,kOrero,tia,no,no
mbc189-not-stripped.txt,1,fakahokia,fakahoki,a,no,no
mbc206-not-stripped.txt,16,fakaaritia,fakaari,tia,no,no
mbc008-not-stripped.txt,30,pEhia,pEhi,a,no,no
mbc004-not-stripped.txt,8,takahuritia,takahuri,tia,no,no
mbc004-not-stripped.txt,10,murua,muru,a,no,no
mbc008-not-stripped.txt,10,fakaurua,fakauru,a,no,no
mbc004-not-stripped.txt,10,nOhiatia,noho,hia/tia,no,yes
mbc007-not-stripped.txt,14,fakarawakoretia,fakarawakore,tia,no,no
mbc007-not-stripped.txt,35,tANia,tA,Nia,no,no
mbc207-not-stripped.txt,3,taea,tae,a,no,no
mbc206-not-stripped.txt,14,tirohia,titiro,hia,no,no
mbc007-not-stripped.txt,28,fakanuitia,fakanui,tia,no,no
mbc004-not-stripped.txt,15,tuatahitia,tuatahi,tia,no,no
mbc004-not-stripped.txt,17,fakatUria,fakatU,ria,no,no
mbc189-not-stripped.txt,1,kOkiritia,kOkiri,tia,no,no
mbc207-not-stripped.txt,11,tineia,tinei,a,no,no
mbc207-not-stripped.txt,8,mahia,mahi,a,no,no
mbc008-not-stripped.txt,19,fAia,fai,a,no,no
mbc007-not-stripped.txt,17,hiahiatia,hiahia,tia,no,no
mbc007-not-stripped.txt,17,fakahaeretia,fakahaere,tia,no,no
mbc007-not-stripped.txt,19,fakaritea,fakarite,a,no,no
mbc190-not-stripped.txt,0,akona,ako,na,no,no
mbc207-not-stripped.txt,11,tineia,tinei,a,no,no
mbc008-not-stripped.txt,30,utua,utu,a,no,no
mbc207-not-stripped.txt,7,kawea,kawe,a,no,no
mbc020-not-stripped.txt,3,hokona,hoko,na,no,no
mbc189-not-stripped.txt,1,kuraina,kura,ina,no,no
mbc207-not-stripped.txt,3,karamuimuitia,karamuimui,tia,no,no
mbc207-not-stripped.txt,8,kOrerotia,kOrero,tia,no,no
mbc008-not-stripped.txt,30,mahia,mahi,a,no,no
mbc207-not-stripped.txt,11,kAfakina,kAfaki,na,no,no
mbc190-not-stripped.txt,34,warewaretia,wareware,tia,no,no
mbc206-not-stripped.txt,18,fakakahaNia,fakakaha,Nia,no,no
mbc007-not-stripped.txt,34,taea,tae,a,no,no
mbc007-not-stripped.txt,36,atafaitia,atafai,tia,no,no
mbc206-not-stripped.txt,14,taea,tae,a,no,no
mbc008-not-stripped.txt,25,fakatakotoria,fakatakoto,ria,no,no
mbc207-not-stripped.txt,9,kOrerotia,kOrero,tia,no,no
mbc207-not-stripped.txt,3,fakatahetia,fakatahe,tia,no,no
mbc004-not-stripped.txt,15,nOhia,noho,hia,no,no
mbc007-not-stripped.txt,26,tohaina,toha,ina,no,no
mbc207-not-stripped.txt,10,takatakahia,takatakahi,a,no,no
mbc008-not-stripped.txt,32,waihaNatia,waihaNa,tia,no,no
mbc008-not-stripped.txt,9,fakatOria,fakatO,ria,no,no
mbc007-not-stripped.txt,12,fakamahia,fakamahi,a,no,no
mbc048-not-stripped.txt,26,taea,tae,a,no,no
mbc007-not-stripped.txt,16,kAkahutia,kAkahu,tia,no,no
mbc004-not-stripped.txt,10,nOhia,noho,hia,no,no
mbc190-not-stripped.txt,34,horahia,hora,hia,no,no
mbc007-not-stripped.txt,34,tAtaritia,tAtari,tia,no,no
mbc207-not-stripped.txt,9,fiua,fiu,a,no,no
mbc008-not-stripped.txt,26,fakataumahatia,fakataumaha,tia,no,no
mbc008-not-stripped.txt,32,fakamahia,fakamahi,a,no,no
mbc008-not-stripped.txt,32,hokona,hoko,na,no,no
mbc008-not-stripped.txt,32,fakatUria,fakatU,ria,no,no
mbc207-not-stripped.txt,3,karamuimuitia,karamuimui,tia,no,no
mbc207-not-stripped.txt,8,firia,firi,a,no,no
mbc004-not-stripped.txt,14,utaina,uta,ina,no,no
mbc207-not-stripped.txt,7,tirotirohia,tirotiro,hia,no,no
mbc207-not-stripped.txt,11,kOfakina,kOfaki,na,no,no
mbc206-not-stripped.txt,12,fakatakotoria,fakatakoto,ria,no,no
mbc207-not-stripped.txt,3,tIkina,tiki,na,no,no
mbc207-not-stripped.txt,9,fiua,fiu,a,no,no
mbc007-not-stripped.txt,14,fakaritea,fakarite,a,no,no
mbc008-not-stripped.txt,39,fakahAweatia,fakahAwea,tia,no,no
mbc207-not-stripped.txt,3,fiua,fiu,a,no,no
mbc008-not-stripped.txt,18,tUkinotia,tUkino,tia,no,no
mbc204-not-stripped.txt,0,mauria,mau,ria,no,no
mbc004-not-stripped.txt,16,raNona,roNo,na,no,no
mbc007-not-stripped.txt,28,rAhuitia,rAhui,tia,no,no
mbc207-not-stripped.txt,12,kataina,kata,ina,no,no
mbc007-not-stripped.txt,29,rAhuitia,rAhui,tia,no,no
mbc004-not-stripped.txt,14,turakina,turaki,na,no,no
mbc008-not-stripped.txt,30,tohuNatia,tohuNa,tia,no,no
mbc207-not-stripped.txt,5,karamuia,karamui,a,no,no
mbc004-not-stripped.txt,10,tonutia,tonu,tia,no,no
mbc207-not-stripped.txt,9,fANaia,fANai,a,no,no
mbc207-not-stripped.txt,9,fiua,fiu,a,no,no
mbc007-not-stripped.txt,26,fakatakototia,fakatakoto,tia,no,no
mbc207-not-stripped.txt,7,tirohia,titiro,hia,no,no
mbc007-not-stripped.txt,26,hiahiatia,hiahia,tia,no,no
mbc207-not-stripped.txt,3,Naua,Nau,a,no,no
mbc207-not-stripped.txt,8,kIia,kI,ia,no,no
mbc204-not-stripped.txt,0,uhia,uhi,a,no,no
mbc008-not-stripped.txt,8,uhia,uhi,a,no,no
mbc004-not-stripped.txt,14,utaina,uta,ina,no,no
mbc007-not-stripped.txt,28,tautokotia,tautoko,tia,no,no
mbc007-not-stripped.txt,14,fakaNoikoretia,fakaNoikore,tia,no,no
mbc007-not-stripped.txt,18,pupuritia,pupuri,tia,no,no
mbc020-not-stripped.txt,5,hurihia,huri,hia,no,no
mbc206-not-stripped.txt,14,firifiria,firifiri,a,no,no
mbc045-not-stripped.txt,46,fakamamaetia,fakamamae,tia,no,no
mbc007-not-stripped.txt,25,tahitia,tahi,tia,no,no
mbc207-not-stripped.txt,3,fakairia,fakairi,a,no,no
mbc004-not-stripped.txt,15,murua,muru,a,no,no
mbc004-not-stripped.txt,17,NAkaunuitia,NAkaunui,tia,no,no
mbc008-not-stripped.txt,29,tonutia,tonu,tia,no,no
mbc206-not-stripped.txt,12,fakamanatia,fakamana,tia,no,no
mbc004-not-stripped.txt,14,fakapuNarehutia,fakapuNarehu,tia,no,no
mbc207-not-stripped.txt,8,fakamAramatia,fakamArama,tia,no,no
mbc004-not-stripped.txt,15,fakatOria,fakatO,ria,no,no
mbc207-not-stripped.txt,11,tineia,tinei,a,no,no
mbc008-not-stripped.txt,23,kOrerotia,kOrero,tia,no,no
mbc008-not-stripped.txt,13,fakamAmAtia,fakamAmA,tia,no,no
mbc206-not-stripped.txt,12,tohaina,toha,ina,no,no
mbc007-not-stripped.txt,25,fakatArewatia,fakatArewa,tia,no,no
mbc008-not-stripped.txt,18,fakatakotoria,fakatakoto,ria,no,no
mbc207-not-stripped.txt,3,fANaia,fANai,a,no,no
mbc008-not-stripped.txt,18,mOhiotia,mOhio,tia,no,no
mbc204-not-stripped.txt,23,fakatakotoria,fakatakoto,ria,no,no
mbc207-not-stripped.txt,8,fakamAramatia,fakamArama,tia,no,no
mbc004-not-stripped.txt,16,fakapuakina,fakapuaki,na,no,no
mbc020-not-stripped.txt,5,kOkiritia,kOkiri,tia,no,no
mbc207-not-stripped.txt,11,kOfakina,kOfaki,na,no,no
mbc020-not-stripped.txt,5,taea,tae,a,no,no
mbc007-not-stripped.txt,33,pOfiritia,pOfiri,tia,no,no
mbc007-not-stripped.txt,17,tohaina,toha,ina,no,no
mbc004-not-stripped.txt,13,fakafifia,fakafifi,a,no,no
mbc204-not-stripped.txt,23,fakahokia,fakahoki,a,no,no
mbc004-not-stripped.txt,17,tukua,tuku,a,no,no
mbc207-not-stripped.txt,2,tirohia,titiro,hia,no,no
mbc207-not-stripped.txt,2,hOhonutia,hOhonu,tia,no,no
mbc207-not-stripped.txt,9,fiua,fiu,a,no,no
mbc020-not-stripped.txt,5,kOrerotia,kOrero,tia,no,no
mbc007-not-stripped.txt,15,fakatUria,fakatU,ria,no,no
mbc007-not-stripped.txt,17,rAhuitia,rAhui,tia,no,no
mbc008-not-stripped.txt,15,fakaNAwaritia,fakaNAwari,tia,no,no
mbc007-not-stripped.txt,15,fakakahaNia,fakakaha,Nia,no,no
mbc204-not-stripped.txt,0,mauria,mau,ria,no,no
mbc207-not-stripped.txt,7,tinihaNatia,tinihaNa,tia,no,no
mbc190-not-stripped.txt,34,fakatakotoria,fakatakoto,ria,no,no
mbc007-not-stripped.txt,14,fakahokia,fakahoki,a,no,no
mbc207-not-stripped.txt,0,taukurua,taukuru,a,no,no
mbc008-not-stripped.txt,18,kitea,kite,a,no,no
mbc207-not-stripped.txt,0,tukua,tuku,a,no,no
mbc020-not-stripped.txt,5,kitea,kite,a,no,no
mbc007-not-stripped.txt,16,tirohia,titiro,hia,no,no
mbc004-not-stripped.txt,14,tirohia,titiro,hia,no,no
mbc008-not-stripped.txt,15,NAkaunuitia,NAkaunui,tia,no,no
mbc207-not-stripped.txt,0,mauria,mau,ria,no,no
mbc204-not-stripped.txt,18,puhipuhia,puhipuhi,a,no,no
mbc057-not-stripped.txt,20,fakahokia,fakahoki,a,no,no
mbc196-not-stripped.txt,5,fakapauhia,fakapau,hia,no,no
mbc195-not-stripped.txt,30,taea,tae,a,no,no
mbc195-not-stripped.txt,30,taea,tae,a,no,no
mbc195-not-stripped.txt,30,fakaaea,fakaae,a,no,no
mbc195-not-stripped.txt,30,fakatakotohia,fakatakoto,hia,no,no
mbc195-not-stripped.txt,30,fakaarahia,fakaara,hia,no,no
mbc195-not-stripped.txt,12,fakamAramaNia,fakamArama,Nia,no,no
mbc196-not-stripped.txt,5,fakapauhia,fakapau,hia,no,no
mbc196-not-stripped.txt,6,tukuna,tuku,na,no,no
mbc195-not-stripped.txt,30,kitea,kite,a,no,no
mbc196-not-stripped.txt,6,tukuna,tuku,na,no,no
mbc196-not-stripped.txt,6,fakarApotopotohia,fakarApotopoto,hia,no,no
mbc196-not-stripped.txt,5,tirotirohia,tirotiro,hia,no,no
mbc008-not-stripped.txt,24,ahatia,aha,tia,no,no
mbc008-not-stripped.txt,40,fakarerea,fakarere,a,no,no
mbc008-not-stripped.txt,40,taea,tae,a,no,no
mbc008-not-stripped.txt,24,fakahokia,fakahoki,a,no,no
mbc008-not-stripped.txt,20,fakarerea,fakarere,a,no,no
mbc008-not-stripped.txt,24,taea,tae,a,no,no
mbc008-not-stripped.txt,24,ahatia,aha,tia,no,no
mbc058-not-stripped.txt,33,fakatUNia,fakatU,Nia,no,no
mbc058-not-stripped.txt,33,fakatUNia,fakatU,Nia,no,no
mbc058-not-stripped.txt,37,fakatUNia,fakatU,Nia,no,no
mbc050-not-stripped.txt,12,kItia,kI,tia,no,no
mbc050-not-stripped.txt,12,fakapahUNia,fakapahU,Nia,no,no
mbc229-not-stripped.txt,38,warewareNia,wareware,Nia,no,no
mbc077-not-stripped.txt,34,tanumia,tanu,mia,no,no
mbc114-not-stripped.txt,16,kOrerotia,kOrero,tia,no,no
mbc114-not-stripped.txt,16,hohoua,hohou,a,no,no
mbc114-not-stripped.txt,20,taea,tae,a,no,no
mbc114-not-stripped.txt,18,tukua,tuku,a,no,no
mbc082-not-stripped.txt,22,meatia,mea,tia,no,no
mbc114-not-stripped.txt,16,meatia,mea,tia,no,no
mbc114-not-stripped.txt,18,fakamoea,fakamoe,a,no,no
mbc050-not-stripped.txt,11,tahutahuna,tahutahu,na,no,no
mbc114-not-stripped.txt,16,fakamoea,fakamoe,a,no,no
mbc114-not-stripped.txt,16,fakatikaina,fakatika,ina,no,no
mbc059-not-stripped.txt,4,rapua,rapu,a,no,no
mbc114-not-stripped.txt,16,karaNatia,karaNa,tia,no,no
mbc114-not-stripped.txt,16,fakaotia,fakaoti,a,no,no
mbc068-not-stripped.txt,59,meatia,mea,tia,no,no
mbc077-not-stripped.txt,36,fakamamaetia,fakamamae,tia,no,no
mbc082-not-stripped.txt,4,fakaarohia,fakaaro,hia,no,no
mbc068-not-stripped.txt,61,raupatuNia,raupatu,Nia,no,no
mbc114-not-stripped.txt,16,kitea,kite,a,no,no
mbc114-not-stripped.txt,16,tukua,tuku,a,no,no
mbc077-not-stripped.txt,36,haereNia,haere,Nia,no,no
mbc103-not-stripped.txt,19,fakaaeNia,fakaae,Nia,no,no
mbc103-not-stripped.txt,19,pOhiriNia,pOhiri,Nia,no,no
mbc093-not-stripped.txt,23,meiNa,mea,Na,no,no
mbc093-not-stripped.txt,23,kohikohia,kohikohi,a,no,no
mbc093-not-stripped.txt,23,patua,patu,a,no,no
mbc093-not-stripped.txt,13,waihoNia,waiho,Nia,no,no
mbc093-not-stripped.txt,23,rUrUNia,rUrU,Nia,no,no
mbc093-not-stripped.txt,23,tukuna,tuku,na,no,no
mbc093-not-stripped.txt,23,mahia,mahi,a,no,no
mbc189-not-stripped.txt,3,rukuhia,ruku,hia,no,no
mbc189-not-stripped.txt,3,rukuhia,ruku,hia,no,no
mbc125-not-stripped.txt,12,taea,tae,a,no,no
mbc236-not-stripped.txt,3,kOrerotia,kOrero,tia,no,no
mbc103-not-stripped.txt,48,makamakaia,makamaka,ia,no,no
mbc103-not-stripped.txt,48,tapaNia,tapa,Nia,no,no
mbc103-not-stripped.txt,48,tapaNia,tapa,Nia,no,no
mbc101-not-stripped.txt,19,takahia,takahi,a,no,no
mbc101-not-stripped.txt,18,tukua,tuku,a,no,no
mbc101-not-stripped.txt,36,homaitia,homai,tia,no,no
mbc101-not-stripped.txt,35,tukua,tuku,a,no,no
mbc132-not-stripped.txt,22,kOrerohia,kOrero,hia,no,no
mbc071-not-stripped.txt,27,hoea,hoe,a,no,no
mbc132-not-stripped.txt,24,hainahia,haina,hia,no,no
mbc132-not-stripped.txt,30,mauria,mau,ria,no,no
mbc132-not-stripped.txt,34,mahia,mahi,a,no,no
mbc071-not-stripped.txt,27,fakaarohia,fakaaro,hia,no,no
mbc132-not-stripped.txt,22,kOrerohia,kOrero,hia,no,no
mbc132-not-stripped.txt,30,fakatauhia,fakatau,hia,no,no
mbc069-not-stripped.txt,53,fakamoea,fakamoe,a,no,no
mbc132-not-stripped.txt,22,hainahia,haina,hia,no,no
mbc132-not-stripped.txt,26,mahia,mahi,a,no,no
mbc069-not-stripped.txt,53,wAwAhia,wAwAhi,a,no,no
mbc132-not-stripped.txt,30,roNonuitia,roNonui,tia,no,no
mbc132-not-stripped.txt,34,mahia,mahi,a,no,no
mbc132-not-stripped.txt,34,kohia,kohi,a,no,no
mbc069-not-stripped.txt,53,patupatua,patupatu,a,no,no
mbc132-not-stripped.txt,30,tAraitia,tArai,tia,no,no
mbc132-not-stripped.txt,18,pania,pani,a,no,no
mbc132-not-stripped.txt,30,pOfirihia,pOfiri,hia,no,no
mbc132-not-stripped.txt,26,akohia,ako,hia,no,no
mbc105-not-stripped.txt,14,takahia,takahi,a,no,no
mbc105-not-stripped.txt,27,noatia,noa,tia,no,no
mbc105-not-stripped.txt,27,tukua,tuku,a,no,no
mbc105-not-stripped.txt,18,hokona,hoko,na,no,no
mbc105-not-stripped.txt,27,wehea,wehe,a,no,no
mbc105-not-stripped.txt,17,mauria,mau,ria,no,no
mbc105-not-stripped.txt,28,mArenatia,mArena,tia,no,no
mbc105-not-stripped.txt,20,taNohia,taNo,hia,no,no
mbc105-not-stripped.txt,41,warewaretia,wareware,tia,no,no
mbc105-not-stripped.txt,20,taNohia,taNo,hia,no,no
mbc105-not-stripped.txt,22,fakahaeretia,fakahaere,tia,no,no
mbc105-not-stripped.txt,20,fakaritea,fakarite,a,no,no
mbc105-not-stripped.txt,24,mauria,mau,ria,no,no
mbc095-not-stripped.txt,31,haria,hari,a,no,no
mbc120-not-stripped.txt,67,fakahokia,fakahoki,a,no,no
mbc120-not-stripped.txt,5,hurihia,huri,hia,no,no
mbc120-not-stripped.txt,67,Afinatia,Afina,tia,no,no
mbc120-not-stripped.txt,5,takahurihia,takahuri,hia,no,no
mbc120-not-stripped.txt,5,haria,hari,a,no,no
mbc232-not-stripped.txt,52,fakairihia,fakairi,hia,no,no
mbc120-not-stripped.txt,69,kawea,kawe,a,no,no
mbc232-not-stripped.txt,70,fakapuakihia,fakapuaki,hia,no,no
mbc231-not-stripped.txt,81,kawea,kawe,a,no,no
mbc231-not-stripped.txt,81,haerehia,haere,hia,no,no
mbc143-not-stripped.txt,14,taea,tae,a,no,no
mbc143-not-stripped.txt,14,taea,tae,a,no,no
mbc001-not-stripped.txt,1,mahia,mahi,a,no,no
mbc001-not-stripped.txt,1,takahurihia,takahuri,hia,no,no
mbc244-not-stripped.txt,0,mauhia,mau,hia,no,no
mbc244-not-stripped.txt,0,roNohia,roNo,hia,no,no
mbc001-not-stripped.txt,3,tuituihia,tuitui,hia,no,no
mbc001-not-stripped.txt,4,tohatohahia,tohatoha,hia,no,no
mbc001-not-stripped.txt,5,roNohia,roNo,hia,no,no
mbc001-not-stripped.txt,6,hAmenehia,hAmene,hia,no,no
mbc001-not-stripped.txt,6,roNohia,roNo,hia,no,no
mbc001-not-stripped.txt,7,kOrerohia,kOrero,hia,no,no
mbc001-not-stripped.txt,7,porofiua,porofiu,a,no,no
mbc001-not-stripped.txt,7,roNohia,roNo,hia,no,no
mbc001-not-stripped.txt,7,tirohia,titiro,hia,no,no
mbc001-not-stripped.txt,8,fakauruhia,fakauru,hia,no,no
mbc001-not-stripped.txt,8,kitea,kite,a,no,no
mbc001-not-stripped.txt,8,kitea,kite,a,no,no
mbc001-not-stripped.txt,8,kitea,kite,a,no,no
mbc001-not-stripped.txt,8,taea,tae,a,no,no
mbc001-not-stripped.txt,8,taea,tae,a,no,no
mbc001-not-stripped.txt,9,karafiua,karafiu,a,no,no
mbc001-not-stripped.txt,9,rapua,rapu,a,no,no
mbc001-not-stripped.txt,9,tirohia,titiro,hia,no,no
mbc001-not-stripped.txt,11,fakahouhia,fakahou,hia,no,no
mbc001-not-stripped.txt,11,haNahia,haNa,hia,no,no
mbc001-not-stripped.txt,11,hokohia,hoko,hia,no,no
mbc001-not-stripped.txt,11,kIia,kI,ia,no,no
mbc001-not-stripped.txt,11,muruhia,muru,hia,no,no
mbc001-not-stripped.txt,11,rapuhia,rapu,hia,no,no
mbc001-not-stripped.txt,11,raupatuhia,raupatu,hia,no,no
mbc001-not-stripped.txt,11,roNohia,roNo,hia,no,no
mbc001-not-stripped.txt,11,roNohia,roNo,hia,no,no
mbc001-not-stripped.txt,11,tirohia,titiro,hia,no,no
mbc001-not-stripped.txt,11,tukua,tuku,a,no,no
mbc001-not-stripped.txt,11,waihaNahia,waihaNa,hia,no,no
mbc001-not-stripped.txt,12,fakaarahia,fakaara,hia,no,no
mbc001-not-stripped.txt,12,kitea,kite,a,no,no
mbc001-not-stripped.txt,13,hANaihia,hANai,hia,no,no
mbc001-not-stripped.txt,13,kIia,kI,ia,no,no
mbc001-not-stripped.txt,13,mOhiotia,mOhio,tia,no,no
mbc001-not-stripped.txt,13,rapuhia,rapu,hia,no,no
mbc001-not-stripped.txt,13,roNohia,roNo,hia,no,no
mbc001-not-stripped.txt,13,tohua,tohu,a,no,no
mbc001-not-stripped.txt,13,waihohia,waiho,hia,no,no
mbc001-not-stripped.txt,15,mOhiotia,mOhio,tia,no,no
mbc200-not-stripped.txt,20,fakahuahuataNahia,fakahuahua,taNa/hia,yes,no
mbc244-not-stripped.txt,18,fakanoahia,fakanoa,hia,no,no
mbc244-not-stripped.txt,18,fakatapuhia,fakatapu,hia,no,no
mbc244-not-stripped.txt,20,pAkia,pA,kia,no,no
mbc001-not-stripped.txt,19,pAkia,pA,kia,no,no
mbc001-not-stripped.txt,19,taNohia,taNo,hia,no,no
mbc001-not-stripped.txt,19,tauirahia,tauira,hia,no,no
mbc001-not-stripped.txt,19,tohua,tohu,a,no,no
mbc001-not-stripped.txt,19,tonuhia,tonu,hia,no,no
mbc002-not-stripped.txt,2,Ukuia,Ukui,a,no,no
mbc002-not-stripped.txt,2,fakahokia,fakahoki,a,no,no
mbc002-not-stripped.txt,2,fakahokihia,fakahoki,hia,no,no
mbc002-not-stripped.txt,2,kohahia,koha,hia,no,no
mbc002-not-stripped.txt,3,kEhia,kE,hia,no,no
mbc002-not-stripped.txt,3,pAkia,pA,kia,no,no
mbc002-not-stripped.txt,3,tirohia,titiro,hia,no,no
mbc002-not-stripped.txt,3,tirotirohia,tirotiro,hia,no,no
mbc002-not-stripped.txt,5,fakapaehia,fakapae,hia,no,no
mbc002-not-stripped.txt,5,horoia,horoi,a,no,no
mbc002-not-stripped.txt,5,kitea,kite,a,no,no
mbc002-not-stripped.txt,7,arohahia,aroha,hia,no,no
mbc002-not-stripped.txt,7,fAia,fai,a,no,no
mbc002-not-stripped.txt,7,fakamutuhia,fakamutu,hia,no,no
mbc002-not-stripped.txt,7,fakatUhia,fakatU,hia,no,no
mbc002-not-stripped.txt,7,fifia,fifi,a,no,no
mbc002-not-stripped.txt,7,kIia,kI,ia,no,no
mbc002-not-stripped.txt,7,kitea,kite,a,no,no
mbc002-not-stripped.txt,7,mOhiotia,mOhio,tia,no,no
mbc002-not-stripped.txt,7,mOhiotia,mOhio,tia,no,no
mbc002-not-stripped.txt,7,pAkia,pA,kia,no,no
mbc002-not-stripped.txt,7,pAnuihia,pAnui,hia,no,no
mbc002-not-stripped.txt,7,pAnuihia,pAnui,hia,no,no
mbc002-not-stripped.txt,7,pEhia,pEhi,a,no,no
mbc002-not-stripped.txt,7,pEhia,pEhi,a,no,no
mbc002-not-stripped.txt,7,raNahauhia,raNahau,hia,no,no
mbc002-not-stripped.txt,7,rapuhia,rapu,hia,no,no
mbc002-not-stripped.txt,7,takahurihia,takahuri,hia,no,no
mbc002-not-stripped.txt,7,takahurihia,takahuri,hia,no,no
mbc002-not-stripped.txt,7,tirohia,titiro,hia,no,no
mbc002-not-stripped.txt,7,titohia,tito,hia,no,no
mbc002-not-stripped.txt,8,fAia,fai,a,no,no
mbc002-not-stripped.txt,8,fifia,fifi,a,no,no
mbc002-not-stripped.txt,8,fifia,fifi,a,no,no
mbc002-not-stripped.txt,8,mOhiotia,mOhio,tia,no,no
mbc002-not-stripped.txt,9,kitea,kite,a,no,no
mbc002-not-stripped.txt,9,kitea,kite,a,no,no
mbc002-not-stripped.txt,9,tApirihia,tApiri,hia,no,no
mbc002-not-stripped.txt,11,akohia,ako,hia,no,no
mbc002-not-stripped.txt,11,fifia,fifi,a,no,no
mbc002-not-stripped.txt,11,kEhia,kE,hia,no,no
mbc002-not-stripped.txt,11,kEhia,kE,hia,no,no
mbc002-not-stripped.txt,12,fakapaehia,fakapae,hia,no,no
mbc002-not-stripped.txt,12,hikina,hiki,na,no,no
mbc002-not-stripped.txt,12,taNihia,taNi,hia,no,no
mbc002-not-stripped.txt,13,arohia,aro,hia,no,no
mbc002-not-stripped.txt,13,kIia,kI,ia,no,no
mbc002-not-stripped.txt,14,pupurihia,pupuri,hia,no,no
mbc002-not-stripped.txt,15,karafiufiua,karafiufiu,a,no,no
mbc002-not-stripped.txt,15,kitea,kite,a,no,no
mbc002-not-stripped.txt,16,fakaarohia,fakaaro,hia,no,no
mbc002-not-stripped.txt,16,hurihia,huri,hia,no,no
mbc003-not-stripped.txt,1,taea,tae,a,no,no
mbc012-not-stripped.txt,2,kitea,kite,a,no,no
mbc012-not-stripped.txt,2,roNohia,roNo,hia,no,no
mbc012-not-stripped.txt,2,taNihia,taNi,hia,no,no
mbc012-not-stripped.txt,2,tohua,tohu,a,no,no
mbc012-not-stripped.txt,3,fakahokia,fakahoki,a,no,no
mbc012-not-stripped.txt,3,fakatauhia,fakatau,hia,no,no
mbc012-not-stripped.txt,3,katoahia,katoa,hia,no,no
mbc201-not-stripped.txt,23,tukuna,tuku,na,no,no
mbc246-not-stripped.txt,5,feraferahia,ferafera,hia,no,no
mbc246-not-stripped.txt,6,tuhituhihia,tuhituhi,hia,no,no
mbc012-not-stripped.txt,6,fakaarahia,fakaara,hia,no,no
mbc012-not-stripped.txt,6,fakahaerehia,fakahaere,hia,no,no
mbc012-not-stripped.txt,6,kIia,kI,ia,no,no
mbc012-not-stripped.txt,6,kitea,kite,a,no,no
mbc012-not-stripped.txt,6,kitea,kite,a,no,no
mbc202-not-stripped.txt,0,fakapakarihia,fakapakari,hia,no,no
mbc202-not-stripped.txt,0,kitea,kite,a,no,no
mbc202-not-stripped.txt,0,roNohia,roNo,hia,no,no
mbc202-not-stripped.txt,2,ahuhia,ahu,hia,no,no
mbc003-not-stripped.txt,5,arohia,aro,hia,no,no
mbc003-not-stripped.txt,5,hAmenehia,hAmene,hia,no,no
mbc003-not-stripped.txt,11,fakaotihia,fakaoti,hia,no,no
mbc003-not-stripped.txt,11,kitea,kite,a,no,no
mbc003-not-stripped.txt,14,fakaarahia,fakaara,hia,no,no
mbc003-not-stripped.txt,14,roNohia,roNo,hia,no,no
mbc003-not-stripped.txt,14,tahuna,tahu,na,no,no
mbc246-not-stripped.txt,8,poipoihia,poipoi,hia,no,no
mbc003-not-stripped.txt,16,waihohia,waiho,hia,no,no
mbc003-not-stripped.txt,17,fakaarahia,fakaara,hia,no,no
mbc003-not-stripped.txt,17,fakahokihia,fakahoki,hia,no,no
mbc003-not-stripped.txt,17,fifia,fifi,a,no,no
mbc003-not-stripped.txt,17,hauhakehia,hauhake,hia,no,no
mbc012-not-stripped.txt,8,kaukauhia,kaukau,hia,no,no
mbc012-not-stripped.txt,9,kitea,kite,a,no,no
mbc012-not-stripped.txt,9,tAmia,tAmi,a,no,no
mbc012-not-stripped.txt,9,takahia,takahi,a,no,no
mbc210-not-stripped.txt,2,kawea,kawe,a,no,no
mbc218-not-stripped.txt,30,fakaritehia,fakarite,hia,no,no
mbc210-not-stripped.txt,6,taea,tae,a,no,no
mbc195-not-stripped.txt,48,pAtOtOhia,pAtOtO,hia,no,no
mbc195-not-stripped.txt,48,roNohia,roNo,hia,no,no
mbc210-not-stripped.txt,8,fakaritehia,fakarite,hia,no,no
mbc210-not-stripped.txt,8,kIia,kI,ia,no,no
mbc251-not-stripped.txt,18,poipoihia,poipoi,hia,no,no
mbc012-not-stripped.txt,12,kitea,kite,a,no,no
mbc012-not-stripped.txt,12,tautokohia,tautoko,hia,no,no
mbc013-not-stripped.txt,0,pIkauhia,pIkau,hia,no,no
mbc013-not-stripped.txt,2,homaihia,homai,hia,no,no
mbc013-not-stripped.txt,2,pEhia,pEhi,a,no,no
mbc202-not-stripped.txt,25,tirohia,titiro,hia,no,no
mbc013-not-stripped.txt,3,Ukuia,Ukui,a,no,no
mbc013-not-stripped.txt,3,aukatihia,aukati,hia,no,no
mbc246-not-stripped.txt,11,feraferahia,ferafera,hia,no,no
mbc247-not-stripped.txt,0,tuhituhihia,tuhituhi,hia,no,no
mbc013-not-stripped.txt,4,tukiataNahia,tuki,a/taNa/hia,yes,yes
mbc013-not-stripped.txt,6,iNoahia,iNoa,hia,no,no
mbc202-not-stripped.txt,35,poipoihia,poipoi,hia,no,no
mbc013-not-stripped.txt,6,kIia,kI,ia,no,no
mbc013-not-stripped.txt,8,aukatihia,aukati,hia,no,no
mbc013-not-stripped.txt,8,fakawehehia,fakawehe,hia,no,no
mbc013-not-stripped.txt,8,hainataNahia,haina,taNa/hia,yes,no
mbc013-not-stripped.txt,8,inoihia,inoi,hia,no,no
mbc013-not-stripped.txt,8,kitea,kite,a,no,no
mbc013-not-stripped.txt,8,roNohia,roNo,hia,no,no
mbc013-not-stripped.txt,8,tautokohia,tautoko,hia,no,no
mbc013-not-stripped.txt,9,fakanuihia,fakanui,hia,no,no
mbc013-not-stripped.txt,9,karaNahia,karaNa,hia,no,no
mbc013-not-stripped.txt,9,tirohia,titiro,hia,no,no
mbc013-not-stripped.txt,9,tirohia,titiro,hia,no,no
mbc203-not-stripped.txt,0,tohua,tohu,a,no,no
mbc013-not-stripped.txt,10,kitea,kite,a,no,no
mbc247-not-stripped.txt,2,feraferahia,ferafera,hia,no,no
mbc247-not-stripped.txt,3,tuhituhihia,tuhituhi,hia,no,no
mbc013-not-stripped.txt,12,rIhihia,rIhi,hia,no,no
mbc013-not-stripped.txt,13,aukatihia,aukati,hia,no,no
mbc013-not-stripped.txt,13,roNohia,roNo,hia,no,no
mbc233-not-stripped.txt,14,fakairihia,fakairi,hia,no,no
mbc004-not-stripped.txt,19,kawea,kawe,a,no,no
mbc004-not-stripped.txt,19,kitea,kite,a,no,no
mbc004-not-stripped.txt,19,pEhia,pEhi,a,no,no
mbc004-not-stripped.txt,19,tohua,tohu,a,no,no
mbc203-not-stripped.txt,5,tukuna,tuku,na,no,no
mbc191-not-stripped.txt,1,fiua,fiu,a,no,no
mbc191-not-stripped.txt,1,tAhia,tA,hia,no,no
mbc021-not-stripped.txt,16,fAia,fai,a,no,no
mbc021-not-stripped.txt,16,fakafifia,fakafifi,a,no,no
mbc021-not-stripped.txt,16,fakarapuhia,fakarapu,hia,no,no
mbc021-not-stripped.txt,16,fakatuferahia,fakatufera,hia,no,no
mbc004-not-stripped.txt,21,fakapopototaNahia,fakapopoto,taNa/hia,yes,no
mbc005-not-stripped.txt,1,hainahia,haina,hia,no,no
mbc005-not-stripped.txt,1,murua,muru,a,no,no
mbc005-not-stripped.txt,1,tauirahia,tauira,hia,no,no
mbc005-not-stripped.txt,3,homaihia,homai,hia,no,no
mbc021-not-stripped.txt,16,kitea,kite,a,no,no
mbc021-not-stripped.txt,16,kitea,kite,a,no,no
mbc005-not-stripped.txt,7,arohahia,aroha,hia,no,no
mbc021-not-stripped.txt,16,waeahia,waea,hia,no,no
mbc005-not-stripped.txt,9,fakaarohia,fakaaro,hia,no,no
mbc005-not-stripped.txt,9,fakahokia,fakahoki,a,no,no
mbc005-not-stripped.txt,9,kawetaNahia,kawe,taNa/hia,yes,no
mbc005-not-stripped.txt,9,raupatuhia,raupatu,hia,no,no
mbc005-not-stripped.txt,11,fakamanahia,fakamana,hia,no,no
mbc005-not-stripped.txt,11,fakatinanahia,fakatinana,hia,no,no
mbc005-not-stripped.txt,11,fakatutukihia,fakatutuki,hia,no,no
mbc005-not-stripped.txt,11,haNahia,haNa,hia,no,no
mbc005-not-stripped.txt,11,pAkia,pA,kia,no,no
mbc005-not-stripped.txt,12,faifaihia,faifai,hia,no,no
mbc005-not-stripped.txt,12,fakakotahihia,fakakotahi,hia,no,no
mbc005-not-stripped.txt,12,panaia,pana,ia,no,no
mbc005-not-stripped.txt,12,tAronahia,tArona,hia,no,no
mbc005-not-stripped.txt,13,pAkia,pA,kia,no,no
mbc005-not-stripped.txt,13,paiherehia,paihere,hia,no,no
mbc005-not-stripped.txt,14,kAnatarakahia,kAnataraka,hia,no,no
mbc005-not-stripped.txt,14,kOrerohia,kOrero,hia,no,no
mbc005-not-stripped.txt,15,waihohia,waiho,hia,no,no
mbc005-not-stripped.txt,16,iNoahia,iNoa,hia,no,no
mbc005-not-stripped.txt,18,fakaarahia,fakaara,hia,no,no
mbc005-not-stripped.txt,18,kIia,kI,ia,no,no
mbc005-not-stripped.txt,18,pAkia,pA,kia,no,no
mbc005-not-stripped.txt,18,pAkia,pA,kia,no,no
mbc005-not-stripped.txt,18,raupatutaNahia,raupatu,taNa/hia,yes,no
mbc005-not-stripped.txt,18,roNohia,roNo,hia,no,no
mbc005-not-stripped.txt,19,kIia,kI,ia,no,no
mbc005-not-stripped.txt,27,kitea,kite,a,no,no
mbc005-not-stripped.txt,27,kitea,kite,a,no,no
mbc005-not-stripped.txt,28,kitea,kite,a,no,no
mbc005-not-stripped.txt,28,kitea,kite,a,no,no
mbc005-not-stripped.txt,28,tirohia,titiro,hia,no,no
mbc005-not-stripped.txt,28,tirohia,titiro,hia,no,no
mbc005-not-stripped.txt,28,tukuna,tuku,na,no,no
mbc006-not-stripped.txt,1,fiua,fiu,a,no,no
mbc248-not-stripped.txt,0,tuhituhihia,tuhituhi,hia,no,no
mbc014-not-stripped.txt,39,fakanuihia,fakanui,hia,no,no
mbc014-not-stripped.txt,39,fakauruhia,fakauru,hia,no,no
mbc006-not-stripped.txt,3,fakatOroahia,fakatOroa,hia,no,no
mbc006-not-stripped.txt,3,hokona,hoko,na,no,no
mbc006-not-stripped.txt,3,katoahia,katoa,hia,no,no
mbc006-not-stripped.txt,3,kitea,kite,a,no,no
mbc006-not-stripped.txt,3,murua,muru,a,no,no
mbc006-not-stripped.txt,4,karafiufiutaNahia,karafiufiu,taNa/hia,yes,no
mbc006-not-stripped.txt,4,rapuhia,rapu,hia,no,no
mbc014-not-stripped.txt,41,hokohia,hoko,hia,no,no
mbc205-not-stripped.txt,0,mihihia,mihi,hia,no,no
mbc205-not-stripped.txt,0,taNihia,taNi,hia,no,no
mbc014-not-stripped.txt,41,kIia,kI,ia,no,no
mbc014-not-stripped.txt,41,tirohia,titiro,hia,no,no
mbc014-not-stripped.txt,41,tirohia,titiro,hia,no,no
mbc192-not-stripped.txt,0,kitea,kite,a,no,no
mbc192-not-stripped.txt,0,mihihia,mihi,hia,no,no
mbc192-not-stripped.txt,0,taNihia,taNi,hia,no,no
mbc015-not-stripped.txt,4,fakaritehia,fakarite,hia,no,no
mbc006-not-stripped.txt,6,fifia,fifi,a,no,no
mbc006-not-stripped.txt,6,pototaNahia,poto,taNa/hia,yes,no
mbc006-not-stripped.txt,6,roNohia,roNo,hia,no,no
mbc085-not-stripped.txt,58,kitea,kite,a,no,no
mbc023-not-stripped.txt,26,aukatihia,aukati,hia,no,no
mbc085-not-stripped.txt,60,Aheihia,Ahei,hia,no,no
mbc085-not-stripped.txt,60,kitea,kite,a,no,no
mbc085-not-stripped.txt,60,tonuhia,tonu,hia,no,no
mbc015-not-stripped.txt,12,tukuna,tuku,na,no,no
mbc015-not-stripped.txt,13,kitea,kite,a,no,no
mbc015-not-stripped.txt,14,tirohia,titiro,hia,no,no
mbc015-not-stripped.txt,15,fakamahihia,fakamahi,hia,no,no
mbc015-not-stripped.txt,15,fakanuihia,fakanui,hia,no,no
mbc205-not-stripped.txt,3,noahia,noa,hia,no,no
mbc205-not-stripped.txt,3,tIkina,tiki,na,no,no
mbc205-not-stripped.txt,3,tukuna,tuku,na,no,no
mbc242-not-stripped.txt,0,roNohia,roNo,hia,no,no
mbc248-not-stripped.txt,2,poipoihia,poipoi,hia,no,no
mbc248-not-stripped.txt,3,kOrerohia,kOrero,hia,no,no
mbc248-not-stripped.txt,3,tuhituhihia,tuhituhi,hia,no,no
mbc015-not-stripped.txt,19,hokona,hoko,na,no,no
mbc015-not-stripped.txt,20,tImatahia,tImata,hia,no,no
mbc015-not-stripped.txt,21,poipoihia,poipoi,hia,no,no
mbc015-not-stripped.txt,22,fakapaehia,fakapae,hia,no,no
mbc015-not-stripped.txt,22,fakararuraruhia,fakararuraru,hia,no,no
mbc015-not-stripped.txt,22,hokona,hoko,na,no,no
mbc015-not-stripped.txt,22,kEhia,kE,hia,no,no
mbc015-not-stripped.txt,22,waihohia,waiho,hia,no,no
mbc015-not-stripped.txt,23,patuataNahia,patu,a/taNa/hia,yes,yes
mbc015-not-stripped.txt,24,kitea,kite,a,no,no
mbc015-not-stripped.txt,24,raua,rau,a,no,no
mbc015-not-stripped.txt,25,fifia,fifi,a,no,no
mbc015-not-stripped.txt,25,tukuna,tuku,na,no,no
mbc205-not-stripped.txt,6,faifaihia,faifai,hia,no,no
mbc205-not-stripped.txt,6,tApirihia,tApiri,hia,no,no
mbc047-not-stripped.txt,75,fakahokia,fakahoki,a,no,no
mbc016-not-stripped.txt,1,kitea,kite,a,no,no
mbc016-not-stripped.txt,1,mOhiotia,mOhio,tia,no,no
mbc016-not-stripped.txt,1,tautokohia,tautoko,hia,no,no
mbc016-not-stripped.txt,1,tohua,tohu,a,no,no
mbc016-not-stripped.txt,1,tohua,tohu,a,no,no
mbc016-not-stripped.txt,2,fakamAramahia,fakamArama,hia,no,no
mbc248-not-stripped.txt,5,poipoihia,poipoi,hia,no,no
mbc248-not-stripped.txt,6,tuhituhihia,tuhituhi,hia,no,no
mbc016-not-stripped.txt,2,kitea,kite,a,no,no
mbc016-not-stripped.txt,2,pEhiatia,pEhi,a/tia,no,yes
mbc016-not-stripped.txt,2,rawekehia,raweke,hia,no,no
mbc016-not-stripped.txt,5,aukatihia,aukati,hia,no,no
mbc016-not-stripped.txt,7,fakamAramahia,fakamArama,hia,no,no
mbc016-not-stripped.txt,9,faihaNahia,faihaNa,hia,no,no
mbc016-not-stripped.txt,10,tirohia,titiro,hia,no,no
mbc016-not-stripped.txt,10,tukuna,tuku,na,no,no
mbc206-not-stripped.txt,0,fANaihia,fANai,hia,no,no
mbc206-not-stripped.txt,0,kitea,kite,a,no,no
mbc024-not-stripped.txt,28,kitea,kite,a,no,no
mbc016-not-stripped.txt,15,pEheatia,pEhea,tia,no,no
mbc235-not-stripped.txt,15,fiua,fiu,a,no,no
mbc024-not-stripped.txt,30,kAhakihia,kAhaki,hia,no,no
mbc016-not-stripped.txt,17,aronuihia,aronui,hia,no,no
mbc016-not-stripped.txt,19,fakaarohia,fakaaro,hia,no,no
mbc016-not-stripped.txt,19,fakamanahia,fakamana,hia,no,no
mbc016-not-stripped.txt,19,kitea,kite,a,no,no
mbc016-not-stripped.txt,20,fakakotahihia,fakakotahi,hia,no,no
mbc016-not-stripped.txt,20,fakatOpUhia,fakatOpU,hia,no,no
mbc016-not-stripped.txt,20,fakatikatikahia,fakatikatika,hia,no,no
mbc016-not-stripped.txt,20,haNahia,haNa,hia,no,no
mbc016-not-stripped.txt,20,haNataNahia,haNa,taNa/hia,yes,no
mbc016-not-stripped.txt,20,kEhia,kE,hia,no,no
mbc016-not-stripped.txt,20,kIia,kI,ia,no,no
mbc248-not-stripped.txt,8,poipoihia,poipoi,hia,no,no
mbc249-not-stripped.txt,0,haerehia,haere,hia,no,no
mbc016-not-stripped.txt,20,tUkinohia,tUkino,hia,no,no
mbc016-not-stripped.txt,20,tiakihia,tiaki,hia,no,no
mbc016-not-stripped.txt,20,tirotirohia,tirotiro,hia,no,no
mbc016-not-stripped.txt,21,fakatuferahia,fakatufera,hia,no,no
mbc016-not-stripped.txt,21,kitea,kite,a,no,no
mbc206-not-stripped.txt,11,tonoa,tono,a,no,no
mbc016-not-stripped.txt,22,haNarikihia,haNariki,hia,no,no
mbc017-not-stripped.txt,1,Amenehia,Amene,hia,no,no
mbc017-not-stripped.txt,1,fakaaehia,fakaae,hia,no,no
mbc017-not-stripped.txt,1,fakahEhia,fakahE,hia,no,no
mbc017-not-stripped.txt,1,fakaitihia,fakaiti,hia,no,no
mbc017-not-stripped.txt,1,fakaotihia,fakaoti,hia,no,no
mbc017-not-stripped.txt,1,fakatuferahia,fakatufera,hia,no,no
mbc017-not-stripped.txt,1,karaNahia,karaNa,hia,no,no
mbc017-not-stripped.txt,1,katia,kati,a,no,no
mbc017-not-stripped.txt,1,katoahia,katoa,hia,no,no
mbc249-not-stripped.txt,2,poipoihia,poipoi,hia,no,no
mbc249-not-stripped.txt,3,tuhituhihia,tuhituhi,hia,no,no
mbc017-not-stripped.txt,1,tohua,tohu,a,no,no
mbc017-not-stripped.txt,1,tohua,tohu,a,no,no
mbc186-not-stripped.txt,0,kitea,kite,a,no,no
mbc186-not-stripped.txt,0,mihihia,mihi,hia,no,no
mbc186-not-stripped.txt,0,taNihia,taNi,hia,no,no
mbc186-not-stripped.txt,1,hoea,hoe,a,no,no
mbc186-not-stripped.txt,1,hoea,hoe,a,no,no
mbc186-not-stripped.txt,6,NAkaunuihia,NAkaunui,hia,no,no
mbc186-not-stripped.txt,6,mOhiotia,mOhio,tia,no,no
mbc186-not-stripped.txt,10,fakahokia,fakahoki,a,no,no
mbc186-not-stripped.txt,21,kIia,kI,ia,no,no
mbc186-not-stripped.txt,35,fANaihia,fANai,hia,no,no
mbc186-not-stripped.txt,35,fakarerea,fakarere,a,no,no
mbc186-not-stripped.txt,35,hauhakehia,hauhake,hia,no,no
mbc186-not-stripped.txt,35,tukuna,tuku,na,no,no
mbc009-not-stripped.txt,1,hAmenehia,hAmene,hia,no,no
mbc009-not-stripped.txt,1,hAmenehia,hAmene,hia,no,no
mbc009-not-stripped.txt,2,rapuhia,rapu,hia,no,no
mbc009-not-stripped.txt,8,akohia,ako,hia,no,no
mbc009-not-stripped.txt,8,heria,heri,a,no,no
mbc186-not-stripped.txt,37,muia,mui,a,no,no
mbc009-not-stripped.txt,13,pIkauhia,pIkau,hia,no,no
mbc009-not-stripped.txt,14,katia,kati,a,no,no
mbc009-not-stripped.txt,14,pAkia,pA,kia,no,no
mbc009-not-stripped.txt,14,raNahauhia,raNahau,hia,no,no
mbc017-not-stripped.txt,6,tukuna,tuku,na,no,no
mbc017-not-stripped.txt,7,kIia,kI,ia,no,no
mbc017-not-stripped.txt,7,kIia,kI,ia,no,no
mbc017-not-stripped.txt,7,kitea,kite,a,no,no
mbc186-not-stripped.txt,53,herehia,here,hia,no,no
mbc186-not-stripped.txt,53,utaina,uta,ina,no,no
mbc186-not-stripped.txt,67,roNohia,roNo,hia,no,no
mbc186-not-stripped.txt,67,taea,tae,a,no,no
mbc186-not-stripped.txt,73,fakairihia,fakairi,hia,no,no
mbc187-not-stripped.txt,0,kitea,kite,a,no,no
mbc009-not-stripped.txt,33,pAnuihia,pAnui,hia,no,no
mbc009-not-stripped.txt,33,uhia,uhi,a,no,no
mbc009-not-stripped.txt,35,kIia,kI,ia,no,no
mbc009-not-stripped.txt,35,pEhia,pEhi,a,no,no
mbc187-not-stripped.txt,1,mOhiohia,mOhio,hia,no,no
mbc187-not-stripped.txt,1,roNohia,roNo,hia,no,no
mbc187-not-stripped.txt,1,taea,tae,a,no,no
mbc009-not-stripped.txt,37,fakapakarihia,fakapakari,hia,no,no
mbc187-not-stripped.txt,1,tirohia,titiro,hia,no,no
mbc009-not-stripped.txt,39,afihia,afi,hia,no,no
mbc009-not-stripped.txt,39,taea,tae,a,no,no
mbc010-not-stripped.txt,1,roNohia,roNo,hia,no,no
mbc249-not-stripped.txt,8,tuhituhihia,tuhituhi,hia,no,no
mbc250-not-stripped.txt,0,tuhituhihia,tuhituhi,hia,no,no
mbc250-not-stripped.txt,0,tuhituhihia,tuhituhi,hia,no,no
mbc017-not-stripped.txt,16,kitea,kite,a,no,no
mbc017-not-stripped.txt,16,mAtautauhia,mAtautau,hia,no,no
mbc017-not-stripped.txt,16,tukuna,tuku,na,no,no
mbc017-not-stripped.txt,17,iNoahia,iNoa,hia,no,no
mbc010-not-stripped.txt,9,roNohia,roNo,hia,no,no
mbc010-not-stripped.txt,10,fakamAtautauhia,fakamAtautau,hia,no,no
mbc010-not-stripped.txt,10,kitea,kite,a,no,no
mbc010-not-stripped.txt,10,waiatahia,waiata,hia,no,no
mbc187-not-stripped.txt,3,manakohia,manako,hia,no,no
mbc194-not-stripped.txt,2,kOrerohia,kOrero,hia,no,no
mbc010-not-stripped.txt,17,fifia,fifi,a,no,no
mbc010-not-stripped.txt,17,kIia,kI,ia,no,no
mbc010-not-stripped.txt,17,kitea,kite,a,no,no
mbc010-not-stripped.txt,17,kitea,kite,a,no,no
mbc010-not-stripped.txt,17,tohahia,toha,hia,no,no
mbc010-not-stripped.txt,18,fakaatuhia,fakaatu,hia,no,no
mbc010-not-stripped.txt,18,kEhia,kE,hia,no,no
mbc010-not-stripped.txt,19,raua,rau,a,no,no
mbc010-not-stripped.txt,19,roNohia,roNo,hia,no,no
mbc010-not-stripped.txt,19,tiakihia,tiaki,hia,no,no
mbc010-not-stripped.txt,21,fakahokia,fakahoki,a,no,no
mbc010-not-stripped.txt,21,tirohia,titiro,hia,no,no
mbc187-not-stripped.txt,7,tirohia,titiro,hia,no,no
mbc187-not-stripped.txt,7,tuahia,tua,hia,no,no
mbc010-not-stripped.txt,25,fakaarohia,fakaaro,hia,no,no
mbc018-not-stripped.txt,20,fakaroNohia,fakaroNo,hia,no,no
mbc018-not-stripped.txt,20,fakatauhia,fakatau,hia,no,no
mbc018-not-stripped.txt,21,titirohia,titiro,hia,no,no
mbc187-not-stripped.txt,9,iriirihia,iriiri,hia,no,no
mbc187-not-stripped.txt,9,tuahia,tua,hia,no,no
mbc018-not-stripped.txt,24,kawea,kawe,a,no,no
mbc010-not-stripped.txt,33,pAkia,pA,kia,no,no
mbc010-not-stripped.txt,36,pIkauhia,pIkau,hia,no,no
mbc010-not-stripped.txt,37,fakahoutaNahia,fakahou,taNa/hia,yes,no
mbc216-not-stripped.txt,33,kawea,kawe,a,no,no
mbc010-not-stripped.txt,42,kitea,kite,a,no,no
mbc010-not-stripped.txt,42,pAkia,pA,kia,no,no
mbc010-not-stripped.txt,43,kIia,kI,ia,no,no
mbc010-not-stripped.txt,43,pUhia,pupuhi,a,no,no
mbc010-not-stripped.txt,43,tukuna,tuku,na,no,no
mbc188-not-stripped.txt,0,taNihia,taNi,hia,no,no
mbc188-not-stripped.txt,1,fakapaohohia,fakapaoho,hia,no,no
mbc188-not-stripped.txt,1,fakarerea,fakarere,a,no,no
mbc011-not-stripped.txt,4,arohia,aro,hia,no,no
mbc011-not-stripped.txt,4,tohuhia,tohu,hia,no,no
mbc011-not-stripped.txt,4,tonuhia,tonu,hia,no,no
mbc011-not-stripped.txt,4,wawaohia,wawao,hia,no,no
mbc188-not-stripped.txt,2,roNohia,roNo,hia,no,no
mbc019-not-stripped.txt,15,pOhirihia,pOhiri,hia,no,no
mbc255-not-stripped.txt,7,tuhituhihia,tuhituhi,hia,no,no
mbc238-not-stripped.txt,6,tukuna,tuku,na,no,no
mbc208-not-stripped.txt,11,mOhiohia,mOhio,hia,no,no
mbc019-not-stripped.txt,19,fakaarohia,fakaaro,hia,no,no
mbc011-not-stripped.txt,9,arohia,aro,hia,no,no
mbc011-not-stripped.txt,9,taea,tae,a,no,no
mbc011-not-stripped.txt,9,taea,tae,a,no,no
mbc011-not-stripped.txt,11,roNohia,roNo,hia,no,no
mbc011-not-stripped.txt,11,tautokohia,tautoko,hia,no,no
mbc019-not-stripped.txt,20,mauherehia,mauhere,hia,no,no
mbc019-not-stripped.txt,20,mauherehia,mauhere,hia,no,no
mbc188-not-stripped.txt,7,waihaNahia,waihaNa,hia,no,no
mbc250-not-stripped.txt,6,tuhituhihia,tuhituhi,hia,no,no
mbc019-not-stripped.txt,20,tahuna,tahu,na,no,no
mbc019-not-stripped.txt,20,tirohia,titiro,hia,no,no
mbc019-not-stripped.txt,20,tirotirohia,tirotiro,hia,no,no
mbc209-not-stripped.txt,14,hurahia,hura,hia,no,no
mbc209-not-stripped.txt,22,kitea,kite,a,no,no
mbc012-not-stripped.txt,1,haNahia,haNa,hia,no,no
mbc012-not-stripped.txt,1,murua,muru,a,no,no
mbc012-not-stripped.txt,1,roNohia,roNo,hia,no,no
mbc012-not-stripped.txt,1,taNohia,taNo,hia,no,no
mbc012-not-stripped.txt,2,fakaorahia,fakaora,hia,no,no
mbc012-not-stripped.txt,2,fakaorahia,fakaora,hia,no,no
mbc012-not-stripped.txt,2,kIia,kI,ia,no,no
mbc019-not-stripped.txt,29,taea,tae,a,no,no
mbc209-not-stripped.txt,29,kitea,kite,a,no,no
mbc217-not-stripped.txt,47,kIia,kI,ia,no,no
mbc217-not-stripped.txt,47,kawea,kawe,a,no,no
mbc217-not-stripped.txt,47,tohua,tohu,a,no,no
mbc019-not-stripped.txt,31,tirohia,titiro,hia,no,no
mbc020-not-stripped.txt,0,poipoihia,poipoi,hia,no,no
mbc012-not-stripped.txt,3,purua,puru,a,no,no
mbc012-not-stripped.txt,3,roNohia,roNo,hia,no,no
mbc012-not-stripped.txt,4,aituAhia,aituA,hia,no,no
mbc217-not-stripped.txt,59,taNohia,taNo,hia,no,no
mbc023-not-stripped.txt,1,tukuna,tuku,na,no,no
mbc209-not-stripped.txt,37,tikia,tiki,a,no,no
mbc251-not-stripped.txt,0,hokona,hoko,na,no,no
mbc217-not-stripped.txt,61,tauirahia,tauira,hia,no,no
mbc012-not-stripped.txt,6,kohahia,koha,hia,no,no
mbc012-not-stripped.txt,6,muia,mui,a,no,no
mbc012-not-stripped.txt,6,patapataihia,patapatai,hia,no,no
mbc012-not-stripped.txt,6,raNahauhia,raNahau,hia,no,no
mbc012-not-stripped.txt,6,raNahauhia,raNahau,hia,no,no
mbc012-not-stripped.txt,6,raNohia,roNo,hia,no,no
mbc012-not-stripped.txt,6,tohua,tohu,a,no,no
mbc012-not-stripped.txt,6,tohuhia,tohu,hia,no,no
mbc012-not-stripped.txt,6,turakihia,turaki,hia,no,no
mbc012-not-stripped.txt,7,fakahokohia,fakahoko,hia,no,no
mbc012-not-stripped.txt,7,fakakorehia,fakakore,hia,no,no
mbc012-not-stripped.txt,7,fakataNohia,fakataNo,hia,no,no
mbc012-not-stripped.txt,7,fakawehehia,fakawehe,hia,no,no
mbc012-not-stripped.txt,7,kIia,kI,ia,no,no
mbc012-not-stripped.txt,7,kOkirihia,kOkiri,hia,no,no
mbc012-not-stripped.txt,7,kitea,kite,a,no,no
mbc012-not-stripped.txt,7,tukuna,tuku,na,no,no
mbc239-not-stripped.txt,21,haNahia,haNa,hia,no,no
mbc239-not-stripped.txt,21,haerehia,haere,hia,no,no
mbc239-not-stripped.txt,21,kIia,kI,ia,no,no
mbc239-not-stripped.txt,21,waihaNahia,waihaNa,hia,no,no
mbc015-not-stripped.txt,12,kapoa,kapo,a,no,no
mbc015-not-stripped.txt,12,mOhiohia,mOhio,hia,no,no
mbc241-not-stripped.txt,29,fakamAmAhia,fakamAmA,hia,no,no
mbc241-not-stripped.txt,29,muia,mui,a,no,no
mbc239-not-stripped.txt,29,fakahAweahia,fakahAwea,hia,no,no
mbc196-not-stripped.txt,0,poipoihia,poipoi,hia,no,no
mbc196-not-stripped.txt,0,roNohia,roNo,hia,no,no
mbc196-not-stripped.txt,1,kOrerohia,kOrero,hia,no,no
mbc196-not-stripped.txt,1,kapohia,kapo,hia,no,no
mbc196-not-stripped.txt,1,roNohia,roNo,hia,no,no
mbc021-not-stripped.txt,1,muia,mui,a,no,no
mbc021-not-stripped.txt,1,raupatuhia,raupatu,hia,no,no
mbc021-not-stripped.txt,1,tauirahia,tauira,hia,no,no
mbc013-not-stripped.txt,2,tonuhia,tonu,hia,no,no
mbc239-not-stripped.txt,42,fakaritehia,fakarite,hia,no,no
mbc239-not-stripped.txt,42,fifia,fifi,a,no,no
mbc013-not-stripped.txt,3,tonuhia,tonu,hia,no,no
mbc013-not-stripped.txt,4,kawea,kawe,a,no,no
mbc021-not-stripped.txt,3,pAhitaNahia,pAhi,taNa/hia,yes,no
mbc021-not-stripped.txt,8,fakaputahia,fakaputa,hia,no,no
mbc013-not-stripped.txt,6,iNoahia,iNoa,hia,no,no
mbc021-not-stripped.txt,8,kitea,kite,a,no,no
mbc021-not-stripped.txt,8,kitea,kite,a,no,no
mbc021-not-stripped.txt,8,kitea,kite,a,no,no
mbc021-not-stripped.txt,8,roNohia,roNo,hia,no,no
mbc021-not-stripped.txt,8,tirohia,titiro,hia,no,no
mbc021-not-stripped.txt,8,tirotirohia,tirotiro,hia,no,no
mbc021-not-stripped.txt,9,fakahekehia,fakaheke,hia,no,no
mbc021-not-stripped.txt,10,kitea,kite,a,no,no
mbc021-not-stripped.txt,10,kitea,kite,a,no,no
mbc021-not-stripped.txt,10,kitea,kite,a,no,no
mbc021-not-stripped.txt,12,kitea,kite,a,no,no
mbc021-not-stripped.txt,12,pAkia,pA,kia,no,no
mbc013-not-stripped.txt,10,kIia,kI,ia,no,no
mbc021-not-stripped.txt,13,kEhia,kE,hia,no,no
mbc013-not-stripped.txt,12,kIia,kI,ia,no,no
mbc013-not-stripped.txt,12,mauherehia,mauhere,hia,no,no
mbc021-not-stripped.txt,13,porofiua,porofiu,a,no,no
mbc021-not-stripped.txt,13,utaina,uta,ina,no,no
mbc021-not-stripped.txt,14,fakaatuhia,fakaatu,hia,no,no
mbc021-not-stripped.txt,14,fakatuferahia,fakatufera,hia,no,no
mbc233-not-stripped.txt,14,tukuna,tuku,na,no,no
mbc191-not-stripped.txt,0,kitea,kite,a,no,no
mbc191-not-stripped.txt,0,mihihia,mihi,hia,no,no
mbc013-not-stripped.txt,15,aroarohia,aroaro,hia,no,no
mbc191-not-stripped.txt,1,akohia,ako,hia,no,no
mbc021-not-stripped.txt,16,akohia,ako,hia,no,no
mbc021-not-stripped.txt,16,akohia,ako,hia,no,no
mbc243-not-stripped.txt,0,kawea,kawe,a,no,no
mbc024-not-stripped.txt,28,mahahia,maha,hia,no,no
mbc024-not-stripped.txt,28,pAnuihia,pAnui,hia,no,no
mbc243-not-stripped.txt,0,taea,tae,a,no,no
mbc014-not-stripped.txt,1,NAkaunuihia,NAkaunui,hia,no,no
mbc014-not-stripped.txt,1,roNohia,roNo,hia,no,no
mbc191-not-stripped.txt,3,kitea,kite,a,no,no
mbc252-not-stripped.txt,0,tuhituhihia,tuhituhi,hia,no,no
mbc021-not-stripped.txt,16,kIia,kI,ia,no,no
mbc240-not-stripped.txt,27,fifia,fifi,a,no,no
mbc240-not-stripped.txt,27,uhia,uhi,a,no,no
mbc014-not-stripped.txt,13,kEhia,kE,hia,no,no
mbc025-not-stripped.txt,2,kIia,kI,ia,no,no
mbc021-not-stripped.txt,17,fakaatuhia,fakaatu,hia,no,no
mbc014-not-stripped.txt,23,Ukuia,Ukui,a,no,no
mbc014-not-stripped.txt,23,fakapauhia,fakapau,hia,no,no
mbc014-not-stripped.txt,23,iNoataNahia,iNoa,taNa/hia,yes,no
mbc014-not-stripped.txt,23,mauherehia,mauhere,hia,no,no
mbc014-not-stripped.txt,24,kEhia,kE,hia,no,no
mbc014-not-stripped.txt,24,kitea,kite,a,no,no
mbc014-not-stripped.txt,24,kitea,kite,a,no,no
mbc014-not-stripped.txt,24,kitea,kite,a,no,no
mbc014-not-stripped.txt,24,pAkia,pA,kia,no,no
mbc014-not-stripped.txt,24,pEhia,pEhi,a,no,no
mbc014-not-stripped.txt,25,huakina,huaki,na,no,no
mbc014-not-stripped.txt,25,kOhuruhia,kOhuru,hia,no,no
mbc014-not-stripped.txt,25,kOhuruhia,kOhuru,hia,no,no
mbc014-not-stripped.txt,25,kOhurutaNahia,kOhuru,taNa/hia,yes,no
mbc014-not-stripped.txt,25,kitea,kite,a,no,no
mbc014-not-stripped.txt,25,mauherehia,mauhere,hia,no,no
mbc014-not-stripped.txt,25,mauherehia,mauhere,hia,no,no
mbc014-not-stripped.txt,25,pAkOkOhia,pAkOkO,hia,no,no
mbc014-not-stripped.txt,25,pAkia,pA,kia,no,no
mbc014-not-stripped.txt,25,patua,patu,a,no,no
mbc014-not-stripped.txt,26,kitea,kite,a,no,no
mbc014-not-stripped.txt,26,pikitiahia,pikitia,hia,no,no
mbc014-not-stripped.txt,26,taea,tae,a,no,no
mbc014-not-stripped.txt,26,tautokohia,tautoko,hia,no,no
mbc014-not-stripped.txt,26,tohua,tohu,a,no,no
mbc014-not-stripped.txt,26,tonohia,tono,hia,no,no
mbc233-not-stripped.txt,26,kitea,kite,a,no,no
mbc233-not-stripped.txt,26,tiakihia,tiaki,hia,no,no
mbc233-not-stripped.txt,26,tirohia,titiro,hia,no,no
mbc233-not-stripped.txt,26,tohua,tohu,a,no,no
mbc022-not-stripped.txt,15,taea,tae,a,no,no
mbc022-not-stripped.txt,19,kIia,kI,ia,no,no
mbc014-not-stripped.txt,36,pAkia,pA,kia,no,no
mbc014-not-stripped.txt,37,kitea,kite,a,no,no
mbc017-not-stripped.txt,3,hokona,hoko,na,no,no
mbc023-not-stripped.txt,2,fakaotihia,fakaoti,hia,no,no
mbc014-not-stripped.txt,39,hoatuhia,hoatu,hia,no,no
mbc014-not-stripped.txt,39,kitea,kite,a,no,no
mbc014-not-stripped.txt,39,utuhia,utu,hia,no,no
mbc014-not-stripped.txt,40,aituAhia,aituA,hia,no,no
mbc014-not-stripped.txt,40,aituAhia,aituA,hia,no,no
mbc014-not-stripped.txt,40,aituAhia,aituA,hia,no,no
mbc014-not-stripped.txt,41,fakawAteahia,fakawAtea,hia,no,no
mbc023-not-stripped.txt,3,Aheihia,Ahei,hia,no,no
mbc014-not-stripped.txt,41,hokona,hoko,na,no,no
mbc014-not-stripped.txt,41,hokona,hoko,na,no,no
mbc023-not-stripped.txt,4,tohua,tohu,a,no,no
mbc198-not-stripped.txt,6,pEheatia,pEhea,tia,no,no
mbc234-not-stripped.txt,0,fifia,fifi,a,no,no
mbc023-not-stripped.txt,13,roNohia,roNo,hia,no,no
mbc023-not-stripped.txt,14,kIia,kI,ia,no,no
mbc191-not-stripped.txt,14,roNohia,roNo,hia,no,no
mbc023-not-stripped.txt,18,Aheihia,Ahei,hia,no,no
mbc015-not-stripped.txt,4,kitea,kite,a,no,no
mbc234-not-stripped.txt,8,arahia,ara,hia,no,no
mbc252-not-stripped.txt,8,poipoihia,poipoi,hia,no,no
mbc253-not-stripped.txt,0,tuhituhihia,tuhituhi,hia,no,no
mbc198-not-stripped.txt,24,terehia,tere,hia,no,no
mbc015-not-stripped.txt,8,kitea,kite,a,no,no
mbc216-not-stripped.txt,7,porohia,poro,hia,no,no
mbc216-not-stripped.txt,7,porohia,poro,hia,no,no
mbc017-not-stripped.txt,11,fakaritehia,fakarite,hia,no,no
mbc017-not-stripped.txt,11,fifia,fifi,a,no,no
mbc241-not-stripped.txt,29,raupatuhia,raupatu,hia,no,no
mbc241-not-stripped.txt,29,roNohia,roNo,hia,no,no
mbc024-not-stripped.txt,3,manakohia,manako,hia,no,no
mbc015-not-stripped.txt,15,roNohia,roNo,hia,no,no
mbc015-not-stripped.txt,17,tohua,tohu,a,no,no
mbc198-not-stripped.txt,37,fakatUpatohia,fakatUpato,hia,no,no
mbc241-not-stripped.txt,30,pAnuihia,pAnui,hia,no,no
mbc234-not-stripped.txt,37,tUmanakohia,tUmanako,hia,no,no
mbc253-not-stripped.txt,2,poipoihia,poipoi,hia,no,no
mbc015-not-stripped.txt,19,Afinahia,Afina,hia,no,no
mbc024-not-stripped.txt,9,kitea,kite,a,no,no
mbc024-not-stripped.txt,9,taea,tae,a,no,no
mbc198-not-stripped.txt,57,ahatia,aha,tia,no,no
mbc198-not-stripped.txt,57,haria,hari,a,no,no
mbc198-not-stripped.txt,57,pAkia,pA,kia,no,no
mbc242-not-stripped.txt,8,kOrerohia,kOrero,hia,no,no
mbc194-not-stripped.txt,0,roNohia,roNo,hia,no,no
mbc234-not-stripped.txt,43,kohia,kohi,a,no,no
mbc024-not-stripped.txt,13,fakahouhia,fakahou,hia,no,no
mbc198-not-stripped.txt,59,ahatia,aha,tia,no,no
mbc024-not-stripped.txt,17,arohia,aro,hia,no,no
mbc024-not-stripped.txt,17,fakaritehia,fakarite,hia,no,no
mbc024-not-stripped.txt,17,fakaritehia,fakarite,hia,no,no
mbc015-not-stripped.txt,25,tukunataNahia,tuku,na/taNa/hia,yes,yes
mbc016-not-stripped.txt,1,fAia,fai,a,no,no
mbc016-not-stripped.txt,1,fakamanahia,fakamana,hia,no,no
mbc024-not-stripped.txt,17,taea,tae,a,no,no
mbc024-not-stripped.txt,17,taea,tae,a,no,no
mbc024-not-stripped.txt,17,titia,titi,a,no,no
mbc024-not-stripped.txt,18,fakaritehia,fakarite,hia,no,no
mbc024-not-stripped.txt,18,fakatauhia,fakatau,hia,no,no
mbc024-not-stripped.txt,18,roNohia,roNo,hia,no,no
mbc016-not-stripped.txt,2,fakaturehia,fakature,hia,no,no
mbc016-not-stripped.txt,2,kEhia,kE,hia,no,no
mbc199-not-stripped.txt,0,roNohia,roNo,hia,no,no
mbc199-not-stripped.txt,0,taea,tae,a,no,no
mbc199-not-stripped.txt,1,fakamAramahia,fakamArama,hia,no,no
mbc024-not-stripped.txt,28,fakaputahia,fakaputa,hia,no,no
mbc024-not-stripped.txt,28,fakaritehia,fakarite,hia,no,no
mbc024-not-stripped.txt,28,haerehia,haere,hia,no,no
mbc024-not-stripped.txt,28,kIia,kI,ia,no,no
mbc024-not-stripped.txt,28,kIia,kI,ia,no,no
mbc016-not-stripped.txt,12,taea,tae,a,no,no
mbc016-not-stripped.txt,12,tukua,tuku,a,no,no
mbc019-not-stripped.txt,1,hokona,hoko,na,no,no
mbc019-not-stripped.txt,1,hokona,hoko,na,no,no
mbc019-not-stripped.txt,1,purua,puru,a,no,no
mbc019-not-stripped.txt,1,roNohia,roNo,hia,no,no
mbc024-not-stripped.txt,30,kIia,kI,ia,no,no
mbc024-not-stripped.txt,30,kOhuruhia,kOhuru,hia,no,no
mbc024-not-stripped.txt,31,karaNahia,karaNa,hia,no,no
mbc025-not-stripped.txt,1,hokona,hoko,na,no,no
mbc025-not-stripped.txt,1,takahurihia,takahuri,hia,no,no
mbc025-not-stripped.txt,1,tonuhia,tonu,hia,no,no
mbc025-not-stripped.txt,2,arohia,aro,hia,no,no
mbc025-not-stripped.txt,2,hokona,hoko,na,no,no
mbc188-not-stripped.txt,2,roNohia,roNo,hia,no,no
mbc025-not-stripped.txt,3,aituAhia,aituA,hia,no,no
mbc025-not-stripped.txt,3,kEhia,kE,hia,no,no
mbc016-not-stripped.txt,20,kohetehia,kohete,hia,no,no
mbc016-not-stripped.txt,20,tUkinohia,tUkino,hia,no,no
mbc025-not-stripped.txt,3,takahia,takahi,a,no,no
mbc025-not-stripped.txt,3,tonuhia,tonu,hia,no,no
mbc025-not-stripped.txt,5,fakahaerehia,fakahaere,hia,no,no
mbc025-not-stripped.txt,5,kitea,kite,a,no,no
mbc025-not-stripped.txt,5,kitea,kite,a,no,no
mbc016-not-stripped.txt,22,hAmenehia,hAmene,hia,no,no
mbc025-not-stripped.txt,5,tukuna,tuku,na,no,no
mbc025-not-stripped.txt,6,fifia,fifi,a,no,no
mbc025-not-stripped.txt,6,kIia,kI,ia,no,no
mbc025-not-stripped.txt,6,kitea,kite,a,no,no
mbc025-not-stripped.txt,6,tOroahia,totoro,a/hia,no,yes
mbc025-not-stripped.txt,6,tonuhia,tonu,hia,no,no
mbc025-not-stripped.txt,6,tonuhia,tonu,hia,no,no
mbc025-not-stripped.txt,7,fAia,fai,a,no,no
mbc025-not-stripped.txt,7,kIia,kI,ia,no,no
mbc025-not-stripped.txt,9,hauhakehia,hauhake,hia,no,no
mbc017-not-stripped.txt,1,tArewahia,tArewa,hia,no,no
mbc017-not-stripped.txt,1,tirohia,titiro,hia,no,no
mbc025-not-stripped.txt,10,hAmenehia,hAmene,hia,no,no
mbc025-not-stripped.txt,10,haNahia,haNa,hia,no,no
mbc017-not-stripped.txt,1,tukuna,tuku,na,no,no
mbc017-not-stripped.txt,2,kEhia,kE,hia,no,no
mbc017-not-stripped.txt,2,kitea,kite,a,no,no
mbc017-not-stripped.txt,2,mahia,mahi,a,no,no
mbc017-not-stripped.txt,2,tAhaehia,tAhae,hia,no,no
mbc017-not-stripped.txt,3,Aheihia,Ahei,hia,no,no
mbc017-not-stripped.txt,3,fakaarohia,fakaaro,hia,no,no
mbc017-not-stripped.txt,3,fakawAteahia,fakawAtea,hia,no,no
mbc017-not-stripped.txt,3,fakawAteahia,fakawAtea,hia,no,no
mbc017-not-stripped.txt,3,haNahia,haNa,hia,no,no
mbc017-not-stripped.txt,3,herehia,here,hia,no,no
mbc023-not-stripped.txt,1,fiua,fiu,a,no,no
mbc017-not-stripped.txt,3,kIia,kI,ia,no,no
mbc017-not-stripped.txt,3,kIia,kI,ia,no,no
mbc017-not-stripped.txt,3,tiakihia,tiaki,hia,no,no
mbc017-not-stripped.txt,5,kitea,kite,a,no,no
mbc017-not-stripped.txt,5,roNohia,roNo,hia,no,no
mbc017-not-stripped.txt,5,tohua,tohu,a,no,no
mbc017-not-stripped.txt,6,fakakIhia,fakakI,hia,no,no
mbc017-not-stripped.txt,6,fifia,fifi,a,no,no
mbc017-not-stripped.txt,6,kIia,kI,ia,no,no
mbc017-not-stripped.txt,6,mOhiohia,mOhio,hia,no,no
mbc017-not-stripped.txt,6,pIraNihia,pIraNi,hia,no,no
mbc244-not-stripped.txt,2,fakamAramahia,fakamArama,hia,no,no
mbc244-not-stripped.txt,2,kIia,kI,ia,no,no
mbc244-not-stripped.txt,2,tohua,tohu,a,no,no
mbc216-not-stripped.txt,0,pEhia,pEhi,a,no,no
mbc017-not-stripped.txt,7,kitea,kite,a,no,no
mbc017-not-stripped.txt,7,kitea,kite,a,no,no
mbc017-not-stripped.txt,7,kitea,kite,a,no,no
mbc017-not-stripped.txt,7,titohia,tito,hia,no,no
mbc017-not-stripped.txt,9,fakaritehia,fakarite,hia,no,no
mbc254-not-stripped.txt,5,tuhituhihia,tuhituhi,hia,no,no
mbc023-not-stripped.txt,26,Aheihia,Ahei,hia,no,no
mbc216-not-stripped.txt,7,kIia,kI,ia,no,no
mbc216-not-stripped.txt,7,porohia,poro,hia,no,no
mbc210-not-stripped.txt,2,firifirihia,firifiri,hia,no,no
mbc024-not-stripped.txt,1,takahia,takahi,a,no,no
mbc024-not-stripped.txt,1,takahurihia,takahuri,hia,no,no
mbc241-not-stripped.txt,29,fakahokihia,fakahoki,hia,no,no
mbc017-not-stripped.txt,12,tohua,tohu,a,no,no
mbc017-not-stripped.txt,14,fifia,fifi,a,no,no
mbc017-not-stripped.txt,14,katoahia,katoa,hia,no,no
mbc017-not-stripped.txt,14,taea,tae,a,no,no
mbc017-not-stripped.txt,14,tohua,tohu,a,no,no
mbc017-not-stripped.txt,16,fakamAtautauhia,fakamAtautau,hia,no,no
mbc017-not-stripped.txt,16,kIia,kI,ia,no,no
mbc017-not-stripped.txt,16,kIia,kI,ia,no,no
mbc251-not-stripped.txt,20,tuhituhihia,tuhituhi,hia,no,no
mbc216-not-stripped.txt,17,aukatihia,aukati,hia,no,no
mbc237-not-stripped.txt,3,fakaritehia,fakarite,hia,no,no
mbc244-not-stripped.txt,16,fakatikatikahia,fakatikatika,hia,no,no
mbc018-not-stripped.txt,1,mOtinihia,mOtini,hia,no,no
mbc239-not-stripped.txt,42,tAkarohia,tAkaro,hia,no,no
mbc240-not-stripped.txt,0,fakaawateahia,fakaawatea,hia,no,no
mbc194-not-stripped.txt,0,poipoihia,poipoi,hia,no,no
mbc233-not-stripped.txt,2,kitea,kite,a,no,no
mbc187-not-stripped.txt,3,kitea,kite,a,no,no
mbc018-not-stripped.txt,5,fakaawateahia,fakaawatea,hia,no,no
mbc018-not-stripped.txt,5,tuhia,tuhi,a,no,no
mbc018-not-stripped.txt,7,tuhia,tuhi,a,no,no
mbc018-not-stripped.txt,13,aituAhia,aituA,hia,no,no
mbc018-not-stripped.txt,13,fakarApopotohia,fakarApopoto,hia,no,no
mbc216-not-stripped.txt,29,katoahia,katoa,hia,no,no
mbc201-not-stripped.txt,0,tIkina,tiki,na,no,no
mbc018-not-stripped.txt,17,kIia,kI,ia,no,no
mbc018-not-stripped.txt,17,katia,kati,a,no,no
mbc018-not-stripped.txt,17,muia,mui,a,no,no
mbc018-not-stripped.txt,18,kitea,kite,a,no,no
mbc018-not-stripped.txt,18,pAnuihia,pAnui,hia,no,no
mbc018-not-stripped.txt,18,roNohia,roNo,hia,no,no
mbc018-not-stripped.txt,19,kitea,kite,a,no,no
mbc018-not-stripped.txt,19,kitea,kite,a,no,no
mbc244-not-stripped.txt,22,fakarerekEhia,fakarerekE,hia,no,no
mbc244-not-stripped.txt,22,kIia,kI,ia,no,no
mbc244-not-stripped.txt,23,kOrerohia,kOrero,hia,no,no
mbc018-not-stripped.txt,22,kitea,kite,a,no,no
mbc018-not-stripped.txt,24,kIia,kI,ia,no,no
mbc244-not-stripped.txt,23,rukuhia,ruku,hia,no,no
mbc018-not-stripped.txt,24,kitea,kite,a,no,no
mbc018-not-stripped.txt,24,tAkarohia,tAkaro,hia,no,no
mbc216-not-stripped.txt,33,katoahia,katoa,hia,no,no
mbc021-not-stripped.txt,14,tukuna,tuku,na,no,no
mbc217-not-stripped.txt,0,kOkirihia,kOkiri,hia,no,no
mbc240-not-stripped.txt,22,tAmokohia,tAmoko,hia,no,no
mbc244-not-stripped.txt,30,karafiua,karafiu,a,no,no
mbc243-not-stripped.txt,0,kitea,kite,a,no,no
mbc235-not-stripped.txt,14,fakairihia,fakairi,hia,no,no
mbc019-not-stripped.txt,2,roNohia,roNo,hia,no,no
mbc019-not-stripped.txt,2,tonuhia,tonu,hia,no,no
mbc019-not-stripped.txt,2,tonuhia,tonu,hia,no,no
mbc237-not-stripped.txt,43,tonuhia,tonu,hia,no,no
mbc238-not-stripped.txt,0,fakarahia,fakarahi,a,no,no
mbc019-not-stripped.txt,14,fiua,fiu,a,no,no
mbc019-not-stripped.txt,14,rapuhia,rapu,hia,no,no
mbc019-not-stripped.txt,15,kIia,kI,ia,no,no
mbc021-not-stripped.txt,16,utuhia,utu,hia,no,no
mbc201-not-stripped.txt,9,tIkina,tiki,na,no,no
mbc255-not-stripped.txt,6,poipoihia,poipoi,hia,no,no
mbc019-not-stripped.txt,17,tukuna,tuku,na,no,no
mbc021-not-stripped.txt,17,kitea,kite,a,no,no
mbc019-not-stripped.txt,19,kIia,kI,ia,no,no
mbc019-not-stripped.txt,19,tukuna,tuku,na,no,no
mbc019-not-stripped.txt,20,hAmenehia,hAmene,hia,no,no
mbc019-not-stripped.txt,20,haerehia,haere,hia,no,no
mbc019-not-stripped.txt,20,kitea,kite,a,no,no
mbc022-not-stripped.txt,4,rapuhia,rapu,hia,no,no
mbc217-not-stripped.txt,10,fakatUhia,fakatU,hia,no,no
mbc019-not-stripped.txt,20,patupatuhia,patupatu,hia,no,no
mbc019-not-stripped.txt,20,tUkinohia,tUkino,hia,no,no
mbc209-not-stripped.txt,8,tImatahia,tImata,hia,no,no
mbc238-not-stripped.txt,18,haerehia,haere,hia,no,no
mbc201-not-stripped.txt,13,roNohia,roNo,hia,no,no
mbc217-not-stripped.txt,15,fifia,fifi,a,no,no
mbc019-not-stripped.txt,23,haukerekeretaNahia,haukerekere,taNa/hia,yes,no
mbc019-not-stripped.txt,23,kitea,kite,a,no,no
mbc019-not-stripped.txt,25,fakaputahia,fakaputa,hia,no,no
mbc019-not-stripped.txt,25,fakatikatikahia,fakatikatika,hia,no,no
mbc019-not-stripped.txt,27,tirotia,tiro,tia,no,no
mbc019-not-stripped.txt,27,tirotirohia,tirotiro,hia,no,no
mbc195-not-stripped.txt,27,pAtaihia,pAtai,hia,no,no
mbc019-not-stripped.txt,29,fakairihia,fakairi,hia,no,no
mbc246-not-stripped.txt,3,tuhituhihia,tuhituhi,hia,no,no
mbc217-not-stripped.txt,42,karaNahia,karaNa,hia,no,no
mbc209-not-stripped.txt,29,tonuhia,tonu,hia,no,no
mbc188-not-stripped.txt,11,roNohia,roNo,hia,no,no
mbc188-not-stripped.txt,11,tIkina,tiki,na,no,no
mbc188-not-stripped.txt,11,tauirahia,tauira,hia,no,no
mbc209-not-stripped.txt,31,tukuna,tuku,na,no,no
mbc020-not-stripped.txt,1,arohia,aro,hia,no,no
mbc020-not-stripped.txt,1,fakaturehia,fakature,hia,no,no
mbc217-not-stripped.txt,59,faifaihia,faifai,hia,no,no
mbc025-not-stripped.txt,10,tohahia,toha,hia,no,no
mbc025-not-stripped.txt,10,wAwAhihia,wAwAhi,hia,no,no
mbc249-not-stripped.txt,5,kIia,kI,ia,no,no
mbc023-not-stripped.txt,2,kIia,kI,ia,no,no
mbc023-not-stripped.txt,2,pAkia,pA,kia,no,no
mbc195-not-stripped.txt,35,fakarApopotohia,fakarApopoto,hia,no,no
mbc218-not-stripped.txt,0,taea,tae,a,no,no
mbc218-not-stripped.txt,10,taea,tae,a,no,no
mbc218-not-stripped.txt,12,rapuhia,rapu,hia,no,no
mbc020-not-stripped.txt,9,fakahouhia,fakahou,hia,no,no
mbc020-not-stripped.txt,9,kIia,kI,ia,no,no
mbc020-not-stripped.txt,9,tImatahia,tImata,hia,no,no
mbc020-not-stripped.txt,9,tahuna,tahu,na,no,no
mbc020-not-stripped.txt,10,kIia,kI,ia,no,no
mbc020-not-stripped.txt,10,kIia,kI,ia,no,no
mbc020-not-stripped.txt,11,kEhia,kE,hia,no,no
mbc020-not-stripped.txt,11,kIia,kI,ia,no,no
mbc020-not-stripped.txt,12,fakanuihia,fakanui,hia,no,no
mbc020-not-stripped.txt,12,pakaNahia,pakaNa,hia,no,no
mbc020-not-stripped.txt,12,uhia,uhi,a,no,no
mbc020-not-stripped.txt,14,tohua,tohu,a,no,no
mbc239-not-stripped.txt,21,fakawAhaNataNahia,fakawAhaNa,taNa/hia,yes,no
mbc254-not-stripped.txt,5,hauhakehia,hauhake,hia,no,no
mbc210-not-stripped.txt,0,haNahia,haNa,hia,no,no
mbc210-not-stripped.txt,0,tohua,tohu,a,no,no
mbc023-not-stripped.txt,26,roNohia,roNo,hia,no,no
mbc138-not-stripped.txt,6,fakatikatikahia,fakatikatika,hia,no,no
mbc138-not-stripped.txt,6,fakatuferataNahia,fakatufera,taNa/hia,yes,no
mbc138-not-stripped.txt,6,hoatuhia,hoatu,hia,no,no
mbc138-not-stripped.txt,6,inoihia,inoi,hia,no,no
mbc138-not-stripped.txt,6,otitia,oti,tia,no,no
mbc239-not-stripped.txt,37,fakahAweatia,fakahAwea,tia,no,no
mbc239-not-stripped.txt,37,fakairihia,fakairi,hia,no,no
mbc239-not-stripped.txt,38,ahuhia,ahu,hia,no,no
mbc239-not-stripped.txt,38,fakaritehia,fakarite,hia,no,no
mbc239-not-stripped.txt,38,haerehia,haere,hia,no,no
mbc251-not-stripped.txt,19,roNohia,roNo,hia,no,no
mbc242-not-stripped.txt,0,tohua,tohu,a,no,no
mbc233-not-stripped.txt,0,kitea,kite,a,no,no
mbc233-not-stripped.txt,0,panaia,pana,ia,no,no
mbc233-not-stripped.txt,0,panaia,pana,ia,no,no
mbc233-not-stripped.txt,0,patua,patu,a,no,no
mbc234-not-stripped.txt,41,raupatuhia,raupatu,hia,no,no
mbc233-not-stripped.txt,0,roNohia,roNo,hia,no,no
mbc202-not-stripped.txt,29,roNohia,roNo,hia,no,no
mbc242-not-stripped.txt,6,tauirahia,tauira,hia,no,no
mbc021-not-stripped.txt,8,kIia,kI,ia,no,no
mbc240-not-stripped.txt,0,tuhia,tuhi,a,no,no
mbc210-not-stripped.txt,31,fAia,fai,a,no,no
mbc196-not-stripped.txt,7,tukuna,tuku,na,no,no
mbc251-not-stripped.txt,22,fakaarohia,fakaaro,hia,no,no
mbc251-not-stripped.txt,23,tuhituhihia,tuhituhi,hia,no,no
mbc210-not-stripped.txt,35,tukuna,tuku,na,no,no
mbc218-not-stripped.txt,38,fakaritehia,fakarite,hia,no,no
mbc196-not-stripped.txt,12,tohatohahia,tohatoha,hia,no,no
mbc024-not-stripped.txt,17,kOkirihia,kOkiri,hia,no,no
mbc234-not-stripped.txt,46,fakairihia,fakairi,hia,no,no
mbc240-not-stripped.txt,16,kitea,kite,a,no,no
mbc240-not-stripped.txt,18,pEheahia,pEhea,hia,no,no
mbc021-not-stripped.txt,13,NAkaunuihia,NAkaunui,hia,no,no
mbc233-not-stripped.txt,8,fakatuferahia,fakatufera,hia,no,no
mbc021-not-stripped.txt,13,kEhia,kE,hia,no,no
mbc021-not-stripped.txt,13,mauherehia,mauhere,hia,no,no
mbc240-not-stripped.txt,19,titohia,tito,hia,no,no
mbc192-not-stripped.txt,12,kIia,kI,ia,no,no
mbc199-not-stripped.txt,0,kitea,kite,a,no,no
mbc242-not-stripped.txt,34,Aheihia,Ahei,hia,no,no
mbc021-not-stripped.txt,14,kIia,kI,ia,no,no
mbc021-not-stripped.txt,14,katoahia,katoa,hia,no,no
mbc021-not-stripped.txt,14,kitea,kite,a,no,no
mbc021-not-stripped.txt,14,kitea,kite,a,no,no
mbc242-not-stripped.txt,40,kawea,kawe,a,no,no
mbc191-not-stripped.txt,0,taNihia,taNi,hia,no,no
mbc024-not-stripped.txt,28,karaNahia,karaNa,hia,no,no
mbc243-not-stripped.txt,0,kIia,kI,ia,no,no
mbc244-not-stripped.txt,30,taea,tae,a,no,no
mbc217-not-stripped.txt,0,karaNahia,karaNa,hia,no,no
mbc244-not-stripped.txt,36,tukuna,tuku,na,no,no
mbc021-not-stripped.txt,16,fakawAteahia,fakawAtea,hia,no,no
mbc021-not-stripped.txt,16,kIia,kI,ia,no,no
mbc021-not-stripped.txt,16,kIia,kI,ia,no,no
mbc021-not-stripped.txt,16,kIia,kI,ia,no,no
mbc251-not-stripped.txt,25,poipoihia,poipoi,hia,no,no
mbc193-not-stripped.txt,0,kitea,kite,a,no,no
mbc193-not-stripped.txt,0,mihihia,mihi,hia,no,no
mbc193-not-stripped.txt,0,taNihia,taNi,hia,no,no
mbc193-not-stripped.txt,1,maiohahia,maioha,hia,no,no
mbc193-not-stripped.txt,2,kawea,kawe,a,no,no
mbc021-not-stripped.txt,17,fakairohia,fakairo,hia,no,no
mbc025-not-stripped.txt,3,kEhia,kE,hia,no,no
mbc021-not-stripped.txt,17,kitea,kite,a,no,no
mbc021-not-stripped.txt,17,peitahia,peita,hia,no,no
mbc021-not-stripped.txt,17,tohuhia,tohu,hia,no,no
mbc022-not-stripped.txt,1,tukuna,tuku,na,no,no
mbc022-not-stripped.txt,4,mAorihia,mAori,hia,no,no
mbc243-not-stripped.txt,6,katoahia,katoa,hia,no,no
mbc022-not-stripped.txt,4,taea,tae,a,no,no
mbc022-not-stripped.txt,4,tautokohia,tautoko,hia,no,no
mbc022-not-stripped.txt,7,karaNahia,karaNa,hia,no,no
mbc022-not-stripped.txt,7,kauhauhia,kauhau,hia,no,no
mbc022-not-stripped.txt,7,pEheahia,pEhea,hia,no,no
mbc241-not-stripped.txt,2,taea,tae,a,no,no
mbc233-not-stripped.txt,21,tauirahia,tauira,hia,no,no
mbc233-not-stripped.txt,21,waihohia,waiho,hia,no,no
mbc233-not-stripped.txt,21,waihohia,waiho,hia,no,no
mbc252-not-stripped.txt,3,tuhituhihia,tuhituhi,hia,no,no
mbc197-not-stripped.txt,12,mOhiotia,mOhio,tia,no,no
mbc241-not-stripped.txt,10,pEheahia,pEhea,hia,no,no
mbc022-not-stripped.txt,9,mauria,mau,ria,no,no
mbc022-not-stripped.txt,11,kIia,kI,ia,no,no
mbc022-not-stripped.txt,11,kitea,kite,a,no,no
mbc241-not-stripped.txt,15,kIia,kI,ia,no,no
mbc025-not-stripped.txt,10,haNahia,haNa,hia,no,no
mbc233-not-stripped.txt,25,fakairihia,fakairi,hia,no,no
mbc233-not-stripped.txt,26,haNahia,haNa,hia,no,no
mbc025-not-stripped.txt,10,kIia,kI,ia,no,no
mbc025-not-stripped.txt,10,kitea,kite,a,no,no
mbc025-not-stripped.txt,10,raNahauhia,raNahau,hia,no,no
mbc025-not-stripped.txt,10,rapuhia,rapu,hia,no,no
mbc025-not-stripped.txt,10,rapuhia,rapu,hia,no,no
mbc023-not-stripped.txt,1,fakaaetia,fakaae,tia,no,no
mbc255-not-stripped.txt,9,poipoihia,poipoi,hia,no,no
mbc247-not-stripped.txt,9,poipoihia,poipoi,hia,no,no
mbc199-not-stripped.txt,40,faifaihia,faifai,hia,no,no
mbc249-not-stripped.txt,5,poipoihia,poipoi,hia,no,no
mbc249-not-stripped.txt,6,poipoihia,poipoi,hia,no,no
mbc023-not-stripped.txt,2,pUhia,pupuhi,a,no,no
mbc023-not-stripped.txt,2,pUhia,pupuhi,a,no,no
mbc023-not-stripped.txt,2,pUhia,pupuhi,a,no,no
mbc023-not-stripped.txt,2,pUhia,pupuhi,a,no,no
mbc023-not-stripped.txt,2,raNahauhia,raNahau,hia,no,no
mbc236-not-stripped.txt,5,kitea,kite,a,no,no
mbc023-not-stripped.txt,3,hokona,hoko,na,no,no
mbc023-not-stripped.txt,3,tunua,tunu,a,no,no
mbc198-not-stripped.txt,0,fakahaerehia,fakahaere,hia,no,no
mbc233-not-stripped.txt,34,fakairihia,fakairi,hia,no,no
mbc218-not-stripped.txt,19,kitea,kite,a,no,no
mbc191-not-stripped.txt,14,fakairihia,fakairi,hia,no,no
mbc234-not-stripped.txt,2,fAia,fai,a,no,no
mbc200-not-stripped.txt,2,muia,mui,a,no,no
mbc209-not-stripped.txt,56,taea,tae,a,no,no
mbc023-not-stripped.txt,24,tirohia,titiro,hia,no,no
mbc023-not-stripped.txt,24,tohua,tohu,a,no,no
mbc239-not-stripped.txt,21,fakamAorihia,fakamAori,hia,no,no
mbc023-not-stripped.txt,26,arohia,aro,hia,no,no
mbc138-not-stripped.txt,6,fakaaehia,fakaae,hia,no,no
mbc138-not-stripped.txt,6,fakaarohia,fakaaro,hia,no,no
mbc187-not-stripped.txt,0,mihihia,mihi,hia,no,no
mbc187-not-stripped.txt,0,taNihia,taNi,hia,no,no
mbc234-not-stripped.txt,21,fifia,fifi,a,no,no
mbc198-not-stripped.txt,26,taea,tae,a,no,no
mbc199-not-stripped.txt,1,kIia,kI,ia,no,no
mbc138-not-stripped.txt,6,tohua,tohu,a,no,no
mbc138-not-stripped.txt,6,tukuna,tuku,na,no,no
mbc241-not-stripped.txt,29,utuhia,utu,hia,no,no
mbc024-not-stripped.txt,7,kIia,kI,ia,no,no
mbc212-not-stripped.txt,17,fakamAramahia,fakamArama,hia,no,no
mbc234-not-stripped.txt,31,ufia,ufi,a,no,no
mbc244-not-stripped.txt,12,tirotirohia,tirotiro,hia,no,no
mbc237-not-stripped.txt,0,tohuhia,tohu,hia,no,no
mbc024-not-stripped.txt,9,fakaarohia,fakaaro,hia,no,no
mbc199-not-stripped.txt,7,hokona,hoko,na,no,no
mbc234-not-stripped.txt,41,murua,muru,a,no,no
mbc237-not-stripped.txt,3,tukuna,tuku,na,no,no
mbc253-not-stripped.txt,3,haerehia,haere,hia,no,no
mbc242-not-stripped.txt,6,fakatAhia,fakatA,hia,no,no
mbc233-not-stripped.txt,0,waihohia,waiho,hia,no,no
mbc187-not-stripped.txt,3,fakaponohia,fakapono,hia,no,no
mbc210-not-stripped.txt,27,poipoihia,poipoi,hia,no,no
mbc240-not-stripped.txt,0,kIia,kI,ia,no,no
mbc242-not-stripped.txt,10,kOrerohia,kOrero,hia,no,no
mbc194-not-stripped.txt,3,muia,mui,a,no,no
mbc194-not-stripped.txt,3,takahurihia,takahuri,hia,no,no
mbc234-not-stripped.txt,45,fArikihia,fAriki,hia,no,no
mbc024-not-stripped.txt,17,fakaterehia,fakatere,hia,no,no
mbc024-not-stripped.txt,17,fifia,fifi,a,no,no
mbc187-not-stripped.txt,5,rIhihia,rIhi,hia,no,no
mbc244-not-stripped.txt,20,tirohia,titiro,hia,no,no
mbc235-not-stripped.txt,0,pEhia,pEhi,a,no,no
mbc235-not-stripped.txt,0,titohia,tito,hia,no,no
mbc242-not-stripped.txt,15,titohia,tito,hia,no,no
mbc235-not-stripped.txt,4,kIia,kI,ia,no,no
mbc235-not-stripped.txt,4,pAkia,pA,kia,no,no
mbc024-not-stripped.txt,18,taea,tae,a,no,no
mbc024-not-stripped.txt,18,tohua,tohu,a,no,no
mbc192-not-stripped.txt,12,fakamAramahia,fakamArama,hia,no,no
mbc242-not-stripped.txt,28,roNohia,roNo,hia,no,no
mbc244-not-stripped.txt,23,roNohia,roNo,hia,no,no
mbc235-not-stripped.txt,10,fakairihia,fakairi,hia,no,no
mbc235-not-stripped.txt,11,roNohia,roNo,hia,no,no
mbc199-not-stripped.txt,1,hauhakehia,hauhake,hia,no,no
mbc214-not-stripped.txt,22,poipoihia,poipoi,hia,no,no
mbc237-not-stripped.txt,31,takahia,takahi,a,no,no
mbc024-not-stripped.txt,28,kIia,kI,ia,no,no
mbc244-not-stripped.txt,30,kIia,kI,ia,no,no
mbc025-not-stripped.txt,10,kEhia,kE,hia,no,no
mbc188-not-stripped.txt,11,roNohia,roNo,hia,no,no
mbc199-not-stripped.txt,36,kOrerohia,kOrero,hia,no,no
mbc243-not-stripped.txt,0,roNohia,roNo,hia,no,no
mbc199-not-stripped.txt,3,hauhakehia,hauhake,hia,no,no
mbc244-not-stripped.txt,37,kohikohihia,kohikohi,hia,no,no
mbc025-not-stripped.txt,10,tiakihia,tiaki,hia,no,no
mbc192-not-stripped.txt,14,hauhakehia,hauhake,hia,no,no
mbc192-not-stripped.txt,14,poipoihia,poipoi,hia,no,no
mbc201-not-stripped.txt,7,fakahokia,fakahoki,a,no,no
mbc201-not-stripped.txt,7,werohia,wero,hia,no,no
mbc188-not-stripped.txt,2,pouaNia,poua,Nia,no,no
mbc238-not-stripped.txt,0,roNohia,roNo,hia,no,no
mbc062-not-stripped.txt,80,katoahia,katoa,hia,no,no
mbc235-not-stripped.txt,25,heria,heri,a,no,no
mbc197-not-stripped.txt,7,roNohia,roNo,hia,no,no
mbc025-not-stripped.txt,3,kIia,kI,ia,no,no
mbc243-not-stripped.txt,6,fakarApopototaNahia,fakarApopoto,taNa/hia,yes,no
mbc243-not-stripped.txt,6,fakawehehia,fakawehe,hia,no,no
mbc243-not-stripped.txt,6,fakawehewehehia,fakawehewehe,hia,no,no
mbc254-not-stripped.txt,0,tuhituhia,tuhituhi,a,no,no
mbc243-not-stripped.txt,6,kOrerohia,kOrero,hia,no,no
mbc025-not-stripped.txt,5,kitea,kite,a,no,no
mbc243-not-stripped.txt,7,fakatuferahia,fakatufera,hia,no,no
mbc243-not-stripped.txt,7,kitea,kite,a,no,no
mbc243-not-stripped.txt,7,kitea,kite,a,no,no
mbc243-not-stripped.txt,7,kohikohitia,kohikohi,tia,no,no
mbc243-not-stripped.txt,7,tohua,tohu,a,no,no
mbc199-not-stripped.txt,17,kohia,kohi,a,no,no
mbc238-not-stripped.txt,18,roNohia,roNo,hia,no,no
mbc199-not-stripped.txt,21,tuhituhihia,tuhituhi,hia,no,no
mbc252-not-stripped.txt,2,poipoihia,poipoi,hia,no,no
mbc209-not-stripped.txt,24,roNohia,roNo,hia,no,no
mbc025-not-stripped.txt,10,aituAhia,aituA,hia,no,no
mbc025-not-stripped.txt,10,hAmenehia,hAmene,hia,no,no
mbc206-not-stripped.txt,15,tohua,tohu,a,no,no
mbc187-not-stripped.txt,1,kitea,kite,a,no,no
mbc025-not-stripped.txt,10,haNahia,haNa,hia,no,no
mbc209-not-stripped.txt,29,katoahia,katoa,hia,no,no
mbc025-not-stripped.txt,10,kAnatarakahia,kAnataraka,hia,no,no
mbc138-not-stripped.txt,6,uhia,uhi,a,no,no
mbc244-not-stripped.txt,12,arohahia,aroha,hia,no,no
mbc244-not-stripped.txt,12,fakapauhia,fakapau,hia,no,no
mbc243-not-stripped.txt,11,fakatUmanakohia,fakatUmanako,hia,no,no
mbc217-not-stripped.txt,49,taea,tae,a,no,no
mbc209-not-stripped.txt,33,fakahokia,fakahoki,a,no,no
mbc188-not-stripped.txt,0,kitea,kite,a,no,no
mbc193-not-stripped.txt,6,waihohia,waiho,hia,no,no
mbc243-not-stripped.txt,12,tukuna,tuku,na,no,no
mbc193-not-stripped.txt,6,tImatahia,tImata,hia,no,no
mbc199-not-stripped.txt,40,taea,tae,a,no,no
mbc241-not-stripped.txt,19,haNahia,haNa,hia,no,no
mbc243-not-stripped.txt,16,ahatia,aha,tia,no,no
mbc186-not-stripped.txt,37,haria,hari,a,no,no
mbc199-not-stripped.txt,42,faifaihia,faifai,hia,no,no
mbc199-not-stripped.txt,42,tirotirohia,tirotiro,hia,no,no
mbc186-not-stripped.txt,37,muia,mui,a,no,no
mbc209-not-stripped.txt,41,taea,tae,a,no,no
mbc200-not-stripped.txt,0,kitea,kite,a,no,no
mbc236-not-stripped.txt,5,mOhiotia,mOhio,tia,no,no
mbc236-not-stripped.txt,5,poipoihia,poipoi,hia,no,no
mbc236-not-stripped.txt,5,roNohina,roNo,hina,no,no
mbc198-not-stripped.txt,0,kitea,kite,a,no,no
mbc251-not-stripped.txt,15,tuhituhihia,tuhituhi,hia,no,no
mbc239-not-stripped.txt,8,wAhia,wAwAhi,a,no,no
mbc209-not-stripped.txt,52,tohahia,toha,hia,no,no
mbc218-not-stripped.txt,21,fakapaehia,fakapae,hia,no,no
mbc216-not-stripped.txt,4,kIia,kI,ia,no,no
mbc236-not-stripped.txt,7,fakahokia,fakahoki,a,no,no
mbc192-not-stripped.txt,1,roNohia,roNo,hia,no,no
mbc255-not-stripped.txt,4,tuhituhihia,tuhituhi,hia,no,no
mbc085-not-stripped.txt,56,homaiNia,homai,Nia,no,no
mbc234-not-stripped.txt,9,noahia,noa,hia,no,no
mbc253-not-stripped.txt,5,poipoihia,poipoi,hia,no,no
mbc244-not-stripped.txt,23,rukuhia,ruku,hia,no,no
mbc187-not-stripped.txt,1,iriirihia,iriiri,hia,no,no
mbc244-not-stripped.txt,23,tukuna,tuku,na,no,no
mbc244-not-stripped.txt,23,tukuna,tuku,na,no,no
mbc244-not-stripped.txt,10,fakaarohia,fakaaro,hia,no,no
mbc244-not-stripped.txt,10,kEhia,kE,hia,no,no
mbc219-not-stripped.txt,16,fakaritehia,fakarite,hia,no,no
mbc188-not-stripped.txt,11,pakarihia,pakari,hia,no,no
mbc206-not-stripped.txt,19,kIia,kI,ia,no,no
mbc244-not-stripped.txt,12,pAkia,pA,kia,no,no
mbc237-not-stripped.txt,0,taea,tae,a,no,no
mbc244-not-stripped.txt,37,hauhakehia,hauhake,hia,no,no
mbc193-not-stripped.txt,6,fakaaria,fakaari,a,no,no
mbc244-not-stripped.txt,37,roNohia,roNo,hia,no,no
mbc237-not-stripped.txt,3,raNahauhia,raNahau,hia,no,no
mbc198-not-stripped.txt,53,tanuhia,tanu,hia,no,no
mbc255-not-stripped.txt,0,tuhituhihia,tuhituhi,hia,no,no
mbc202-not-stripped.txt,29,mahia,mahi,a,no,no
mbc188-not-stripped.txt,1,waihohia,waiho,hia,no,no
mbc240-not-stripped.txt,0,haerehia,haere,hia,no,no
mbc209-not-stripped.txt,39,taea,tae,a,no,no
mbc251-not-stripped.txt,2,taea,tae,a,no,no
mbc240-not-stripped.txt,2,tuhia,tuhi,a,no,no
mbc247-not-stripped.txt,5,poipoihia,poipoi,hia,no,no
mbc218-not-stripped.txt,36,aratakihia,arataki,hia,no,no
mbc200-not-stripped.txt,20,pIkauhia,pIkau,hia,no,no
mbc200-not-stripped.txt,20,waihaNahia,waihaNa,hia,no,no
mbc187-not-stripped.txt,5,homaihia,homai,hia,no,no
mbc196-not-stripped.txt,12,fakaroNohia,fakaroNo,hia,no,no
mbc047-not-stripped.txt,73,takahia,takahi,a,no,no
mbc242-not-stripped.txt,15,poipoihia,poipoi,hia,no,no
mbc250-not-stripped.txt,3,tuhituhihia,tuhituhi,hia,no,no
mbc242-not-stripped.txt,15,taea,tae,a,no,no
mbc237-not-stripped.txt,20,kIia,kI,ia,no,no
mbc255-not-stripped.txt,2,poipoihia,poipoi,hia,no,no
mbc244-not-stripped.txt,22,fakahaerehia,fakahaere,hia,no,no
mbc195-not-stripped.txt,3,kitea,kite,a,no,no
mbc240-not-stripped.txt,19,tApirihia,tApiri,hia,no,no
mbc242-not-stripped.txt,28,kIia,kI,ia,no,no
mbc196-not-stripped.txt,14,roNohia,roNo,hia,no,no
mbc199-not-stripped.txt,0,kIia,kI,ia,no,no
mbc237-not-stripped.txt,24,fakahokia,fakahoki,a,no,no
mbc206-not-stripped.txt,15,pEheatia,pEhea,tia,no,no
mbc217-not-stripped.txt,22,karaNahia,karaNa,hia,no,no
mbc233-not-stripped.txt,15,kitea,kite,a,no,no
mbc241-not-stripped.txt,15,fakaputahia,fakaputa,hia,no,no
mbc188-not-stripped.txt,11,mahia,mahi,a,no,no
mbc187-not-stripped.txt,1,tirohia,titiro,hia,no,no
mbc241-not-stripped.txt,29,tauirahia,tauira,hia,no,no
mbc254-not-stripped.txt,3,tuhituhia,tuhituhi,a,no,no
mbc241-not-stripped.txt,30,fakamanatia,fakamana,tia,no,no
mbc243-not-stripped.txt,11,haerehia,haere,hia,no,no
mbc194-not-stripped.txt,8,fakarApopotohia,fakarApopoto,hia,no,no
mbc217-not-stripped.txt,55,fifia,fifi,a,no,no
mbc208-not-stripped.txt,0,fakamAramahia,fakamArama,hia,no,no
mbc201-not-stripped.txt,7,fakahokia,fakahoki,a,no,no
mbc219-not-stripped.txt,25,fakaritehia,fakarite,hia,no,no
mbc188-not-stripped.txt,1,pEneihia,pEnei,hia,no,no
mbc197-not-stripped.txt,2,kOrerohia,kOrero,hia,no,no
mbc238-not-stripped.txt,0,kOrerohia,kOrero,hia,no,no
mbc238-not-stripped.txt,0,kIia,kI,ia,no,no
mbc241-not-stripped.txt,20,roNohia,roNo,hia,no,no
mbc243-not-stripped.txt,4,fakawehewehehia,fakawehewehe,hia,no,no
mbc239-not-stripped.txt,0,haerehia,haere,hia,no,no
mbc238-not-stripped.txt,9,kIia,kI,ia,no,no
mbc217-not-stripped.txt,4,faifaihia,faifai,hia,no,no
mbc246-not-stripped.txt,0,tuhituhihia,tuhituhi,hia,no,no
mbc208-not-stripped.txt,60,haerehia,haere,hia,no,no
mbc238-not-stripped.txt,9,tohua,tohu,a,no,no
mbc241-not-stripped.txt,0,fakaarohia,fakaaro,hia,no,no
mbc241-not-stripped.txt,0,fakaarohia,fakaaro,hia,no,no
mbc217-not-stripped.txt,10,tirotirohia,tirotiro,hia,no,no
mbc209-not-stripped.txt,0,kIia,kI,ia,no,no
mbc217-not-stripped.txt,12,taea,tae,a,no,no
mbc250-not-stripped.txt,5,poipoihia,poipoi,hia,no,no
mbc217-not-stripped.txt,15,fakaarahia,fakaara,hia,no,no
mbc233-not-stripped.txt,8,hauhakehia,hauhake,hia,no,no
mbc195-not-stripped.txt,3,roNohia,roNo,hia,no,no
mbc195-not-stripped.txt,3,roNohia,roNo,hia,no,no
mbc255-not-stripped.txt,3,maitia,mai,tia,no,no
mbc240-not-stripped.txt,19,haerehia,haere,hia,no,no
mbc201-not-stripped.txt,21,tirohia,titiro,hia,no,no
mbc244-not-stripped.txt,6,waituhia,waituhi,a,no,no
mbc241-not-stripped.txt,29,fakaarahia,fakaara,hia,no,no
mbc246-not-stripped.txt,2,feraferahia,ferafera,hia,no,no
mbc237-not-stripped.txt,30,taea,tae,a,no,no
mbc215-not-stripped.txt,0,fakaarohia,fakaaro,hia,no,no
mbc243-not-stripped.txt,0,aituAhia,aituA,hia,no,no
mbc215-not-stripped.txt,0,tohua,tohu,a,no,no
mbc234-not-stripped.txt,31,katoahia,katoa,hia,no,no
mbc254-not-stripped.txt,2,poipoihia,poipoi,hia,no,no
mbc237-not-stripped.txt,0,roNohia,roNo,hia,no,no
mbc237-not-stripped.txt,0,raNahauhia,raNahau,hia,no,no
mbc199-not-stripped.txt,36,taea,tae,a,no,no
mbc195-not-stripped.txt,29,firifirihia,firifiri,hia,no,no
mbc195-not-stripped.txt,29,tIkina,tiki,na,no,no
mbc254-not-stripped.txt,7,poipoihia,poipoi,hia,no,no
mbc208-not-stripped.txt,0,waihaNahia,waihaNa,hia,no,no
mbc219-not-stripped.txt,24,kapia,kapi,a,no,no
mbc241-not-stripped.txt,19,kIia,kI,ia,no,no
mbc241-not-stripped.txt,0,tirohia,titiro,hia,no,no
mbc246-not-stripped.txt,9,tuhituhihia,tuhituhi,hia,no,no
mbc239-not-stripped.txt,0,haNahia,haNa,hia,no,no
mbc241-not-stripped.txt,20,tukuna,tuku,na,no,no
mbc252-not-stripped.txt,6,haerehia,haere,hia,no,no
mbc202-not-stripped.txt,2,akohia,ako,hia,no,no
mbc251-not-stripped.txt,6,kOrerohia,kOrero,hia,no,no
mbc218-not-stripped.txt,18,tukuna,tuku,na,no,no
mbc251-not-stripped.txt,10,pEheahia,pEhea,hia,no,no
mbc218-not-stripped.txt,19,faifaihia,faifai,hia,no,no
mbc237-not-stripped.txt,6,roNohia,roNo,hia,no,no
mbc218-not-stripped.txt,19,mOhiotia,mOhio,tia,no,no
mbc239-not-stripped.txt,8,pAkia,pA,kia,no,no
mbc235-not-stripped.txt,36,waihohia,waiho,hia,no,no
mbc215-not-stripped.txt,0,kitea,kite,a,no,no
mbc239-not-stripped.txt,20,taea,tae,a,no,no
mbc241-not-stripped.txt,2,fakahokia,fakahoki,a,no,no
mbc233-not-stripped.txt,8,tImatahia,tImata,hia,no,no
mbc196-not-stripped.txt,14,fakapaohohia,fakapaoho,hia,no,no
mbc203-not-stripped.txt,13,fakairihia,fakairi,hia,no,no
mbc218-not-stripped.txt,36,fakarApopotohia,fakarApopoto,hia,no,no
mbc199-not-stripped.txt,0,kawea,kawe,a,no,no
mbc241-not-stripped.txt,6,kOrerohia,kOrero,hia,no,no
mbc196-not-stripped.txt,17,fakaritehia,fakarite,hia,no,no
mbc233-not-stripped.txt,15,anOhia,anO,hia,no,no
mbc241-not-stripped.txt,14,taea,tae,a,no,no
mbc062-not-stripped.txt,80,iNoahia,iNoa,hia,no,no
mbc192-not-stripped.txt,10,fakamAramahia,fakamArama,hia,no,no
mbc217-not-stripped.txt,36,fakatikahia,fakatika,hia,no,no
mbc195-not-stripped.txt,27,waihaNahia,waihaNa,hia,no,no
mbc187-not-stripped.txt,1,tohua,tohu,a,no,no
mbc187-not-stripped.txt,1,tuahia,tua,hia,no,no
mbc242-not-stripped.txt,28,fakaaehia,fakaae,hia,no,no
mbc236-not-stripped.txt,5,fANaihia,fANai,hia,no,no
mbc197-not-stripped.txt,0,poipoihia,poipoi,hia,no,no
mbc240-not-stripped.txt,25,opeopehia,opeope,hia,no,no
mbc191-not-stripped.txt,3,fakamAramahia,fakamArama,hia,no,no
mbc199-not-stripped.txt,7,kOrerohia,kOrero,hia,no,no
mbc237-not-stripped.txt,43,tirohia,titiro,hia,no,no
mbc242-not-stripped.txt,15,roNohia,roNo,hia,no,no
mbc197-not-stripped.txt,0,roNohia,roNo,hia,no,no
mbc233-not-stripped.txt,8,fakaarohia,fakaaro,hia,no,no
mbc241-not-stripped.txt,20,roNohia,roNo,hia,no,no
mbc193-not-stripped.txt,8,tukuna,tuku,na,no,no
mbc214-not-stripped.txt,6,fakamAramahia,fakamArama,hia,no,no
mbc233-not-stripped.txt,32,haNahia,haNa,hia,no,no
mbc186-not-stripped.txt,37,kawea,kawe,a,no,no
mbc240-not-stripped.txt,8,fakarApopotohia,fakarApopoto,hia,no,no
mbc234-not-stripped.txt,45,hopukina,hopu,kina,no,no
mbc234-not-stripped.txt,45,kIia,kI,ia,no,no
mbc237-not-stripped.txt,6,waiatahia,waiata,hia,no,no
mbc234-not-stripped.txt,45,tAmokohia,tAmoko,hia,no,no
mbc235-not-stripped.txt,38,fakairihia,fakairi,hia,no,no
mbc241-not-stripped.txt,0,hauhakehia,hauhake,hia,no,no
mbc209-not-stripped.txt,26,kitea,kite,a,no,no
mbc240-not-stripped.txt,19,fakaputataNahia,fakaputa,taNa/hia,yes,no
mbc239-not-stripped.txt,16,hikina,hiki,na,no,no
mbc242-not-stripped.txt,21,pEheatia,pEhea,tia,no,no
mbc195-not-stripped.txt,3,fakahaerehia,fakahaere,hia,no,no
mbc240-not-stripped.txt,18,pEheatia,pEhea,tia,no,no
mbc203-not-stripped.txt,13,roNohia,roNo,hia,no,no
mbc215-not-stripped.txt,15,fakaarahia,fakaara,hia,no,no
mbc243-not-stripped.txt,12,kOrerohia,kOrero,hia,no,no
mbc235-not-stripped.txt,34,waihohia,waiho,hia,no,no
mbc247-not-stripped.txt,7,tuhituhihia,tuhituhi,hia,no,no
mbc243-not-stripped.txt,7,fakaemihia,fakaemi,hia,no,no
mbc198-not-stripped.txt,59,pANia,pA,Nia,no,no
mbc199-not-stripped.txt,15,heria,heri,a,no,no
mbc217-not-stripped.txt,10,tirotirohia,tirotiro,hia,no,no
mbc237-not-stripped.txt,0,pAkia,pA,kia,no,no
mbc199-not-stripped.txt,30,hokoa,hoko,a,no,no
mbc217-not-stripped.txt,30,taea,tae,a,no,no
mbc243-not-stripped.txt,12,tIkina,tiki,na,no,no
mbc186-not-stripped.txt,37,muia,mui,a,no,no
mbc203-not-stripped.txt,13,waihohia,waiho,hia,no,no
mbc238-not-stripped.txt,9,tuituihia,tuitui,hia,no,no
mbc216-not-stripped.txt,29,fakaarahia,fakaara,hia,no,no
mbc237-not-stripped.txt,43,panaia,pana,ia,no,no
mbc240-not-stripped.txt,8,aituAhia,aituA,hia,no,no
mbc243-not-stripped.txt,12,haerehia,haere,hia,no,no
mbc195-not-stripped.txt,0,roNohia,roNo,hia,no,no
mbc187-not-stripped.txt,5,fakatUhia,fakatU,hia,no,no
mbc186-not-stripped.txt,37,hainahia,haina,hia,no,no
mbc242-not-stripped.txt,17,haerehia,haere,hia,no,no
mbc186-not-stripped.txt,41,kitea,kite,a,no,no
mbc251-not-stripped.txt,2,fakahokia,fakahoki,a,no,no
mbc238-not-stripped.txt,21,auEhia,auE,hia,no,no
mbc252-not-stripped.txt,5,poipoihia,poipoi,hia,no,no
mbc218-not-stripped.txt,12,tApiritaNahia,tApiri,taNa/hia,yes,no
mbc243-not-stripped.txt,9,fakarerekEhia,fakarerekE,hia,no,no
mbc237-not-stripped.txt,5,fakairihia,fakairi,hia,no,no
mbc199-not-stripped.txt,36,tirohia,titiro,hia,no,no
mbc195-not-stripped.txt,27,kitea,kite,a,no,no
mbc243-not-stripped.txt,6,aituAhia,aituA,hia,no,no
mbc188-not-stripped.txt,0,mihihia,mihi,hia,no,no
mbc195-not-stripped.txt,2,kOrerohia,kOrero,hia,no,no
mbc218-not-stripped.txt,0,fAia,fai,a,no,no
mbc239-not-stripped.txt,12,fakaritehia,fakarite,hia,no,no
mbc198-not-stripped.txt,65,pEhia,pEhi,a,no,no
mbc237-not-stripped.txt,43,taea,tae,a,no,no
mbc187-not-stripped.txt,5,fakapaehia,fakapae,hia,no,no
mbc194-not-stripped.txt,10,fakarApopotohia,fakarApopoto,hia,no,no
mbc198-not-stripped.txt,59,kAhakina,kAhaki,na,no,no
mbc218-not-stripped.txt,14,fifia,fifi,a,no,no
mbc195-not-stripped.txt,0,poipoihia,poipoi,hia,no,no
mbc217-not-stripped.txt,51,kIia,kI,ia,no,no
mbc236-not-stripped.txt,5,akohia,ako,hia,no,no
mbc236-not-stripped.txt,5,kohia,kohi,a,no,no
mbc236-not-stripped.txt,5,akohia,ako,hia,no,no
mbc193-not-stripped.txt,3,mOhiotia,mOhio,tia,no,no
mbc239-not-stripped.txt,0,haNahia,haNa,hia,no,no
mbc105-not-stripped.txt,40,taea,tae,a,no,no
mbc165-not-stripped.txt,31,hanaNia,hana,Nia,no,no
mbc165-not-stripped.txt,139,haria,hari,a,no,no
mbc165-not-stripped.txt,48,fakakINia,fakakI,Nia,no,no
mbc165-not-stripped.txt,23,kumekumea,kumekume,a,no,no
mbc165-not-stripped.txt,51,kitea,kite,a,no,no
mbc165-not-stripped.txt,142,taea,tae,a,no,no
mbc233-not-stripped.txt,24,waihotia,waiho,tia,no,no
mbc233-not-stripped.txt,24,fAia,fai,a,no,no
mbc233-not-stripped.txt,22,kOrerotia,kOrero,tia,no,no
mbc233-not-stripped.txt,24,fAia,fai,a,no,no
mbc233-not-stripped.txt,24,fakamAramatia,fakamArama,tia,no,no
mbc233-not-stripped.txt,22,waihotia,waiho,tia,no,no
mbc233-not-stripped.txt,22,mahia,mahi,a,no,no
mbc233-not-stripped.txt,22,hikina,hiki,na,no,no
mbc054-not-stripped.txt,20,fakamutua,fakamutu,a,no,no
mbc047-not-stripped.txt,54,aukatihia,aukati,hia,no,no
mbc063-not-stripped.txt,50,fAia,fai,a,no,no
mbc060-not-stripped.txt,52,patua,patu,a,no,no
mbc111-not-stripped.txt,7,tiakina,tiaki,na,no,no
mbc110-not-stripped.txt,13,tapaina,tapa,ina,no,no
mbc111-not-stripped.txt,5,tukuna,tuku,na,no,no
mbc111-not-stripped.txt,5,mAoriNia,mAori,Nia,no,no
mbc110-not-stripped.txt,13,tapaina,tapa,ina,no,no
mbc111-not-stripped.txt,7,fakaahuaNia,fakaahua,Nia,no,no
mbc111-not-stripped.txt,11,fANaia,fANai,a,no,no
mbc110-not-stripped.txt,15,kIia,kI,ia,no,no
mbc110-not-stripped.txt,8,taea,tae,a,no,no
mbc111-not-stripped.txt,5,kOrerohia,kOrero,hia,no,no
mbc220-not-stripped.txt,9,tuhia,tuhi,a,no,no
mbc111-not-stripped.txt,4,matea,mate,a,no,no
mbc111-not-stripped.txt,11,taea,tae,a,no,no
mbc111-not-stripped.txt,5,tuhia,tuhi,a,no,no
mbc111-not-stripped.txt,5,kOrerohia,kOrero,hia,no,no
mbc110-not-stripped.txt,13,horohoroia,horohoroi,a,no,no
mbc110-not-stripped.txt,8,maua,mau,a,no,no
mbc110-not-stripped.txt,15,fakatapua,fakatapu,a,no,no
mbc111-not-stripped.txt,7,tonoNia,tono,Nia,no,no
mbc110-not-stripped.txt,7,fAia,fai,a,no,no
mbc220-not-stripped.txt,7,tuhia,tuhi,a,no,no
mbc110-not-stripped.txt,15,haereNia,haere,Nia,no,no
mbc110-not-stripped.txt,7,taea,tae,a,no,no
mbc110-not-stripped.txt,15,fakatakotoria,fakatakoto,ria,no,no
mbc111-not-stripped.txt,5,fakatupuria,fakatupu,ria,no,no
mbc110-not-stripped.txt,7,fakaiNoatia,fakaiNoa,tia,no,no
mbc110-not-stripped.txt,15,fakatapua,fakatapu,a,no,no
mbc111-not-stripped.txt,5,fakatupuria,fakatupu,ria,no,no
mbc111-not-stripped.txt,7,pAnuiNia,pAnui,Nia,no,no
mbc110-not-stripped.txt,14,fakapapaNia,fakapapa,Nia,no,no
mbc111-not-stripped.txt,5,kitea,kite,a,no,no
mbc110-not-stripped.txt,15,kIia,kI,ia,no,no
mbc110-not-stripped.txt,14,kOroiroitia,kOroiroi,tia,no,no
mbc111-not-stripped.txt,5,fakamAoriNia,fakamAori,Nia,no,no
mbc220-not-stripped.txt,7,kOrerohia,kOrero,hia,no,no
mbc111-not-stripped.txt,11,tukua,tuku,a,no,no
mbc111-not-stripped.txt,4,nuitia,nui,tia,no,no
mbc110-not-stripped.txt,15,wAhia,wAwAhi,a,no,no
mbc110-not-stripped.txt,15,haria,hari,a,no,no
mbc110-not-stripped.txt,15,haereNia,haere,Nia,no,no
mbc232-not-stripped.txt,76,karafiuNia,karafiu,Nia,no,no
mbc232-not-stripped.txt,45,kOrerotia,kOrero,tia,no,no
mbc232-not-stripped.txt,76,taea,tae,a,no,no
mbc234-not-stripped.txt,3,taea,tae,a,no,no
mbc234-not-stripped.txt,7,mahia,mahi,a,no,no
mbc234-not-stripped.txt,7,kOrerohia,kOrero,hia,no,no
mbc234-not-stripped.txt,3,taea,tae,a,no,no
mbc234-not-stripped.txt,1,kitea,kite,a,no,no
mbc041-not-stripped.txt,78,fifia,fifi,a,no,no
mbc134-not-stripped.txt,52,mahitia,mahi,tia,no,no
mbc134-not-stripped.txt,52,kitea,kite,a,no,no
mbc055-not-stripped.txt,3,poroa,poro,a,no,no
mbc050-not-stripped.txt,71,hokona,hoko,na,no,no
mbc090-not-stripped.txt,75,mOhiotia,mOhio,tia,no,no
mbc055-not-stripped.txt,38,totohetia,totohe,tia,no,no
mbc065-not-stripped.txt,1,tohaina,toha,ina,no,no
mbc068-not-stripped.txt,1,roNohia,roNo,hia,no,no
mbc049-not-stripped.txt,35,fakaarotia,fakaaro,tia,no,no
mbc066-not-stripped.txt,2,fakahokia,fakahoki,a,no,no
mbc043-not-stripped.txt,38,tirohia,titiro,hia,no,no
mbc047-not-stripped.txt,13,tAria,tatari,a,no,no
mbc056-not-stripped.txt,4,fakaritea,fakarite,a,no,no
mbc047-not-stripped.txt,11,fakamutua,fakamutu,a,no,no
mbc063-not-stripped.txt,51,hiahiatia,hiahia,tia,no,no
mbc066-not-stripped.txt,2,fakahokia,fakahoki,a,no,no
mbc045-not-stripped.txt,43,fakatinanatia,fakatinana,tia,no,no
mbc063-not-stripped.txt,51,fakauruhia,fakauru,hia,no,no
mbc090-not-stripped.txt,75,tatarihia,tatari,hia,no,no
mbc065-not-stripped.txt,1,tohaina,toha,ina,no,no
mbc090-not-stripped.txt,75,roNohia,roNo,hia,no,no
mbc090-not-stripped.txt,75,nekehia,neke,hia,no,no
mbc059-not-stripped.txt,53,fakaritea,fakarite,a,no,no
mbc052-not-stripped.txt,62,fakaritea,fakarite,a,no,no
mbc051-not-stripped.txt,28,tUmanakohia,tUmanako,hia,no,no
mbc045-not-stripped.txt,43,roNohia,roNo,hia,no,no
mbc080-not-stripped.txt,68,nuihia,nui,hia,no,no
mbc076-not-stripped.txt,47,fakaritea,fakarite,a,no,no
mbc060-not-stripped.txt,77,tUmanakohia,tUmanako,hia,no,no
mbc058-not-stripped.txt,60,fakaarotia,fakaaro,tia,no,no
mbc063-not-stripped.txt,51,rikarikahia,rikarika,hia,no,no
mbc087-not-stripped.txt,28,fAiatia,fai,a/tia,no,yes
mbc041-not-stripped.txt,48,fakaekea,fakaeke,a,no,no
mbc090-not-stripped.txt,75,fakaarotia,fakaaro,tia,no,no
mbc058-not-stripped.txt,60,tautohetia,tautohe,tia,no,no
mbc043-not-stripped.txt,38,taea,tae,a,no,no
mbc056-not-stripped.txt,6,fakahokia,fakahoki,a,no,no
mbc049-not-stripped.txt,33,mOtinihia,mOtini,hia,no,no
mbc087-not-stripped.txt,28,aukatihia,aukati,hia,no,no
mbc080-not-stripped.txt,66,haerehia,haere,hia,no,no
mbc047-not-stripped.txt,13,kitea,kite,a,no,no
mbc041-not-stripped.txt,16,wAriutia,wAriu,tia,no,no
mbc086-not-stripped.txt,51,roNohia,roNo,hia,no,no
mbc070-not-stripped.txt,38,tautokohia,tautoko,hia,no,no
mbc055-not-stripped.txt,44,fakahEtia,fakahE,tia,no,no
mbc086-not-stripped.txt,51,rikarikahia,rikarika,hia,no,no
mbc047-not-stripped.txt,11,tUkarikaritia,tUkarikari,tia,no,no
mbc058-not-stripped.txt,60,fakawAteahia,fakawAtea,hia,no,no
mbc065-not-stripped.txt,1,tonutia,tonu,tia,no,no
mbc045-not-stripped.txt,40,fakawAteahia,fakawAtea,hia,no,no
mbc041-not-stripped.txt,20,firifiritia,firifiri,tia,no,no
mbc047-not-stripped.txt,13,tUkinohia,tUkino,hia,no,no
mbc066-not-stripped.txt,2,fakaarotia,fakaaro,tia,no,no
mbc041-not-stripped.txt,18,fakaahuatia,fakaahua,tia,no,no
mbc065-not-stripped.txt,1,roNohia,roNo,hia,no,no
mbc066-not-stripped.txt,6,murua,muru,a,no,no
mbc065-not-stripped.txt,1,kitea,kite,a,no,no
mbc067-not-stripped.txt,19,wAriutia,wAriu,tia,no,no
mbc085-not-stripped.txt,40,Aheitia,Ahei,tia,no,no
mbc066-not-stripped.txt,6,fakahokia,fakahoki,a,no,no
mbc066-not-stripped.txt,4,pEheatia,pEhea,tia,no,no
mbc076-not-stripped.txt,47,kitea,kite,a,no,no
mbc067-not-stripped.txt,21,tutukitia,tutuki,tia,no,no
mbc063-not-stripped.txt,49,tautokohia,tautoko,hia,no,no
mbc071-not-stripped.txt,40,tautokohia,tautoko,hia,no,no
mbc049-not-stripped.txt,31,firifiria,firifiri,a,no,no
mbc049-not-stripped.txt,31,tUmanakohia,tUmanako,hia,no,no
mbc041-not-stripped.txt,18,fakaaetia,fakaae,tia,no,no
mbc087-not-stripped.txt,28,kitea,kite,a,no,no
mbc071-not-stripped.txt,36,fAia,fai,a,no,no
mbc065-not-stripped.txt,1,fakaarotia,fakaaro,tia,no,no
mbc046-not-stripped.txt,62,tUmanakohia,tUmanako,hia,no,no
mbc064-not-stripped.txt,75,tirohia,titiro,hia,no,no
mbc041-not-stripped.txt,46,tonuhia,tonu,hia,no,no
mbc068-not-stripped.txt,1,roNohia,roNo,hia,no,no
mbc051-not-stripped.txt,28,fakaritea,fakarite,a,no,no
mbc052-not-stripped.txt,64,tirohia,titiro,hia,no,no
mbc063-not-stripped.txt,51,fakakawenatahia,fakakawenata,hia,no,no
mbc060-not-stripped.txt,75,tUmanakohia,tUmanako,hia,no,no
mbc060-not-stripped.txt,70,tohua,tohu,a,no,no
mbc041-not-stripped.txt,13,fakaaturia,fakaatu,ria,no,no
mbc058-not-stripped.txt,58,tUkarikaritia,tUkarikari,tia,no,no
mbc046-not-stripped.txt,62,fakahokia,fakahoki,a,no,no
mbc086-not-stripped.txt,49,fakatauhia,fakatau,hia,no,no
mbc056-not-stripped.txt,41,tukua,tuku,a,no,no
mbc058-not-stripped.txt,22,tUmanakotia,tUmanako,tia,no,no
mbc086-not-stripped.txt,49,nukuhia,nuku,hia,no,no
mbc084-not-stripped.txt,56,fAnuitia,fAnui,tia,no,no
mbc060-not-stripped.txt,29,fakaritea,fakarite,a,no,no
mbc076-not-stripped.txt,43,tonuhia,tonu,hia,no,no
mbc068-not-stripped.txt,1,tirohia,titiro,hia,no,no
mbc086-not-stripped.txt,53,kitea,kite,a,no,no
mbc076-not-stripped.txt,2,takatakahia,takatakahi,a,no,no
mbc048-not-stripped.txt,19,tImatahia,tImata,hia,no,no
mbc047-not-stripped.txt,7,fakaritea,fakarite,a,no,no
mbc047-not-stripped.txt,7,tUkinohia,tUkino,hia,no,no
mbc066-not-stripped.txt,6,tonutia,tonu,tia,no,no
mbc068-not-stripped.txt,1,fakapaetia,fakapae,tia,no,no
mbc056-not-stripped.txt,4,fakaritea,fakarite,a,no,no
mbc067-not-stripped.txt,19,tApirihia,tApiri,hia,no,no
mbc068-not-stripped.txt,1,pakaNatia,pakaNa,tia,no,no
mbc068-not-stripped.txt,1,fakaritea,fakarite,a,no,no
mbc088-not-stripped.txt,18,firifiria,firifiri,a,no,no
mbc048-not-stripped.txt,17,fakatauhia,fakatau,hia,no,no
mbc090-not-stripped.txt,20,roNohia,roNo,hia,no,no
mbc090-not-stripped.txt,18,taea,tae,a,no,no
mbc087-not-stripped.txt,30,fAnuitia,fAnui,tia,no,no
mbc047-not-stripped.txt,7,fakarerea,fakarere,a,no,no
mbc066-not-stripped.txt,2,fakamahia,fakamahi,a,no,no
mbc090-not-stripped.txt,24,taea,tae,a,no,no
mbc090-not-stripped.txt,73,roNoroNohia,roNoroNo,hia,no,no
mbc041-not-stripped.txt,46,fakafiua,fakafiu,a,no,no
mbc064-not-stripped.txt,10,fakawAteahia,fakawAtea,hia,no,no
mbc068-not-stripped.txt,62,kitea,kite,a,no,no
mbc055-not-stripped.txt,38,fakatauhia,fakatau,hia,no,no
mbc063-not-stripped.txt,6,mOhiotia,mOhio,tia,no,no
mbc071-not-stripped.txt,64,roNohia,roNo,hia,no,no
mbc087-not-stripped.txt,66,fakahautia,fakahau,tia,no,no
mbc065-not-stripped.txt,1,tuatahitia,tuatahi,tia,no,no
mbc071-not-stripped.txt,40,taea,tae,a,no,no
mbc076-not-stripped.txt,2,fakakotitihia,fakakotiti,hia,no,no
mbc069-not-stripped.txt,7,tonuhia,tonu,hia,no,no
mbc058-not-stripped.txt,60,tautohetia,tautohe,tia,no,no
mbc069-not-stripped.txt,3,nuitia,nui,tia,no,no
mbc056-not-stripped.txt,39,raNahautia,raNahau,tia,no,no
mbc052-not-stripped.txt,1,tahuna,tahu,na,no,no
mbc077-not-stripped.txt,9,mOhiotia,mOhio,tia,no,no
mbc047-not-stripped.txt,11,tukuna,tuku,na,no,no
mbc059-not-stripped.txt,50,tUmanakohia,tUmanako,hia,no,no
mbc060-not-stripped.txt,27,fakaarotia,fakaaro,tia,no,no
mbc087-not-stripped.txt,69,muia,mui,a,no,no
mbc059-not-stripped.txt,53,fakahaerehia,fakahaere,hia,no,no
mbc049-not-stripped.txt,33,fAnuitia,fAnui,tia,no,no
mbc067-not-stripped.txt,52,kikotia,kiko,tia,no,no
mbc048-not-stripped.txt,19,fakatUria,fakatU,ria,no,no
mbc060-not-stripped.txt,31,fakaarotia,fakaaro,tia,no,no
mbc067-not-stripped.txt,21,fafaitia,fafai,tia,no,no
mbc057-not-stripped.txt,39,roNohia,roNo,hia,no,no
mbc045-not-stripped.txt,47,kitea,kite,a,no,no
mbc070-not-stripped.txt,36,oatihia,oati,hia,no,no
mbc086-not-stripped.txt,17,kitea,kite,a,no,no
mbc070-not-stripped.txt,36,aukatihia,aukati,hia,no,no
mbc066-not-stripped.txt,4,kapohia,kapo,hia,no,no
mbc070-not-stripped.txt,32,fakamAtauhia,fakamAtau,hia,no,no
mbc088-not-stripped.txt,18,tautokohia,tautoko,hia,no,no
mbc088-not-stripped.txt,18,tonuhia,tonu,hia,no,no
mbc062-not-stripped.txt,5,tapahia,tapahi,a,no,no
mbc085-not-stripped.txt,44,fakatakotohia,fakatakoto,hia,no,no
mbc058-not-stripped.txt,58,totohetia,totohe,tia,no,no
mbc046-not-stripped.txt,62,katoahia,katoa,hia,no,no
mbc046-not-stripped.txt,62,fAnakohia,fAnako,hia,no,no
mbc084-not-stripped.txt,54,fAnuitia,fAnui,tia,no,no
mbc090-not-stripped.txt,69,fakaarotia,fakaaro,tia,no,no
mbc041-not-stripped.txt,44,fakawAtia,fakawA,tia,no,no
mbc063-not-stripped.txt,6,mOhiotia,mOhio,tia,no,no
mbc084-not-stripped.txt,54,raNona,roNo,na,no,no
mbc058-not-stripped.txt,60,pakaNatia,pakaNa,tia,no,no
mbc058-not-stripped.txt,60,pakaNatia,pakaNa,tia,no,no
mbc055-not-stripped.txt,42,fakatauhia,fakatau,hia,no,no
mbc090-not-stripped.txt,75,tukuna,tuku,na,no,no
mbc058-not-stripped.txt,60,tUkarikaritia,tUkarikari,tia,no,no
mbc066-not-stripped.txt,72,rikarikahia,rikarika,hia,no,no
mbc066-not-stripped.txt,72,kikotia,kiko,tia,no,no
mbc087-not-stripped.txt,66,fakamahia,fakamahi,a,no,no
mbc069-not-stripped.txt,5,tirohia,titiro,hia,no,no
mbc052-not-stripped.txt,1,fakaarotia,fakaaro,tia,no,no
mbc052-not-stripped.txt,1,taNohia,taNo,hia,no,no
mbc051-not-stripped.txt,31,taea,tae,a,no,no
mbc063-not-stripped.txt,49,rikarikahia,rikarika,hia,no,no
mbc076-not-stripped.txt,43,kitea,kite,a,no,no
mbc051-not-stripped.txt,33,taea,tae,a,no,no
mbc049-not-stripped.txt,31,fakahuatia,fakahua,tia,no,no
mbc077-not-stripped.txt,32,fakamAtauhia,fakamAtau,hia,no,no
mbc088-not-stripped.txt,54,mOhiotia,mOhio,tia,no,no
mbc052-not-stripped.txt,8,tirohia,titiro,hia,no,no
mbc076-not-stripped.txt,2,fakatauhia,fakatau,hia,no,no
mbc068-not-stripped.txt,1,fakaritea,fakarite,a,no,no
mbc060-not-stripped.txt,31,fakatauhia,fakatau,hia,no,no
mbc071-not-stripped.txt,64,firifiria,firifiri,a,no,no
mbc056-not-stripped.txt,2,tImatahia,tImata,hia,no,no
mbc070-not-stripped.txt,32,fakamAtauhia,fakamAtau,hia,no,no
mbc080-not-stripped.txt,64,tirohia,titiro,hia,no,no
mbc088-not-stripped.txt,18,muia,mui,a,no,no
mbc056-not-stripped.txt,2,fakafiua,fakafiu,a,no,no
mbc085-not-stripped.txt,40,auEhia,auE,hia,no,no
mbc050-not-stripped.txt,20,aukatihia,aukati,hia,no,no
mbc052-not-stripped.txt,62,nuitia,nui,tia,no,no
mbc056-not-stripped.txt,6,fakatauhia,fakatau,hia,no,no
mbc058-not-stripped.txt,58,fakamutua,fakamutu,a,no,no
mbc085-not-stripped.txt,40,fakapikia,fakapiki,a,no,no
mbc068-not-stripped.txt,1,takahia,takahi,a,no,no
mbc066-not-stripped.txt,68,aukatihia,aukati,hia,no,no
mbc041-not-stripped.txt,46,fakatauhia,fakatau,hia,no,no
mbc058-not-stripped.txt,58,fakawAteahia,fakawAtea,hia,no,no
mbc058-not-stripped.txt,58,fakawAtia,fakawA,tia,no,no
mbc043-not-stripped.txt,34,taea,tae,a,no,no
mbc063-not-stripped.txt,6,fakarerekEhia,fakarerekE,hia,no,no
mbc051-not-stripped.txt,28,haNaia,haNa,ia,no,no
mbc090-not-stripped.txt,75,tirohia,titiro,hia,no,no
mbc087-not-stripped.txt,63,fakamAtauhia,fakamAtau,hia,no,no
mbc090-not-stripped.txt,75,tohuhia,tohu,hia,no,no
mbc055-not-stripped.txt,42,haNaia,haNa,ia,no,no
mbc052-not-stripped.txt,1,tirohia,titiro,hia,no,no
mbc086-not-stripped.txt,47,taea,tae,a,no,no
mbc053-not-stripped.txt,13,taumahatia,taumaha,tia,no,no
mbc052-not-stripped.txt,58,tohua,tohu,a,no,no
mbc077-not-stripped.txt,9,Aheitia,Ahei,tia,no,no
mbc042-not-stripped.txt,40,aukatihia,aukati,hia,no,no
mbc076-not-stripped.txt,43,pUrutoihahia,pUrutoiha,hia,no,no
mbc060-not-stripped.txt,27,fakauruuruhia,fakauruuru,hia,no,no
mbc077-not-stripped.txt,38,firifirihia,firifiri,hia,no,no
mbc051-not-stripped.txt,33,tUmanakohia,tUmanako,hia,no,no
mbc048-not-stripped.txt,17,fakahautia,fakahau,tia,no,no
mbc050-not-stripped.txt,10,fakaaetia,fakaae,tia,no,no
mbc050-not-stripped.txt,10,fakaohoohotia,fakaohooho,tia,no,no
mbc060-not-stripped.txt,29,fakaritea,fakarite,a,no,no
mbc060-not-stripped.txt,29,fakatauhia,fakatau,hia,no,no
mbc057-not-stripped.txt,39,totohetia,totohe,tia,no,no
mbc067-not-stripped.txt,25,tirohia,titiro,hia,no,no
mbc088-not-stripped.txt,16,tImatahia,tImata,hia,no,no
mbc063-not-stripped.txt,2,fakaarotia,fakaaro,tia,no,no
mbc052-not-stripped.txt,60,fakaritea,fakarite,a,no,no
mbc042-not-stripped.txt,40,fakapauhia,fakapau,hia,no,no
mbc066-not-stripped.txt,68,fakatinanatia,fakatinana,tia,no,no
mbc088-not-stripped.txt,16,wawatahia,wawata,hia,no,no
mbc042-not-stripped.txt,42,tahihia,tahi,hia,no,no
mbc042-not-stripped.txt,42,firifiria,firifiri,a,no,no
mbc062-not-stripped.txt,3,fAnakotia,fAnako,tia,no,no
mbc067-not-stripped.txt,23,tOmuritia,tOmuri,tia,no,no
mbc090-not-stripped.txt,69,Aheitia,Ahei,tia,no,no
mbc064-not-stripped.txt,75,aituAtia,aituA,tia,no,no
mbc056-not-stripped.txt,39,fakahautia,fakahau,tia,no,no
mbc064-not-stripped.txt,75,aituAtia,aituA,tia,no,no
mbc058-not-stripped.txt,20,mAramatia,mArama,tia,no,no
mbc067-not-stripped.txt,25,fakapauhia,fakapau,hia,no,no
mbc064-not-stripped.txt,75,tUmanakohia,tUmanako,hia,no,no
mbc087-not-stripped.txt,71,taea,tae,a,no,no
mbc065-not-stripped.txt,1,tautohetia,tautohe,tia,no,no
mbc049-not-stripped.txt,82,taea,tae,a,no,no
mbc071-not-stripped.txt,33,tImatahia,tImata,hia,no,no
mbc066-not-stripped.txt,72,tauiratia,tauira,tia,no,no
mbc066-not-stripped.txt,72,taea,tae,a,no,no
mbc069-not-stripped.txt,7,roNohia,roNo,hia,no,no
mbc052-not-stripped.txt,1,tapahia,tapahi,a,no,no
mbc048-not-stripped.txt,19,fakaarotia,fakaaro,tia,no,no
mbc052-not-stripped.txt,58,panaiataNahia,pana,ia/taNa/hia,yes,yes
mbc071-not-stripped.txt,62,iNoahia,iNoa,hia,no,no
mbc052-not-stripped.txt,58,taea,tae,a,no,no
mbc088-not-stripped.txt,12,mauhereheretia,mauherehere,tia,no,no
mbc076-not-stripped.txt,6,roNohia,roNo,hia,no,no
mbc062-not-stripped.txt,65,arohia,aro,hia,no,no
mbc076-not-stripped.txt,43,fakatUria,fakatU,ria,no,no
mbc063-not-stripped.txt,6,taea,tae,a,no,no
mbc051-not-stripped.txt,28,taea,tae,a,no,no
mbc066-not-stripped.txt,68,Aheitia,Ahei,tia,no,no
mbc088-not-stripped.txt,52,katoahia,katoa,hia,no,no
mbc088-not-stripped.txt,54,haNaia,haNa,ia,no,no
mbc052-not-stripped.txt,64,tirohia,titiro,hia,no,no
mbc068-not-stripped.txt,1,tONia,tO,Nia,no,no
mbc059-not-stripped.txt,3,pakaNatia,pakaNa,tia,no,no
mbc067-not-stripped.txt,25,fakaOritea,fakaOrite,a,no,no
mbc090-not-stripped.txt,69,taea,tae,a,no,no
mbc064-not-stripped.txt,75,aituAtia,aituA,tia,no,no
mbc066-not-stripped.txt,68,fakarerekEtia,fakarerekE,tia,no,no
mbc062-not-stripped.txt,63,fakaritea,fakarite,a,no,no
mbc088-not-stripped.txt,58,matatAtia,matatA,tia,no,no
mbc063-not-stripped.txt,4,haNaia,haNa,ia,no,no
mbc055-not-stripped.txt,38,tukua,tuku,a,no,no
mbc062-not-stripped.txt,3,wAwAhitia,wAwAhi,tia,no,no
mbc085-not-stripped.txt,42,totohehia,totohe,hia,no,no
mbc063-not-stripped.txt,6,taea,tae,a,no,no
mbc077-not-stripped.txt,7,fakaparahakotia,fakaparahako,tia,no,no
mbc077-not-stripped.txt,35,tirohia,titiro,hia,no,no
mbc057-not-stripped.txt,37,fakarahia,fakarahi,a,no,no
mbc071-not-stripped.txt,58,fakahokia,fakahoki,a,no,no
mbc048-not-stripped.txt,21,fakatUria,fakatU,ria,no,no
mbc062-not-stripped.txt,67,fakahautia,fakahau,tia,no,no
mbc090-not-stripped.txt,73,hurihia,huri,hia,no,no
mbc063-not-stripped.txt,4,mAramatia,mArama,tia,no,no
mbc087-not-stripped.txt,30,muia,mui,a,no,no
mbc048-not-stripped.txt,45,fakaNoikoretia,fakaNoikore,tia,no,no
mbc041-not-stripped.txt,48,fakaritea,fakarite,a,no,no
mbc051-not-stripped.txt,31,fakamAtautauhia,fakamAtautau,hia,no,no
mbc048-not-stripped.txt,38,tohua,tohu,a,no,no
mbc086-not-stripped.txt,53,fakafAnuihia,fakafAnui,hia,no,no
mbc048-not-stripped.txt,38,utuhia,utu,hia,no,no
mbc084-not-stripped.txt,51,taea,tae,a,no,no
mbc063-not-stripped.txt,2,raruhia,raru,hia,no,no
mbc077-not-stripped.txt,32,pOfiritia,pOfiri,tia,no,no
mbc063-not-stripped.txt,2,kitea,kite,a,no,no
mbc087-not-stripped.txt,30,kitea,kite,a,no,no
mbc062-not-stripped.txt,67,arohia,aro,hia,no,no
mbc062-not-stripped.txt,61,aukatihia,aukati,hia,no,no
mbc084-not-stripped.txt,52,haNahia,haNa,hia,no,no
mbc071-not-stripped.txt,64,tonuhia,tonu,hia,no,no
mbc086-not-stripped.txt,47,muia,mui,a,no,no
mbc048-not-stripped.txt,45,fakaarotia,fakaaro,tia,no,no
mbc046-not-stripped.txt,56,raupatuhia,raupatu,hia,no,no
mbc085-not-stripped.txt,42,ponohia,pono,hia,no,no
mbc076-not-stripped.txt,4,fakahAweatia,fakahAwea,tia,no,no
mbc060-not-stripped.txt,31,nuihia,nui,hia,no,no
mbc089-not-stripped.txt,27,fakaponohia,fakapono,hia,no,no
mbc071-not-stripped.txt,62,tonuhia,tonu,hia,no,no
mbc071-not-stripped.txt,62,firifiria,firifiri,a,no,no
mbc042-not-stripped.txt,38,hokohia,hoko,hia,no,no
mbc088-not-stripped.txt,56,kitea,kite,a,no,no
mbc042-not-stripped.txt,38,aukatia,aukati,a,no,no
mbc086-not-stripped.txt,47,taea,tae,a,no,no
mbc050-not-stripped.txt,20,fAnuihia,fAnui,hia,no,no
mbc063-not-stripped.txt,6,taea,tae,a,no,no
mbc064-not-stripped.txt,10,tUmanakohia,tUmanako,hia,no,no
mbc077-not-stripped.txt,3,fakaparahakotia,fakaparahako,tia,no,no
mbc068-not-stripped.txt,1,tUkinotia,tUkino,tia,no,no
mbc056-not-stripped.txt,6,fakapaua,fakapau,a,no,no
mbc077-not-stripped.txt,32,fakaritea,fakarite,a,no,no
mbc076-not-stripped.txt,4,takatakahia,takatakahi,a,no,no
mbc089-not-stripped.txt,22,wAnaNahia,wAnaNa,hia,no,no
mbc076-not-stripped.txt,6,fiua,fiu,a,no,no
mbc049-not-stripped.txt,77,tohua,tohu,a,no,no
mbc041-not-stripped.txt,20,tAria,tatari,a,no,no
mbc049-not-stripped.txt,77,pOfiritia,pOfiri,tia,no,no
mbc048-not-stripped.txt,45,raNahautia,raNahau,tia,no,no
mbc086-not-stripped.txt,53,fakatauhia,fakatau,hia,no,no
mbc064-not-stripped.txt,16,tohaina,toha,ina,no,no
mbc064-not-stripped.txt,16,tUmanakohia,tUmanako,hia,no,no
mbc067-not-stripped.txt,23,wAriutia,wAriu,tia,no,no
mbc088-not-stripped.txt,54,fakaarotia,fakaaro,tia,no,no
mbc059-not-stripped.txt,3,kitea,kite,a,no,no
mbc088-not-stripped.txt,58,fakapautia,fakapau,tia,no,no
mbc062-not-stripped.txt,63,Aheitia,Ahei,tia,no,no
mbc077-not-stripped.txt,5,fakapauhia,fakapau,hia,no,no
mbc077-not-stripped.txt,5,warewaretia,wareware,tia,no,no
mbc087-not-stripped.txt,30,fakapautia,fakapau,tia,no,no
mbc050-not-stripped.txt,10,tImatahia,tImata,hia,no,no
mbc064-not-stripped.txt,12,pAkia,pA,kia,no,no
mbc083-not-stripped.txt,52,raruhia,raru,hia,no,no
mbc078-not-stripped.txt,16,fakakAhoretia,fakakAhore,tia,no,no
mbc078-not-stripped.txt,55,kitea,kite,a,no,no
mbc078-not-stripped.txt,10,roNohia,roNo,hia,no,no
mbc078-not-stripped.txt,12,firifiria,firifiri,a,no,no
mbc078-not-stripped.txt,52,karaNahia,karaNa,hia,no,no
mbc078-not-stripped.txt,52,kurukurua,kurukuru,a,no,no
mbc078-not-stripped.txt,52,tutUhia,tutU,hia,no,no
mbc078-not-stripped.txt,12,tonuhia,tonu,hia,no,no
mbc083-not-stripped.txt,40,waihotia,waiho,tia,no,no
mbc078-not-stripped.txt,10,fakafifia,fakafifi,a,no,no
mbc083-not-stripped.txt,40,tohua,tohu,a,no,no
mbc160-not-stripped.txt,9,meatia,mea,tia,no,no
mbc160-not-stripped.txt,11,takatakotohia,takatakoto,hia,no,no
mbc160-not-stripped.txt,11,haria,hari,a,no,no
mbc224-not-stripped.txt,1,fakatakotohia,fakatakoto,hia,no,no
mbc221-not-stripped.txt,7,fakatUhia,fakatU,hia,no,no
mbc221-not-stripped.txt,41,fakahuatia,fakahua,tia,no,no
mbc221-not-stripped.txt,10,fakanuihia,fakanui,hia,no,no
mbc224-not-stripped.txt,3,tukuna,tuku,na,no,no
mbc221-not-stripped.txt,29,nekehia,neke,hia,no,no
mbc224-not-stripped.txt,10,fakamAoritia,fakamAori,tia,no,no
mbc224-not-stripped.txt,10,tautokohia,tautoko,hia,no,no
mbc048-not-stripped.txt,15,karaNahia,karaNa,hia,no,no
mbc079-not-stripped.txt,60,waihaNatia,waihaNa,tia,no,no
mbc058-not-stripped.txt,3,mauhia,mau,hia,no,no
mbc042-not-stripped.txt,4,fetUraNiNia,fetUraNi,Nia,no,no
mbc051-not-stripped.txt,8,pakaNatia,pakaNa,tia,no,no
mbc051-not-stripped.txt,6,horaNia,hora,Nia,no,no
mbc042-not-stripped.txt,4,fakahoua,fakahou,a,no,no
mbc048-not-stripped.txt,15,tUmanakohia,tUmanako,hia,no,no
mbc090-not-stripped.txt,7,roNohia,roNo,hia,no,no
mbc071-not-stripped.txt,26,taea,tae,a,no,no
mbc051-not-stripped.txt,8,taea,tae,a,no,no
mbc082-not-stripped.txt,3,fakataua,fakatau,a,no,no
mbc052-not-stripped.txt,50,tautokohia,tautoko,hia,no,no
mbc067-not-stripped.txt,34,tirohia,titiro,hia,no,no
mbc058-not-stripped.txt,70,tANia,tA,Nia,no,no
mbc041-not-stripped.txt,54,roNohia,roNo,hia,no,no
mbc058-not-stripped.txt,8,fArikihia,fAriki,hia,no,no
mbc052-not-stripped.txt,46,fakarerea,fakarere,a,no,no
mbc086-not-stripped.txt,9,fakaputaina,fakaputa,ina,no,no
mbc052-not-stripped.txt,50,fakatUpatoNia,fakatUpato,Nia,no,no
mbc044-not-stripped.txt,52,hOhonutia,hOhonu,tia,no,no
mbc080-not-stripped.txt,38,taea,tae,a,no,no
mbc089-not-stripped.txt,19,fakahokia,fakahoki,a,no,no
mbc056-not-stripped.txt,55,tohua,tohu,a,no,no
mbc082-not-stripped.txt,61,fakaekea,fakaeke,a,no,no
mbc044-not-stripped.txt,50,papua,papu,a,no,no
mbc061-not-stripped.txt,4,taNohia,taNo,hia,no,no
mbc055-not-stripped.txt,61,taea,tae,a,no,no
mbc055-not-stripped.txt,59,fAiatia,fai,a/tia,no,yes
mbc087-not-stripped.txt,26,fAiatia,fai,a/tia,no,yes
mbc047-not-stripped.txt,49,tukua,tuku,a,no,no
mbc089-not-stripped.txt,15,pEneiNia,pEnei,Nia,no,no
mbc049-not-stripped.txt,56,fakamOhiotia,fakamOhio,tia,no,no
mbc048-not-stripped.txt,15,fakahokia,fakahoki,a,no,no
mbc085-not-stripped.txt,53,kIhia,kI,hia,no,no
mbc049-not-stripped.txt,54,fAiatia,fai,a/tia,no,yes
mbc071-not-stripped.txt,24,fakaoratia,fakaora,tia,no,no
mbc067-not-stripped.txt,27,kitea,kite,a,no,no
mbc043-not-stripped.txt,20,roNona,roNo,na,no,no
mbc044-not-stripped.txt,50,nohoNia,noho,Nia,no,no
mbc049-not-stripped.txt,51,hokoa,hoko,a,no,no
mbc080-not-stripped.txt,47,piritihia,piriti,hia,no,no
mbc087-not-stripped.txt,26,kawea,kawe,a,no,no
mbc052-not-stripped.txt,50,fakaaeNia,fakaae,Nia,no,no
mbc087-not-stripped.txt,20,mOhiotia,mOhio,tia,no,no
mbc089-not-stripped.txt,13,fakamOhiotia,fakamOhio,tia,no,no
mbc058-not-stripped.txt,1,taea,tae,a,no,no
mbc089-not-stripped.txt,15,fakamOhiotia,fakamOhio,tia,no,no
mbc059-not-stripped.txt,24,hIkoiNia,hIkoi,Nia,no,no
mbc068-not-stripped.txt,15,inoiNia,inoi,Nia,no,no
mbc089-not-stripped.txt,15,tohua,tohu,a,no,no
mbc047-not-stripped.txt,49,tAria,tatari,a,no,no
mbc058-not-stripped.txt,72,tautokohia,tautoko,hia,no,no
mbc056-not-stripped.txt,57,kitea,kite,a,no,no
mbc079-not-stripped.txt,60,roNona,roNo,na,no,no
mbc055-not-stripped.txt,57,tuatahitia,tuatahi,tia,no,no
mbc043-not-stripped.txt,58,tohua,tohu,a,no,no
mbc052-not-stripped.txt,46,nohoNia,noho,Nia,no,no
mbc048-not-stripped.txt,11,nekenekea,nekeneke,a,no,no
mbc048-not-stripped.txt,15,fakahokia,fakahoki,a,no,no
mbc045-not-stripped.txt,11,fakatupua,fakatupu,a,no,no
mbc068-not-stripped.txt,12,tautokohia,tautoko,hia,no,no
mbc058-not-stripped.txt,1,taNihia,taNi,hia,no,no
mbc082-not-stripped.txt,61,kauNia,kau,Nia,no,no
mbc065-not-stripped.txt,19,fakaaea,fakaae,a,no,no
mbc046-not-stripped.txt,46,huiNia,hui,Nia,no,no
mbc059-not-stripped.txt,58,tautokohia,tautoko,hia,no,no
mbc078-not-stripped.txt,66,fAia,fai,a,no,no
mbc052-not-stripped.txt,50,kitea,kite,a,no,no
mbc042-not-stripped.txt,6,tirohia,titiro,hia,no,no
mbc046-not-stripped.txt,42,fakakawenatahia,fakakawenata,hia,no,no
mbc052-not-stripped.txt,50,fakaaeNia,fakaae,Nia,no,no
mbc053-not-stripped.txt,43,tuatahiNia,tuatahi,Nia,no,no
mbc087-not-stripped.txt,20,pIraNia,pIra,Nia,no,no
mbc086-not-stripped.txt,9,kawea,kawe,a,no,no
mbc065-not-stripped.txt,42,tOia,tO,ia,no,no
mbc065-not-stripped.txt,42,fakataua,fakatau,a,no,no
mbc061-not-stripped.txt,46,kApuratia,kApura,tia,no,no
mbc089-not-stripped.txt,48,mahiNia,mahi,Nia,no,no
mbc047-not-stripped.txt,49,nohoNia,noho,Nia,no,no
mbc055-not-stripped.txt,15,fakamOhioNia,fakamOhio,Nia,no,no
mbc078-not-stripped.txt,60,kanohitia,kanohi,tia,no,no
mbc052-not-stripped.txt,47,kIhia,kI,hia,no,no
mbc087-not-stripped.txt,20,fakaaeNia,fakaae,Nia,no,no
mbc053-not-stripped.txt,20,tAria,tatari,a,no,no
mbc090-not-stripped.txt,46,puritia,puri,tia,no,no
mbc051-not-stripped.txt,1,kitea,kite,a,no,no
mbc050-not-stripped.txt,3,fakahENia,fakahE,Nia,no,no
mbc089-not-stripped.txt,13,hunatia,huna,tia,no,no
mbc068-not-stripped.txt,9,tinihaNatia,tinihaNa,tia,no,no
mbc041-not-stripped.txt,56,fakamanatia,fakamana,tia,no,no
mbc053-not-stripped.txt,16,tirohia,titiro,hia,no,no
mbc065-not-stripped.txt,17,tohua,tohu,a,no,no
mbc041-not-stripped.txt,54,tImatahia,tImata,hia,no,no
mbc045-not-stripped.txt,13,pEheaNia,pEhea,Nia,no,no
mbc078-not-stripped.txt,64,patua,patu,a,no,no
mbc043-not-stripped.txt,62,fakahokia,fakahoki,a,no,no
mbc090-not-stripped.txt,3,fakatatUhia,fakatatU,hia,no,no
mbc057-not-stripped.txt,15,takahia,takahi,a,no,no
mbc041-not-stripped.txt,50,tAketehia,tAkete,hia,no,no
mbc053-not-stripped.txt,43,kEtia,kE,tia,no,no
mbc057-not-stripped.txt,49,hokona,hoko,na,no,no
mbc045-not-stripped.txt,11,fakamOrikarikatia,fakamOrikarika,tia,no,no
mbc049-not-stripped.txt,51,fakarerekENia,fakarerekE,Nia,no,no
mbc052-not-stripped.txt,17,poroa,poro,a,no,no
mbc065-not-stripped.txt,42,fakaritea,fakarite,a,no,no
mbc076-not-stripped.txt,33,fakatauNia,fakatau,Nia,no,no
mbc043-not-stripped.txt,62,mOhiotia,mOhio,tia,no,no
mbc087-not-stripped.txt,52,pAkia,pA,kia,no,no
mbc054-not-stripped.txt,55,fakawANia,fakawA,Nia,no,no
mbc042-not-stripped.txt,6,taea,tae,a,no,no
mbc053-not-stripped.txt,49,kOrerohia,kOrero,hia,no,no
mbc079-not-stripped.txt,29,fakaaeNia,fakaae,Nia,no,no
mbc068-not-stripped.txt,56,mukua,muku,a,no,no
mbc080-not-stripped.txt,34,fakataetaeNia,fakataetae,Nia,no,no
mbc079-not-stripped.txt,29,taea,tae,a,no,no
mbc079-not-stripped.txt,64,AheiNia,Ahei,Nia,no,no
mbc068-not-stripped.txt,53,tautokohia,tautoko,hia,no,no
mbc082-not-stripped.txt,65,mAtakihia,mAtaki,hia,no,no
mbc056-not-stripped.txt,53,horaina,hora,ina,no,no
mbc041-not-stripped.txt,52,fakatakotohia,fakatakoto,hia,no,no
mbc090-not-stripped.txt,3,wAriutia,wAriu,tia,no,no
mbc078-not-stripped.txt,66,pOfirihia,pOfiri,hia,no,no
mbc044-not-stripped.txt,27,moumouhia,moumou,hia,no,no
mbc089-not-stripped.txt,13,fakamOhiotia,fakamOhio,tia,no,no
mbc057-not-stripped.txt,21,fakataua,fakatau,a,no,no
mbc057-not-stripped.txt,21,huiNia,hui,Nia,no,no
mbc050-not-stripped.txt,7,pOfirihia,pOfiri,hia,no,no
mbc050-not-stripped.txt,1,fakahENia,fakahE,Nia,no,no
mbc052-not-stripped.txt,47,fakanuia,fakanui,a,no,no
mbc068-not-stripped.txt,12,haukotiNia,haukoti,Nia,no,no
mbc065-not-stripped.txt,38,roNona,roNo,na,no,no
mbc044-not-stripped.txt,52,fAia,fai,a,no,no
mbc067-not-stripped.txt,27,mahia,mahi,a,no,no
mbc068-not-stripped.txt,9,roNohia,roNo,hia,no,no
mbc044-not-stripped.txt,27,taea,tae,a,no,no
mbc046-not-stripped.txt,42,tImatahia,tImata,hia,no,no
mbc079-not-stripped.txt,62,taea,tae,a,no,no
mbc043-not-stripped.txt,56,rarutia,raru,tia,no,no
mbc046-not-stripped.txt,42,tonohia,tono,hia,no,no
mbc050-not-stripped.txt,79,fakaputaina,fakaputa,ina,no,no
mbc049-not-stripped.txt,51,tikahia,tika,hia,no,no
mbc067-not-stripped.txt,71,muia,mui,a,no,no
mbc052-not-stripped.txt,17,tonoa,tono,a,no,no
mbc047-not-stripped.txt,45,hokohokoa,hokohoko,a,no,no
mbc052-not-stripped.txt,17,poroa,poro,a,no,no
mbc065-not-stripped.txt,19,kawea,kawe,a,no,no
mbc053-not-stripped.txt,20,wehea,wehe,a,no,no
mbc059-not-stripped.txt,58,roNona,roNo,na,no,no
mbc076-not-stripped.txt,33,roNohia,roNo,hia,no,no
mbc076-not-stripped.txt,27,wawatatia,wawata,tia,no,no
mbc079-not-stripped.txt,62,tinihaNatia,tinihaNa,tia,no,no
mbc060-not-stripped.txt,3,fakapaea,fakapae,a,no,no
mbc086-not-stripped.txt,38,roNona,roNo,na,no,no
mbc053-not-stripped.txt,49,taea,tae,a,no,no
mbc079-not-stripped.txt,64,fakakinohia,fakakino,hia,no,no
mbc085-not-stripped.txt,46,tohua,tohu,a,no,no
mbc065-not-stripped.txt,23,Afinahia,Afina,hia,no,no
mbc069-not-stripped.txt,54,puhipuhia,puhipuhi,a,no,no
mbc045-not-stripped.txt,17,pAtaitaia,pAtaitai,a,no,no
mbc065-not-stripped.txt,38,tohua,tohu,a,no,no
mbc076-not-stripped.txt,29,tUkinohia,tUkino,hia,no,no
mbc046-not-stripped.txt,40,fAiatia,fai,a/tia,no,yes
mbc078-not-stripped.txt,66,kawea,kawe,a,no,no
mbc057-not-stripped.txt,77,fAiatia,fai,a/tia,no,yes
mbc041-not-stripped.txt,50,manaakihia,manaaki,hia,no,no
mbc059-not-stripped.txt,30,pEhia,pEhi,a,no,no
mbc047-not-stripped.txt,45,fakaekea,fakaeke,a,no,no
mbc053-not-stripped.txt,16,nohoNia,noho,Nia,no,no
mbc047-not-stripped.txt,47,tAketehia,tAkete,hia,no,no
mbc058-not-stripped.txt,8,karaNahia,karaNa,hia,no,no
mbc090-not-stripped.txt,40,utua,utu,a,no,no
mbc050-not-stripped.txt,79,roNohia,roNo,hia,no,no
mbc052-not-stripped.txt,17,fakaarahia,fakaara,hia,no,no
mbc071-not-stripped.txt,66,kitea,kite,a,no,no
mbc071-not-stripped.txt,24,tuatahitia,tuatahi,tia,no,no
mbc054-not-stripped.txt,55,NauNaua,NauNau,a,no,no
mbc045-not-stripped.txt,13,aruNia,aru,Nia,no,no
mbc047-not-stripped.txt,49,taea,tae,a,no,no
mbc084-not-stripped.txt,14,roNohia,roNo,hia,no,no
mbc044-not-stripped.txt,52,Aheia,Ahei,a,no,no
mbc046-not-stripped.txt,44,fakataua,fakatau,a,no,no
mbc064-not-stripped.txt,65,fakapakaritia,fakapakari,tia,no,no
mbc090-not-stripped.txt,46,fakahokia,fakahoki,a,no,no
mbc052-not-stripped.txt,17,tohua,tohu,a,no,no
mbc090-not-stripped.txt,40,mOhiotia,mOhio,tia,no,no
mbc071-not-stripped.txt,70,fakaatuhia,fakaatu,hia,no,no
mbc045-not-stripped.txt,11,tukua,tuku,a,no,no
mbc053-not-stripped.txt,20,tirohia,titiro,hia,no,no
mbc076-not-stripped.txt,27,hainatia,haina,tia,no,no
mbc068-not-stripped.txt,7,roNohia,roNo,hia,no,no
mbc042-not-stripped.txt,4,tImatahia,tImata,hia,no,no
mbc044-not-stripped.txt,52,AheiNia,Ahei,Nia,no,no
mbc090-not-stripped.txt,40,fakahOhAtia,fakahOhA,tia,no,no
mbc086-not-stripped.txt,38,roNohia,roNo,hia,no,no
mbc061-not-stripped.txt,41,wAwAhitia,wAwAhi,tia,no,no
mbc045-not-stripped.txt,11,fakatikaina,fakatika,ina,no,no
mbc044-not-stripped.txt,52,horoia,horoi,a,no,no
mbc052-not-stripped.txt,17,poroa,poro,a,no,no
mbc053-not-stripped.txt,47,taea,tae,a,no,no
mbc069-not-stripped.txt,61,tAraihia,tArai,hia,no,no
mbc082-not-stripped.txt,10,kitea,kite,a,no,no
mbc080-not-stripped.txt,43,fakahokia,fakahoki,a,no,no
mbc076-not-stripped.txt,33,fakahokia,fakahoki,a,no,no
mbc048-not-stripped.txt,9,roNohia,roNo,hia,no,no
mbc058-not-stripped.txt,8,wAnaNahia,wAnaNa,hia,no,no
mbc088-not-stripped.txt,38,firifiria,firifiri,a,no,no
mbc082-not-stripped.txt,10,takahia,takahi,a,no,no
mbc090-not-stripped.txt,46,pIraNitia,pIraNi,tia,no,no
mbc044-not-stripped.txt,29,fakanohoa,fakanoho,a,no,no
mbc061-not-stripped.txt,39,fakatONia,fakatO,Nia,no,no
mbc061-not-stripped.txt,41,kapea,kape,a,no,no
mbc044-not-stripped.txt,29,fAia,fai,a,no,no
mbc069-not-stripped.txt,61,fakamAtautauhia,fakamAtautau,hia,no,no
mbc088-not-stripped.txt,38,fakaritea,fakarite,a,no,no
mbc061-not-stripped.txt,39,wAwAhitia,wAwAhi,tia,no,no
mbc060-not-stripped.txt,3,fAia,fai,a,no,no
mbc056-not-stripped.txt,16,fakapaetia,fakapae,tia,no,no
mbc068-not-stripped.txt,9,fakapaea,fakapae,a,no,no
mbc067-not-stripped.txt,78,fakaritea,fakarite,a,no,no
mbc046-not-stripped.txt,44,hurihuria,hurihuri,a,no,no
mbc086-not-stripped.txt,40,waihaNatia,waihaNa,tia,no,no
mbc050-not-stripped.txt,1,kIhia,kI,hia,no,no
mbc044-not-stripped.txt,27,fAtikaina,fAtika,ina,no,no
mbc057-not-stripped.txt,73,fAia,fai,a,no,no
mbc086-not-stripped.txt,44,roNohia,roNo,hia,no,no
mbc043-not-stripped.txt,25,maumaharatia,maumahara,tia,no,no
mbc053-not-stripped.txt,47,poua,pou,a,no,no
mbc061-not-stripped.txt,46,roNona,roNo,na,no,no
mbc062-not-stripped.txt,26,tuferahia,tufera,hia,no,no
mbc056-not-stripped.txt,16,fakatOpUhia,fakatOpU,hia,no,no
mbc060-not-stripped.txt,8,ufia,ufi,a,no,no
mbc086-not-stripped.txt,40,kEtia,kE,tia,no,no
mbc056-not-stripped.txt,16,tukua,tuku,a,no,no
mbc061-not-stripped.txt,39,fakamOhiotia,fakamOhio,tia,no,no
mbc043-not-stripped.txt,25,maumaharatia,maumahara,tia,no,no
mbc090-not-stripped.txt,40,hAmenetia,hAmene,tia,no,no
mbc056-not-stripped.txt,18,kitea,kite,a,no,no
mbc056-not-stripped.txt,18,tonoa,tono,a,no,no
mbc056-not-stripped.txt,22,fakahENia,fakahE,Nia,no,no
mbc080-not-stripped.txt,50,fakahokia,fakahoki,a,no,no
mbc061-not-stripped.txt,3,fakatUNia,fakatU,Nia,no,no
mbc060-not-stripped.txt,2,tiria,tiri,a,no,no
mbc091-not-stripped.txt,15,fakakorea,fakakore,a,no,no
mbc091-not-stripped.txt,15,kitea,kite,a,no,no
mbc091-not-stripped.txt,15,fakakorehia,fakakore,hia,no,no
mbc047-not-stripped.txt,41,kitea,kite,a,no,no
mbc091-not-stripped.txt,15,kitea,kite,a,no,no
mbc091-not-stripped.txt,15,taea,tae,a,no,no
mbc091-not-stripped.txt,15,taNohia,taNo,hia,no,no
mbc047-not-stripped.txt,41,rAhuitia,rAhui,tia,no,no
mbc091-not-stripped.txt,15,utaina,uta,ina,no,no
mbc091-not-stripped.txt,15,taea,tae,a,no,no
mbc047-not-stripped.txt,41,hokona,hoko,na,no,no
mbc091-not-stripped.txt,15,kitea,kite,a,no,no
mbc091-not-stripped.txt,15,fakaarohia,fakaaro,hia,no,no
mbc107-not-stripped.txt,17,kIia,kI,ia,no,no
mbc107-not-stripped.txt,17,kawea,kawe,a,no,no
mbc137-not-stripped.txt,20,mahia,mahi,a,no,no
mbc137-not-stripped.txt,20,waihohia,waiho,hia,no,no
mbc107-not-stripped.txt,24,fakaemihia,fakaemi,hia,no,no
mbc107-not-stripped.txt,24,kitea,kite,a,no,no
mbc107-not-stripped.txt,22,fakataNihia,fakataNi,hia,no,no
mbc107-not-stripped.txt,21,kitea,kite,a,no,no
mbc107-not-stripped.txt,24,huia,hui,a,no,no
mbc107-not-stripped.txt,22,fiua,fiu,a,no,no
mbc137-not-stripped.txt,18,fakarerea,fakarere,a,no,no
mbc107-not-stripped.txt,22,homaihia,homai,hia,no,no
mbc107-not-stripped.txt,24,fakapUpUhia,fakapUpU,hia,no,no
mbc137-not-stripped.txt,20,kOrerohia,kOrero,hia,no,no
mbc107-not-stripped.txt,17,takea,take,a,no,no
mbc107-not-stripped.txt,24,fakahaerehia,fakahaere,hia,no,no
mbc107-not-stripped.txt,22,fakataNihia,fakataNi,hia,no,no
mbc107-not-stripped.txt,24,kawea,kawe,a,no,no
mbc107-not-stripped.txt,24,taea,tae,a,no,no
mbc107-not-stripped.txt,24,haerehia,haere,hia,no,no
mbc107-not-stripped.txt,17,takea,take,a,no,no
mbc107-not-stripped.txt,17,honoa,hono,a,no,no
mbc107-not-stripped.txt,17,fakataNihia,fakataNi,hia,no,no
mbc107-not-stripped.txt,18,fakamaua,fakamau,a,no,no
mbc107-not-stripped.txt,22,takea,take,a,no,no
mbc107-not-stripped.txt,17,kIia,kI,ia,no,no
mbc107-not-stripped.txt,18,fAnuihia,fAnui,hia,no,no
mbc107-not-stripped.txt,17,toitaketakehia,toitaketake,hia,no,no
mbc137-not-stripped.txt,18,karaNahia,karaNa,hia,no,no
mbc107-not-stripped.txt,17,tIkina,tiki,na,no,no
mbc107-not-stripped.txt,17,tIkina,tiki,na,no,no
mbc107-not-stripped.txt,24,fakahuia,fakahui,a,no,no
mbc107-not-stripped.txt,20,pErAhia,pErA,hia,no,no
mbc107-not-stripped.txt,21,kitea,kite,a,no,no
mbc107-not-stripped.txt,21,kitea,kite,a,no,no
mbc107-not-stripped.txt,18,kaiNa,kai,Na,no,no
mbc107-not-stripped.txt,24,taea,tae,a,no,no
mbc107-not-stripped.txt,19,fakakotahihia,fakakotahi,hia,no,no
mbc107-not-stripped.txt,24,fakamoea,fakamoe,a,no,no
mbc107-not-stripped.txt,17,tIkina,tiki,na,no,no
mbc107-not-stripped.txt,20,mahia,mahi,a,no,no
mbc107-not-stripped.txt,24,fakarerea,fakarere,a,no,no
mbc107-not-stripped.txt,21,haNaia,haNa,ia,no,no
mbc137-not-stripped.txt,18,kOrerohia,kOrero,hia,no,no
mbc107-not-stripped.txt,21,kIia,kI,ia,no,no
mbc107-not-stripped.txt,17,tIkina,tiki,na,no,no
mbc137-not-stripped.txt,18,huihuitia,huihui,tia,no,no
mbc107-not-stripped.txt,22,fakamAtauhia,fakamAtau,hia,no,no
mbc107-not-stripped.txt,2,mOhiotia,mOhio,tia,no,no
mbc107-not-stripped.txt,17,tIkina,tiki,na,no,no
mbc107-not-stripped.txt,24,kIia,kI,ia,no,no
mbc107-not-stripped.txt,17,tAhia,tA,hia,no,no
mbc107-not-stripped.txt,18,tapahia,tapahi,a,no,no
mbc137-not-stripped.txt,20,takea,take,a,no,no
mbc107-not-stripped.txt,17,fatia,fati,a,no,no
mbc107-not-stripped.txt,24,karaNahia,karaNa,hia,no,no
mbc107-not-stripped.txt,17,roNohia,roNo,hia,no,no
mbc107-not-stripped.txt,17,tIkina,tiki,na,no,no
mbc107-not-stripped.txt,26,fakakorehia,fakakore,hia,no,no
mbc107-not-stripped.txt,21,ihohia,iho,hia,no,no
mbc107-not-stripped.txt,26,fakataNihia,fakataNi,hia,no,no
mbc107-not-stripped.txt,26,takea,take,a,no,no
mbc107-not-stripped.txt,21,fakarerea,fakarere,a,no,no
mbc115-not-stripped.txt,43,kIia,kI,ia,no,no
mbc115-not-stripped.txt,41,kIia,kI,ia,no,no
mbc115-not-stripped.txt,25,taNohia,taNo,hia,no,no
mbc115-not-stripped.txt,41,kOrerotia,kOrero,tia,no,no
mbc115-not-stripped.txt,35,puritia,puri,tia,no,no
mbc115-not-stripped.txt,43,waihotia,waiho,tia,no,no
mbc115-not-stripped.txt,45,tukuna,tuku,na,no,no
mbc115-not-stripped.txt,43,haNaia,haNa,ia,no,no
mbc115-not-stripped.txt,43,pEfeatia,pEfea,tia,no,no
mbc115-not-stripped.txt,45,karaNatia,karaNa,tia,no,no
mbc115-not-stripped.txt,43,tukuna,tuku,na,no,no
mbc115-not-stripped.txt,45,tohuNia,tohu,Nia,no,no
mbc115-not-stripped.txt,43,tukuna,tuku,na,no,no
mbc138-not-stripped.txt,8,fakaaea,fakaae,a,no,no
mbc138-not-stripped.txt,5,taea,tae,a,no,no
mbc138-not-stripped.txt,8,fakaarahia,fakaara,hia,no,no
mbc138-not-stripped.txt,8,pErakahia,pEraka,hia,no,no
mbc138-not-stripped.txt,0,fiua,fiu,a,no,no
mbc138-not-stripped.txt,8,fakatuferatia,fakatufera,tia,no,no
mbc138-not-stripped.txt,0,kimihia,kimi,hia,no,no
mbc138-not-stripped.txt,8,fakaaea,fakaae,a,no,no
mbc138-not-stripped.txt,5,tirohia,titiro,hia,no,no
mbc138-not-stripped.txt,0,kimihia,kimi,hia,no,no
mbc138-not-stripped.txt,7,fakaarahia,fakaara,hia,no,no
mbc138-not-stripped.txt,18,kitea,kite,a,no,no
mbc138-not-stripped.txt,0,kOrerohia,kOrero,hia,no,no
mbc138-not-stripped.txt,8,mahia,mahi,a,no,no
mbc138-not-stripped.txt,5,fakaritehia,fakarite,hia,no,no
mbc138-not-stripped.txt,8,tImatahia,tImata,hia,no,no
mbc138-not-stripped.txt,0,taea,tae,a,no,no
mbc138-not-stripped.txt,1,wAnaNahia,wAnaNa,hia,no,no
mbc138-not-stripped.txt,0,kimihia,kimi,hia,no,no
mbc138-not-stripped.txt,0,fakatakotohia,fakatakoto,hia,no,no
mbc138-not-stripped.txt,8,mahia,mahi,a,no,no
mbc043-not-stripped.txt,24,hikitia,hiki,tia,no,no
mbc090-not-stripped.txt,45,tirohia,titiro,hia,no,no
mbc090-not-stripped.txt,45,tAkehia,tAke,hia,no,no
mbc090-not-stripped.txt,43,utua,utu,a,no,no
mbc130-not-stripped.txt,14,fANaitia,fANai,tia,no,no
mbc130-not-stripped.txt,14,wawatatia,wawata,tia,no,no
mbc145-not-stripped.txt,24,mahia,mahi,a,no,no
mbc145-not-stripped.txt,41,puritia,puri,tia,no,no
mbc145-not-stripped.txt,28,fakahokia,fakahoki,a,no,no
mbc145-not-stripped.txt,41,horoiNia,horoi,Nia,no,no
mbc145-not-stripped.txt,24,fuia,fui,a,no,no
mbc042-not-stripped.txt,15,purihia,puri,hia,no,no
mbc145-not-stripped.txt,41,tonuhia,tonu,hia,no,no
mbc052-not-stripped.txt,49,fakakoreNia,fakakore,Nia,no,no
mbc052-not-stripped.txt,14,fakaitiitihia,fakaitiiti,hia,no,no
mbc113-not-stripped.txt,57,taea,tae,a,no,no
mbc113-not-stripped.txt,45,kitea,kite,a,no,no
mbc095-not-stripped.txt,9,mOhioNia,mOhio,Nia,no,no
mbc140-not-stripped.txt,43,kitea,kite,a,no,no
mbc140-not-stripped.txt,47,mahia,mahi,a,no,no
mbc140-not-stripped.txt,45,tonoa,tono,a,no,no
mbc140-not-stripped.txt,47,tonoa,tono,a,no,no
mbc140-not-stripped.txt,45,tonutia,tonu,tia,no,no
mbc140-not-stripped.txt,47,haria,hari,a,no,no
mbc140-not-stripped.txt,43,tonutia,tonu,tia,no,no
mbc140-not-stripped.txt,43,kimihia,kimi,hia,no,no
mbc140-not-stripped.txt,47,haria,hari,a,no,no
mbc140-not-stripped.txt,47,haNaia,haNa,ia,no,no
mbc140-not-stripped.txt,45,kitea,kite,a,no,no
mbc016-not-stripped.txt,16,aukatia,aukati,a,no,no
mbc140-not-stripped.txt,45,fakatUria,fakatU,ria,no,no
mbc220-not-stripped.txt,0,kitea,kite,a,no,no
mbc140-not-stripped.txt,45,kIia,kI,ia,no,no
mbc016-not-stripped.txt,14,kitea,kite,a,no,no
mbc016-not-stripped.txt,16,Afinatia,Afina,tia,no,no
mbc140-not-stripped.txt,45,fakatUria,fakatU,ria,no,no
mbc140-not-stripped.txt,43,tukuna,tuku,na,no,no
mbc140-not-stripped.txt,45,fakatakotoria,fakatakoto,ria,no,no
mbc140-not-stripped.txt,47,fakaritea,fakarite,a,no,no
mbc140-not-stripped.txt,43,kimihia,kimi,hia,no,no
mbc116-not-stripped.txt,54,unuhia,unu,hia,no,no
mbc046-not-stripped.txt,49,muruhia,muru,hia,no,no
mbc116-not-stripped.txt,56,taea,tae,a,no,no
mbc116-not-stripped.txt,56,tukuna,tuku,na,no,no
mbc116-not-stripped.txt,64,noatia,noa,tia,no,no
mbc203-not-stripped.txt,1,takahia,takahi,a,no,no
mbc116-not-stripped.txt,54,unuhia,unu,hia,no,no
mbc046-not-stripped.txt,53,fakahokia,fakahoki,a,no,no
mbc046-not-stripped.txt,49,fakahokia,fakahoki,a,no,no
mbc203-not-stripped.txt,4,tIkina,tiki,na,no,no
mbc044-not-stripped.txt,43,hokona,hoko,na,no,no
mbc116-not-stripped.txt,54,pEhia,pEhi,a,no,no
mbc203-not-stripped.txt,1,fitia,fiti,a,no,no
mbc090-not-stripped.txt,62,taea,tae,a,no,no
mbc090-not-stripped.txt,66,tAria,tatari,a,no,no
mbc203-not-stripped.txt,4,fatia,fati,a,no,no
mbc222-not-stripped.txt,92,tinihaNatia,tinihaNa,tia,no,no
mbc203-not-stripped.txt,1,noatia,noa,tia,no,no
mbc116-not-stripped.txt,54,tukuna,tuku,na,no,no
mbc203-not-stripped.txt,1,kawea,kawe,a,no,no
mbc203-not-stripped.txt,1,mihia,mihi,a,no,no
mbc116-not-stripped.txt,56,pAkia,pA,kia,no,no
mbc203-not-stripped.txt,1,fakatUria,fakatU,ria,no,no
mbc203-not-stripped.txt,1,tukuna,tuku,na,no,no
mbc116-not-stripped.txt,54,unuhia,unu,hia,no,no
mbc116-not-stripped.txt,54,unuhia,unu,hia,no,no
mbc203-not-stripped.txt,1,fakaritea,fakarite,a,no,no
mbc203-not-stripped.txt,1,fakairihia,fakairi,hia,no,no
mbc116-not-stripped.txt,56,akona,ako,na,no,no
mbc090-not-stripped.txt,64,taea,tae,a,no,no
mbc116-not-stripped.txt,54,tukuna,tuku,na,no,no
mbc104-not-stripped.txt,5,kOreroNia,kOrero,Nia,no,no
mbc104-not-stripped.txt,5,natia,nati,a,no,no
mbc104-not-stripped.txt,53,fakaaeNia,fakaae,Nia,no,no
mbc104-not-stripped.txt,5,akoNia,ako,Nia,no,no
mbc104-not-stripped.txt,18,kaiNa,kai,Na,no,no
mbc104-not-stripped.txt,5,kOreroNia,kOrero,Nia,no,no
mbc104-not-stripped.txt,7,tAkiriNia,tAkiri,Nia,no,no
mbc104-not-stripped.txt,7,katia,kati,a,no,no
mbc104-not-stripped.txt,36,fakatAewaewaNia,fakatAewaewa,Nia,no,no
mbc104-not-stripped.txt,7,tAkiriNia,tAkiri,Nia,no,no
mbc178-not-stripped.txt,120,taea,tae,a,no,no
mbc178-not-stripped.txt,136,fANaia,fANai,a,no,no
mbc178-not-stripped.txt,128,fakahENia,fakahE,Nia,no,no
mbc178-not-stripped.txt,89,homaiNia,homai,Nia,no,no
mbc178-not-stripped.txt,150,pAtaiNia,pAtai,Nia,no,no
mbc178-not-stripped.txt,202,kOreroNia,kOrero,Nia,no,no
mbc178-not-stripped.txt,43,tuarANia,tuarA,Nia,no,no
mbc178-not-stripped.txt,101,akoNia,ako,Nia,no,no
mbc178-not-stripped.txt,55,kOreroNia,kOrero,Nia,no,no
mbc178-not-stripped.txt,89,kOreroNia,kOrero,Nia,no,no
mbc178-not-stripped.txt,5,tuarANia,tuarA,Nia,no,no
mbc178-not-stripped.txt,124,ahaNia,aha,Nia,no,no
mbc178-not-stripped.txt,136,tirohia,titiro,hia,no,no
mbc178-not-stripped.txt,210,ahaNia,aha,Nia,no,no
mbc178-not-stripped.txt,65,fakahENia,fakahE,Nia,no,no
mbc178-not-stripped.txt,87,akoNia,ako,Nia,no,no
mbc178-not-stripped.txt,202,kOreroNia,kOrero,Nia,no,no
mbc178-not-stripped.txt,61,kOreroNia,kOrero,Nia,no,no
mbc178-not-stripped.txt,210,fANaia,fANai,a,no,no
mbc178-not-stripped.txt,75,fakatupuNia,fakatupu,Nia,no,no
mbc178-not-stripped.txt,210,kataNia,kata,Nia,no,no
mbc178-not-stripped.txt,150,haria,hari,a,no,no
mbc178-not-stripped.txt,126,fakamAoria,fakamAori,a,no,no
mbc178-not-stripped.txt,192,meaNaNia,mea,Na/Nia,no,yes
mbc178-not-stripped.txt,206,fakatarea,fakatare,a,no,no
mbc178-not-stripped.txt,112,homaiNia,homai,Nia,no,no
mbc178-not-stripped.txt,206,fakatarea,fakatare,a,no,no
mbc178-not-stripped.txt,210,fakapAkehANia,fakapAkehA,Nia,no,no
mbc178-not-stripped.txt,210,fakahENia,fakahE,Nia,no,no
mbc178-not-stripped.txt,210,fakamutuhia,fakamutu,hia,no,no
mbc178-not-stripped.txt,204,fakatarea,fakatare,a,no,no
mbc178-not-stripped.txt,210,tImataNia,tImata,Nia,no,no
mbc178-not-stripped.txt,25,kataNia,kata,Nia,no,no
mbc178-not-stripped.txt,206,fakatarea,fakatare,a,no,no
mbc178-not-stripped.txt,53,fakamAoriNia,fakamAori,Nia,no,no
mbc178-not-stripped.txt,55,kIia,kI,ia,no,no
mbc042-not-stripped.txt,58,Afinatia,Afina,tia,no,no
mbc042-not-stripped.txt,56,Afinatia,Afina,tia,no,no
mbc235-not-stripped.txt,13,Afinatia,Afina,tia,no,no
mbc235-not-stripped.txt,13,panaia,pana,ia,no,no
mbc235-not-stripped.txt,13,Afinatia,Afina,tia,no,no
mbc235-not-stripped.txt,13,hikina,hiki,na,no,no
mbc235-not-stripped.txt,13,fakawaia,fakawai,a,no,no
mbc235-not-stripped.txt,13,kOrerohia,kOrero,hia,no,no
mbc235-not-stripped.txt,13,tautokohia,tautoko,hia,no,no
mbc079-not-stripped.txt,57,fakahokia,fakahoki,a,no,no
mbc079-not-stripped.txt,57,fakahokia,fakahoki,a,no,no
mbc079-not-stripped.txt,53,hoatuNia,hoatu,Nia,no,no
mbc222-not-stripped.txt,19,mahiNia,mahi,Nia,no,no
mbc079-not-stripped.txt,53,fakahokiNia,fakahoki,Nia,no,no
mbc079-not-stripped.txt,53,tUturuhia,tUturu,hia,no,no
mbc179-not-stripped.txt,32,taea,tae,a,no,no
mbc179-not-stripped.txt,7,taea,tae,a,no,no
mbc179-not-stripped.txt,19,tirohia,titiro,hia,no,no
mbc179-not-stripped.txt,19,tirohia,titiro,hia,no,no
mbc179-not-stripped.txt,9,kOrerotia,kOrero,tia,no,no
mbc179-not-stripped.txt,3,tImatatia,tImata,tia,no,no
mbc179-not-stripped.txt,7,tukua,tuku,a,no,no
mbc179-not-stripped.txt,7,taea,tae,a,no,no
mbc179-not-stripped.txt,3,tukua,tuku,a,no,no
mbc179-not-stripped.txt,19,tukua,tuku,a,no,no
mbc179-not-stripped.txt,19,tukua,tuku,a,no,no
mbc179-not-stripped.txt,19,tirohia,titiro,hia,no,no
mbc179-not-stripped.txt,9,fakaritea,fakarite,a,no,no
mbc179-not-stripped.txt,68,karaNatia,karaNa,tia,no,no
mbc179-not-stripped.txt,23,taea,tae,a,no,no
mbc179-not-stripped.txt,9,tImatatia,tImata,tia,no,no
mbc179-not-stripped.txt,19,taea,tae,a,no,no
mbc179-not-stripped.txt,5,mahia,mahi,a,no,no
mbc179-not-stripped.txt,21,tukua,tuku,a,no,no
mbc179-not-stripped.txt,23,taea,tae,a,no,no
mbc179-not-stripped.txt,5,taea,tae,a,no,no
mbc179-not-stripped.txt,5,taea,tae,a,no,no
mbc179-not-stripped.txt,9,taea,tae,a,no,no
mbc179-not-stripped.txt,25,taea,tae,a,no,no
mbc179-not-stripped.txt,19,tukua,tuku,a,no,no
mbc179-not-stripped.txt,19,taea,tae,a,no,no
mbc179-not-stripped.txt,7,taea,tae,a,no,no
mbc179-not-stripped.txt,21,tukua,tuku,a,no,no
mbc066-not-stripped.txt,12,waihotia,waiho,tia,no,no
mbc066-not-stripped.txt,12,mahia,mahi,a,no,no
mbc066-not-stripped.txt,12,hainatia,haina,tia,no,no
mbc099-not-stripped.txt,23,karaNahia,karaNa,hia,no,no
mbc099-not-stripped.txt,35,tonoNia,tono,Nia,no,no
mbc099-not-stripped.txt,21,fakamAoritia,fakamAori,tia,no,no
mbc099-not-stripped.txt,11,taea,tae,a,no,no
mbc216-not-stripped.txt,32,firifirihia,firifiri,hia,no,no
mbc099-not-stripped.txt,35,hoatuNia,hoatu,Nia,no,no
mbc099-not-stripped.txt,23,haNaia,haNa,ia,no,no
mbc216-not-stripped.txt,30,tautokotia,tautoko,tia,no,no
mbc099-not-stripped.txt,23,kimihia,kimi,hia,no,no
mbc216-not-stripped.txt,30,tuhia,tuhi,a,no,no
mbc099-not-stripped.txt,11,fakaitihia,fakaiti,hia,no,no
mbc099-not-stripped.txt,23,taea,tae,a,no,no
mbc099-not-stripped.txt,21,taea,tae,a,no,no
mbc099-not-stripped.txt,6,fakatipuNia,fakatipu,Nia,no,no
mbc099-not-stripped.txt,4,tirohia,titiro,hia,no,no
mbc216-not-stripped.txt,30,patua,patu,a,no,no
mbc099-not-stripped.txt,35,roNohia,roNo,hia,no,no
mbc216-not-stripped.txt,30,pOtiNia,pOti,Nia,no,no
mbc099-not-stripped.txt,23,taea,tae,a,no,no
mbc099-not-stripped.txt,21,haNaia,haNa,ia,no,no
mbc099-not-stripped.txt,29,fAitiNia,fAiti,Nia,no,no
mbc099-not-stripped.txt,11,karaNahia,karaNa,hia,no,no
mbc099-not-stripped.txt,21,fakamAramatia,fakamArama,tia,no,no
mbc099-not-stripped.txt,11,kEtia,kE,tia,no,no
mbc216-not-stripped.txt,30,tirohia,titiro,hia,no,no
mbc216-not-stripped.txt,30,patua,patu,a,no,no
mbc216-not-stripped.txt,30,katoatia,katoa,tia,no,no
mbc099-not-stripped.txt,23,taea,tae,a,no,no
mbc099-not-stripped.txt,6,haNaia,haNa,ia,no,no
mbc099-not-stripped.txt,23,fAia,fai,a,no,no
mbc099-not-stripped.txt,6,kitea,kite,a,no,no
mbc099-not-stripped.txt,11,taea,tae,a,no,no
mbc099-not-stripped.txt,11,taea,tae,a,no,no
mbc099-not-stripped.txt,11,fakamahia,fakamahi,a,no,no
mbc066-not-stripped.txt,69,tonoNia,tono,Nia,no,no
mbc216-not-stripped.txt,25,taea,tae,a,no,no
mbc216-not-stripped.txt,30,fakaitihia,fakaiti,hia,no,no
mbc048-not-stripped.txt,55,fakaaea,fakaae,a,no,no
mbc099-not-stripped.txt,6,ruia,rui,a,no,no
mbc099-not-stripped.txt,21,faiNia,fai,Nia,no,no
mbc216-not-stripped.txt,25,fakakOkirihia,fakakOkiri,hia,no,no
mbc216-not-stripped.txt,25,fakatANia,fakatA,Nia,no,no
mbc099-not-stripped.txt,11,taea,tae,a,no,no
mbc216-not-stripped.txt,30,tautokohia,tautoko,hia,no,no
mbc216-not-stripped.txt,25,waihotia,waiho,tia,no,no
mbc099-not-stripped.txt,29,taea,tae,a,no,no
mbc216-not-stripped.txt,30,fakatakotoria,fakatakoto,ria,no,no
mbc099-not-stripped.txt,21,fakatUhia,fakatU,hia,no,no
mbc099-not-stripped.txt,11,panaia,pana,ia,no,no
mbc216-not-stripped.txt,30,fakaitihia,fakaiti,hia,no,no
mbc099-not-stripped.txt,27,firifirihia,firifiri,hia,no,no
mbc099-not-stripped.txt,11,taea,tae,a,no,no
mbc099-not-stripped.txt,23,tukuna,tuku,na,no,no
mbc099-not-stripped.txt,35,fakafArikiNia,fakafAriki,Nia,no,no
mbc099-not-stripped.txt,11,taea,tae,a,no,no
mbc216-not-stripped.txt,30,taea,tae,a,no,no
mbc099-not-stripped.txt,27,fAia,fai,a,no,no
mbc099-not-stripped.txt,33,fakaaea,fakaae,a,no,no
mbc216-not-stripped.txt,30,katoatia,katoa,tia,no,no
mbc216-not-stripped.txt,30,taea,tae,a,no,no
mbc099-not-stripped.txt,27,taea,tae,a,no,no
mbc216-not-stripped.txt,30,tautokohia,tautoko,hia,no,no
mbc099-not-stripped.txt,29,fAia,fai,a,no,no
mbc099-not-stripped.txt,4,fAia,fai,a,no,no
mbc099-not-stripped.txt,29,haNaia,haNa,ia,no,no
mbc099-not-stripped.txt,23,fAia,fai,a,no,no
mbc099-not-stripped.txt,23,taea,tae,a,no,no
mbc099-not-stripped.txt,27,taea,tae,a,no,no
mbc216-not-stripped.txt,25,tirohia,titiro,hia,no,no
mbc216-not-stripped.txt,25,fakatANia,fakatA,Nia,no,no
mbc066-not-stripped.txt,69,tonoNia,tono,Nia,no,no
mbc216-not-stripped.txt,30,taea,tae,a,no,no
mbc099-not-stripped.txt,35,hoatuNia,hoatu,Nia,no,no
mbc099-not-stripped.txt,35,tukuna,tuku,na,no,no
mbc216-not-stripped.txt,26,taea,tae,a,no,no
mbc066-not-stripped.txt,69,hoatuNia,hoatu,Nia,no,no
mbc099-not-stripped.txt,27,haNaia,haNa,ia,no,no
mbc099-not-stripped.txt,27,utua,utu,a,no,no
mbc099-not-stripped.txt,27,taea,tae,a,no,no
mbc216-not-stripped.txt,28,ruia,rui,a,no,no
mbc099-not-stripped.txt,29,kitea,kite,a,no,no
mbc099-not-stripped.txt,29,taea,tae,a,no,no
mbc099-not-stripped.txt,6,utua,utu,a,no,no
mbc216-not-stripped.txt,28,fakapUria,fakapU,ria,no,no
mbc099-not-stripped.txt,6,taea,tae,a,no,no
mbc099-not-stripped.txt,29,taea,tae,a,no,no
mbc099-not-stripped.txt,29,taea,tae,a,no,no
mbc099-not-stripped.txt,29,tIkina,tiki,na,no,no
mbc216-not-stripped.txt,26,firifirihia,firifiri,hia,no,no
mbc099-not-stripped.txt,29,haNaia,haNa,ia,no,no
mbc099-not-stripped.txt,29,taea,tae,a,no,no
mbc216-not-stripped.txt,26,fakaiNoatia,fakaiNoa,tia,no,no
mbc060-not-stripped.txt,63,fAia,fai,a,no,no
mbc055-not-stripped.txt,67,fakamahia,fakamahi,a,no,no
mbc085-not-stripped.txt,34,fakaterehia,fakatere,hia,no,no
mbc087-not-stripped.txt,3,fakaritea,fakarite,a,no,no
mbc129-not-stripped.txt,13,wetewetehia,wetewete,hia,no,no
mbc054-not-stripped.txt,28,fakatUria,fakatU,ria,no,no
mbc129-not-stripped.txt,13,taea,tae,a,no,no
mbc064-not-stripped.txt,7,fakahokia,fakahoki,a,no,no
mbc062-not-stripped.txt,1,tonutia,tonu,tia,no,no
mbc043-not-stripped.txt,16,fakarerekEhia,fakarerekE,hia,no,no
mbc085-not-stripped.txt,67,fakahaeretia,fakahaere,tia,no,no
mbc055-not-stripped.txt,70,wAnaNahia,wAnaNa,hia,no,no
mbc055-not-stripped.txt,67,kitea,kite,a,no,no
mbc052-not-stripped.txt,22,aukatihia,aukati,hia,no,no
mbc047-not-stripped.txt,43,taNohia,taNo,hia,no,no
mbc080-not-stripped.txt,60,haNaia,haNa,ia,no,no
mbc059-not-stripped.txt,76,fakawAteahia,fakawAtea,hia,no,no
mbc077-not-stripped.txt,20,tUkinohia,tUkino,hia,no,no
mbc070-not-stripped.txt,13,fakahokia,fakahoki,a,no,no
mbc048-not-stripped.txt,61,hokona,hoko,na,no,no
mbc083-not-stripped.txt,18,pAnuitia,pAnui,tia,no,no
mbc052-not-stripped.txt,20,raupatuhia,raupatu,hia,no,no
mbc041-not-stripped.txt,69,waihaNatia,waihaNa,tia,no,no
mbc059-not-stripped.txt,35,fAia,fai,a,no,no
mbc059-not-stripped.txt,72,tohua,tohu,a,no,no
mbc059-not-stripped.txt,74,haNaia,haNa,ia,no,no
mbc077-not-stripped.txt,20,mOhiotia,mOhio,tia,no,no
mbc047-not-stripped.txt,19,fakarerekEhia,fakarerekE,hia,no,no
mbc055-not-stripped.txt,73,fakahaeretia,fakahaere,tia,no,no
mbc129-not-stripped.txt,11,fakatUria,fakatU,ria,no,no
mbc045-not-stripped.txt,9,kitea,kite,a,no,no
mbc052-not-stripped.txt,24,fakaaehia,fakaae,hia,no,no
mbc061-not-stripped.txt,62,tAhia,tA,hia,no,no
mbc082-not-stripped.txt,43,karaNahia,karaNa,hia,no,no
mbc079-not-stripped.txt,48,fakatakotohia,fakatakoto,hia,no,no
mbc059-not-stripped.txt,76,fakatUria,fakatU,ria,no,no
mbc076-not-stripped.txt,37,tirohia,titiro,hia,no,no
mbc054-not-stripped.txt,45,kitea,kite,a,no,no
mbc065-not-stripped.txt,44,raNahautia,raNahau,tia,no,no
mbc061-not-stripped.txt,20,fakatuferatia,fakatufera,tia,no,no
mbc082-not-stripped.txt,52,kEtia,kE,tia,no,no
mbc041-not-stripped.txt,71,ruia,rui,a,no,no
mbc129-not-stripped.txt,9,warewaretia,wareware,tia,no,no
mbc129-not-stripped.txt,4,fakamAramahia,fakamArama,hia,no,no
mbc068-not-stripped.txt,19,fakaitihia,fakaiti,hia,no,no
mbc083-not-stripped.txt,60,hoatutia,hoatu,tia,no,no
mbc080-not-stripped.txt,5,tonutia,tonu,tia,no,no
mbc071-not-stripped.txt,47,murua,muru,a,no,no
mbc078-not-stripped.txt,48,fakamahia,fakamahi,a,no,no
mbc060-not-stripped.txt,60,mauria,mau,ria,no,no
mbc059-not-stripped.txt,39,tautokohia,tautoko,hia,no,no
mbc064-not-stripped.txt,44,fakamanahia,fakamana,hia,no,no
mbc045-not-stripped.txt,37,taea,tae,a,no,no
mbc069-not-stripped.txt,29,fakahaeretia,fakahaere,tia,no,no
mbc054-not-stripped.txt,26,tapahia,tapahi,a,no,no
mbc080-not-stripped.txt,54,muia,mui,a,no,no
mbc063-not-stripped.txt,23,fiua,fiu,a,no,no
mbc082-not-stripped.txt,50,tohua,tohu,a,no,no
mbc082-not-stripped.txt,52,tohua,tohu,a,no,no
mbc068-not-stripped.txt,19,pAnuitia,pAnui,tia,no,no
mbc054-not-stripped.txt,45,tohua,tohu,a,no,no
mbc077-not-stripped.txt,20,fakatOmurihia,fakatOmuri,hia,no,no
mbc079-not-stripped.txt,50,mOhiotia,mOhio,tia,no,no
mbc042-not-stripped.txt,1,fArikihia,fAriki,hia,no,no
mbc065-not-stripped.txt,46,ruia,rui,a,no,no
mbc043-not-stripped.txt,14,fakatOpUhia,fakatOpU,hia,no,no
mbc053-not-stripped.txt,28,fakaturea,fakature,a,no,no
mbc082-not-stripped.txt,46,fakatUria,fakatU,ria,no,no
mbc050-not-stripped.txt,24,fakaterehia,fakatere,hia,no,no
mbc061-not-stripped.txt,62,fakamAoritia,fakamAori,tia,no,no
mbc082-not-stripped.txt,30,kitea,kite,a,no,no
mbc050-not-stripped.txt,63,pOtihia,pOti,hia,no,no
mbc077-not-stripped.txt,54,momihia,momi,hia,no,no
mbc077-not-stripped.txt,54,fAnuitia,fAnui,tia,no,no
mbc079-not-stripped.txt,7,tautokohia,tautoko,hia,no,no
mbc083-not-stripped.txt,58,waihaNatia,waihaNa,tia,no,no
mbc077-not-stripped.txt,56,fakatUria,fakatU,ria,no,no
mbc058-not-stripped.txt,27,fakatUria,fakatU,ria,no,no
mbc083-not-stripped.txt,62,takohatia,takoha,tia,no,no
mbc057-not-stripped.txt,5,firifirihia,firifiri,hia,no,no
mbc045-not-stripped.txt,37,taea,tae,a,no,no
mbc045-not-stripped.txt,9,fiua,fiu,a,no,no
mbc129-not-stripped.txt,11,nekehia,neke,hia,no,no
mbc085-not-stripped.txt,65,kimihia,kimi,hia,no,no
mbc068-not-stripped.txt,19,katia,kati,a,no,no
mbc047-not-stripped.txt,43,taea,tae,a,no,no
mbc079-not-stripped.txt,46,fArikihia,fAriki,hia,no,no
mbc058-not-stripped.txt,29,fakamaua,fakamau,a,no,no
mbc089-not-stripped.txt,7,fakatOpUhia,fakatOpU,hia,no,no
mbc089-not-stripped.txt,11,fArikitia,fAriki,tia,no,no
mbc042-not-stripped.txt,1,hokona,hoko,na,no,no
mbc048-not-stripped.txt,63,mOhiotia,mOhio,tia,no,no
mbc047-not-stripped.txt,19,fakaaetia,fakaae,tia,no,no
mbc047-not-stripped.txt,38,rAhuitia,rAhui,tia,no,no
mbc087-not-stripped.txt,1,kitea,kite,a,no,no
mbc070-not-stripped.txt,68,fArikihia,fAriki,hia,no,no
mbc064-not-stripped.txt,7,fakamanahia,fakamana,hia,no,no
mbc089-not-stripped.txt,11,aukatihia,aukati,hia,no,no
mbc057-not-stripped.txt,85,fakamArOhia,fakamArO,hia,no,no
mbc057-not-stripped.txt,85,fakahokia,fakahoki,a,no,no
mbc063-not-stripped.txt,23,fakamanatia,fakamana,tia,no,no
mbc082-not-stripped.txt,28,waihaNatia,waihaNa,tia,no,no
mbc062-not-stripped.txt,1,fakapahUtia,fakapahU,tia,no,no
mbc078-not-stripped.txt,46,panaia,pana,ia,no,no
mbc057-not-stripped.txt,3,tautokohia,tautoko,hia,no,no
mbc071-not-stripped.txt,20,fakamanahia,fakamana,hia,no,no
mbc063-not-stripped.txt,67,fakamanatia,fakamana,tia,no,no
mbc129-not-stripped.txt,0,fakafifia,fakafifi,a,no,no
mbc048-not-stripped.txt,63,kOhuatia,kOhua,tia,no,no
mbc085-not-stripped.txt,65,kitea,kite,a,no,no
mbc041-not-stripped.txt,67,fakafifia,fakafifi,a,no,no
mbc087-not-stripped.txt,7,fakatuferatia,fakatufera,tia,no,no
mbc087-not-stripped.txt,7,homaitia,homai,tia,no,no
mbc064-not-stripped.txt,7,taNohia,taNo,hia,no,no
mbc042-not-stripped.txt,1,kEtia,kE,tia,no,no
mbc060-not-stripped.txt,60,mOhiotia,mOhio,tia,no,no
mbc077-not-stripped.txt,20,fArikihia,fAriki,hia,no,no
mbc069-not-stripped.txt,32,fakanuia,fakanui,a,no,no
mbc062-not-stripped.txt,1,pUhia,pupuhi,a,no,no
mbc068-not-stripped.txt,47,kawea,kawe,a,no,no
mbc057-not-stripped.txt,82,fakatUria,fakatU,ria,no,no
mbc066-not-stripped.txt,77,fakatUria,fakatU,ria,no,no
mbc056-not-stripped.txt,61,muia,mui,a,no,no
mbc129-not-stripped.txt,15,fakatakotohia,fakatakoto,hia,no,no
mbc067-not-stripped.txt,37,fakahOnoretia,fakahOnore,tia,no,no
mbc053-not-stripped.txt,71,raNona,roNo,na,no,no
mbc129-not-stripped.txt,33,tukuna,tuku,na,no,no
mbc053-not-stripped.txt,74,huaina,hua,ina,no,no
mbc053-not-stripped.txt,76,fakaatuhia,fakaatu,hia,no,no
mbc064-not-stripped.txt,44,fakamanatia,fakamana,tia,no,no
mbc071-not-stripped.txt,22,mOhiotia,mOhio,tia,no,no
mbc089-not-stripped.txt,9,hokona,hoko,na,no,no
mbc064-not-stripped.txt,4,fakamanatia,fakamana,tia,no,no
mbc065-not-stripped.txt,44,fakamanatia,fakamana,tia,no,no
mbc085-not-stripped.txt,65,fakahaeretia,fakahaere,tia,no,no
mbc089-not-stripped.txt,69,tAkehia,tAke,hia,no,no
mbc063-not-stripped.txt,23,fArikihia,fAriki,hia,no,no
mbc050-not-stripped.txt,22,fakafAitihia,fakafAiti,hia,no,no
mbc089-not-stripped.txt,69,rIhitia,rIhi,tia,no,no
mbc077-not-stripped.txt,54,fakaaetia,fakaae,tia,no,no
mbc068-not-stripped.txt,19,fakatUria,fakatU,ria,no,no
mbc063-not-stripped.txt,23,tuarihia,tuari,hia,no,no
mbc087-not-stripped.txt,48,tohaina,toha,ina,no,no
mbc042-not-stripped.txt,1,kawea,kawe,a,no,no
mbc063-not-stripped.txt,23,kitea,kite,a,no,no
mbc051-not-stripped.txt,63,kitea,kite,a,no,no
mbc129-not-stripped.txt,11,hikitia,hiki,tia,no,no
mbc047-not-stripped.txt,43,raupatuhia,raupatu,hia,no,no
mbc078-not-stripped.txt,4,fakaritea,fakarite,a,no,no
mbc046-not-stripped.txt,72,tukuna,tuku,na,no,no
mbc106-not-stripped.txt,7,tohua,tohu,a,no,no
mbc129-not-stripped.txt,32,fakatuferahia,fakatufera,hia,no,no
mbc106-not-stripped.txt,7,fakapaetia,fakapae,tia,no,no
mbc077-not-stripped.txt,54,hokona,hoko,na,no,no
mbc054-not-stripped.txt,45,fakaputahia,fakaputa,hia,no,no
mbc068-not-stripped.txt,47,fArikihia,fAriki,hia,no,no
mbc057-not-stripped.txt,5,tukuna,tuku,na,no,no
mbc083-not-stripped.txt,60,tImatahia,tImata,hia,no,no
mbc057-not-stripped.txt,1,fakapaua,fakapau,a,no,no
mbc087-not-stripped.txt,46,fArikihia,fAriki,hia,no,no
mbc068-not-stripped.txt,42,fakamanahia,fakamana,hia,no,no
mbc045-not-stripped.txt,37,kitea,kite,a,no,no
mbc089-not-stripped.txt,69,fakaritea,fakarite,a,no,no
mbc129-not-stripped.txt,0,fakawAteahia,fakawAtea,hia,no,no
mbc090-not-stripped.txt,37,mOhiotia,mOhio,tia,no,no
mbc056-not-stripped.txt,32,taea,tae,a,no,no
mbc060-not-stripped.txt,14,kitea,kite,a,no,no
mbc087-not-stripped.txt,46,tukuna,tuku,na,no,no
mbc087-not-stripped.txt,44,herea,here,a,no,no
mbc064-not-stripped.txt,7,waihotia,waiho,tia,no,no
mbc087-not-stripped.txt,44,fakatUria,fakatU,ria,no,no
mbc078-not-stripped.txt,2,tukuna,tuku,na,no,no
mbc061-not-stripped.txt,15,mauria,mau,ria,no,no
mbc054-not-stripped.txt,23,tInihia,tIni,hia,no,no
mbc083-not-stripped.txt,16,fakatUria,fakatU,ria,no,no
mbc043-not-stripped.txt,28,fakahiatotia,fakahiato,tia,no,no
mbc053-not-stripped.txt,23,taea,tae,a,no,no
mbc070-not-stripped.txt,66,tohua,tohu,a,no,no
mbc071-not-stripped.txt,20,fAia,fai,a,no,no
mbc043-not-stripped.txt,30,fakatUria,fakatU,ria,no,no
mbc052-not-stripped.txt,71,tuhia,tuhi,a,no,no
mbc053-not-stripped.txt,23,fakaturea,fakature,a,no,no
mbc076-not-stripped.txt,39,fakatUria,fakatU,ria,no,no
mbc051-not-stripped.txt,65,fakapaetia,fakapae,tia,no,no
mbc060-not-stripped.txt,12,fakatUria,fakatU,ria,no,no
mbc060-not-stripped.txt,14,fakamAtautauhia,fakamAtautau,hia,no,no
mbc230-not-stripped.txt,89,pEheatia,pEhea,tia,no,no
mbc230-not-stripped.txt,89,fakaaetia,fakaae,tia,no,no
mbc230-not-stripped.txt,89,tirotirohia,tirotiro,hia,no,no
mbc105-not-stripped.txt,32,homaihia,homai,hia,no,no
mbc230-not-stripped.txt,89,taea,tae,a,no,no
mbc105-not-stripped.txt,32,kOrerohia,kOrero,hia,no,no
mbc088-not-stripped.txt,55,mahitia,mahi,tia,no,no
mbc123-not-stripped.txt,68,purua,puru,a,no,no
mbc123-not-stripped.txt,68,taNoa,taNo,a,no,no
mbc123-not-stripped.txt,72,titohia,tito,hia,no,no
mbc123-not-stripped.txt,68,Ukuikuitia,Ukuikui,tia,no,no
mbc123-not-stripped.txt,72,fakaarotia,fakaaro,tia,no,no
mbc123-not-stripped.txt,68,kumea,kume,a,no,no
mbc123-not-stripped.txt,68,hutia,huti,a,no,no
mbc123-not-stripped.txt,68,purua,puru,a,no,no
mbc193-not-stripped.txt,9,kauria,kau,ria,no,no
mbc193-not-stripped.txt,9,fetUraNitia,fetUraNi,tia,no,no
mbc193-not-stripped.txt,9,fakahuia,fakahui,a,no,no
mbc193-not-stripped.txt,9,kukua,kuku,a,no,no
mbc193-not-stripped.txt,9,pIkaua,pIkau,a,no,no
mbc193-not-stripped.txt,9,hoehoea,hoehoe,a,no,no
mbc193-not-stripped.txt,9,pania,pani,a,no,no
mbc193-not-stripped.txt,9,kOrerotia,kOrero,tia,no,no
mbc193-not-stripped.txt,9,pIkaua,pIkau,a,no,no
mbc193-not-stripped.txt,9,poroporoakihia,poroporoaki,hia,no,no
mbc193-not-stripped.txt,9,hoea,hoe,a,no,no
mbc193-not-stripped.txt,9,kauria,kau,ria,no,no
mbc193-not-stripped.txt,9,tuia,tui,a,no,no
mbc193-not-stripped.txt,9,rukuhia,ruku,hia,no,no
mbc193-not-stripped.txt,9,tuia,tui,a,no,no
mbc193-not-stripped.txt,9,karaNatia,karaNa,tia,no,no
mbc193-not-stripped.txt,9,fakapaiNia,fakapai,Nia,no,no
mbc193-not-stripped.txt,9,hututia,hutu,tia,no,no
mbc193-not-stripped.txt,9,hahaotia,hahao,tia,no,no
mbc193-not-stripped.txt,9,tuatuahia,tuatua,hia,no,no
mbc193-not-stripped.txt,9,tuia,tui,a,no,no
mbc193-not-stripped.txt,9,hoea,hoe,a,no,no
mbc193-not-stripped.txt,9,hoea,hoe,a,no,no
mbc193-not-stripped.txt,9,fetUraNitia,fetUraNi,tia,no,no
mbc193-not-stripped.txt,9,taNihia,taNi,hia,no,no
mbc193-not-stripped.txt,9,takea,take,a,no,no
mbc193-not-stripped.txt,9,tuia,tui,a,no,no
mbc193-not-stripped.txt,9,rukuhia,ruku,hia,no,no
mbc193-not-stripped.txt,9,rukuhia,ruku,hia,no,no
mbc193-not-stripped.txt,9,tuia,tui,a,no,no
mbc193-not-stripped.txt,9,hoea,hoe,a,no,no
mbc193-not-stripped.txt,9,pukepukea,pukepuke,a,no,no
mbc193-not-stripped.txt,9,tuia,tui,a,no,no
mbc193-not-stripped.txt,9,fafatia,fafati,a,no,no
mbc193-not-stripped.txt,9,tUria,tU,ria,no,no
mbc193-not-stripped.txt,9,tUtia,tU,tia,no,no
mbc193-not-stripped.txt,9,fakahuia,fakahui,a,no,no
mbc193-not-stripped.txt,9,fakahuia,fakahui,a,no,no
mbc193-not-stripped.txt,9,tirotirohia,tirotiro,hia,no,no
mbc193-not-stripped.txt,9,rukuhia,ruku,hia,no,no
mbc108-not-stripped.txt,8,fanafanahia,fanafana,hia,no,no
mbc108-not-stripped.txt,34,pikia,piki,a,no,no
mbc108-not-stripped.txt,8,mahia,mahi,a,no,no
mbc101-not-stripped.txt,9,haNaia,haNa,ia,no,no
mbc061-not-stripped.txt,27,meitia,mea,tia,no,no
mbc018-not-stripped.txt,27,mahia,mahi,a,no,no
mbc061-not-stripped.txt,27,kitea,kite,a,no,no
mbc061-not-stripped.txt,27,katoahia,katoa,hia,no,no
mbc061-not-stripped.txt,27,meitia,mea,tia,no,no
mbc019-not-stripped.txt,8,tirohia,titiro,hia,no,no
mbc188-not-stripped.txt,10,fakaatuhia,fakaatu,hia,no,no
mbc188-not-stripped.txt,10,fakaarahia,fakaara,hia,no,no
mbc188-not-stripped.txt,10,tukuna,tuku,na,no,no
mbc188-not-stripped.txt,10,orahia,ora,hia,no,no
mbc188-not-stripped.txt,10,orahia,ora,hia,no,no
mbc188-not-stripped.txt,10,taea,tae,a,no,no
mbc188-not-stripped.txt,10,mOhiotia,mOhio,tia,no,no
mbc193-not-stripped.txt,7,murua,muru,a,no,no
mbc193-not-stripped.txt,7,fakaoraNia,fakaora,Nia,no,no
mbc193-not-stripped.txt,7,kOrerotia,kOrero,tia,no,no
mbc193-not-stripped.txt,7,fakawaia,fakawai,a,no,no
mbc193-not-stripped.txt,7,meatia,mea,tia,no,no
mbc193-not-stripped.txt,7,kawea,kawe,a,no,no
mbc265-not-stripped.txt,28,tukuna,tuku,na,no,no
mbc166-not-stripped.txt,179,tAmia,tAmi,a,no,no
mbc166-not-stripped.txt,32,tonutia,tonu,tia,no,no
mbc265-not-stripped.txt,28,taea,tae,a,no,no
mbc166-not-stripped.txt,32,taea,tae,a,no,no
mbc166-not-stripped.txt,32,taea,tae,a,no,no
mbc256-not-stripped.txt,2,kIia,kI,ia,no,no
mbc166-not-stripped.txt,32,tonutia,tonu,tia,no,no
mbc165-not-stripped.txt,334,kimihia,kimi,hia,no,no
mbc256-not-stripped.txt,3,taea,tae,a,no,no
mbc256-not-stripped.txt,2,kIia,kI,ia,no,no
mbc256-not-stripped.txt,2,tukuna,tuku,na,no,no
mbc256-not-stripped.txt,0,tukuna,tuku,na,no,no
mbc256-not-stripped.txt,2,roNohia,roNo,hia,no,no
mbc256-not-stripped.txt,4,kIia,kI,ia,no,no
mbc256-not-stripped.txt,5,fAnuitia,fAnui,tia,no,no
mbc175-not-stripped.txt,61,kIia,kI,ia,no,no
mbc256-not-stripped.txt,4,tuferaNia,tufera,Nia,no,no
mbc165-not-stripped.txt,336,tukuna,tuku,na,no,no
mbc175-not-stripped.txt,26,kIia,kI,ia,no,no
mbc265-not-stripped.txt,28,taea,tae,a,no,no
mbc265-not-stripped.txt,28,tonutia,tonu,tia,no,no
mbc256-not-stripped.txt,4,tukuna,tuku,na,no,no
mbc165-not-stripped.txt,314,fakaritea,fakarite,a,no,no
mbc265-not-stripped.txt,33,taea,tae,a,no,no
mbc256-not-stripped.txt,4,tukuna,tuku,na,no,no
mbc165-not-stripped.txt,283,taea,tae,a,no,no
mbc165-not-stripped.txt,330,tukuna,tuku,na,no,no
mbc256-not-stripped.txt,4,tukuna,tuku,na,no,no
mbc229-not-stripped.txt,41,fakaarohia,fakaaro,hia,no,no
mbc265-not-stripped.txt,67,taea,tae,a,no,no
mbc260-not-stripped.txt,92,tapahia,tapahi,a,no,no
mbc166-not-stripped.txt,118,fakawAteahia,fakawAtea,hia,no,no
mbc165-not-stripped.txt,318,fakaarohia,fakaaro,hia,no,no
mbc166-not-stripped.txt,118,taea,tae,a,no,no
mbc256-not-stripped.txt,5,kawea,kawe,a,no,no
mbc256-not-stripped.txt,3,tukuna,tuku,na,no,no
mbc166-not-stripped.txt,179,kOrerohia,kOrero,hia,no,no
mbc166-not-stripped.txt,125,honotia,hono,tia,no,no
mbc265-not-stripped.txt,28,taea,tae,a,no,no
mbc165-not-stripped.txt,314,taea,tae,a,no,no
mbc256-not-stripped.txt,3,tukuna,tuku,na,no,no
mbc175-not-stripped.txt,61,fakatUria,fakatU,ria,no,no
mbc256-not-stripped.txt,5,mOhiotia,mOhio,tia,no,no
mbc265-not-stripped.txt,107,tautia,tau,tia,no,no
mbc265-not-stripped.txt,28,fakatUria,fakatU,ria,no,no
mbc165-not-stripped.txt,280,taea,tae,a,no,no
mbc265-not-stripped.txt,28,tonutia,tonu,tia,no,no
mbc166-not-stripped.txt,120,taea,tae,a,no,no
mbc175-not-stripped.txt,55,kawea,kawe,a,no,no
mbc265-not-stripped.txt,28,kIia,kI,ia,no,no
mbc166-not-stripped.txt,177,patua,patu,a,no,no
mbc166-not-stripped.txt,118,homaihia,homai,hia,no,no
mbc265-not-stripped.txt,28,taea,tae,a,no,no
mbc256-not-stripped.txt,2,tukuna,tuku,na,no,no
mbc166-not-stripped.txt,118,taea,tae,a,no,no
mbc256-not-stripped.txt,1,fakatikaina,fakatika,ina,no,no
mbc165-not-stripped.txt,212,kIia,kI,ia,no,no
mbc165-not-stripped.txt,280,taea,tae,a,no,no
mbc165-not-stripped.txt,238,ahatia,aha,tia,no,no
mbc256-not-stripped.txt,6,kIia,kI,ia,no,no
mbc166-not-stripped.txt,118,taea,tae,a,no,no
mbc256-not-stripped.txt,0,tukuna,tuku,na,no,no
mbc265-not-stripped.txt,28,taea,tae,a,no,no
mbc166-not-stripped.txt,118,ahatia,aha,tia,no,no
mbc166-not-stripped.txt,131,taea,tae,a,no,no
mbc256-not-stripped.txt,6,tukuna,tuku,na,no,no
mbc165-not-stripped.txt,274,tAmia,tAmi,a,no,no
mbc265-not-stripped.txt,28,taea,tae,a,no,no
mbc165-not-stripped.txt,230,kikIa,kikI,a,no,no
mbc256-not-stripped.txt,3,tukuna,tuku,na,no,no
mbc166-not-stripped.txt,18,pAtaihia,pAtai,hia,no,no
mbc166-not-stripped.txt,127,taea,tae,a,no,no
mbc165-not-stripped.txt,236,taea,tae,a,no,no
mbc166-not-stripped.txt,0,tukuna,tuku,na,no,no
mbc165-not-stripped.txt,276,rApopotohia,rApopoto,hia,no,no
mbc166-not-stripped.txt,124,ahatia,aha,tia,no,no
mbc166-not-stripped.txt,124,mahia,mahi,a,no,no
mbc166-not-stripped.txt,124,kOrerohia,kOrero,hia,no,no
mbc265-not-stripped.txt,28,taea,tae,a,no,no
mbc265-not-stripped.txt,28,fakatautia,fakatau,tia,no,no
mbc166-not-stripped.txt,125,honotia,hono,tia,no,no
mbc166-not-stripped.txt,0,fakahonotia,fakahono,tia,no,no
mbc265-not-stripped.txt,28,kIia,kI,ia,no,no
mbc166-not-stripped.txt,24,kIia,kI,ia,no,no
mbc166-not-stripped.txt,125,ahatia,aha,tia,no,no
mbc084-not-stripped.txt,2,tahuna,tahu,na,no,no
mbc084-not-stripped.txt,4,mahia,mahi,a,no,no
mbc228-not-stripped.txt,47,fakahaeretia,fakahaere,tia,no,no
mbc160-not-stripped.txt,24,fakatUhia,fakatU,hia,no,no
mbc160-not-stripped.txt,26,kIhia,kI,hia,no,no
mbc160-not-stripped.txt,24,kIia,kI,ia,no,no
mbc160-not-stripped.txt,24,kOrerohia,kOrero,hia,no,no
mbc160-not-stripped.txt,24,putua,putu,a,no,no
mbc160-not-stripped.txt,24,pakaNaNia,pakaNa,Nia,no,no
mbc160-not-stripped.txt,26,kIhia,kI,hia,no,no
mbc160-not-stripped.txt,24,fakamauNahia,fakamauNa,hia,no,no
mbc160-not-stripped.txt,26,kOrerohia,kOrero,hia,no,no
mbc160-not-stripped.txt,24,fakatUhia,fakatU,hia,no,no
mbc160-not-stripped.txt,24,fakanohoia,fakanoho,ia,no,no
mbc160-not-stripped.txt,24,kOrerohia,kOrero,hia,no,no
mbc160-not-stripped.txt,24,fakanohoia,fakanoho,ia,no,no
mbc160-not-stripped.txt,24,fakaatuhia,fakaatu,hia,no,no
mbc160-not-stripped.txt,24,fakakOhatuhia,fakakOhatu,hia,no,no
mbc020-not-stripped.txt,17,tohua,tohu,a,no,no
mbc013-not-stripped.txt,14,tukuna,tuku,na,no,no
mbc013-not-stripped.txt,16,pAnuitia,pAnui,tia,no,no
mbc013-not-stripped.txt,18,arotia,aro,tia,no,no
mbc013-not-stripped.txt,14,taea,tae,a,no,no
mbc015-not-stripped.txt,2,akotia,ako,tia,no,no
mbc013-not-stripped.txt,18,arotia,aro,tia,no,no
mbc013-not-stripped.txt,14,kitea,kite,a,no,no
mbc013-not-stripped.txt,18,mOhiotia,mOhio,tia,no,no
mbc015-not-stripped.txt,2,tohuna,tohu,na,no,no
mbc011-not-stripped.txt,8,OhAkItia,OhAkI,tia,no,no
mbc013-not-stripped.txt,18,tImatatia,tImata,tia,no,no
mbc015-not-stripped.txt,2,akotia,ako,tia,no,no
mbc011-not-stripped.txt,8,kOrerotia,kOrero,tia,no,no
mbc013-not-stripped.txt,18,kOrerotia,kOrero,tia,no,no
mbc013-not-stripped.txt,14,kOkiritia,kOkiri,tia,no,no
mbc013-not-stripped.txt,16,kitea,kite,a,no,no
mbc020-not-stripped.txt,17,moemoeAtia,moemoeA,tia,no,no
mbc011-not-stripped.txt,8,fAia,fai,a,no,no
mbc011-not-stripped.txt,8,taea,tae,a,no,no
mbc011-not-stripped.txt,8,taea,tae,a,no,no
mbc011-not-stripped.txt,8,taea,tae,a,no,no
mbc140-not-stripped.txt,22,fakaarohia,fakaaro,hia,no,no
mbc140-not-stripped.txt,22,fakakorehia,fakakore,hia,no,no
mbc140-not-stripped.txt,26,fakahokia,fakahoki,a,no,no
mbc140-not-stripped.txt,22,tUhia,tU,hia,no,no
mbc140-not-stripped.txt,42,kaiNia,kai,Nia,no,no
mbc140-not-stripped.txt,42,mahiNia,mahi,Nia,no,no
mbc140-not-stripped.txt,26,fakatUNia,fakatU,Nia,no,no
mbc140-not-stripped.txt,26,waihotia,waiho,tia,no,no
mbc140-not-stripped.txt,22,fakatUNia,fakatU,Nia,no,no
mbc140-not-stripped.txt,26,fakakorehia,fakakore,hia,no,no
mbc140-not-stripped.txt,42,mahitia,mahi,tia,no,no
mbc140-not-stripped.txt,36,tonoa,tono,a,no,no
mbc140-not-stripped.txt,36,fakaarotia,fakaaro,tia,no,no
mbc140-not-stripped.txt,36,pEfeatia,pEfea,tia,no,no
mbc140-not-stripped.txt,36,fakaarotia,fakaaro,tia,no,no
mbc140-not-stripped.txt,36,fakahokia,fakahoki,a,no,no
mbc140-not-stripped.txt,26,fakaarohia,fakaaro,hia,no,no
mbc140-not-stripped.txt,36,fakaaetia,fakaae,tia,no,no
mbc140-not-stripped.txt,42,fakaaeNia,fakaae,Nia,no,no
mbc081-not-stripped.txt,46,fakahaereNia,fakahaere,Nia,no,no
mbc232-not-stripped.txt,32,kUtia,kuti,a,no,no
mbc232-not-stripped.txt,32,mOhioNia,mOhio,Nia,no,no
mbc232-not-stripped.txt,32,tiakiNia,tiaki,Nia,no,no
mbc232-not-stripped.txt,32,meaNia,mea,Nia,no,no
mbc232-not-stripped.txt,32,kotiNia,koti,Nia,no,no
mbc232-not-stripped.txt,32,haria,hari,a,no,no
mbc232-not-stripped.txt,32,kOreroNia,kOrero,Nia,no,no
mbc232-not-stripped.txt,32,moea,moe,a,no,no
mbc232-not-stripped.txt,32,kitea,kite,a,no,no
mbc232-not-stripped.txt,32,fakaaroNia,fakaaro,Nia,no,no
mbc146-not-stripped.txt,20,pANia,pA,Nia,no,no
mbc146-not-stripped.txt,20,fakahorohia,fakahoro,hia,no,no
mbc146-not-stripped.txt,16,fakapuakina,fakapuaki,na,no,no
mbc146-not-stripped.txt,14,kOrerohia,kOrero,hia,no,no
mbc146-not-stripped.txt,20,fakaNAwarihia,fakaNAwari,hia,no,no
mbc146-not-stripped.txt,16,meatia,mea,tia,no,no
mbc146-not-stripped.txt,18,kIia,kI,ia,no,no
mbc146-not-stripped.txt,18,mOhiotia,mOhio,tia,no,no
mbc146-not-stripped.txt,16,fAnuitia,fAnui,tia,no,no
mbc097-not-stripped.txt,30,fakaaeNia,fakaae,Nia,no,no
mbc097-not-stripped.txt,30,paiNia,pai,Nia,no,no
mbc097-not-stripped.txt,30,AheiNia,Ahei,Nia,no,no
mbc097-not-stripped.txt,32,akoNia,ako,Nia,no,no
mbc097-not-stripped.txt,30,fakakINia,fakakI,Nia,no,no
mbc097-not-stripped.txt,30,waihohia,waiho,hia,no,no
mbc097-not-stripped.txt,30,poroporohia,poroporo,hia,no,no
mbc093-not-stripped.txt,32,kitea,kite,a,no,no
mbc089-not-stripped.txt,2,fakapakariNia,fakapakari,Nia,no,no
mbc089-not-stripped.txt,2,pEhiNia,pEhi,Nia,no,no
mbc050-not-stripped.txt,30,kitea,kite,a,no,no
mbc051-not-stripped.txt,51,tonohia,tono,hia,no,no
mbc051-not-stripped.txt,47,fakatauhia,fakatau,hia,no,no
mbc051-not-stripped.txt,47,kohahia,koha,hia,no,no
mbc076-not-stripped.txt,56,mahia,mahi,a,no,no
mbc235-not-stripped.txt,5,kitea,kite,a,no,no
mbc235-not-stripped.txt,5,tirohia,titiro,hia,no,no
mbc235-not-stripped.txt,5,fakahaerea,fakahaere,a,no,no
mbc235-not-stripped.txt,7,kitea,kite,a,no,no
mbc217-not-stripped.txt,58,kitea,kite,a,no,no
mbc235-not-stripped.txt,5,kitea,kite,a,no,no
mbc217-not-stripped.txt,60,mahia,mahi,a,no,no
mbc217-not-stripped.txt,60,taNoNia,taNo,Nia,no,no
mbc235-not-stripped.txt,1,taea,tae,a,no,no
mbc217-not-stripped.txt,60,mahiNia,mahi,Nia,no,no
mbc060-not-stripped.txt,15,mahia,mahi,a,no,no
mbc059-not-stripped.txt,38,tUria,tU,ria,no,no
mbc091-not-stripped.txt,22,waihotia,waiho,tia,no,no
mbc153-not-stripped.txt,36,tukuhia,tuku,hia,no,no
mbc131-not-stripped.txt,13,fakahokia,fakahoki,a,no,no
mbc131-not-stripped.txt,13,fakapuakitia,fakapuaki,tia,no,no
mbc131-not-stripped.txt,23,fakanoahia,fakanoa,hia,no,no
mbc131-not-stripped.txt,23,mahia,mahi,a,no,no
mbc131-not-stripped.txt,15,taea,tae,a,no,no
mbc131-not-stripped.txt,23,taea,tae,a,no,no
mbc131-not-stripped.txt,20,kitea,kite,a,no,no
mbc131-not-stripped.txt,20,taea,tae,a,no,no
mbc131-not-stripped.txt,23,mauria,mau,ria,no,no
mbc131-not-stripped.txt,13,titohia,tito,hia,no,no
mbc131-not-stripped.txt,15,kOrerohia,kOrero,hia,no,no
mbc153-not-stripped.txt,34,fakanuihia,fakanui,hia,no,no
mbc131-not-stripped.txt,13,hiahiatia,hiahia,tia,no,no
mbc131-not-stripped.txt,13,mahitia,mahi,tia,no,no
mbc153-not-stripped.txt,36,tohuhia,tohu,hia,no,no
mbc131-not-stripped.txt,15,mOhiotia,mOhio,tia,no,no
mbc131-not-stripped.txt,23,fakanoahia,fakanoa,hia,no,no
mbc131-not-stripped.txt,15,kumekumehia,kumekume,hia,no,no
mbc131-not-stripped.txt,23,kitea,kite,a,no,no
mbc131-not-stripped.txt,23,kitea,kite,a,no,no
mbc131-not-stripped.txt,13,hiahiatia,hiahia,tia,no,no
mbc131-not-stripped.txt,13,titohia,tito,hia,no,no
mbc131-not-stripped.txt,13,titohia,tito,hia,no,no
mbc131-not-stripped.txt,13,hakaina,haka,ina,no,no
mbc131-not-stripped.txt,20,taea,tae,a,no,no
mbc131-not-stripped.txt,13,titohia,tito,hia,no,no
mbc131-not-stripped.txt,13,titohia,tito,hia,no,no
mbc131-not-stripped.txt,20,mahia,mahi,a,no,no
mbc064-not-stripped.txt,35,fakanuia,fakanui,a,no,no
mbc093-not-stripped.txt,37,huraina,hura,ina,no,no
mbc093-not-stripped.txt,41,pUhia,pupuhi,a,no,no
mbc093-not-stripped.txt,37,kauria,kau,ria,no,no
mbc097-not-stripped.txt,84,homaihia,homai,hia,no,no
mbc097-not-stripped.txt,84,meaNia,mea,Nia,no,no
mbc093-not-stripped.txt,41,rOpUhia,rOpU,hia,no,no
mbc097-not-stripped.txt,84,taea,tae,a,no,no
mbc093-not-stripped.txt,41,pUhia,pupuhi,a,no,no
mbc093-not-stripped.txt,43,rerea,rere,a,no,no
mbc093-not-stripped.txt,48,pOraNihia,pOraNi,hia,no,no
mbc097-not-stripped.txt,84,poroporoa,poroporo,a,no,no
mbc152-not-stripped.txt,100,karaNatia,karaNa,tia,no,no
mbc152-not-stripped.txt,100,maukinotia,maukino,tia,no,no
mbc149-not-stripped.txt,56,taea,tae,a,no,no
mbc149-not-stripped.txt,56,tukua,tuku,a,no,no
mbc152-not-stripped.txt,100,karaNatia,karaNa,tia,no,no
mbc149-not-stripped.txt,54,fakaiNoatia,fakaiNoa,tia,no,no
mbc149-not-stripped.txt,54,karaNatia,karaNa,tia,no,no
mbc149-not-stripped.txt,54,karaNatia,karaNa,tia,no,no
mbc152-not-stripped.txt,100,maukinotia,maukino,tia,no,no
mbc152-not-stripped.txt,100,tUkinoNia,tUkino,Nia,no,no
mbc149-not-stripped.txt,54,karaNatia,karaNa,tia,no,no
mbc152-not-stripped.txt,100,kOrerotia,kOrero,tia,no,no
mbc152-not-stripped.txt,100,karaNatia,karaNa,tia,no,no
mbc149-not-stripped.txt,56,fakahokia,fakahoki,a,no,no
mbc149-not-stripped.txt,54,fakatUria,fakatU,ria,no,no
mbc152-not-stripped.txt,100,karaNatia,karaNa,tia,no,no
mbc216-not-stripped.txt,8,tonutia,tonu,tia,no,no
mbc216-not-stripped.txt,8,karapotia,karapoti,a,no,no
mbc216-not-stripped.txt,14,fANaia,fANai,a,no,no
mbc216-not-stripped.txt,8,toroina,toro,ina,no,no
mbc074-not-stripped.txt,45,kitea,kite,a,no,no
mbc216-not-stripped.txt,8,fakapararahiNia,fakapararahi,Nia,no,no
mbc216-not-stripped.txt,8,tahuna,tahu,na,no,no
mbc216-not-stripped.txt,8,fakapararahiNia,fakapararahi,Nia,no,no
mbc074-not-stripped.txt,45,taiapatia,taiapa,tia,no,no
mbc216-not-stripped.txt,8,tOia,tO,ia,no,no
mbc216-not-stripped.txt,8,mukua,muku,a,no,no
mbc216-not-stripped.txt,8,fakamahia,fakamahi,a,no,no
mbc216-not-stripped.txt,20,mahia,mahi,a,no,no
mbc216-not-stripped.txt,20,taea,tae,a,no,no
mbc054-not-stripped.txt,58,meaNia,mea,Nia,no,no
mbc228-not-stripped.txt,19,fakahokia,fakahoki,a,no,no
mbc228-not-stripped.txt,19,fakahokia,fakahoki,a,no,no
mbc228-not-stripped.txt,23,kIia,kI,ia,no,no
mbc136-not-stripped.txt,8,homaihia,homai,hia,no,no
mbc136-not-stripped.txt,6,heria,heri,a,no,no
mbc136-not-stripped.txt,8,kIia,kI,ia,no,no
mbc136-not-stripped.txt,8,homaihia,homai,hia,no,no
mbc136-not-stripped.txt,6,tukuna,tuku,na,no,no
mbc136-not-stripped.txt,6,heria,heri,a,no,no
mbc145-not-stripped.txt,6,kOrerohia,kOrero,hia,no,no
mbc145-not-stripped.txt,37,kOrerohia,kOrero,hia,no,no
mbc145-not-stripped.txt,21,taea,tae,a,no,no
mbc136-not-stripped.txt,32,hauhauhia,hauhau,hia,no,no
mbc145-not-stripped.txt,40,kimihia,kimi,hia,no,no
mbc136-not-stripped.txt,8,homaihia,homai,hia,no,no
mbc145-not-stripped.txt,19,fakanoahia,fakanoa,hia,no,no
mbc145-not-stripped.txt,19,mahia,mahi,a,no,no
mbc145-not-stripped.txt,21,taea,tae,a,no,no
mbc145-not-stripped.txt,8,fakatakotohia,fakatakoto,hia,no,no
mbc136-not-stripped.txt,8,kIia,kI,ia,no,no
mbc145-not-stripped.txt,19,ihotia,iho,tia,no,no
mbc145-not-stripped.txt,6,haria,hari,a,no,no
mbc145-not-stripped.txt,6,hahua,hahu,a,no,no
mbc145-not-stripped.txt,37,kitea,kite,a,no,no
mbc136-not-stripped.txt,6,tIkina,tiki,na,no,no
mbc145-not-stripped.txt,8,homaihia,homai,hia,no,no
mbc136-not-stripped.txt,8,patupatuhia,patupatu,hia,no,no
mbc145-not-stripped.txt,8,fakarerihia,fakareri,hia,no,no
mbc136-not-stripped.txt,6,taNohia,taNo,hia,no,no
mbc145-not-stripped.txt,37,kOrerohia,kOrero,hia,no,no
mbc232-not-stripped.txt,30,raupAtia,raupA,tia,no,no
mbc232-not-stripped.txt,30,moea,moe,a,no,no
mbc232-not-stripped.txt,30,moea,moe,a,no,no
mbc232-not-stripped.txt,30,raupAtia,raupA,tia,no,no
mbc232-not-stripped.txt,30,raupAtia,raupA,tia,no,no
mbc045-not-stripped.txt,42,tirohia,titiro,hia,no,no
mbc109-not-stripped.txt,6,tukua,tuku,a,no,no
mbc109-not-stripped.txt,6,heria,heri,a,no,no
mbc109-not-stripped.txt,34,taea,tae,a,no,no
mbc109-not-stripped.txt,22,taea,tae,a,no,no
mbc109-not-stripped.txt,34,haria,hari,a,no,no
mbc109-not-stripped.txt,6,tukua,tuku,a,no,no
mbc109-not-stripped.txt,6,fAia,fai,a,no,no
mbc109-not-stripped.txt,6,mauria,mau,ria,no,no
mbc172-not-stripped.txt,12,mahia,mahi,a,no,no
mbc172-not-stripped.txt,10,fakatuia,fakatui,a,no,no
mbc172-not-stripped.txt,10,fItikihia,fItiki,hia,no,no
mbc172-not-stripped.txt,13,nanahia,nana,hia,no,no
mbc172-not-stripped.txt,10,fakamaua,fakamau,a,no,no
mbc172-not-stripped.txt,35,utaina,uta,ina,no,no
mbc172-not-stripped.txt,13,mahia,mahi,a,no,no
mbc172-not-stripped.txt,13,haNaia,haNa,ia,no,no
mbc172-not-stripped.txt,37,fakaminaminahia,fakaminamina,hia,no,no
mbc172-not-stripped.txt,37,moehia,moe,hia,no,no
mbc172-not-stripped.txt,14,wawatahia,wawata,hia,no,no
mbc172-not-stripped.txt,10,tAkina,taki,na,no,no
mbc172-not-stripped.txt,13,karaNahia,karaNa,hia,no,no
mbc172-not-stripped.txt,21,haerehia,haere,hia,no,no
mbc172-not-stripped.txt,15,karaNahia,karaNa,hia,no,no
mbc172-not-stripped.txt,21,pOkaia,pOka,ia,no,no
mbc172-not-stripped.txt,35,pokea,poke,a,no,no
mbc172-not-stripped.txt,13,tImatahia,tImata,hia,no,no
mbc172-not-stripped.txt,14,akohia,ako,hia,no,no
mbc172-not-stripped.txt,14,fakarerea,fakarere,a,no,no
mbc172-not-stripped.txt,13,kitea,kite,a,no,no
mbc172-not-stripped.txt,14,haerehia,haere,hia,no,no
mbc172-not-stripped.txt,15,katia,kati,a,no,no
mbc172-not-stripped.txt,15,katoahia,katoa,hia,no,no
mbc172-not-stripped.txt,15,fakafifihia,fakafifi,hia,no,no
mbc172-not-stripped.txt,35,pokea,poke,a,no,no
mbc172-not-stripped.txt,15,tImatahia,tImata,hia,no,no
mbc104-not-stripped.txt,144,mOhiotia,mOhio,tia,no,no
mbc104-not-stripped.txt,144,kIia,kI,ia,no,no
mbc104-not-stripped.txt,144,haoNia,hao,Nia,no,no
mbc079-not-stripped.txt,47,fakatakotohia,fakatakoto,hia,no,no
mbc106-not-stripped.txt,29,akona,ako,na,no,no
mbc046-not-stripped.txt,34,fakatUhia,fakatU,hia,no,no
mbc106-not-stripped.txt,31,fakatUhia,fakatU,hia,no,no
mbc106-not-stripped.txt,29,fakaaea,fakaae,a,no,no
mbc106-not-stripped.txt,29,fakaarohia,fakaaro,hia,no,no
mbc046-not-stripped.txt,34,kitea,kite,a,no,no
mbc046-not-stripped.txt,34,fakatakotohia,fakatakoto,hia,no,no
mbc102-not-stripped.txt,5,tautokoNia,tautoko,Nia,no,no
mbc106-not-stripped.txt,31,fakaarohia,fakaaro,hia,no,no
mbc106-not-stripped.txt,31,fakakaupapatia,fakakaupapa,tia,no,no
mbc106-not-stripped.txt,11,karaNatia,karaNa,tia,no,no
mbc021-not-stripped.txt,2,fakaarohia,fakaaro,hia,no,no
mbc106-not-stripped.txt,11,fAia,fai,a,no,no
mbc102-not-stripped.txt,5,mihia,mihi,a,no,no
mbc106-not-stripped.txt,31,fakatUhia,fakatU,hia,no,no
mbc106-not-stripped.txt,25,fAia,fai,a,no,no
mbc106-not-stripped.txt,25,mOhiotia,mOhio,tia,no,no
mbc106-not-stripped.txt,11,karaNatia,karaNa,tia,no,no
mbc106-not-stripped.txt,15,tonohia,tono,hia,no,no
mbc106-not-stripped.txt,8,taea,tae,a,no,no
mbc021-not-stripped.txt,2,kOrerotia,kOrero,tia,no,no
mbc106-not-stripped.txt,11,fakatUhia,fakatU,hia,no,no
mbc021-not-stripped.txt,2,kOrerotia,kOrero,tia,no,no
mbc106-not-stripped.txt,11,fAia,fai,a,no,no
mbc106-not-stripped.txt,11,mOhiotia,mOhio,tia,no,no
mbc106-not-stripped.txt,2,tImatahia,tImata,hia,no,no
mbc106-not-stripped.txt,8,tautokoNia,tautoko,Nia,no,no
mbc076-not-stripped.txt,15,tukuna,tuku,na,no,no
mbc106-not-stripped.txt,31,kOrerotia,kOrero,tia,no,no
mbc106-not-stripped.txt,19,waihohia,waiho,hia,no,no
mbc106-not-stripped.txt,15,kimihia,kimi,hia,no,no
mbc106-not-stripped.txt,31,kOrerotia,kOrero,tia,no,no
mbc106-not-stripped.txt,27,fakaarohia,fakaaro,hia,no,no
mbc046-not-stripped.txt,34,kitea,kite,a,no,no
mbc106-not-stripped.txt,15,tukuna,tuku,na,no,no
mbc194-not-stripped.txt,9,tUhia,tU,hia,no,no
mbc106-not-stripped.txt,19,taea,tae,a,no,no
mbc043-not-stripped.txt,31,fakawAhihitia,fakawAhihi,tia,no,no
mbc079-not-stripped.txt,47,fakatakotohia,fakatakoto,hia,no,no
mbc105-not-stripped.txt,31,utaina,uta,ina,no,no
mbc106-not-stripped.txt,8,taea,tae,a,no,no
mbc106-not-stripped.txt,13,tohuNia,tohu,Nia,no,no
mbc106-not-stripped.txt,25,kOrerohia,kOrero,hia,no,no
mbc106-not-stripped.txt,19,tukuna,tuku,na,no,no
mbc106-not-stripped.txt,31,tImatahia,tImata,hia,no,no
mbc106-not-stripped.txt,19,Afinatia,Afina,tia,no,no
mbc076-not-stripped.txt,15,haria,hari,a,no,no
mbc078-not-stripped.txt,47,fakatakotohia,fakatakoto,hia,no,no
mbc194-not-stripped.txt,9,kOrerohia,kOrero,hia,no,no
mbc079-not-stripped.txt,47,mOhiotia,mOhio,tia,no,no
mbc106-not-stripped.txt,11,kuraina,kura,ina,no,no
mbc194-not-stripped.txt,9,kOrerohia,kOrero,hia,no,no
mbc209-not-stripped.txt,45,taea,tae,a,no,no
mbc194-not-stripped.txt,9,kOrerohia,kOrero,hia,no,no
mbc106-not-stripped.txt,16,fakahokia,fakahoki,a,no,no
mbc209-not-stripped.txt,59,taea,tae,a,no,no
mbc046-not-stripped.txt,26,fAiatia,fai,a/tia,no,yes
mbc021-not-stripped.txt,2,fakatakotohia,fakatakoto,hia,no,no
mbc106-not-stripped.txt,16,tukuna,tuku,na,no,no
mbc106-not-stripped.txt,15,tonohia,tono,hia,no,no
mbc106-not-stripped.txt,17,tukuna,tuku,na,no,no
mbc194-not-stripped.txt,9,haNatia,haNa,tia,no,no
mbc209-not-stripped.txt,57,taea,tae,a,no,no
mbc209-not-stripped.txt,59,mOhiotia,mOhio,tia,no,no
mbc043-not-stripped.txt,31,taea,tae,a,no,no
mbc106-not-stripped.txt,19,fakatakotohia,fakatakoto,hia,no,no
mbc106-not-stripped.txt,15,hopuNia,hopu,Nia,no,no
mbc194-not-stripped.txt,9,kOrerohia,kOrero,hia,no,no
mbc106-not-stripped.txt,19,mOhiotia,mOhio,tia,no,no
mbc106-not-stripped.txt,19,fAia,fai,a,no,no
mbc106-not-stripped.txt,21,kimihia,kimi,hia,no,no
mbc021-not-stripped.txt,2,kitea,kite,a,no,no
mbc106-not-stripped.txt,19,tImatahia,tImata,hia,no,no
mbc194-not-stripped.txt,9,fakaarohia,fakaaro,hia,no,no
mbc209-not-stripped.txt,45,kimihia,kimi,hia,no,no
mbc209-not-stripped.txt,45,fakatikia,fakatiki,a,no,no
mbc079-not-stripped.txt,4,taea,tae,a,no,no
mbc106-not-stripped.txt,13,fakapauNia,fakapau,Nia,no,no
mbc194-not-stripped.txt,9,kimihia,kimi,hia,no,no
mbc060-not-stripped.txt,53,mOhiotia,mOhio,tia,no,no
mbc076-not-stripped.txt,15,atuNia,atu,Nia,no,no
mbc106-not-stripped.txt,16,taNohia,taNo,hia,no,no
mbc078-not-stripped.txt,45,wAnaNatia,wAnaNa,tia,no,no
mbc078-not-stripped.txt,47,fakaaea,fakaae,a,no,no
mbc106-not-stripped.txt,15,tukuna,tuku,na,no,no
mbc209-not-stripped.txt,49,pANia,pA,Nia,no,no
mbc106-not-stripped.txt,15,tukuna,tuku,na,no,no
mbc209-not-stripped.txt,49,fakaarohia,fakaaro,hia,no,no
mbc129-not-stripped.txt,12,waihotia,waiho,tia,no,no
mbc209-not-stripped.txt,49,taea,tae,a,no,no
mbc194-not-stripped.txt,9,fAia,fai,a,no,no
mbc194-not-stripped.txt,9,kIia,kI,ia,no,no
mbc047-not-stripped.txt,39,raupatutia,raupatu,tia,no,no
mbc106-not-stripped.txt,6,kimihia,kimi,hia,no,no
mbc106-not-stripped.txt,21,fakatUNia,fakatU,Nia,no,no
mbc209-not-stripped.txt,57,taea,tae,a,no,no
mbc078-not-stripped.txt,47,kOrerohia,kOrero,hia,no,no
mbc106-not-stripped.txt,17,roNohia,roNo,hia,no,no
mbc043-not-stripped.txt,31,kitea,kite,a,no,no
mbc106-not-stripped.txt,17,tukuna,tuku,na,no,no
mbc078-not-stripped.txt,47,wAnaNatia,wAnaNa,tia,no,no
mbc106-not-stripped.txt,17,taea,tae,a,no,no
mbc194-not-stripped.txt,9,kimihia,kimi,hia,no,no
mbc106-not-stripped.txt,16,kimihia,kimi,hia,no,no
mbc194-not-stripped.txt,9,tImatahia,tImata,hia,no,no
mbc194-not-stripped.txt,9,roNohia,roNo,hia,no,no
mbc176-not-stripped.txt,100,haereNia,haere,Nia,no,no
mbc176-not-stripped.txt,116,kOreroNia,kOrero,Nia,no,no
mbc176-not-stripped.txt,100,fakaroNoNia,fakaroNo,Nia,no,no
mbc176-not-stripped.txt,116,fakapaohotia,fakapaoho,tia,no,no
mbc176-not-stripped.txt,100,kOreroNia,kOrero,Nia,no,no
mbc084-not-stripped.txt,45,fakatUria,fakatU,ria,no,no
mbc076-not-stripped.txt,73,fafaitia,fafai,tia,no,no
mbc029-not-stripped.txt,37,taea,tae,a,no,no
mbc029-not-stripped.txt,37,taea,tae,a,no,no
mbc047-not-stripped.txt,30,taea,tae,a,no,no
mbc229-not-stripped.txt,13,fetUraNitia,fetUraNi,tia,no,no
mbc153-not-stripped.txt,2,kawea,kawe,a,no,no
mbc153-not-stripped.txt,4,warewaretia,wareware,tia,no,no
mbc153-not-stripped.txt,4,tukuna,tuku,na,no,no
mbc153-not-stripped.txt,16,fakaiNoatia,fakaiNoa,tia,no,no
mbc230-not-stripped.txt,84,kOrerohia,kOrero,hia,no,no
mbc153-not-stripped.txt,16,roNohia,roNo,hia,no,no
mbc153-not-stripped.txt,17,fakairotia,fakairo,tia,no,no
mbc153-not-stripped.txt,16,haria,hari,a,no,no
mbc153-not-stripped.txt,17,tukuna,tuku,na,no,no
mbc153-not-stripped.txt,17,fakaarotia,fakaaro,tia,no,no
mbc093-not-stripped.txt,3,kaiNa,kai,Na,no,no
mbc093-not-stripped.txt,7,meiNa,mea,Na,no,no
mbc093-not-stripped.txt,38,pAkia,pA,kia,no,no
mbc093-not-stripped.txt,49,pUhia,pupuhi,a,no,no
mbc093-not-stripped.txt,11,fakamaua,fakamau,a,no,no
mbc093-not-stripped.txt,19,mahiNia,mahi,Nia,no,no
mbc093-not-stripped.txt,38,pUhia,pupuhi,a,no,no
mbc093-not-stripped.txt,3,kaiNa,kai,Na,no,no
mbc093-not-stripped.txt,3,kaiNa,kai,Na,no,no
mbc093-not-stripped.txt,3,kaiNa,kai,Na,no,no
mbc093-not-stripped.txt,49,fANaia,fANai,a,no,no
mbc093-not-stripped.txt,5,fakaweraNia,fakawera,Nia,no,no
mbc093-not-stripped.txt,11,waruwaruhia,waruwaru,hia,no,no
mbc093-not-stripped.txt,15,moumouNia,moumou,Nia,no,no
mbc093-not-stripped.txt,19,turehia,ture,hia,no,no
mbc093-not-stripped.txt,11,pErANia,pErA,Nia,no,no
mbc093-not-stripped.txt,5,tahuNia,tahu,Nia,no,no
mbc093-not-stripped.txt,15,mahiNia,mahi,Nia,no,no
mbc093-not-stripped.txt,15,fakafetaiNia,fakafetai,Nia,no,no
mbc093-not-stripped.txt,49,tukia,tuki,a,no,no
mbc093-not-stripped.txt,11,katoaNia,katoa,Nia,no,no
mbc093-not-stripped.txt,3,kaiNa,kai,Na,no,no
mbc093-not-stripped.txt,3,mauria,mau,ria,no,no
mbc093-not-stripped.txt,11,waihoNia,waiho,Nia,no,no
mbc093-not-stripped.txt,11,waruhia,waru,hia,no,no
mbc093-not-stripped.txt,3,tuatahiNia,tuatahi,Nia,no,no
mbc093-not-stripped.txt,3,kaiNa,kai,Na,no,no
mbc093-not-stripped.txt,7,tuituiNia,tuitui,Nia,no,no
mbc093-not-stripped.txt,3,pokiNia,poki,Nia,no,no
mbc093-not-stripped.txt,3,kaiNa,kai,Na,no,no
mbc093-not-stripped.txt,3,mahia,mahi,a,no,no
mbc093-not-stripped.txt,5,fakatikatikaNia,fakatikatika,Nia,no,no
mbc093-not-stripped.txt,5,keria,keri,a,no,no
mbc093-not-stripped.txt,3,kaiNa,kai,Na,no,no
mbc093-not-stripped.txt,5,hikina,hiki,na,no,no
mbc093-not-stripped.txt,3,karaNaNia,karaNa,Nia,no,no
mbc219-not-stripped.txt,28,pOhiritia,pOhiri,tia,no,no
mbc211-not-stripped.txt,12,kIia,kI,ia,no,no
mbc214-not-stripped.txt,20,manaakitia,manaaki,tia,no,no
mbc004-not-stripped.txt,20,tukuna,tuku,na,no,no
mbc004-not-stripped.txt,20,tukuna,tuku,na,no,no
mbc219-not-stripped.txt,28,tapaina,tapa,ina,no,no
mbc212-not-stripped.txt,16,moea,moe,a,no,no
mbc212-not-stripped.txt,13,tukuna,tuku,na,no,no
mbc212-not-stripped.txt,21,fakatuferatia,fakatufera,tia,no,no
mbc212-not-stripped.txt,15,kIia,kI,ia,no,no
mbc211-not-stripped.txt,18,tonohia,tono,hia,no,no
mbc214-not-stripped.txt,2,tukuna,tuku,na,no,no
mbc211-not-stripped.txt,12,kIia,kI,ia,no,no
mbc213-not-stripped.txt,1,tirohia,titiro,hia,no,no
mbc212-not-stripped.txt,13,fakahokia,fakahoki,a,no,no
mbc212-not-stripped.txt,21,tukuna,tuku,na,no,no
mbc211-not-stripped.txt,5,fakaaturia,fakaatu,ria,no,no
mbc213-not-stripped.txt,2,Afinatia,Afina,tia,no,no
mbc211-not-stripped.txt,3,fakarerekEtia,fakarerekE,tia,no,no
mbc212-not-stripped.txt,13,kIia,kI,ia,no,no
mbc212-not-stripped.txt,13,kIia,kI,ia,no,no
mbc211-not-stripped.txt,12,kIia,kI,ia,no,no
mbc212-not-stripped.txt,22,tukuna,tuku,na,no,no
mbc212-not-stripped.txt,15,kIia,kI,ia,no,no
mbc212-not-stripped.txt,9,fakatinanatia,fakatinana,tia,no,no
mbc211-not-stripped.txt,9,kIia,kI,ia,no,no
mbc214-not-stripped.txt,3,tukuna,tuku,na,no,no
mbc212-not-stripped.txt,21,tuferaNia,tufera,Nia,no,no
mbc214-not-stripped.txt,2,mahia,mahi,a,no,no
mbc211-not-stripped.txt,18,kIia,kI,ia,no,no
mbc219-not-stripped.txt,18,taea,tae,a,no,no
mbc219-not-stripped.txt,18,tukuna,tuku,na,no,no
mbc212-not-stripped.txt,22,kIia,kI,ia,no,no
mbc213-not-stripped.txt,17,hainatia,haina,tia,no,no
mbc211-not-stripped.txt,9,tarAfeNia,tarAfe,Nia,no,no
mbc004-not-stripped.txt,20,tukuna,tuku,na,no,no
mbc212-not-stripped.txt,20,pupuritia,pupuri,tia,no,no
mbc211-not-stripped.txt,5,mahia,mahi,a,no,no
mbc211-not-stripped.txt,4,tukuna,tuku,na,no,no
mbc213-not-stripped.txt,20,tukuna,tuku,na,no,no
mbc211-not-stripped.txt,3,fakamanatia,fakamana,tia,no,no
mbc211-not-stripped.txt,3,firifiria,firifiri,a,no,no
mbc211-not-stripped.txt,12,fakatUNia,fakatU,Nia,no,no
mbc214-not-stripped.txt,20,kIia,kI,ia,no,no
mbc211-not-stripped.txt,3,tukuna,tuku,na,no,no
mbc212-not-stripped.txt,15,kIia,kI,ia,no,no
mbc211-not-stripped.txt,9,haNaia,haNa,ia,no,no
mbc212-not-stripped.txt,22,tukuna,tuku,na,no,no
mbc219-not-stripped.txt,27,utaina,uta,ina,no,no
mbc213-not-stripped.txt,1,homaitia,homai,tia,no,no
mbc219-not-stripped.txt,28,fANaihia,fANai,hia,no,no
mbc211-not-stripped.txt,9,mahia,mahi,a,no,no
mbc212-not-stripped.txt,20,kIia,kI,ia,no,no
mbc212-not-stripped.txt,19,pAnuitia,pAnui,tia,no,no
mbc078-not-stripped.txt,6,taea,tae,a,no,no
mbc219-not-stripped.txt,18,haria,hari,a,no,no
mbc212-not-stripped.txt,15,fakatUria,fakatU,ria,no,no
mbc212-not-stripped.txt,21,utaina,uta,ina,no,no
mbc211-not-stripped.txt,18,kIia,kI,ia,no,no
mbc212-not-stripped.txt,6,tirohia,titiro,hia,no,no
mbc211-not-stripped.txt,2,kIia,kI,ia,no,no
mbc213-not-stripped.txt,3,kIia,kI,ia,no,no
mbc214-not-stripped.txt,3,kIia,kI,ia,no,no
mbc212-not-stripped.txt,12,tukuna,tuku,na,no,no
mbc214-not-stripped.txt,18,firifiria,firifiri,a,no,no
mbc214-not-stripped.txt,17,tukuna,tuku,na,no,no
mbc212-not-stripped.txt,9,muia,mui,a,no,no
mbc211-not-stripped.txt,18,kIia,kI,ia,no,no
mbc212-not-stripped.txt,15,fakaoraNia,fakaora,Nia,no,no
mbc233-not-stripped.txt,27,tirohia,titiro,hia,no,no
mbc213-not-stripped.txt,10,tukuna,tuku,na,no,no
mbc211-not-stripped.txt,1,firifiria,firifiri,a,no,no
mbc213-not-stripped.txt,15,pAnuitia,pAnui,tia,no,no
mbc212-not-stripped.txt,14,pUhia,pupuhi,a,no,no
mbc219-not-stripped.txt,11,taea,tae,a,no,no
mbc004-not-stripped.txt,20,tukuna,tuku,na,no,no
mbc211-not-stripped.txt,5,fakatakotoria,fakatakoto,ria,no,no
mbc211-not-stripped.txt,18,hUnukutia,hUnuku,tia,no,no
mbc211-not-stripped.txt,18,fakatikatikaina,fakatikatika,ina,no,no
mbc219-not-stripped.txt,18,pAnuitia,pAnui,tia,no,no
mbc214-not-stripped.txt,19,kIia,kI,ia,no,no
mbc219-not-stripped.txt,10,fakamAramatia,fakamArama,tia,no,no
mbc211-not-stripped.txt,13,firifiria,firifiri,a,no,no
mbc212-not-stripped.txt,22,fakahokia,fakahoki,a,no,no
mbc211-not-stripped.txt,12,pAnuitia,pAnui,tia,no,no
mbc214-not-stripped.txt,2,tukuna,tuku,na,no,no
mbc211-not-stripped.txt,5,pOhiritia,pOhiri,tia,no,no
mbc211-not-stripped.txt,9,kIia,kI,ia,no,no
mbc211-not-stripped.txt,9,fakakoreNia,fakakore,Nia,no,no
mbc219-not-stripped.txt,28,fakahaeretia,fakahaere,tia,no,no
mbc211-not-stripped.txt,18,tukuna,tuku,na,no,no
mbc213-not-stripped.txt,1,tirohia,titiro,hia,no,no
mbc213-not-stripped.txt,2,fakahokia,fakahoki,a,no,no
mbc211-not-stripped.txt,4,fakaotia,fakaoti,a,no,no
mbc219-not-stripped.txt,9,fakaotia,fakaoti,a,no,no
mbc219-not-stripped.txt,9,kIia,kI,ia,no,no
mbc213-not-stripped.txt,10,fakahoutia,fakahou,tia,no,no
mbc233-not-stripped.txt,27,fakahokia,fakahoki,a,no,no
mbc219-not-stripped.txt,30,fakatakototia,fakatakoto,tia,no,no
mbc219-not-stripped.txt,2,fakahokia,fakahoki,a,no,no
mbc212-not-stripped.txt,9,fakapautia,fakapau,tia,no,no
mbc212-not-stripped.txt,7,fakahaeretia,fakahaere,tia,no,no
mbc211-not-stripped.txt,11,firifiria,firifiri,a,no,no
mbc212-not-stripped.txt,7,tukuna,tuku,na,no,no
mbc212-not-stripped.txt,9,kOrerotia,kOrero,tia,no,no
mbc211-not-stripped.txt,2,rIhitia,rIhi,tia,no,no
mbc211-not-stripped.txt,3,fakamanatia,fakamana,tia,no,no
mbc214-not-stripped.txt,2,kIia,kI,ia,no,no
mbc214-not-stripped.txt,2,fakaatutia,fakaatu,tia,no,no
mbc211-not-stripped.txt,10,mauria,mau,ria,no,no
mbc233-not-stripped.txt,33,tImatahia,tImata,hia,no,no
mbc213-not-stripped.txt,10,pAnuitia,pAnui,tia,no,no
mbc219-not-stripped.txt,10,fakamAramatia,fakamArama,tia,no,no
mbc213-not-stripped.txt,15,tukuna,tuku,na,no,no
mbc219-not-stripped.txt,11,taea,tae,a,no,no
mbc219-not-stripped.txt,11,fakaturetia,fakature,tia,no,no
mbc211-not-stripped.txt,4,kOrerotia,kOrero,tia,no,no
mbc219-not-stripped.txt,18,kIia,kI,ia,no,no
mbc212-not-stripped.txt,15,tukuna,tuku,na,no,no
mbc219-not-stripped.txt,18,fAnuitia,fAnui,tia,no,no
mbc211-not-stripped.txt,2,tukuna,tuku,na,no,no
mbc213-not-stripped.txt,7,hokona,hoko,na,no,no
mbc211-not-stripped.txt,2,tirohia,titiro,hia,no,no
mbc213-not-stripped.txt,10,tirohia,titiro,hia,no,no
mbc211-not-stripped.txt,18,kerEmetia,kerEme,tia,no,no
mbc233-not-stripped.txt,33,haNaia,haNa,ia,no,no
mbc211-not-stripped.txt,5,mahia,mahi,a,no,no
mbc214-not-stripped.txt,3,firifiria,firifiri,a,no,no
mbc219-not-stripped.txt,20,kIia,kI,ia,no,no
mbc214-not-stripped.txt,3,kIia,kI,ia,no,no
mbc214-not-stripped.txt,3,kIia,kI,ia,no,no
mbc219-not-stripped.txt,20,kIia,kI,ia,no,no
mbc214-not-stripped.txt,3,tukuna,tuku,na,no,no
mbc004-not-stripped.txt,20,fakafAitia,fakafAiti,a,no,no
mbc213-not-stripped.txt,3,pOhiritia,pOhiri,tia,no,no
mbc211-not-stripped.txt,18,kIia,kI,ia,no,no
mbc211-not-stripped.txt,18,taNohia,taNo,hia,no,no
mbc214-not-stripped.txt,11,pAnuitia,pAnui,tia,no,no
mbc211-not-stripped.txt,12,kIia,kI,ia,no,no
mbc211-not-stripped.txt,10,tirohia,titiro,hia,no,no
mbc001-not-stripped.txt,18,haNaia,haNa,ia,no,no
mbc211-not-stripped.txt,1,mihia,mihi,a,no,no
mbc213-not-stripped.txt,2,tirohia,titiro,hia,no,no
mbc219-not-stripped.txt,2,fakahouNia,fakahou,Nia,no,no
mbc211-not-stripped.txt,11,kIia,kI,ia,no,no
mbc214-not-stripped.txt,17,kIia,kI,ia,no,no
mbc211-not-stripped.txt,11,mOhiotia,mOhio,tia,no,no
mbc212-not-stripped.txt,2,kIia,kI,ia,no,no
mbc213-not-stripped.txt,7,fakahaeretia,fakahaere,tia,no,no
mbc212-not-stripped.txt,5,kIia,kI,ia,no,no
mbc219-not-stripped.txt,9,fakaotia,fakaoti,a,no,no
mbc233-not-stripped.txt,27,fakafAitia,fakafAiti,a,no,no
mbc219-not-stripped.txt,8,patua,patu,a,no,no
mbc214-not-stripped.txt,20,tukuna,tuku,na,no,no
mbc211-not-stripped.txt,13,kIia,kI,ia,no,no
mbc211-not-stripped.txt,18,fakakorea,fakakore,a,no,no
mbc004-not-stripped.txt,20,tirohia,titiro,hia,no,no
mbc213-not-stripped.txt,20,tukuna,tuku,na,no,no
mbc211-not-stripped.txt,4,fakatUtia,fakatU,tia,no,no
mbc211-not-stripped.txt,18,fakarerekEtia,fakarerekE,tia,no,no
mbc219-not-stripped.txt,2,fakatuferaNia,fakatufera,Nia,no,no
mbc001-not-stripped.txt,16,mahia,mahi,a,no,no
mbc219-not-stripped.txt,2,firifiria,firifiri,a,no,no
mbc211-not-stripped.txt,10,kIia,kI,ia,no,no
mbc212-not-stripped.txt,6,kIia,kI,ia,no,no
mbc219-not-stripped.txt,29,mOhiotia,mOhio,tia,no,no
mbc219-not-stripped.txt,1,kOrerotia,kOrero,tia,no,no
mbc214-not-stripped.txt,11,kIia,kI,ia,no,no
mbc211-not-stripped.txt,10,tukuna,tuku,na,no,no
mbc214-not-stripped.txt,3,kIia,kI,ia,no,no
mbc211-not-stripped.txt,9,firifiria,firifiri,a,no,no
mbc233-not-stripped.txt,27,tukuna,tuku,na,no,no
mbc212-not-stripped.txt,2,kIia,kI,ia,no,no
mbc213-not-stripped.txt,20,tukuna,tuku,na,no,no
mbc233-not-stripped.txt,27,tukuna,tuku,na,no,no
mbc214-not-stripped.txt,10,kIia,kI,ia,no,no
mbc211-not-stripped.txt,9,tautokohia,tautoko,hia,no,no
mbc213-not-stripped.txt,7,fakahaeretia,fakahaere,tia,no,no
mbc213-not-stripped.txt,7,kIia,kI,ia,no,no
mbc211-not-stripped.txt,2,tirohia,titiro,hia,no,no
mbc211-not-stripped.txt,3,tirohia,titiro,hia,no,no
mbc001-not-stripped.txt,18,tautokohia,tautoko,hia,no,no
mbc214-not-stripped.txt,17,fakatuferaNia,fakatufera,Nia,no,no
mbc214-not-stripped.txt,17,fakatuferaNia,fakatufera,Nia,no,no
mbc213-not-stripped.txt,3,mOhiotia,mOhio,tia,no,no
mbc213-not-stripped.txt,7,fakahaerehia,fakahaere,hia,no,no
mbc214-not-stripped.txt,17,firifiria,firifiri,a,no,no
mbc211-not-stripped.txt,18,fakakorea,fakakore,a,no,no
mbc211-not-stripped.txt,3,tirohia,titiro,hia,no,no
mbc212-not-stripped.txt,4,pAnuitia,pAnui,tia,no,no
mbc214-not-stripped.txt,11,fakatuferatia,fakatufera,tia,no,no
mbc233-not-stripped.txt,27,fakafAitia,fakafAiti,a,no,no
mbc233-not-stripped.txt,33,fakahouNia,fakahou,Nia,no,no
mbc233-not-stripped.txt,33,haNaia,haNa,ia,no,no
mbc219-not-stripped.txt,8,pAnuitia,pAnui,tia,no,no
mbc213-not-stripped.txt,11,kIia,kI,ia,no,no
mbc219-not-stripped.txt,11,tukuna,tuku,na,no,no
mbc004-not-stripped.txt,20,fakahokia,fakahoki,a,no,no
mbc211-not-stripped.txt,18,fakatikaina,fakatika,ina,no,no
mbc213-not-stripped.txt,18,fakahaeretia,fakahaere,tia,no,no
mbc211-not-stripped.txt,18,fakakorea,fakakore,a,no,no
mbc219-not-stripped.txt,8,patua,patu,a,no,no
mbc211-not-stripped.txt,10,kIia,kI,ia,no,no
mbc212-not-stripped.txt,4,kIia,kI,ia,no,no
mbc219-not-stripped.txt,29,mauria,mau,ria,no,no
mbc213-not-stripped.txt,2,tonoa,tono,a,no,no
mbc211-not-stripped.txt,10,tukuna,tuku,na,no,no
mbc219-not-stripped.txt,29,kOrerotia,kOrero,tia,no,no
mbc001-not-stripped.txt,18,fakahoutia,fakahou,tia,no,no
mbc212-not-stripped.txt,4,tirohia,titiro,hia,no,no
mbc059-not-stripped.txt,9,taea,tae,a,no,no
mbc211-not-stripped.txt,5,pOhiritia,pOhiri,tia,no,no
mbc214-not-stripped.txt,12,fakahokia,fakahoki,a,no,no
mbc219-not-stripped.txt,1,mahia,mahi,a,no,no
mbc214-not-stripped.txt,20,tukuna,tuku,na,no,no
mbc211-not-stripped.txt,2,tirohia,titiro,hia,no,no
mbc233-not-stripped.txt,27,tukuna,tuku,na,no,no
mbc211-not-stripped.txt,9,tirohia,titiro,hia,no,no
mbc211-not-stripped.txt,9,tarAfetia,tarAfe,tia,no,no
mbc211-not-stripped.txt,13,kIia,kI,ia,no,no
mbc212-not-stripped.txt,4,utua,utu,a,no,no
mbc211-not-stripped.txt,3,tirohia,titiro,hia,no,no
mbc233-not-stripped.txt,33,fakatikaina,fakatika,ina,no,no
mbc214-not-stripped.txt,9,fakatuferatia,fakatufera,tia,no,no
mbc211-not-stripped.txt,11,fakatUNia,fakatU,Nia,no,no
mbc233-not-stripped.txt,29,taea,tae,a,no,no
mbc212-not-stripped.txt,2,kIia,kI,ia,no,no
mbc213-not-stripped.txt,2,katoatia,katoa,tia,no,no
mbc214-not-stripped.txt,11,firifiria,firifiri,a,no,no
mbc233-not-stripped.txt,27,tukuna,tuku,na,no,no
mbc214-not-stripped.txt,20,tukuna,tuku,na,no,no
mbc219-not-stripped.txt,29,hokona,hoko,na,no,no
mbc214-not-stripped.txt,11,tukuna,tuku,na,no,no
mbc214-not-stripped.txt,4,firifiria,firifiri,a,no,no
mbc219-not-stripped.txt,29,hokona,hoko,na,no,no
mbc213-not-stripped.txt,2,haNaia,haNa,ia,no,no
mbc233-not-stripped.txt,31,fakafAitia,fakafAiti,a,no,no
mbc219-not-stripped.txt,29,haNaia,haNa,ia,no,no
mbc212-not-stripped.txt,2,kIia,kI,ia,no,no
mbc177-not-stripped.txt,14,patua,patu,a,no,no
mbc177-not-stripped.txt,50,fakatakahia,fakataka,hia,no,no
mbc177-not-stripped.txt,5,manaakitia,manaaki,tia,no,no
mbc177-not-stripped.txt,50,kOrerohia,kOrero,hia,no,no
mbc177-not-stripped.txt,13,pANia,pA,Nia,no,no
mbc177-not-stripped.txt,48,kOreroNia,kOrero,Nia,no,no
mbc177-not-stripped.txt,50,taea,tae,a,no,no
mbc177-not-stripped.txt,13,kitea,kite,a,no,no
mbc177-not-stripped.txt,15,haerehia,haere,hia,no,no
mbc177-not-stripped.txt,8,akoNia,ako,Nia,no,no
mbc177-not-stripped.txt,36,kOrerotia,kOrero,tia,no,no
mbc177-not-stripped.txt,48,waihoNia,waiho,Nia,no,no
mbc177-not-stripped.txt,50,tImataNia,tImata,Nia,no,no
mbc177-not-stripped.txt,20,tImataNia,tImata,Nia,no,no
mbc177-not-stripped.txt,18,pupuhiNia,pupuhi,Nia,no,no
mbc228-not-stripped.txt,5,hoatuNia,hoatu,Nia,no,no
mbc228-not-stripped.txt,5,tonoNia,tono,Nia,no,no
mbc228-not-stripped.txt,5,taea,tae,a,no,no
mbc228-not-stripped.txt,5,taea,tae,a,no,no
mbc228-not-stripped.txt,5,taea,tae,a,no,no
mbc101-not-stripped.txt,53,fiua,fiu,a,no,no
mbc101-not-stripped.txt,49,fakaakohia,fakaako,hia,no,no
mbc101-not-stripped.txt,49,fakaakoria,fakaako,ria,no,no
mbc101-not-stripped.txt,53,fiua,fiu,a,no,no
mbc101-not-stripped.txt,53,poua,pou,a,no,no
mbc101-not-stripped.txt,51,werohia,wero,hia,no,no
mbc101-not-stripped.txt,53,poua,pou,a,no,no
mbc010-not-stripped.txt,2,mahia,mahi,a,no,no
mbc014-not-stripped.txt,2,taea,tae,a,no,no
mbc010-not-stripped.txt,6,taea,tae,a,no,no
mbc227-not-stripped.txt,41,fakaponohia,fakapono,hia,no,no
mbc014-not-stripped.txt,4,tukuna,tuku,na,no,no
mbc010-not-stripped.txt,4,fakahokia,fakahoki,a,no,no
mbc241-not-stripped.txt,3,mahia,mahi,a,no,no
mbc251-not-stripped.txt,1,tukuna,tuku,na,no,no
mbc010-not-stripped.txt,4,fakaterehia,fakatere,hia,no,no
mbc241-not-stripped.txt,11,taea,tae,a,no,no
mbc091-not-stripped.txt,17,turakina,turaki,na,no,no
mbc048-not-stripped.txt,18,taea,tae,a,no,no
mbc227-not-stripped.txt,43,tukia,tuki,a,no,no
mbc091-not-stripped.txt,17,fakananakiahia,fakananakia,hia,no,no
mbc010-not-stripped.txt,4,taea,tae,a,no,no
mbc227-not-stripped.txt,43,patua,patu,a,no,no
mbc227-not-stripped.txt,43,fakapaihia,fakapai,hia,no,no
mbc227-not-stripped.txt,41,kIia,kI,ia,no,no
mbc014-not-stripped.txt,4,mOhiohia,mOhio,hia,no,no
mbc091-not-stripped.txt,17,fakamanahia,fakamana,hia,no,no
mbc014-not-stripped.txt,14,taea,tae,a,no,no
mbc010-not-stripped.txt,6,kitea,kite,a,no,no
mbc251-not-stripped.txt,1,mahia,mahi,a,no,no
mbc241-not-stripped.txt,3,tahunatia,tahuna,tia,no,no
mbc069-not-stripped.txt,2,tukuna,tuku,na,no,no
mbc251-not-stripped.txt,3,mahia,mahi,a,no,no
mbc251-not-stripped.txt,3,kitea,kite,a,no,no
mbc251-not-stripped.txt,11,taea,tae,a,no,no
mbc241-not-stripped.txt,1,mahia,mahi,a,no,no
mbc091-not-stripped.txt,17,fakaaea,fakaae,a,no,no
mbc014-not-stripped.txt,4,roNohia,roNo,hia,no,no
mbc091-not-stripped.txt,17,taea,tae,a,no,no
mbc010-not-stripped.txt,6,taea,tae,a,no,no
mbc069-not-stripped.txt,6,fakaaea,fakaae,a,no,no
mbc251-not-stripped.txt,3,fakahokia,fakahoki,a,no,no
mbc241-not-stripped.txt,3,fakahokia,fakahoki,a,no,no
mbc251-not-stripped.txt,3,tahunatia,tahuna,tia,no,no
mbc251-not-stripped.txt,9,fakakotahihia,fakakotahi,hia,no,no
mbc241-not-stripped.txt,1,tukuna,tuku,na,no,no
mbc048-not-stripped.txt,20,taea,tae,a,no,no
mbc091-not-stripped.txt,17,wetehia,wete,hia,no,no
mbc014-not-stripped.txt,14,taea,tae,a,no,no
mbc014-not-stripped.txt,2,fakawAtia,fakawA,tia,no,no
mbc241-not-stripped.txt,3,kitea,kite,a,no,no
mbc146-not-stripped.txt,0,fakaaehia,fakaae,hia,no,no
mbc146-not-stripped.txt,0,kOrerohia,kOrero,hia,no,no
mbc110-not-stripped.txt,11,taNohia,taNo,hia,no,no
mbc110-not-stripped.txt,11,kINia,kI,Nia,no,no
mbc110-not-stripped.txt,18,tomoNia,tomo,Nia,no,no
mbc110-not-stripped.txt,11,puaNia,pua,Nia,no,no
mbc110-not-stripped.txt,11,kaiNa,kai,Na,no,no
mbc110-not-stripped.txt,17,kitea,kite,a,no,no
mbc111-not-stripped.txt,20,karaNaNia,karaNa,Nia,no,no
mbc110-not-stripped.txt,17,haria,hari,a,no,no
mbc110-not-stripped.txt,18,taNohia,taNo,hia,no,no
mbc110-not-stripped.txt,18,tukuna,tuku,na,no,no
mbc110-not-stripped.txt,18,tirotirohia,tirotiro,hia,no,no
mbc110-not-stripped.txt,11,tapaNia,tapa,Nia,no,no
mbc110-not-stripped.txt,11,fAia,fai,a,no,no
mbc111-not-stripped.txt,18,kIia,kI,ia,no,no
mbc111-not-stripped.txt,17,mahiNia,mahi,Nia,no,no
mbc110-not-stripped.txt,17,titoNia,tito,Nia,no,no
mbc110-not-stripped.txt,17,kitea,kite,a,no,no
mbc111-not-stripped.txt,18,mahia,mahi,a,no,no
mbc110-not-stripped.txt,18,mAuiuiNia,mAuiui,Nia,no,no
mbc111-not-stripped.txt,17,tonoNia,tono,Nia,no,no
mbc110-not-stripped.txt,11,rAhuiNia,rAhui,Nia,no,no
mbc111-not-stripped.txt,18,fakatUNia,fakatU,Nia,no,no
mbc111-not-stripped.txt,20,karaNaNia,karaNa,Nia,no,no
mbc110-not-stripped.txt,18,tonoa,tono,a,no,no
mbc111-not-stripped.txt,20,taria,tari,a,no,no
mbc110-not-stripped.txt,11,kitea,kite,a,no,no
mbc111-not-stripped.txt,18,kIia,kI,ia,no,no
mbc110-not-stripped.txt,17,haria,hari,a,no,no
mbc110-not-stripped.txt,18,fakaaeNia,fakaae,Nia,no,no
mbc110-not-stripped.txt,17,pANia,pA,Nia,no,no
mbc111-not-stripped.txt,18,mahia,mahi,a,no,no
mbc110-not-stripped.txt,11,huaNia,hua,Nia,no,no
mbc111-not-stripped.txt,17,akoNia,ako,Nia,no,no
mbc110-not-stripped.txt,11,hahua,hahu,a,no,no
mbc110-not-stripped.txt,17,fakahokiNia,fakahoki,Nia,no,no
mbc111-not-stripped.txt,18,hiahiaNia,hiahia,Nia,no,no
mbc111-not-stripped.txt,18,mahia,mahi,a,no,no
mbc110-not-stripped.txt,17,turakina,turaki,na,no,no
mbc110-not-stripped.txt,11,tanumia,tanu,mia,no,no
mbc110-not-stripped.txt,17,pUhia,pupuhi,a,no,no
mbc111-not-stripped.txt,17,tonoa,tono,a,no,no
mbc110-not-stripped.txt,9,waiataNia,waiata,Nia,no,no
mbc110-not-stripped.txt,9,wepua,wepu,a,no,no
mbc111-not-stripped.txt,18,taea,tae,a,no,no
mbc110-not-stripped.txt,11,kitea,kite,a,no,no
mbc111-not-stripped.txt,18,kitea,kite,a,no,no
mbc111-not-stripped.txt,20,kINia,kI,Nia,no,no
mbc111-not-stripped.txt,20,kIia,kI,ia,no,no
mbc110-not-stripped.txt,11,patua,patu,a,no,no
mbc110-not-stripped.txt,11,fakawerewereNia,fakawerewere,Nia,no,no
mbc111-not-stripped.txt,18,kitea,kite,a,no,no
mbc110-not-stripped.txt,18,hariNia,hari,Nia,no,no
mbc110-not-stripped.txt,11,kINia,kI,Nia,no,no
mbc110-not-stripped.txt,11,tapahia,tapahi,a,no,no
mbc110-not-stripped.txt,11,tahiNia,tahi,Nia,no,no
mbc110-not-stripped.txt,11,tapahia,tapahi,a,no,no
mbc111-not-stripped.txt,20,maumauNia,maumau,Nia,no,no
mbc110-not-stripped.txt,11,kitea,kite,a,no,no
mbc111-not-stripped.txt,18,tukuna,tuku,na,no,no
mbc111-not-stripped.txt,18,waihoNia,waiho,Nia,no,no
mbc111-not-stripped.txt,20,fakatUNia,fakatU,Nia,no,no
mbc164-not-stripped.txt,0,torohia,toro,hia,no,no
mbc164-not-stripped.txt,6,kOrerohia,kOrero,hia,no,no
mbc164-not-stripped.txt,12,hApaihia,hApai,hia,no,no
mbc164-not-stripped.txt,0,hoatukia,hoatu,kia,no,no
mbc164-not-stripped.txt,0,fetUraNihia,fetUraNi,hia,no,no
mbc164-not-stripped.txt,0,roNohia,roNo,hia,no,no
mbc164-not-stripped.txt,0,takahia,takahi,a,no,no
mbc164-not-stripped.txt,0,fakatakiritia,fakatakiri,tia,no,no
mbc164-not-stripped.txt,0,kOrerohia,kOrero,hia,no,no
mbc124-not-stripped.txt,11,mauria,mau,ria,no,no
mbc124-not-stripped.txt,11,takahia,takahi,a,no,no
mbc049-not-stripped.txt,59,taumahatia,taumaha,tia,no,no
mbc065-not-stripped.txt,11,pEnekitia,pEneki,tia,no,no
mbc047-not-stripped.txt,51,fakatapua,fakatapu,a,no,no
mbc080-not-stripped.txt,22,fakatauhia,fakatau,hia,no,no
mbc041-not-stripped.txt,83,rAkaitia,rAkai,tia,no,no
mbc087-not-stripped.txt,40,kitea,kite,a,no,no
mbc051-not-stripped.txt,44,tirohia,titiro,hia,no,no
mbc089-not-stripped.txt,57,kitea,kite,a,no,no
mbc080-not-stripped.txt,20,takotohia,takoto,hia,no,no
mbc080-not-stripped.txt,19,fakahokia,fakahoki,a,no,no
mbc080-not-stripped.txt,21,fakatArewahia,fakatArewa,hia,no,no
mbc049-not-stripped.txt,63,kitea,kite,a,no,no
mbc064-not-stripped.txt,67,fakatauhia,fakatau,hia,no,no
mbc071-not-stripped.txt,16,tukuna,tuku,na,no,no
mbc082-not-stripped.txt,82,torotorohia,torotoro,hia,no,no
mbc061-not-stripped.txt,50,mahia,mahi,a,no,no
mbc063-not-stripped.txt,21,tomokia,tomo,kia,no,no
mbc057-not-stripped.txt,101,tonutia,tonu,tia,no,no
mbc057-not-stripped.txt,96,pOhiritia,pOhiri,tia,no,no
mbc066-not-stripped.txt,17,pEnekitia,pEneki,tia,no,no
mbc065-not-stripped.txt,15,oatitia,oati,tia,no,no
mbc080-not-stripped.txt,41,firifiria,firifiri,a,no,no
mbc051-not-stripped.txt,20,kaiNAkaunuitia,kaiNAkaunui,tia,no,no
mbc063-not-stripped.txt,21,fakaaehia,fakaae,hia,no,no
mbc055-not-stripped.txt,4,fakahokia,fakahoki,a,no,no
mbc076-not-stripped.txt,61,fakahokia,fakahoki,a,no,no
mbc057-not-stripped.txt,60,fakatUria,fakatU,ria,no,no
mbc128-not-stripped.txt,11,tuhia,tuhi,a,no,no
mbc128-not-stripped.txt,28,fakamanatia,fakamana,tia,no,no
mbc051-not-stripped.txt,24,takohatia,takoha,tia,no,no
mbc065-not-stripped.txt,15,fakafAitiria,fakafAiti,ria,no,no
mbc059-not-stripped.txt,16,rUmenetia,rUmene,tia,no,no
mbc128-not-stripped.txt,9,kIia,kI,ia,no,no
mbc071-not-stripped.txt,14,tukuna,tuku,na,no,no
mbc128-not-stripped.txt,9,paNaia,paNa,ia,no,no
mbc043-not-stripped.txt,44,utua,utu,a,no,no
mbc078-not-stripped.txt,23,fakatUria,fakatU,ria,no,no
mbc050-not-stripped.txt,74,fakamanatia,fakamana,tia,no,no
mbc050-not-stripped.txt,70,hainatia,haina,tia,no,no
mbc076-not-stripped.txt,57,waihaNatia,waihaNa,tia,no,no
mbc069-not-stripped.txt,15,taea,tae,a,no,no
mbc044-not-stripped.txt,18,mahia,mahi,a,no,no
mbc055-not-stripped.txt,4,heria,heri,a,no,no
mbc051-not-stripped.txt,22,patua,patu,a,no,no
mbc061-not-stripped.txt,48,nOhia,noho,hia,no,no
mbc084-not-stripped.txt,63,taumahatia,taumaha,tia,no,no
mbc052-not-stripped.txt,39,aukatihia,aukati,hia,no,no
mbc089-not-stripped.txt,57,keria,keri,a,no,no
mbc128-not-stripped.txt,8,taea,tae,a,no,no
mbc064-not-stripped.txt,71,utua,utu,a,no,no
mbc055-not-stripped.txt,4,pEneitia,pEnei,tia,no,no
mbc043-not-stripped.txt,0,tukuna,tuku,na,no,no
mbc080-not-stripped.txt,41,fakanuitia,fakanui,tia,no,no
mbc055-not-stripped.txt,34,raNona,roNo,na,no,no
mbc080-not-stripped.txt,41,roNohia,roNo,hia,no,no
mbc128-not-stripped.txt,14,tirohia,titiro,hia,no,no
mbc058-not-stripped.txt,32,muia,mui,a,no,no
mbc070-not-stripped.txt,55,fakarewahia,fakarewa,hia,no,no
mbc080-not-stripped.txt,19,tAria,tatari,a,no,no
mbc042-not-stripped.txt,22,kitea,kite,a,no,no
mbc055-not-stripped.txt,4,hiahiatia,hiahia,tia,no,no
mbc055-not-stripped.txt,4,katoatia,katoa,tia,no,no
mbc076-not-stripped.txt,59,roNotia,roNo,tia,no,no
mbc071-not-stripped.txt,16,tukuna,tuku,na,no,no
mbc065-not-stripped.txt,76,tonuhia,tonu,hia,no,no
mbc071-not-stripped.txt,80,kapia,kapi,a,no,no
mbc044-not-stripped.txt,58,tImatahia,tImata,hia,no,no
mbc066-not-stripped.txt,50,tukuna,tuku,na,no,no
mbc080-not-stripped.txt,41,hikina,hiki,na,no,no
mbc071-not-stripped.txt,78,pAkia,pA,kia,no,no
mbc128-not-stripped.txt,11,homaitia,homai,tia,no,no
mbc071-not-stripped.txt,78,tukuna,tuku,na,no,no
mbc128-not-stripped.txt,8,manatia,mana,tia,no,no
mbc080-not-stripped.txt,19,fArikihia,fAriki,hia,no,no
mbc128-not-stripped.txt,9,fakaNuNua,fakaNuNu,a,no,no
mbc089-not-stripped.txt,57,pokanoatia,pokanoa,tia,no,no
mbc063-not-stripped.txt,63,aukatia,aukati,a,no,no
mbc051-not-stripped.txt,44,kopenutia,kopenu,tia,no,no
mbc128-not-stripped.txt,24,hainatia,haina,tia,no,no
mbc044-not-stripped.txt,59,tAia,tA,ia,no,no
mbc055-not-stripped.txt,32,fakaarohia,fakaaro,hia,no,no
mbc041-not-stripped.txt,40,tAia,tA,ia,no,no
mbc069-not-stripped.txt,12,fakatUria,fakatU,ria,no,no
mbc088-not-stripped.txt,23,fakarahia,fakarahi,a,no,no
mbc080-not-stripped.txt,20,hAmenetia,hAmene,tia,no,no
mbc080-not-stripped.txt,41,fakawANia,fakawA,Nia,no,no
mbc052-not-stripped.txt,37,hokona,hoko,na,no,no
mbc065-not-stripped.txt,71,iNoatia,iNoa,tia,no,no
mbc061-not-stripped.txt,54,taea,tae,a,no,no
mbc051-not-stripped.txt,44,kawea,kawe,a,no,no
mbc050-not-stripped.txt,74,firifiria,firifiri,a,no,no
mbc044-not-stripped.txt,65,taea,tae,a,no,no
mbc128-not-stripped.txt,0,fakahokia,fakahoki,a,no,no
mbc061-not-stripped.txt,52,karafiua,karafiu,a,no,no
mbc043-not-stripped.txt,42,kimihia,kimi,hia,no,no
mbc049-not-stripped.txt,65,taea,tae,a,no,no
mbc092-not-stripped.txt,4,kOkirihia,kOkiri,hia,no,no
mbc054-not-stripped.txt,43,fakapuaretia,fakapuare,tia,no,no
mbc128-not-stripped.txt,9,kIia,kI,ia,no,no
mbc080-not-stripped.txt,41,taea,tae,a,no,no
mbc065-not-stripped.txt,15,tAhia,tA,hia,no,no
mbc080-not-stripped.txt,18,fakapAhia,fakapA,hia,no,no
mbc082-not-stripped.txt,84,warewarehia,wareware,hia,no,no
mbc045-not-stripped.txt,31,fakamahia,fakamahi,a,no,no
mbc064-not-stripped.txt,31,fakahaeretia,fakahaere,tia,no,no
mbc048-not-stripped.txt,51,tAia,tA,ia,no,no
mbc070-not-stripped.txt,5,hokia,hoki,a,no,no
mbc064-not-stripped.txt,73,tohua,tohu,a,no,no
mbc044-not-stripped.txt,11,fakahokia,fakahoki,a,no,no
mbc080-not-stripped.txt,20,taNohia,taNo,hia,no,no
mbc043-not-stripped.txt,42,tonutia,tonu,tia,no,no
mbc062-not-stripped.txt,11,fakaNuNua,fakaNuNu,a,no,no
mbc059-not-stripped.txt,22,fakafAitiria,fakafAiti,ria,no,no
mbc049-not-stripped.txt,65,takohatia,takoha,tia,no,no
mbc064-not-stripped.txt,27,Afinatia,Afina,tia,no,no
mbc061-not-stripped.txt,54,fakatUria,fakatU,ria,no,no
mbc053-not-stripped.txt,64,kEhia,kE,hia,no,no
mbc051-not-stripped.txt,44,kimihia,kimi,hia,no,no
mbc051-not-stripped.txt,44,hikina,hiki,na,no,no
mbc044-not-stripped.txt,11,tohea,tohe,a,no,no
mbc051-not-stripped.txt,44,tukia,tuki,a,no,no
mbc070-not-stripped.txt,51,tukuna,tuku,na,no,no
mbc047-not-stripped.txt,31,fakairoirotia,fakairoiro,tia,no,no
mbc067-not-stripped.txt,80,tohua,tohu,a,no,no
mbc044-not-stripped.txt,63,tukuna,tuku,na,no,no
mbc080-not-stripped.txt,18,mauheretia,mauhere,tia,no,no
mbc085-not-stripped.txt,27,fakaNuNua,fakaNuNu,a,no,no
mbc080-not-stripped.txt,18,fakawANia,fakawA,Nia,no,no
mbc128-not-stripped.txt,12,taea,tae,a,no,no
mbc054-not-stripped.txt,41,tirohia,titiro,hia,no,no
mbc051-not-stripped.txt,44,kimihia,kimi,hia,no,no
mbc128-not-stripped.txt,11,kIia,kI,ia,no,no
mbc128-not-stripped.txt,12,utaina,uta,ina,no,no
mbc047-not-stripped.txt,35,tonutia,tonu,tia,no,no
mbc054-not-stripped.txt,41,panaia,pana,ia,no,no
mbc050-not-stripped.txt,74,tonutia,tonu,tia,no,no
mbc063-not-stripped.txt,18,tonutia,tonu,tia,no,no
mbc064-not-stripped.txt,31,tohua,tohu,a,no,no
mbc041-not-stripped.txt,35,tAia,tA,ia,no,no
mbc128-not-stripped.txt,12,kOrerohia,kOrero,hia,no,no
mbc047-not-stripped.txt,33,pEheatia,pEhea,tia,no,no
mbc088-not-stripped.txt,69,puAwaitia,puAwai,tia,no,no
mbc044-not-stripped.txt,59,kIia,kI,ia,no,no
mbc051-not-stripped.txt,20,fakatauNia,fakatau,Nia,no,no
mbc066-not-stripped.txt,50,kEhia,kE,hia,no,no
mbc054-not-stripped.txt,15,rawekehia,raweke,hia,no,no
mbc054-not-stripped.txt,17,taea,tae,a,no,no
mbc088-not-stripped.txt,29,fAia,fai,a,no,no
mbc089-not-stripped.txt,59,takahia,takahi,a,no,no
mbc051-not-stripped.txt,44,aituAtia,aituA,tia,no,no
mbc061-not-stripped.txt,50,tonutia,tonu,tia,no,no
mbc051-not-stripped.txt,44,tonutia,tonu,tia,no,no
mbc041-not-stripped.txt,35,fakaarahina,fakaarahi,na,no,no
mbc057-not-stripped.txt,55,fakatUria,fakatU,ria,no,no
mbc070-not-stripped.txt,7,taea,tae,a,no,no
mbc045-not-stripped.txt,33,fAia,fai,a,no,no
mbc088-not-stripped.txt,31,kitea,kite,a,no,no
mbc052-not-stripped.txt,44,aukatihia,aukati,hia,no,no
mbc079-not-stripped.txt,40,fAia,fai,a,no,no
mbc128-not-stripped.txt,12,fakahonohia,fakahono,hia,no,no
mbc128-not-stripped.txt,12,kitea,kite,a,no,no
mbc055-not-stripped.txt,4,tUkinotia,tUkino,tia,no,no
mbc088-not-stripped.txt,69,ruiruia,ruirui,a,no,no
mbc042-not-stripped.txt,29,nOhia,noho,hia,no,no
mbc043-not-stripped.txt,42,tonutia,tonu,tia,no,no
mbc070-not-stripped.txt,7,tirohia,titiro,hia,no,no
mbc066-not-stripped.txt,21,tikahia,tika,hia,no,no
mbc079-not-stripped.txt,38,tirohia,titiro,hia,no,no
mbc217-not-stripped.txt,43,fakaoraNia,fakaora,Nia,no,no
mbc061-not-stripped.txt,23,mahitia,mahi,tia,no,no
mbc226-not-stripped.txt,199,panaia,pana,ia,no,no
mbc226-not-stripped.txt,188,fakaparua,fakaparu,a,no,no
mbc226-not-stripped.txt,137,fakaritea,fakarite,a,no,no
mbc067-not-stripped.txt,31,utua,utu,a,no,no
mbc105-not-stripped.txt,34,kOrerotia,kOrero,tia,no,no
mbc142-not-stripped.txt,21,haNaia,haNa,ia,no,no
mbc105-not-stripped.txt,34,kOreroNia,kOrero,Nia,no,no
mbc142-not-stripped.txt,21,tImatatia,tImata,tia,no,no
mbc142-not-stripped.txt,21,fakapotopotoNia,fakapotopoto,Nia,no,no
mbc142-not-stripped.txt,21,fakatuferatia,fakatufera,tia,no,no
mbc142-not-stripped.txt,21,haNaia,haNa,ia,no,no
mbc142-not-stripped.txt,21,haNaia,haNa,ia,no,no
mbc050-not-stripped.txt,57,taea,tae,a,no,no
mbc047-not-stripped.txt,61,fakamoemititia,fakamoemiti,tia,no,no
mbc076-not-stripped.txt,77,kitea,kite,a,no,no
mbc047-not-stripped.txt,61,heria,heri,a,no,no
mbc068-not-stripped.txt,31,warewaretia,wareware,tia,no,no
mbc070-not-stripped.txt,59,mAtakitakina,mAtakitaki,na,no,no
mbc085-not-stripped.txt,74,fakaminitahia,fakaminita,hia,no,no
mbc084-not-stripped.txt,66,ekea,eke,a,no,no
mbc049-not-stripped.txt,22,kIia,kI,ia,no,no
mbc053-not-stripped.txt,41,tukia,tuki,a,no,no
mbc042-not-stripped.txt,20,heria,heri,a,no,no
mbc086-not-stripped.txt,1,kIia,kI,ia,no,no
mbc078-not-stripped.txt,31,roNohia,roNo,hia,no,no
mbc046-not-stripped.txt,37,fakamanahia,fakamana,hia,no,no
mbc053-not-stripped.txt,41,kitea,kite,a,no,no
mbc067-not-stripped.txt,4,taea,tae,a,no,no
mbc076-not-stripped.txt,74,tukuna,tuku,na,no,no
mbc060-not-stripped.txt,54,karaNahia,karaNa,hia,no,no
mbc067-not-stripped.txt,8,nehua,nehu,a,no,no
mbc076-not-stripped.txt,72,kitea,kite,a,no,no
mbc084-not-stripped.txt,28,takahia,takahi,a,no,no
mbc047-not-stripped.txt,63,fakaritea,fakarite,a,no,no
mbc058-not-stripped.txt,50,hoea,hoe,a,no,no
mbc060-not-stripped.txt,54,tukuna,tuku,na,no,no
mbc062-not-stripped.txt,73,fakahaerehia,fakahaere,hia,no,no
mbc076-not-stripped.txt,8,karaNahia,karaNa,hia,no,no
mbc084-not-stripped.txt,37,fakaharuruhia,fakaharuru,hia,no,no
mbc067-not-stripped.txt,2,muia,mui,a,no,no
mbc079-not-stripped.txt,75,mOhiotia,mOhio,tia,no,no
mbc070-not-stripped.txt,64,fakahokia,fakahoki,a,no,no
mbc084-not-stripped.txt,66,fakaharuruhia,fakaharuru,hia,no,no
mbc084-not-stripped.txt,38,pOfiritia,pOfiri,tia,no,no
mbc046-not-stripped.txt,29,hainahia,haina,hia,no,no
mbc077-not-stripped.txt,60,fakahaerehia,fakahaere,hia,no,no
mbc045-not-stripped.txt,25,muia,mui,a,no,no
mbc079-not-stripped.txt,69,tImatahia,tImata,hia,no,no
mbc089-not-stripped.txt,30,fakamahia,fakamahi,a,no,no
mbc053-not-stripped.txt,41,fakapaetia,fakapae,tia,no,no
mbc053-not-stripped.txt,41,hikina,hiki,na,no,no
mbc067-not-stripped.txt,2,fakahokia,fakahoki,a,no,no
mbc061-not-stripped.txt,68,karaNahia,karaNa,hia,no,no
mbc079-not-stripped.txt,71,tOia,tO,ia,no,no
mbc042-not-stripped.txt,16,kIia,kI,ia,no,no
mbc060-not-stripped.txt,25,fakanuihia,fakanui,hia,no,no
mbc089-not-stripped.txt,32,kitea,kite,a,no,no
mbc076-not-stripped.txt,72,muia,mui,a,no,no
mbc084-not-stripped.txt,42,kOrerohia,kOrero,hia,no,no
mbc076-not-stripped.txt,14,fakatakotohia,fakatakoto,hia,no,no
mbc060-not-stripped.txt,58,karaNahia,karaNa,hia,no,no
mbc053-not-stripped.txt,3,fAnakohia,fAnako,hia,no,no
mbc065-not-stripped.txt,25,fakaritea,fakarite,a,no,no
mbc053-not-stripped.txt,41,heria,heri,a,no,no
mbc067-not-stripped.txt,64,tANia,tA,Nia,no,no
mbc049-not-stripped.txt,22,fifia,fifi,a,no,no
mbc068-not-stripped.txt,26,fakamAtautauhia,fakamAtautau,hia,no,no
mbc060-not-stripped.txt,25,waihotia,waiho,tia,no,no
mbc083-not-stripped.txt,76,kitea,kite,a,no,no
mbc077-not-stripped.txt,60,kitea,kite,a,no,no
mbc045-not-stripped.txt,54,fakatipuhia,fakatipu,hia,no,no
mbc077-not-stripped.txt,62,kitea,kite,a,no,no
mbc053-not-stripped.txt,1,tukia,tuki,a,no,no
mbc058-not-stripped.txt,44,muia,mui,a,no,no
mbc045-not-stripped.txt,19,kawea,kawe,a,no,no
mbc047-not-stripped.txt,3,roNohia,roNo,hia,no,no
mbc089-not-stripped.txt,34,kitea,kite,a,no,no
mbc084-not-stripped.txt,25,muia,mui,a,no,no
mbc070-not-stripped.txt,15,fakahokia,fakahoki,a,no,no
mbc070-not-stripped.txt,15,fakatuferahia,fakatufera,hia,no,no
mbc049-not-stripped.txt,20,tukuna,tuku,na,no,no
mbc070-not-stripped.txt,59,pupurihia,pupuri,hia,no,no
mbc060-not-stripped.txt,23,tapahia,tapahi,a,no,no
mbc053-not-stripped.txt,5,heria,heri,a,no,no
mbc083-not-stripped.txt,74,tAraihia,tArai,hia,no,no
mbc078-not-stripped.txt,27,fAia,fai,a,no,no
mbc051-not-stripped.txt,12,taea,tae,a,no,no
mbc051-not-stripped.txt,18,wAnaNatia,wAnaNa,tia,no,no
mbc053-not-stripped.txt,1,tukia,tuki,a,no,no
mbc085-not-stripped.txt,22,fakanuihia,fakanui,hia,no,no
mbc067-not-stripped.txt,62,warewaretia,wareware,tia,no,no
mbc050-not-stripped.txt,29,fakaakohia,fakaako,hia,no,no
mbc089-not-stripped.txt,34,fAia,fai,a,no,no
mbc046-not-stripped.txt,22,fakautuhia,fakautu,hia,no,no
mbc058-not-stripped.txt,42,kapohia,kapo,hia,no,no
mbc083-not-stripped.txt,70,fakaarahia,fakaara,hia,no,no
mbc046-not-stripped.txt,29,fakamanahia,fakamana,hia,no,no
mbc076-not-stripped.txt,77,arahihia,Arahi,hia,no,no
mbc053-not-stripped.txt,1,kitea,kite,a,no,no
mbc045-not-stripped.txt,49,fakatUhia,fakatU,hia,no,no
mbc084-not-stripped.txt,25,tirohia,titiro,hia,no,no
mbc050-not-stripped.txt,31,fakaatuhia,fakaatu,hia,no,no
mbc084-not-stripped.txt,42,pUhia,pupuhi,a,no,no
mbc084-not-stripped.txt,40,muia,mui,a,no,no
mbc053-not-stripped.txt,41,fakapaetia,fakapae,tia,no,no
mbc047-not-stripped.txt,5,pAnuitia,pAnui,tia,no,no
mbc060-not-stripped.txt,51,karaNahia,karaNa,hia,no,no
mbc046-not-stripped.txt,22,tApaetia,tApae,tia,no,no
mbc051-not-stripped.txt,69,roNohia,roNo,hia,no,no
mbc084-not-stripped.txt,37,tirohia,titiro,hia,no,no
mbc084-not-stripped.txt,66,iNoatia,iNoa,tia,no,no
mbc058-not-stripped.txt,50,utaina,uta,ina,no,no
mbc053-not-stripped.txt,1,heria,heri,a,no,no
mbc047-not-stripped.txt,65,fakahouhia,fakahou,hia,no,no
mbc053-not-stripped.txt,41,fakapaetia,fakapae,tia,no,no
mbc046-not-stripped.txt,2,kOkirihia,kOkiri,hia,no,no
mbc062-not-stripped.txt,69,kIia,kI,ia,no,no
mbc046-not-stripped.txt,4,kOkirihia,kOkiri,hia,no,no
mbc046-not-stripped.txt,20,fakanuihia,fakanui,hia,no,no
mbc080-not-stripped.txt,26,fakamahia,fakamahi,a,no,no
mbc080-not-stripped.txt,24,taea,tae,a,no,no
mbc076-not-stripped.txt,14,tukuna,tuku,na,no,no
mbc080-not-stripped.txt,28,fakahaerehia,fakahaere,hia,no,no
mbc080-not-stripped.txt,24,fakaritea,fakarite,a,no,no
mbc077-not-stripped.txt,64,kitea,kite,a,no,no
mbc066-not-stripped.txt,31,heria,heri,a,no,no
mbc051-not-stripped.txt,10,karaNahia,karaNa,hia,no,no
mbc060-not-stripped.txt,56,pokea,poke,a,no,no
mbc126-not-stripped.txt,47,fakatoremitia,fakatoremi,tia,no,no
mbc137-not-stripped.txt,8,kIia,kI,ia,no,no
mbc126-not-stripped.txt,49,moemoeAtia,moemoeA,tia,no,no
mbc126-not-stripped.txt,49,wawatatia,wawata,tia,no,no
mbc137-not-stripped.txt,7,takitakina,takitaki,na,no,no
mbc126-not-stripped.txt,17,hokona,hoko,na,no,no
mbc126-not-stripped.txt,49,fakahokia,fakahoki,a,no,no
mbc126-not-stripped.txt,47,fakatoremitia,fakatoremi,tia,no,no
mbc126-not-stripped.txt,47,haNaia,haNa,ia,no,no
mbc126-not-stripped.txt,2,pErAtia,pErA,tia,no,no
mbc126-not-stripped.txt,17,taea,tae,a,no,no
mbc126-not-stripped.txt,49,fakahokia,fakahoki,a,no,no
mbc137-not-stripped.txt,8,mahia,mahi,a,no,no
mbc126-not-stripped.txt,17,hokona,hoko,na,no,no
mbc126-not-stripped.txt,2,fakatauNia,fakatau,Nia,no,no
mbc126-not-stripped.txt,47,kIia,kI,ia,no,no
mbc137-not-stripped.txt,7,tOia,tO,ia,no,no
mbc137-not-stripped.txt,8,mahia,mahi,a,no,no
mbc126-not-stripped.txt,49,fakahokia,fakahoki,a,no,no
mbc137-not-stripped.txt,7,tOia,tO,ia,no,no
mbc126-not-stripped.txt,49,taea,tae,a,no,no
mbc126-not-stripped.txt,19,mahia,mahi,a,no,no
mbc137-not-stripped.txt,7,patua,patu,a,no,no
mbc126-not-stripped.txt,2,hokona,hoko,na,no,no
mbc126-not-stripped.txt,17,pAtaitia,pAtai,tia,no,no
mbc137-not-stripped.txt,8,mahia,mahi,a,no,no
mbc126-not-stripped.txt,19,roNonuitia,roNonui,tia,no,no
mbc126-not-stripped.txt,17,taea,tae,a,no,no
mbc126-not-stripped.txt,2,murua,muru,a,no,no
mbc126-not-stripped.txt,2,taNohia,taNo,hia,no,no
mbc126-not-stripped.txt,47,kinoNia,kino,Nia,no,no
mbc126-not-stripped.txt,2,fakatautia,fakatau,tia,no,no
mbc126-not-stripped.txt,2,fakatautia,fakatau,tia,no,no
mbc126-not-stripped.txt,47,karakiatia,karakia,tia,no,no
mbc126-not-stripped.txt,17,taea,tae,a,no,no
mbc126-not-stripped.txt,2,tonuNia,tonu,Nia,no,no
mbc126-not-stripped.txt,2,taea,tae,a,no,no
mbc126-not-stripped.txt,2,taea,tae,a,no,no
mbc126-not-stripped.txt,2,fakahokia,fakahoki,a,no,no
mbc126-not-stripped.txt,17,mahia,mahi,a,no,no
mbc126-not-stripped.txt,17,tonohia,tono,hia,no,no
mbc126-not-stripped.txt,17,pErAtia,pErA,tia,no,no
mbc126-not-stripped.txt,2,hokohokoNia,hokohoko,Nia,no,no
mbc126-not-stripped.txt,2,fakatakototia,fakatakoto,tia,no,no
mbc126-not-stripped.txt,2,kIia,kI,ia,no,no
mbc126-not-stripped.txt,2,fakatakototia,fakatakoto,tia,no,no
mbc137-not-stripped.txt,8,fakatautia,fakatau,tia,no,no
mbc126-not-stripped.txt,2,fakawAteatia,fakawAtea,tia,no,no
mbc126-not-stripped.txt,17,taea,tae,a,no,no
mbc126-not-stripped.txt,2,pErAtia,pErA,tia,no,no
mbc126-not-stripped.txt,17,hokona,hoko,na,no,no
mbc126-not-stripped.txt,2,fakamAramatia,fakamArama,tia,no,no
mbc268-not-stripped.txt,23,kIia,kI,ia,no,no
mbc268-not-stripped.txt,38,mahia,mahi,a,no,no
mbc268-not-stripped.txt,74,tukuna,tuku,na,no,no
mbc263-not-stripped.txt,188,pAnuihia,pAnui,hia,no,no
mbc268-not-stripped.txt,57,tukuna,tuku,na,no,no
mbc268-not-stripped.txt,69,tukuna,tuku,na,no,no
mbc268-not-stripped.txt,16,pAnuihia,pAnui,hia,no,no
mbc267-not-stripped.txt,44,fakatUria,fakatU,ria,no,no
mbc229-not-stripped.txt,48,tukuna,tuku,na,no,no
mbc268-not-stripped.txt,14,tukuna,tuku,na,no,no
mbc268-not-stripped.txt,28,tukuna,tuku,na,no,no
mbc268-not-stripped.txt,62,kIia,kI,ia,no,no
mbc267-not-stripped.txt,39,patua,patu,a,no,no
mbc263-not-stripped.txt,163,wAnaNahia,wAnaNa,hia,no,no
mbc263-not-stripped.txt,173,pAnuihia,pAnui,hia,no,no
mbc267-not-stripped.txt,43,fakatuferatia,fakatufera,tia,no,no
mbc228-not-stripped.txt,3,akona,ako,na,no,no
mbc268-not-stripped.txt,59,taea,tae,a,no,no
mbc268-not-stripped.txt,60,kIia,kI,ia,no,no
mbc267-not-stripped.txt,41,tukuna,tuku,na,no,no
mbc263-not-stripped.txt,206,pAnuihia,pAnui,hia,no,no
mbc268-not-stripped.txt,40,katia,kati,a,no,no
mbc267-not-stripped.txt,40,fakatUria,fakatU,ria,no,no
mbc267-not-stripped.txt,49,pOtiNia,pOti,Nia,no,no
mbc263-not-stripped.txt,166,hokona,hoko,na,no,no
mbc228-not-stripped.txt,0,aumihia,aumihi,a,no,no
mbc268-not-stripped.txt,53,pAnuihia,pAnui,hia,no,no
mbc263-not-stripped.txt,166,wAnaNahia,wAnaNa,hia,no,no
mbc268-not-stripped.txt,4,tonoa,tono,a,no,no
mbc268-not-stripped.txt,9,tukuna,tuku,na,no,no
mbc267-not-stripped.txt,41,kIia,kI,ia,no,no
mbc268-not-stripped.txt,56,fakatUria,fakatU,ria,no,no
mbc268-not-stripped.txt,52,tukuna,tuku,na,no,no
mbc268-not-stripped.txt,38,pAnuihia,pAnui,hia,no,no
mbc229-not-stripped.txt,29,fakahaeretia,fakahaere,tia,no,no
mbc267-not-stripped.txt,41,fakatUria,fakatU,ria,no,no
mbc268-not-stripped.txt,22,pAnuihia,pAnui,hia,no,no
mbc268-not-stripped.txt,8,fakatakotohia,fakatakoto,hia,no,no
mbc268-not-stripped.txt,75,fakatUria,fakatU,ria,no,no
mbc229-not-stripped.txt,29,fakaoratia,fakaora,tia,no,no
mbc267-not-stripped.txt,39,fakatUria,fakatU,ria,no,no
mbc229-not-stripped.txt,48,mOhiotia,mOhio,tia,no,no
mbc268-not-stripped.txt,41,tukuna,tuku,na,no,no
mbc267-not-stripped.txt,62,fakahaerehia,fakahaere,hia,no,no
mbc268-not-stripped.txt,58,fakatUria,fakatU,ria,no,no
mbc267-not-stripped.txt,33,fakatUhia,fakatU,hia,no,no
mbc267-not-stripped.txt,65,fakahaeretia,fakahaere,tia,no,no
mbc268-not-stripped.txt,46,pAnuihia,pAnui,hia,no,no
mbc229-not-stripped.txt,58,fakapaohotia,fakapaoho,tia,no,no
mbc268-not-stripped.txt,48,tukuna,tuku,na,no,no
mbc268-not-stripped.txt,1,tukuna,tuku,na,no,no
mbc267-not-stripped.txt,54,fakapOtaehia,fakapOtae,hia,no,no
mbc263-not-stripped.txt,179,pAnuihia,pAnui,hia,no,no
mbc267-not-stripped.txt,64,tukuna,tuku,na,no,no
mbc267-not-stripped.txt,56,fakatUria,fakatU,ria,no,no
mbc229-not-stripped.txt,21,hakaina,haka,ina,no,no
mbc228-not-stripped.txt,10,taea,tae,a,no,no
mbc268-not-stripped.txt,6,tukuna,tuku,na,no,no
mbc229-not-stripped.txt,25,utua,utu,a,no,no
mbc229-not-stripped.txt,19,fakahauhautia,fakahauhau,tia,no,no
mbc263-not-stripped.txt,197,pAnuihia,pAnui,hia,no,no
mbc268-not-stripped.txt,0,fakatautia,fakatau,tia,no,no
mbc268-not-stripped.txt,43,tukuna,tuku,na,no,no
mbc229-not-stripped.txt,21,fArikitia,fAriki,tia,no,no
mbc267-not-stripped.txt,57,fakatUria,fakatU,ria,no,no
mbc267-not-stripped.txt,46,fakatUria,fakatU,ria,no,no
mbc229-not-stripped.txt,21,kitea,kite,a,no,no
mbc048-not-stripped.txt,52,takahia,takahi,a,no,no
mbc235-not-stripped.txt,22,ahatia,aha,tia,no,no
mbc235-not-stripped.txt,16,tautokotia,tautoko,tia,no,no
mbc090-not-stripped.txt,6,firifiria,firifiri,a,no,no
mbc074-not-stripped.txt,36,kINia,kI,Nia,no,no
mbc235-not-stripped.txt,20,kINia,kI,Nia,no,no
mbc235-not-stripped.txt,29,tautokohia,tautoko,hia,no,no
mbc073-not-stripped.txt,4,fakaritea,fakarite,a,no,no
mbc074-not-stripped.txt,40,fakatakotohia,fakatakoto,hia,no,no
mbc046-not-stripped.txt,43,murua,muru,a,no,no
mbc081-not-stripped.txt,14,fakaputaNia,fakaputa,Nia,no,no
mbc046-not-stripped.txt,45,fakahEtia,fakahE,tia,no,no
mbc090-not-stripped.txt,6,fakahaeretia,fakahaere,tia,no,no
mbc006-not-stripped.txt,2,ahatia,aha,tia,no,no
mbc235-not-stripped.txt,29,tukuna,tuku,na,no,no
mbc073-not-stripped.txt,2,fakaritea,fakarite,a,no,no
mbc081-not-stripped.txt,14,tukuna,tuku,na,no,no
mbc235-not-stripped.txt,22,ahatia,aha,tia,no,no
mbc080-not-stripped.txt,51,fakamahia,fakamahi,a,no,no
mbc006-not-stripped.txt,2,tautokotia,tautoko,tia,no,no
mbc090-not-stripped.txt,6,hAmenetia,hAmene,tia,no,no
mbc006-not-stripped.txt,2,fakaritea,fakarite,a,no,no
mbc235-not-stripped.txt,33,fakakAhoretia,fakakAhore,tia,no,no
mbc235-not-stripped.txt,28,tImatahia,tImata,hia,no,no
mbc042-not-stripped.txt,5,tImatahia,tImata,hia,no,no
mbc080-not-stripped.txt,46,fakahokia,fakahoki,a,no,no
mbc233-not-stripped.txt,5,fakaatuNia,fakaatu,Nia,no,no
mbc046-not-stripped.txt,41,fakatikahia,fakatika,hia,no,no
mbc090-not-stripped.txt,6,fakaarotia,fakaaro,tia,no,no
mbc235-not-stripped.txt,16,ahatia,aha,tia,no,no
mbc074-not-stripped.txt,36,puritia,puri,tia,no,no
mbc235-not-stripped.txt,16,fakaritea,fakarite,a,no,no
mbc046-not-stripped.txt,43,waihotia,waiho,tia,no,no
mbc080-not-stripped.txt,46,puritia,puri,tia,no,no
mbc235-not-stripped.txt,28,ritea,rite,a,no,no
mbc073-not-stripped.txt,2,hainatia,haina,tia,no,no
mbc090-not-stripped.txt,4,tonoa,tono,a,no,no
mbc235-not-stripped.txt,29,tukuna,tuku,na,no,no
mbc235-not-stripped.txt,31,Afinatia,Afina,tia,no,no
mbc235-not-stripped.txt,29,tukuna,tuku,na,no,no
mbc081-not-stripped.txt,14,fakaputaNia,fakaputa,Nia,no,no
mbc235-not-stripped.txt,31,fakamahia,fakamahi,a,no,no
mbc235-not-stripped.txt,31,fakaarotia,fakaaro,tia,no,no
mbc090-not-stripped.txt,4,fAiatia,fai,a/tia,no,yes
mbc235-not-stripped.txt,31,fakakAhoretia,fakakAhore,tia,no,no
mbc233-not-stripped.txt,1,ahatia,aha,tia,no,no
mbc235-not-stripped.txt,16,taea,tae,a,no,no
mbc085-not-stripped.txt,48,tautokohia,tautoko,hia,no,no
mbc073-not-stripped.txt,4,ahatia,aha,tia,no,no
mbc235-not-stripped.txt,28,Afinatia,Afina,tia,no,no
mbc073-not-stripped.txt,2,fakahokia,fakahoki,a,no,no
mbc233-not-stripped.txt,5,ahatia,aha,tia,no,no
mbc235-not-stripped.txt,29,tukuna,tuku,na,no,no
mbc041-not-stripped.txt,7,ahatia,aha,tia,no,no
mbc235-not-stripped.txt,31,fakaaetia,fakaae,tia,no,no
mbc233-not-stripped.txt,7,fakaarotia,fakaaro,tia,no,no
mbc235-not-stripped.txt,16,taea,tae,a,no,no
mbc235-not-stripped.txt,22,ahatia,aha,tia,no,no
mbc035-not-stripped.txt,17,fakatatUhia,fakatatU,hia,no,no
mbc035-not-stripped.txt,17,fakaritea,fakarite,a,no,no
mbc235-not-stripped.txt,28,fakatauhia,fakatau,hia,no,no
mbc233-not-stripped.txt,3,waihotia,waiho,tia,no,no
mbc233-not-stripped.txt,3,mOhiotia,mOhio,tia,no,no
mbc233-not-stripped.txt,3,waihotia,waiho,tia,no,no
mbc233-not-stripped.txt,5,fakamaharatia,fakamahara,tia,no,no
mbc042-not-stripped.txt,5,fakahokia,fakahoki,a,no,no
mbc233-not-stripped.txt,3,fakaritea,fakarite,a,no,no
mbc042-not-stripped.txt,7,fakahokia,fakahoki,a,no,no
mbc085-not-stripped.txt,48,tUNia,tU,Nia,no,no
mbc233-not-stripped.txt,3,ahatia,aha,tia,no,no
mbc080-not-stripped.txt,46,puritia,puri,tia,no,no
mbc085-not-stripped.txt,52,mahia,mahi,a,no,no
mbc233-not-stripped.txt,5,fakaritea,fakarite,a,no,no
mbc235-not-stripped.txt,28,fakaaetia,fakaae,tia,no,no
mbc235-not-stripped.txt,28,fakakAhoretia,fakakAhore,tia,no,no
mbc042-not-stripped.txt,9,fakaritea,fakarite,a,no,no
mbc035-not-stripped.txt,17,fakaritea,fakarite,a,no,no
mbc035-not-stripped.txt,17,fakaritea,fakarite,a,no,no
mbc233-not-stripped.txt,3,ahatia,aha,tia,no,no
mbc233-not-stripped.txt,3,ahatia,aha,tia,no,no
mbc041-not-stripped.txt,3,fakaritea,fakarite,a,no,no
mbc085-not-stripped.txt,52,pOtihia,pOti,hia,no,no
mbc233-not-stripped.txt,3,waihotia,waiho,tia,no,no
mbc235-not-stripped.txt,28,fakahiNaNia,fakahiNa,Nia,no,no
mbc235-not-stripped.txt,22,waihotia,waiho,tia,no,no
mbc085-not-stripped.txt,52,fakaaetia,fakaae,tia,no,no
mbc141-not-stripped.txt,54,pEheaNia,pEhea,Nia,no,no
mbc097-not-stripped.txt,38,huritia,huri,tia,no,no
mbc141-not-stripped.txt,1,tUNia,tU,Nia,no,no
mbc097-not-stripped.txt,38,fakatUNia,fakatU,Nia,no,no
mbc141-not-stripped.txt,7,fakahaereNia,fakahaere,Nia,no,no
mbc068-not-stripped.txt,10,puritia,puri,tia,no,no
mbc141-not-stripped.txt,7,haereNia,haere,Nia,no,no
mbc097-not-stripped.txt,38,rUriNia,rUri,Nia,no,no
mbc141-not-stripped.txt,7,fakaaea,fakaae,a,no,no
mbc141-not-stripped.txt,7,ahatia,aha,tia,no,no
mbc141-not-stripped.txt,8,hokona,hoko,na,no,no
mbc141-not-stripped.txt,54,fakaatutia,fakaatu,tia,no,no
mbc141-not-stripped.txt,1,tohua,tohu,a,no,no
mbc068-not-stripped.txt,10,tatUria,tatU,ria,no,no
mbc141-not-stripped.txt,7,haeretia,haere,tia,no,no
mbc159-not-stripped.txt,18,nukuhia,nuku,hia,no,no
mbc159-not-stripped.txt,18,taea,tae,a,no,no
mbc159-not-stripped.txt,18,tAmia,tAmi,a,no,no
mbc159-not-stripped.txt,27,riria,riri,a,no,no
mbc159-not-stripped.txt,20,kOrerotia,kOrero,tia,no,no
mbc159-not-stripped.txt,18,nekehia,neke,hia,no,no
mbc159-not-stripped.txt,20,taea,tae,a,no,no
mbc159-not-stripped.txt,20,fakahoutia,fakahou,tia,no,no
mbc159-not-stripped.txt,18,taea,tae,a,no,no
mbc159-not-stripped.txt,18,nukuNia,nuku,Nia,no,no
mbc145-not-stripped.txt,35,tapaina,tapa,ina,no,no
mbc145-not-stripped.txt,35,fakaroNohia,fakaroNo,hia,no,no
mbc145-not-stripped.txt,35,akonahia,ako,na/hia,no,yes
mbc145-not-stripped.txt,35,kitea,kite,a,no,no
mbc145-not-stripped.txt,35,taNohia,taNo,hia,no,no
mbc145-not-stripped.txt,35,fakaarohia,fakaaro,hia,no,no
mbc145-not-stripped.txt,35,akonahia,ako,na/hia,no,yes
mbc145-not-stripped.txt,35,pANia,pA,Nia,no,no
mbc182-not-stripped.txt,21,pANia,pA,Nia,no,no
mbc182-not-stripped.txt,41,pANia,pA,Nia,no,no
mbc182-not-stripped.txt,21,kapohia,kapo,hia,no,no
mbc182-not-stripped.txt,33,wehea,wehe,a,no,no
mbc147-not-stripped.txt,39,tImatahia,tImata,hia,no,no
mbc147-not-stripped.txt,1,homaihia,homai,hia,no,no
mbc147-not-stripped.txt,39,hurihia,huri,hia,no,no
mbc147-not-stripped.txt,5,kitea,kite,a,no,no
mbc147-not-stripped.txt,5,raraNaia,raraNa,ia,no,no
mbc147-not-stripped.txt,5,hopuhia,hopu,hia,no,no
mbc147-not-stripped.txt,37,tapaina,tapa,ina,no,no
mbc147-not-stripped.txt,37,fakatUhia,fakatU,hia,no,no
mbc147-not-stripped.txt,39,fakatUhia,fakatU,hia,no,no
mbc147-not-stripped.txt,5,kohikohihia,kohikohi,hia,no,no
mbc147-not-stripped.txt,39,mahia,mahi,a,no,no
mbc144-not-stripped.txt,46,tANia,tA,Nia,no,no
mbc144-not-stripped.txt,2,fakahokia,fakahoki,a,no,no
mbc144-not-stripped.txt,20,kaiNia,kai,Nia,no,no
mbc144-not-stripped.txt,44,tahuna,tahu,na,no,no
mbc144-not-stripped.txt,8,kOrerotia,kOrero,tia,no,no
mbc144-not-stripped.txt,44,haria,hari,a,no,no
mbc144-not-stripped.txt,44,haria,hari,a,no,no
mbc144-not-stripped.txt,44,haria,hari,a,no,no
mbc144-not-stripped.txt,8,fakahokia,fakahoki,a,no,no
mbc144-not-stripped.txt,42,fAia,fai,a,no,no
mbc144-not-stripped.txt,20,tukuna,tuku,na,no,no
mbc144-not-stripped.txt,25,kOrerotia,kOrero,tia,no,no
mbc144-not-stripped.txt,39,tANia,tA,Nia,no,no
mbc144-not-stripped.txt,20,taea,tae,a,no,no
mbc144-not-stripped.txt,8,fakahokia,fakahoki,a,no,no
mbc144-not-stripped.txt,44,haria,hari,a,no,no
mbc144-not-stripped.txt,39,tuhituhia,tuhituhi,a,no,no
mbc144-not-stripped.txt,44,tIkina,tiki,na,no,no
mbc144-not-stripped.txt,20,hopuNia,hopu,Nia,no,no
mbc144-not-stripped.txt,44,paoa,pao,a,no,no
mbc144-not-stripped.txt,44,haria,hari,a,no,no
mbc144-not-stripped.txt,42,haria,hari,a,no,no
mbc144-not-stripped.txt,44,tIkina,tiki,na,no,no
mbc146-not-stripped.txt,3,kOrerohia,kOrero,hia,no,no
mbc146-not-stripped.txt,29,fakaatuhia,fakaatu,hia,no,no
mbc146-not-stripped.txt,3,faikOrerohia,faikOrero,hia,no,no
mbc146-not-stripped.txt,3,kOrerohia,kOrero,hia,no,no
mbc146-not-stripped.txt,33,mOhiohia,mOhio,hia,no,no
mbc146-not-stripped.txt,33,kOrerohia,kOrero,hia,no,no
mbc146-not-stripped.txt,3,pUhia,pupuhi,a,no,no
mbc146-not-stripped.txt,3,kitea,kite,a,no,no
mbc146-not-stripped.txt,33,haria,hari,a,no,no
mbc146-not-stripped.txt,3,purihia,puri,hia,no,no
mbc146-not-stripped.txt,3,tirohia,titiro,hia,no,no
mbc095-not-stripped.txt,32,Afinatia,Afina,tia,no,no
mbc154-not-stripped.txt,32,fANaihia,fANai,hia,no,no
mbc122-not-stripped.txt,49,waihaNatia,waihaNa,tia,no,no
mbc097-not-stripped.txt,0,fetUraNitia,fetUraNi,tia,no,no
mbc122-not-stripped.txt,37,haNatia,haNa,tia,no,no
mbc122-not-stripped.txt,17,tapahiNia,tapahi,Nia,no,no
mbc095-not-stripped.txt,10,roNohia,roNo,hia,no,no
mbc095-not-stripped.txt,4,kawea,kawe,a,no,no
mbc095-not-stripped.txt,4,tauNia,tau,Nia,no,no
mbc154-not-stripped.txt,2,pupuritia,pupuri,tia,no,no
mbc154-not-stripped.txt,13,fakatUhia,fakatU,hia,no,no
mbc116-not-stripped.txt,0,fakahuia,fakahui,a,no,no
mbc154-not-stripped.txt,34,kitea,kite,a,no,no
mbc122-not-stripped.txt,5,tImatahia,tImata,hia,no,no
mbc122-not-stripped.txt,43,kawea,kawe,a,no,no
mbc122-not-stripped.txt,41,mahia,mahi,a,no,no
mbc166-not-stripped.txt,63,mauria,mau,ria,no,no
mbc166-not-stripped.txt,73,fakahaereNia,fakahaere,Nia,no,no
mbc166-not-stripped.txt,108,taea,tae,a,no,no
mbc166-not-stripped.txt,29,rapuhia,rapu,hia,no,no
mbc166-not-stripped.txt,81,homaihia,homai,hia,no,no
mbc166-not-stripped.txt,35,mauria,mau,ria,no,no
mbc166-not-stripped.txt,35,akoNia,ako,Nia,no,no
mbc166-not-stripped.txt,55,taea,tae,a,no,no
mbc166-not-stripped.txt,27,taea,tae,a,no,no
mbc221-not-stripped.txt,16,taea,tae,a,no,no
mbc166-not-stripped.txt,25,taea,tae,a,no,no
mbc166-not-stripped.txt,39,fAia,fai,a,no,no
mbc166-not-stripped.txt,11,kOrerotia,kOrero,tia,no,no
mbc221-not-stripped.txt,16,taea,tae,a,no,no
mbc166-not-stripped.txt,29,mauria,mau,ria,no,no
mbc166-not-stripped.txt,75,mauria,mau,ria,no,no
mbc221-not-stripped.txt,16,taea,tae,a,no,no
mbc166-not-stripped.txt,35,mauria,mau,ria,no,no
mbc166-not-stripped.txt,115,mOhiotia,mOhio,tia,no,no
mbc166-not-stripped.txt,95,akoNia,ako,Nia,no,no
mbc166-not-stripped.txt,11,kOrerotia,kOrero,tia,no,no
mbc166-not-stripped.txt,51,aruarumia,aruaru,mia,no,no
mbc166-not-stripped.txt,11,taea,tae,a,no,no
mbc221-not-stripped.txt,16,fakapuakiNia,fakapuaki,Nia,no,no
mbc221-not-stripped.txt,16,taea,tae,a,no,no
mbc166-not-stripped.txt,104,akoNia,ako,Nia,no,no
mbc166-not-stripped.txt,15,mahia,mahi,a,no,no
mbc221-not-stripped.txt,16,taea,tae,a,no,no
mbc166-not-stripped.txt,11,tonoa,tono,a,no,no
mbc166-not-stripped.txt,39,meiNa,mea,Na,no,no
mbc221-not-stripped.txt,16,taea,tae,a,no,no
mbc166-not-stripped.txt,43,mauria,mau,ria,no,no
mbc166-not-stripped.txt,106,tukuna,tuku,na,no,no
mbc221-not-stripped.txt,14,parea,pare,a,no,no
mbc149-not-stripped.txt,41,kitea,kite,a,no,no
mbc149-not-stripped.txt,58,fAia,fai,a,no,no
mbc149-not-stripped.txt,34,kitea,kite,a,no,no
mbc149-not-stripped.txt,30,fakaaroNia,fakaaro,Nia,no,no
mbc149-not-stripped.txt,3,fakatikahia,fakatika,hia,no,no
mbc149-not-stripped.txt,30,akona,ako,na,no,no
mbc149-not-stripped.txt,30,akona,ako,na,no,no
mbc149-not-stripped.txt,44,tohuNia,tohu,Nia,no,no
mbc149-not-stripped.txt,44,tukuna,tuku,na,no,no
mbc149-not-stripped.txt,60,fAia,fai,a,no,no
mbc149-not-stripped.txt,3,karakiaNia,karakia,Nia,no,no
mbc149-not-stripped.txt,46,hurihia,huri,hia,no,no
mbc149-not-stripped.txt,1,fakamahia,fakamahi,a,no,no
mbc149-not-stripped.txt,3,haereNia,haere,Nia,no,no
mbc149-not-stripped.txt,60,fAia,fai,a,no,no
mbc149-not-stripped.txt,24,hoatuNia,hoatu,Nia,no,no
mbc149-not-stripped.txt,44,fakamAoriNia,fakamAori,Nia,no,no
mbc149-not-stripped.txt,24,pErAtia,pErA,tia,no,no
mbc149-not-stripped.txt,58,taea,tae,a,no,no
mbc149-not-stripped.txt,30,fakanuiNia,fakanui,Nia,no,no
mbc149-not-stripped.txt,60,tukuna,tuku,na,no,no
mbc149-not-stripped.txt,34,kIia,kI,ia,no,no
mbc149-not-stripped.txt,58,fAia,fai,a,no,no
mbc149-not-stripped.txt,24,hoatuNia,hoatu,Nia,no,no
mbc149-not-stripped.txt,39,ahaNia,aha,Nia,no,no
mbc149-not-stripped.txt,41,kitea,kite,a,no,no
mbc149-not-stripped.txt,1,fakamahia,fakamahi,a,no,no
mbc152-not-stripped.txt,30,harihariNia,harihari,Nia,no,no
mbc149-not-stripped.txt,46,hurihia,huri,hia,no,no
mbc149-not-stripped.txt,52,fAia,fai,a,no,no
mbc149-not-stripped.txt,20,kIia,kI,ia,no,no
mbc149-not-stripped.txt,20,fakautua,fakautu,a,no,no
mbc149-not-stripped.txt,44,tukuna,tuku,na,no,no
mbc149-not-stripped.txt,58,taea,tae,a,no,no
mbc149-not-stripped.txt,52,mahia,mahi,a,no,no
mbc149-not-stripped.txt,60,taea,tae,a,no,no
mbc152-not-stripped.txt,48,fakakorea,fakakore,a,no,no
mbc149-not-stripped.txt,24,fakahAweaNia,fakahAwea,Nia,no,no
mbc149-not-stripped.txt,44,tukuna,tuku,na,no,no
mbc149-not-stripped.txt,32,tiakina,tiaki,na,no,no
mbc149-not-stripped.txt,42,patua,patu,a,no,no
mbc149-not-stripped.txt,52,haria,hari,a,no,no
mbc149-not-stripped.txt,42,fakaaeNia,fakaae,Nia,no,no
mbc149-not-stripped.txt,58,taea,tae,a,no,no
mbc149-not-stripped.txt,52,hiahiatia,hiahia,tia,no,no
mbc149-not-stripped.txt,60,katia,kati,a,no,no
mbc149-not-stripped.txt,52,hiahiatia,hiahia,tia,no,no
mbc149-not-stripped.txt,52,kimihia,kimi,hia,no,no
mbc149-not-stripped.txt,44,tukuna,tuku,na,no,no
mbc149-not-stripped.txt,41,turakiNia,turaki,Nia,no,no
mbc149-not-stripped.txt,58,taea,tae,a,no,no
mbc149-not-stripped.txt,32,tiakina,tiaki,na,no,no
mbc149-not-stripped.txt,46,fakauruNia,fakauru,Nia,no,no
mbc149-not-stripped.txt,44,kitea,kite,a,no,no
mbc149-not-stripped.txt,58,haeretia,haere,tia,no,no
mbc149-not-stripped.txt,24,tukuna,tuku,na,no,no
mbc149-not-stripped.txt,42,homaiNia,homai,Nia,no,no
mbc149-not-stripped.txt,32,tukuna,tuku,na,no,no
mbc149-not-stripped.txt,34,akona,ako,na,no,no
mbc149-not-stripped.txt,52,mahia,mahi,a,no,no
mbc149-not-stripped.txt,52,taea,tae,a,no,no
mbc149-not-stripped.txt,58,fakarerea,fakarere,a,no,no
mbc149-not-stripped.txt,52,taea,tae,a,no,no
mbc149-not-stripped.txt,44,fakarerea,fakarere,a,no,no
mbc149-not-stripped.txt,42,fakaaeNia,fakaae,Nia,no,no
mbc149-not-stripped.txt,30,kIia,kI,ia,no,no
mbc149-not-stripped.txt,52,taea,tae,a,no,no
mbc149-not-stripped.txt,52,kIia,kI,ia,no,no
mbc149-not-stripped.txt,52,karaNahia,karaNa,hia,no,no
mbc228-not-stripped.txt,6,utaNia,uta,Nia,no,no
mbc228-not-stripped.txt,6,utaNia,uta,Nia,no,no
mbc228-not-stripped.txt,6,porohIaNaNia,porohIaNa,Nia,no,no
mbc090-not-stripped.txt,13,taea,tae,a,no,no
mbc090-not-stripped.txt,13,taea,tae,a,no,no
mbc086-not-stripped.txt,59,fakaarohia,fakaaro,hia,no,no
mbc057-not-stripped.txt,86,taea,tae,a,no,no
mbc086-not-stripped.txt,59,pIkautia,pIkau,tia,no,no
mbc055-not-stripped.txt,66,karaNatia,karaNa,tia,no,no
mbc055-not-stripped.txt,5,fakamutuhia,fakamutu,hia,no,no
mbc128-not-stripped.txt,35,taea,tae,a,no,no
mbc071-not-stripped.txt,42,tukuna,tuku,na,no,no
mbc128-not-stripped.txt,35,rapuhia,rapu,hia,no,no
mbc055-not-stripped.txt,66,tImatahia,tImata,hia,no,no
mbc055-not-stripped.txt,0,kapea,kape,a,no,no
mbc054-not-stripped.txt,13,raweketia,raweke,tia,no,no
mbc070-not-stripped.txt,83,roNohia,roNo,hia,no,no
mbc070-not-stripped.txt,83,fakaaetia,fakaae,tia,no,no
mbc057-not-stripped.txt,62,arohatia,aroha,tia,no,no
mbc128-not-stripped.txt,42,fANaihia,fANai,hia,no,no
mbc128-not-stripped.txt,35,porohia,poro,hia,no,no
mbc128-not-stripped.txt,35,tohuNia,tohu,Nia,no,no
mbc054-not-stripped.txt,67,fakairihia,fakairi,hia,no,no
mbc128-not-stripped.txt,18,foatuhia,foatu,hia,no,no
mbc086-not-stripped.txt,58,fakaritea,fakarite,a,no,no
mbc054-not-stripped.txt,13,rapua,rapu,a,no,no
mbc128-not-stripped.txt,18,rapua,rapu,a,no,no
mbc128-not-stripped.txt,42,titirohia,titiro,hia,no,no
mbc128-not-stripped.txt,35,mahia,mahi,a,no,no
mbc049-not-stripped.txt,8,pIkautia,pIkau,tia,no,no
mbc054-not-stripped.txt,61,kitea,kite,a,no,no
mbc055-not-stripped.txt,16,tirohia,titiro,hia,no,no
mbc054-not-stripped.txt,61,fakaakohia,fakaako,hia,no,no
mbc054-not-stripped.txt,13,mauria,mau,ria,no,no
mbc063-not-stripped.txt,64,horoina,horoi,na,no,no
mbc057-not-stripped.txt,94,fakamatatautia,fakamatatau,tia,no,no
mbc055-not-stripped.txt,16,tahitia,tahi,tia,no,no
mbc057-not-stripped.txt,86,firifirihia,firifiri,hia,no,no
mbc054-not-stripped.txt,1,Afinatia,Afina,tia,no,no
mbc055-not-stripped.txt,0,mOhiotia,mOhio,tia,no,no
mbc129-not-stripped.txt,39,haria,hari,a,no,no
mbc055-not-stripped.txt,56,rAraNitia,rAraNi,tia,no,no
mbc273-not-stripped.txt,10,fAiatia,fai,a/tia,no,yes
mbc063-not-stripped.txt,52,fakatakotohia,fakatakoto,hia,no,no
mbc063-not-stripped.txt,40,fakauruhia,fakauru,hia,no,no
mbc063-not-stripped.txt,34,fakaaetia,fakaae,tia,no,no
mbc128-not-stripped.txt,42,manakohia,manako,hia,no,no
mbc063-not-stripped.txt,47,taea,tae,a,no,no
mbc273-not-stripped.txt,10,fAiatia,fai,a/tia,no,yes
mbc057-not-stripped.txt,72,horaina,hora,ina,no,no
mbc129-not-stripped.txt,39,kekaina,keka,ina,no,no
mbc087-not-stripped.txt,34,tukuna,tuku,na,no,no
mbc054-not-stripped.txt,0,tukuna,tuku,na,no,no
mbc128-not-stripped.txt,42,fakaritea,fakarite,a,no,no
mbc063-not-stripped.txt,33,uhia,uhi,a,no,no
mbc055-not-stripped.txt,36,mAuiuitia,mAuiui,tia,no,no
mbc063-not-stripped.txt,33,taea,tae,a,no,no
mbc055-not-stripped.txt,6,tonutia,tonu,tia,no,no
mbc128-not-stripped.txt,18,foatuhia,foatu,hia,no,no
mbc054-not-stripped.txt,13,meatia,mea,tia,no,no
mbc063-not-stripped.txt,33,kitea,kite,a,no,no
mbc063-not-stripped.txt,52,fakarahitia,fakarahi,tia,no,no
mbc055-not-stripped.txt,0,mauria,mau,ria,no,no
mbc067-not-stripped.txt,45,tukuna,tuku,na,no,no
mbc087-not-stripped.txt,34,kapea,kape,a,no,no
mbc057-not-stripped.txt,80,fakafitia,fakafiti,a,no,no
mbc054-not-stripped.txt,22,fakarerekEhia,fakarerekE,hia,no,no
mbc078-not-stripped.txt,42,kawea,kawe,a,no,no
mbc055-not-stripped.txt,56,pEheatia,pEhea,tia,no,no
mbc273-not-stripped.txt,10,fakafifia,fakafifi,a,no,no
mbc128-not-stripped.txt,31,kIhia,kI,hia,no,no
mbc063-not-stripped.txt,52,kaiNAkautia,kaiNAkau,tia,no,no
mbc055-not-stripped.txt,5,kimihia,kimi,hia,no,no
mbc055-not-stripped.txt,55,fakapaetia,fakapae,tia,no,no
mbc055-not-stripped.txt,5,rOpUtia,rOpU,tia,no,no
mbc054-not-stripped.txt,44,raNona,roNo,na,no,no
mbc086-not-stripped.txt,62,fakamahia,fakamahi,a,no,no
mbc128-not-stripped.txt,18,tuhituhia,tuhituhi,a,no,no
mbc063-not-stripped.txt,47,tirohia,titiro,hia,no,no
mbc055-not-stripped.txt,36,kIia,kI,ia,no,no
mbc063-not-stripped.txt,34,fakaritea,fakarite,a,no,no
mbc273-not-stripped.txt,10,kimihia,kimi,hia,no,no
mbc054-not-stripped.txt,36,fakaponotia,fakapono,tia,no,no
mbc063-not-stripped.txt,33,fakamutua,fakamutu,a,no,no
mbc086-not-stripped.txt,62,kitea,kite,a,no,no
mbc063-not-stripped.txt,47,raNahautia,raNahau,tia,no,no
mbc273-not-stripped.txt,10,fakamahia,fakamahi,a,no,no
mbc049-not-stripped.txt,8,fakaritea,fakarite,a,no,no
mbc055-not-stripped.txt,36,fakaturea,fakature,a,no,no
mbc231-not-stripped.txt,33,tirohia,titiro,hia,no,no
mbc055-not-stripped.txt,55,fakamutua,fakamutu,a,no,no
mbc055-not-stripped.txt,5,kitea,kite,a,no,no
mbc067-not-stripped.txt,45,taNohia,taNo,hia,no,no
mbc057-not-stripped.txt,62,fAkina,fAki,na,no,no
mbc128-not-stripped.txt,31,kIia,kI,ia,no,no
mbc065-not-stripped.txt,33,tukuna,tuku,na,no,no
mbc057-not-stripped.txt,80,taea,tae,a,no,no
mbc049-not-stripped.txt,2,muia,mui,a,no,no
mbc273-not-stripped.txt,10,pOfiritia,pOfiri,tia,no,no
mbc057-not-stripped.txt,62,utaina,uta,ina,no,no
mbc055-not-stripped.txt,36,werohia,wero,hia,no,no
mbc231-not-stripped.txt,33,fakautua,fakautu,a,no,no
mbc054-not-stripped.txt,29,meatia,mea,tia,no,no
mbc231-not-stripped.txt,33,roNona,roNo,na,no,no
mbc273-not-stripped.txt,10,fAiatia,fai,a/tia,no,yes
mbc231-not-stripped.txt,33,kitea,kite,a,no,no
mbc049-not-stripped.txt,2,uhia,uhi,a,no,no
mbc231-not-stripped.txt,33,kitea,kite,a,no,no
mbc231-not-stripped.txt,33,fakautua,fakautu,a,no,no
mbc232-not-stripped.txt,28,moea,moe,a,no,no
mbc232-not-stripped.txt,37,fakakIkIia,fakakIkI,ia,no,no
mbc232-not-stripped.txt,28,fakanuia,fakanui,a,no,no
mbc232-not-stripped.txt,37,taea,tae,a,no,no
mbc232-not-stripped.txt,37,tOia,tO,ia,no,no
mbc078-not-stripped.txt,20,noaNia,noa,Nia,no,no
mbc061-not-stripped.txt,49,hokia,hoki,a,no,no
mbc061-not-stripped.txt,53,mahia,mahi,a,no,no
mbc061-not-stripped.txt,49,mahia,mahi,a,no,no
mbc078-not-stripped.txt,20,kerEmehia,kerEme,hia,no,no
mbc061-not-stripped.txt,49,fakaarotia,fakaaro,tia,no,no
mbc263-not-stripped.txt,154,fAnaua,fAnau,a,no,no
mbc261-not-stripped.txt,135,fakatuferatia,fakatufera,tia,no,no
mbc262-not-stripped.txt,89,fakaritea,fakarite,a,no,no
mbc263-not-stripped.txt,182,tonutia,tonu,tia,no,no
mbc220-not-stripped.txt,6,tuhia,tuhi,a,no,no
mbc266-not-stripped.txt,3,karaNahia,karaNa,hia,no,no
mbc266-not-stripped.txt,60,taea,tae,a,no,no
mbc267-not-stripped.txt,25,tukuna,tuku,na,no,no
mbc262-not-stripped.txt,91,tonutia,tonu,tia,no,no
mbc263-not-stripped.txt,149,tuhia,tuhi,a,no,no
mbc262-not-stripped.txt,45,tUNia,tU,Nia,no,no
mbc225-not-stripped.txt,10,taea,tae,a,no,no
mbc225-not-stripped.txt,14,fAnuitia,fAnui,tia,no,no
mbc263-not-stripped.txt,154,fakaritea,fakarite,a,no,no
mbc220-not-stripped.txt,4,tukuna,tuku,na,no,no
mbc220-not-stripped.txt,3,mauria,mau,ria,no,no
mbc263-not-stripped.txt,126,tirohia,titiro,hia,no,no
mbc261-not-stripped.txt,164,titoa,tito,a,no,no
mbc263-not-stripped.txt,182,fakahokia,fakahoki,a,no,no
mbc225-not-stripped.txt,7,taea,tae,a,no,no
mbc225-not-stripped.txt,36,tImatahia,tImata,hia,no,no
mbc225-not-stripped.txt,5,tImatahia,tImata,hia,no,no
mbc224-not-stripped.txt,19,fakamAtautauhia,fakamAtautau,hia,no,no
mbc263-not-stripped.txt,140,fakaritea,fakarite,a,no,no
mbc262-not-stripped.txt,31,fakaritea,fakarite,a,no,no
mbc225-not-stripped.txt,7,mahia,mahi,a,no,no
mbc262-not-stripped.txt,55,tukuna,tuku,na,no,no
mbc266-not-stripped.txt,62,pania,pani,a,no,no
mbc220-not-stripped.txt,6,tuhia,tuhi,a,no,no
mbc267-not-stripped.txt,25,tirohia,titiro,hia,no,no
mbc266-not-stripped.txt,51,tukuna,tuku,na,no,no
mbc220-not-stripped.txt,6,tuhia,tuhi,a,no,no
mbc224-not-stripped.txt,26,kOrerohia,kOrero,hia,no,no
mbc266-not-stripped.txt,12,kitea,kite,a,no,no
mbc262-not-stripped.txt,106,kitea,kite,a,no,no
mbc262-not-stripped.txt,74,waiatatia,waiata,tia,no,no
mbc267-not-stripped.txt,25,fakahaeretia,fakahaere,tia,no,no
mbc268-not-stripped.txt,36,tukuna,tuku,na,no,no
mbc225-not-stripped.txt,13,hokohia,hoko,hia,no,no
mbc220-not-stripped.txt,3,fakaritea,fakarite,a,no,no
mbc266-not-stripped.txt,48,tukuna,tuku,na,no,no
mbc224-not-stripped.txt,33,fetUraNitia,fetUraNi,tia,no,no
mbc263-not-stripped.txt,57,fakaritea,fakarite,a,no,no
mbc225-not-stripped.txt,1,tirohia,titiro,hia,no,no
mbc225-not-stripped.txt,60,NAkaunuitia,NAkaunui,tia,no,no
mbc224-not-stripped.txt,17,akohia,ako,hia,no,no
mbc263-not-stripped.txt,15,kitea,kite,a,no,no
mbc263-not-stripped.txt,207,warewaretia,wareware,tia,no,no
mbc225-not-stripped.txt,3,hokona,hoko,na,no,no
mbc263-not-stripped.txt,148,ruia,rui,a,no,no
mbc224-not-stripped.txt,27,tirohia,titiro,hia,no,no
mbc266-not-stripped.txt,37,tukuna,tuku,na,no,no
mbc224-not-stripped.txt,33,kOrerohia,kOrero,hia,no,no
mbc263-not-stripped.txt,55,mOhiotia,mOhio,tia,no,no
mbc262-not-stripped.txt,128,fakaritea,fakarite,a,no,no
mbc262-not-stripped.txt,121,tUmanakohia,tUmanako,hia,no,no
mbc262-not-stripped.txt,93,roNona,roNo,na,no,no
mbc262-not-stripped.txt,0,fAnuitia,fAnui,tia,no,no
mbc267-not-stripped.txt,3,waiatatia,waiata,tia,no,no
mbc225-not-stripped.txt,3,iNoatia,iNoa,tia,no,no
mbc225-not-stripped.txt,13,kitea,kite,a,no,no
mbc263-not-stripped.txt,176,fakaaturia,fakaatu,ria,no,no
mbc267-not-stripped.txt,11,fakaatuhia,fakaatu,hia,no,no
mbc266-not-stripped.txt,20,tukuna,tuku,na,no,no
mbc262-not-stripped.txt,106,taea,tae,a,no,no
mbc225-not-stripped.txt,20,rapuhia,rapu,hia,no,no
mbc266-not-stripped.txt,44,pANia,pA,Nia,no,no
mbc262-not-stripped.txt,111,fakaaturia,fakaatu,ria,no,no
mbc223-not-stripped.txt,1,fakaatuhia,fakaatu,hia,no,no
mbc225-not-stripped.txt,51,Afinatia,Afina,tia,no,no
mbc261-not-stripped.txt,79,fAnuitia,fAnui,tia,no,no
mbc262-not-stripped.txt,136,fakaaturia,fakaatu,ria,no,no
mbc266-not-stripped.txt,33,fakakoreNia,fakakore,Nia,no,no
mbc262-not-stripped.txt,93,waiatatia,waiata,tia,no,no
mbc262-not-stripped.txt,106,kitea,kite,a,no,no
mbc263-not-stripped.txt,18,waiatatia,waiata,tia,no,no
mbc263-not-stripped.txt,207,fakapaohotia,fakapaoho,tia,no,no
mbc225-not-stripped.txt,30,fakahaerehia,fakahaere,hia,no,no
mbc262-not-stripped.txt,115,mahia,mahi,a,no,no
mbc225-not-stripped.txt,20,kitea,kite,a,no,no
mbc266-not-stripped.txt,62,tukuna,tuku,na,no,no
mbc262-not-stripped.txt,130,fakaiNoatia,fakaiNoa,tia,no,no
mbc224-not-stripped.txt,16,taea,tae,a,no,no
mbc261-not-stripped.txt,42,tohua,tohu,a,no,no
mbc267-not-stripped.txt,9,taea,tae,a,no,no
mbc225-not-stripped.txt,55,mahia,mahi,a,no,no
mbc261-not-stripped.txt,62,tuhia,tuhi,a,no,no
mbc224-not-stripped.txt,21,tApirihia,tApiri,hia,no,no
mbc261-not-stripped.txt,40,fakaritea,fakarite,a,no,no
mbc225-not-stripped.txt,74,fakaritea,fakarite,a,no,no
mbc266-not-stripped.txt,8,fakaritea,fakarite,a,no,no
mbc261-not-stripped.txt,13,mOhiotia,mOhio,tia,no,no
mbc225-not-stripped.txt,20,fakahIa,fakahI,a,no,no
mbc261-not-stripped.txt,62,tuhia,tuhi,a,no,no
mbc261-not-stripped.txt,62,tuhia,tuhi,a,no,no
mbc262-not-stripped.txt,0,tirohia,titiro,hia,no,no
mbc266-not-stripped.txt,32,tukuna,tuku,na,no,no
mbc266-not-stripped.txt,10,tirohia,titiro,hia,no,no
mbc261-not-stripped.txt,88,fakaritea,fakarite,a,no,no
mbc266-not-stripped.txt,26,tukuna,tuku,na,no,no
mbc261-not-stripped.txt,13,mahia,mahi,a,no,no
mbc225-not-stripped.txt,72,haNaia,haNa,ia,no,no
mbc225-not-stripped.txt,52,kitea,kite,a,no,no
mbc266-not-stripped.txt,23,fakatUria,fakatU,ria,no,no
mbc225-not-stripped.txt,40,taea,tae,a,no,no
mbc225-not-stripped.txt,54,fakatUhia,fakatU,hia,no,no
mbc225-not-stripped.txt,18,tApirihia,tApiri,hia,no,no
mbc266-not-stripped.txt,26,tuhia,tuhi,a,no,no
mbc099-not-stripped.txt,9,kimihia,kimi,hia,no,no
mbc099-not-stripped.txt,9,fakaarohia,fakaaro,hia,no,no
mbc099-not-stripped.txt,9,pOhiriria,pOhiri,ria,no,no
mbc099-not-stripped.txt,9,kOrerotia,kOrero,tia,no,no
mbc272-not-stripped.txt,63,kIia,kI,ia,no,no
mbc272-not-stripped.txt,65,fakahokia,fakahoki,a,no,no
mbc099-not-stripped.txt,25,fakahokia,fakahoki,a,no,no
mbc099-not-stripped.txt,9,fakawAteahia,fakawAtea,hia,no,no
mbc272-not-stripped.txt,59,tiakina,tiaki,na,no,no
mbc099-not-stripped.txt,9,hiahiatia,hiahia,tia,no,no
mbc099-not-stripped.txt,9,fakaarohia,fakaaro,hia,no,no
mbc099-not-stripped.txt,9,waiatahia,waiata,hia,no,no
mbc099-not-stripped.txt,9,fakatuferahia,fakatufera,hia,no,no
mbc099-not-stripped.txt,9,tirohia,titiro,hia,no,no
mbc272-not-stripped.txt,65,mahia,mahi,a,no,no
mbc099-not-stripped.txt,9,tIkina,tiki,na,no,no
mbc272-not-stripped.txt,61,kIia,kI,ia,no,no
mbc099-not-stripped.txt,7,fakafifia,fakafifi,a,no,no
mbc067-not-stripped.txt,7,fakariteNia,fakarite,Nia,no,no
mbc050-not-stripped.txt,13,haria,hari,a,no,no
mbc154-not-stripped.txt,38,kitea,kite,a,no,no
mbc170-not-stripped.txt,21,pOfiritia,pOfiri,tia,no,no
mbc170-not-stripped.txt,11,tohatohahia,tohatoha,hia,no,no
mbc231-not-stripped.txt,15,irihia,iri,hia,no,no
mbc170-not-stripped.txt,9,pUhia,pupuhi,a,no,no
mbc231-not-stripped.txt,15,taea,tae,a,no,no
mbc170-not-stripped.txt,11,Afinatia,Afina,tia,no,no
mbc170-not-stripped.txt,23,tUkinotia,tUkino,tia,no,no
mbc231-not-stripped.txt,15,fANaihia,fANai,hia,no,no
mbc170-not-stripped.txt,23,tautokotia,tautoko,tia,no,no
mbc170-not-stripped.txt,11,kimihia,kimi,hia,no,no
mbc231-not-stripped.txt,15,kOrerohia,kOrero,hia,no,no
mbc170-not-stripped.txt,11,Afinatia,Afina,tia,no,no
mbc170-not-stripped.txt,5,manaakitia,manaaki,tia,no,no
mbc170-not-stripped.txt,7,taea,tae,a,no,no
mbc231-not-stripped.txt,15,mahuetia,mahue,tia,no,no
mbc170-not-stripped.txt,1,fakaroaNia,fakaroa,Nia,no,no
mbc170-not-stripped.txt,7,taea,tae,a,no,no
mbc170-not-stripped.txt,9,pUhia,pupuhi,a,no,no
mbc170-not-stripped.txt,7,mahuetia,mahue,tia,no,no
mbc170-not-stripped.txt,15,tOia,tO,ia,no,no
mbc231-not-stripped.txt,15,manaakihia,manaaki,hia,no,no
mbc170-not-stripped.txt,13,pOfiritia,pOfiri,tia,no,no
mbc140-not-stripped.txt,32,kIia,kI,ia,no,no
mbc140-not-stripped.txt,29,faiNia,fai,Nia,no,no
mbc140-not-stripped.txt,29,faiNia,fai,Nia,no,no
mbc140-not-stripped.txt,27,akona,ako,na,no,no
mbc043-not-stripped.txt,35,taea,tae,a,no,no
mbc089-not-stripped.txt,60,herea,here,a,no,no
mbc043-not-stripped.txt,35,kIia,kI,ia,no,no
mbc089-not-stripped.txt,58,taea,tae,a,no,no
mbc089-not-stripped.txt,62,tukuna,tuku,na,no,no
mbc089-not-stripped.txt,62,haNaNia,haNa,Nia,no,no
mbc089-not-stripped.txt,56,pakaNia,paka,Nia,no,no
mbc228-not-stripped.txt,8,mauria,mau,ria,no,no
mbc228-not-stripped.txt,8,patua,patu,a,no,no
mbc228-not-stripped.txt,4,makaia,maka,ia,no,no
mbc177-not-stripped.txt,27,hApaiNia,hApai,Nia,no,no
mbc177-not-stripped.txt,0,fakamAramaNia,fakamArama,Nia,no,no
mbc177-not-stripped.txt,39,tukuNia,tuku,Nia,no,no
mbc177-not-stripped.txt,39,fakahokiNia,fakahoki,Nia,no,no
mbc177-not-stripped.txt,27,pEheaNia,pEhea,Nia,no,no
mbc177-not-stripped.txt,51,taea,tae,a,no,no
mbc177-not-stripped.txt,45,patuNia,patu,Nia,no,no
mbc177-not-stripped.txt,21,fakatUNia,fakatU,Nia,no,no
mbc177-not-stripped.txt,45,kOreroNia,kOrero,Nia,no,no
mbc177-not-stripped.txt,39,maihia,mai,hia,no,no
mbc057-not-stripped.txt,98,akoNia,ako,Nia,no,no
mbc176-not-stripped.txt,47,noatia,noa,tia,no,no
mbc176-not-stripped.txt,216,taea,tae,a,no,no
mbc176-not-stripped.txt,26,waiatahia,waiata,hia,no,no
mbc176-not-stripped.txt,216,kitea,kite,a,no,no
mbc176-not-stripped.txt,26,waiatahia,waiata,hia,no,no
mbc176-not-stripped.txt,43,fAnuiNia,fAnui,Nia,no,no
mbc176-not-stripped.txt,26,kitea,kite,a,no,no
mbc176-not-stripped.txt,41,taea,tae,a,no,no
mbc176-not-stripped.txt,51,taea,tae,a,no,no
mbc176-not-stripped.txt,47,taea,tae,a,no,no
mbc176-not-stripped.txt,47,taea,tae,a,no,no
mbc176-not-stripped.txt,216,roNohia,roNo,hia,no,no
mbc176-not-stripped.txt,97,fakahuaNia,fakahua,Nia,no,no
mbc176-not-stripped.txt,216,noatia,noa,tia,no,no
mbc176-not-stripped.txt,97,tapahiNia,tapahi,Nia,no,no
mbc273-not-stripped.txt,29,kitea,kite,a,no,no
mbc273-not-stripped.txt,30,fakatakotohia,fakatakoto,hia,no,no
mbc273-not-stripped.txt,30,mauria,mau,ria,no,no
mbc273-not-stripped.txt,30,mauria,mau,ria,no,no
mbc273-not-stripped.txt,30,okaina,oka,ina,no,no
mbc273-not-stripped.txt,30,patua,patu,a,no,no
mbc273-not-stripped.txt,30,tOia,tO,ia,no,no
mbc273-not-stripped.txt,30,tunua,tunu,a,no,no
mbc273-not-stripped.txt,30,unuhia,unu,hia,no,no
mbc273-not-stripped.txt,30,unuhia,unu,hia,no,no
mbc273-not-stripped.txt,30,unuhia,unu,hia,no,no
mbc273-not-stripped.txt,30,utaina,uta,ina,no,no
mbc157-not-stripped.txt,62,tArikirikitia,tArikiriki,tia,no,no
mbc157-not-stripped.txt,29,mahia,mahi,a,no,no
mbc157-not-stripped.txt,64,kIia,kI,ia,no,no
mbc157-not-stripped.txt,39,kaiNa,kai,Na,no,no
mbc157-not-stripped.txt,29,fakaaea,fakaae,a,no,no
mbc157-not-stripped.txt,66,pEhia,pEhi,a,no,no
mbc157-not-stripped.txt,56,taea,tae,a,no,no
mbc157-not-stripped.txt,62,kOrerotia,kOrero,tia,no,no
mbc157-not-stripped.txt,60,fakahuahuatia,fakahuahua,tia,no,no
mbc157-not-stripped.txt,58,fakatakaNia,fakataka,Nia,no,no
mbc157-not-stripped.txt,56,taea,tae,a,no,no
mbc157-not-stripped.txt,58,taea,tae,a,no,no
mbc157-not-stripped.txt,56,kimihia,kimi,hia,no,no
mbc157-not-stripped.txt,33,fakatakotoNia,fakatakoto,Nia,no,no
mbc157-not-stripped.txt,62,mOhiotia,mOhio,tia,no,no
mbc157-not-stripped.txt,66,taea,tae,a,no,no
mbc157-not-stripped.txt,62,mOhiotia,mOhio,tia,no,no
mbc157-not-stripped.txt,52,roatia,roa,tia,no,no
mbc157-not-stripped.txt,58,fakatakaNia,fakataka,Nia,no,no
mbc157-not-stripped.txt,56,kimihia,kimi,hia,no,no
mbc157-not-stripped.txt,58,kIia,kI,ia,no,no
mbc157-not-stripped.txt,62,fakapuakiNia,fakapuaki,Nia,no,no
mbc157-not-stripped.txt,56,waihotia,waiho,tia,no,no
mbc157-not-stripped.txt,58,fakatakaNia,fakataka,Nia,no,no
mbc157-not-stripped.txt,62,kOrerotia,kOrero,tia,no,no
mbc157-not-stripped.txt,33,haria,hari,a,no,no
mbc157-not-stripped.txt,62,kOrerotia,kOrero,tia,no,no
mbc052-not-stripped.txt,36,aukatiNia,aukati,Nia,no,no
mbc052-not-stripped.txt,43,taea,tae,a,no,no
mbc052-not-stripped.txt,38,aukatiNia,aukati,Nia,no,no
mbc088-not-stripped.txt,24,fakarahia,fakarahi,a,no,no
mbc100-not-stripped.txt,4,aratakihia,arataki,hia,no,no
mbc100-not-stripped.txt,4,pErAtia,pErA,tia,no,no
mbc100-not-stripped.txt,4,tItoretorehia,tItoretore,hia,no,no
mbc100-not-stripped.txt,4,tukuna,tuku,na,no,no
mbc100-not-stripped.txt,4,tAhia,tA,hia,no,no
mbc100-not-stripped.txt,4,rAwekewekehia,rAwekeweke,hia,no,no
mbc100-not-stripped.txt,4,utaina,uta,ina,no,no
mbc100-not-stripped.txt,4,roNonahia,roNo,na/hia,no,yes
mbc100-not-stripped.txt,4,pErAtia,pErA,tia,no,no
mbc100-not-stripped.txt,4,kitea,kite,a,no,no
mbc100-not-stripped.txt,4,pAnuitia,pAnui,tia,no,no
mbc100-not-stripped.txt,4,taea,tae,a,no,no
mbc100-not-stripped.txt,4,kIia,kI,ia,no,no
mbc100-not-stripped.txt,4,fakatakotohia,fakatakoto,hia,no,no
mbc063-not-stripped.txt,17,katia,kati,a,no,no
mbc063-not-stripped.txt,17,tukua,tuku,a,no,no
mbc164-not-stripped.txt,13,tutukiNia,tutuki,Nia,no,no
mbc228-not-stripped.txt,13,fakatakotoria,fakatakoto,ria,no,no
mbc228-not-stripped.txt,13,tahuna,tahu,na,no,no
mbc164-not-stripped.txt,13,tukuna,tuku,na,no,no
mbc164-not-stripped.txt,13,tukuna,tuku,na,no,no
mbc164-not-stripped.txt,13,fakanohoNia,fakanoho,Nia,no,no
mbc164-not-stripped.txt,13,fakahokia,fakahoki,a,no,no
mbc164-not-stripped.txt,13,fakahokia,fakahoki,a,no,no
mbc164-not-stripped.txt,13,kitea,kite,a,no,no
mbc164-not-stripped.txt,13,kimihia,kimi,hia,no,no
mbc164-not-stripped.txt,13,murua,muru,a,no,no
mbc164-not-stripped.txt,13,meaNia,mea,Nia,no,no
mbc164-not-stripped.txt,13,utaina,uta,ina,no,no
mbc164-not-stripped.txt,13,homaiNia,homai,Nia,no,no
mbc164-not-stripped.txt,13,katoatia,katoa,tia,no,no
mbc164-not-stripped.txt,13,fakahokia,fakahoki,a,no,no
mbc164-not-stripped.txt,13,meiNia,mea,Nia,no,no
mbc164-not-stripped.txt,13,meatia,mea,tia,no,no
mbc228-not-stripped.txt,13,tonohia,tono,hia,no,no
mbc164-not-stripped.txt,13,taea,tae,a,no,no
mbc164-not-stripped.txt,13,tonoNia,tono,Nia,no,no
mbc164-not-stripped.txt,13,tonoNia,tono,Nia,no,no
mbc164-not-stripped.txt,13,tukuna,tuku,na,no,no
mbc134-not-stripped.txt,39,fakaahuaNia,fakaahua,Nia,no,no
mbc126-not-stripped.txt,43,fakahokia,fakahoki,a,no,no
mbc126-not-stripped.txt,12,fAnakohia,fAnako,hia,no,no
mbc126-not-stripped.txt,43,kOrerohia,kOrero,hia,no,no
mbc126-not-stripped.txt,41,mahia,mahi,a,no,no
mbc126-not-stripped.txt,3,kOreroNia,kOrero,Nia,no,no
mbc126-not-stripped.txt,16,taea,tae,a,no,no
mbc126-not-stripped.txt,3,hokona,hoko,na,no,no
mbc126-not-stripped.txt,43,mahia,mahi,a,no,no
mbc126-not-stripped.txt,10,fakaaehia,fakaae,hia,no,no
mbc126-not-stripped.txt,43,fakanohohia,fakanoho,hia,no,no
mbc126-not-stripped.txt,16,fakahokia,fakahoki,a,no,no
mbc126-not-stripped.txt,12,hokona,hoko,na,no,no
mbc126-not-stripped.txt,35,hokona,hoko,na,no,no
mbc126-not-stripped.txt,3,kIia,kI,ia,no,no
mbc126-not-stripped.txt,43,kOrerohia,kOrero,hia,no,no
mbc126-not-stripped.txt,39,hokona,hoko,na,no,no
mbc126-not-stripped.txt,12,hokona,hoko,na,no,no
mbc126-not-stripped.txt,41,kOrerohia,kOrero,hia,no,no
mbc126-not-stripped.txt,45,kIia,kI,ia,no,no
mbc126-not-stripped.txt,39,tirotirohia,tirotiro,hia,no,no
mbc126-not-stripped.txt,45,kOrerohia,kOrero,hia,no,no
mbc126-not-stripped.txt,12,fAfAhia,fAfA,hia,no,no
mbc126-not-stripped.txt,43,fakatOhia,fakatO,hia,no,no
mbc126-not-stripped.txt,10,tohuhia,tohu,hia,no,no
mbc126-not-stripped.txt,16,fakahokia,fakahoki,a,no,no
mbc126-not-stripped.txt,20,kIia,kI,ia,no,no
mbc126-not-stripped.txt,39,fakahokia,fakahoki,a,no,no
mbc126-not-stripped.txt,3,heria,heri,a,no,no
mbc126-not-stripped.txt,39,mahia,mahi,a,no,no
mbc126-not-stripped.txt,16,hokona,hoko,na,no,no
mbc126-not-stripped.txt,3,kOrerohia,kOrero,hia,no,no
mbc126-not-stripped.txt,43,fakanohohia,fakanoho,hia,no,no
mbc126-not-stripped.txt,3,katoahia,katoa,hia,no,no
mbc126-not-stripped.txt,45,mahia,mahi,a,no,no
mbc126-not-stripped.txt,20,wAhia,wAwAhi,a,no,no
mbc126-not-stripped.txt,20,tukuna,tuku,na,no,no
mbc126-not-stripped.txt,43,hokona,hoko,na,no,no
mbc126-not-stripped.txt,14,fAfAhia,fAfA,hia,no,no
mbc126-not-stripped.txt,3,titirohia,titiro,hia,no,no
mbc126-not-stripped.txt,45,kOrerohia,kOrero,hia,no,no
mbc126-not-stripped.txt,45,hutia,huti,a,no,no
mbc126-not-stripped.txt,43,nohohia,noho,hia,no,no
mbc126-not-stripped.txt,33,huria,huri,a,no,no
mbc126-not-stripped.txt,31,kOrerohia,kOrero,hia,no,no
mbc126-not-stripped.txt,45,kOrerohia,kOrero,hia,no,no
mbc126-not-stripped.txt,45,fiua,fiu,a,no,no
mbc126-not-stripped.txt,10,fAia,fai,a,no,no
mbc126-not-stripped.txt,35,fakaroNohia,fakaroNo,hia,no,no
mbc126-not-stripped.txt,45,tukuna,tuku,na,no,no
mbc126-not-stripped.txt,45,mahia,mahi,a,no,no
mbc242-not-stripped.txt,35,mahia,mahi,a,no,no
mbc023-not-stripped.txt,17,hainatia,haina,tia,no,no
mbc242-not-stripped.txt,33,hainatia,haina,tia,no,no
mbc242-not-stripped.txt,37,tautokotia,tautoko,tia,no,no
mbc032-not-stripped.txt,7,tautokotia,tautoko,tia,no,no
mbc079-not-stripped.txt,8,tautokotia,tautoko,tia,no,no
mbc242-not-stripped.txt,37,tautokotia,tautoko,tia,no,no
mbc242-not-stripped.txt,37,tautokotia,tautoko,tia,no,no
mbc144-not-stripped.txt,22,haria,hari,a,no,no
mbc111-not-stripped.txt,16,wehea,wehe,a,no,no
mbc144-not-stripped.txt,22,fakatUNia,fakatU,Nia,no,no
mbc144-not-stripped.txt,22,takotoria,takoto,ria,no,no
mbc144-not-stripped.txt,3,fakahokia,fakahoki,a,no,no
mbc111-not-stripped.txt,16,fakanoaNia,fakanoa,Nia,no,no
mbc110-not-stripped.txt,16,nukuhia,nuku,hia,no,no
mbc110-not-stripped.txt,16,tanumia,tanu,mia,no,no
mbc144-not-stripped.txt,22,fakahokia,fakahoki,a,no,no
mbc144-not-stripped.txt,10,pErAtia,pErA,tia,no,no
mbc144-not-stripped.txt,43,mauria,mau,ria,no,no
mbc144-not-stripped.txt,22,haria,hari,a,no,no
mbc111-not-stripped.txt,16,haria,hari,a,no,no
mbc111-not-stripped.txt,16,haria,hari,a,no,no
mbc111-not-stripped.txt,16,tikaNia,tika,Nia,no,no
mbc144-not-stripped.txt,30,nukuhia,nuku,hia,no,no
mbc110-not-stripped.txt,16,tahuna,tahu,na,no,no
mbc110-not-stripped.txt,16,tukuna,tuku,na,no,no
mbc144-not-stripped.txt,3,hokia,hoki,a,no,no
mbc110-not-stripped.txt,19,taea,tae,a,no,no
mbc111-not-stripped.txt,16,tohia,tohi,a,no,no
mbc111-not-stripped.txt,16,mahia,mahi,a,no,no
mbc144-not-stripped.txt,55,tonoa,tono,a,no,no
mbc111-not-stripped.txt,16,haria,hari,a,no,no
mbc111-not-stripped.txt,12,titia,titi,a,no,no
mbc110-not-stripped.txt,16,taea,tae,a,no,no
mbc110-not-stripped.txt,19,taea,tae,a,no,no
mbc144-not-stripped.txt,16,kitea,kite,a,no,no
mbc111-not-stripped.txt,16,tohia,tohi,a,no,no
mbc144-not-stripped.txt,3,hokona,hoko,na,no,no
mbc110-not-stripped.txt,16,haria,hari,a,no,no
mbc110-not-stripped.txt,19,taea,tae,a,no,no
mbc110-not-stripped.txt,19,rANia,rA,Nia,no,no
mbc111-not-stripped.txt,16,haria,hari,a,no,no
mbc110-not-stripped.txt,16,taea,tae,a,no,no
mbc110-not-stripped.txt,16,taNihia,taNi,hia,no,no
mbc144-not-stripped.txt,30,tIkina,tiki,na,no,no
mbc111-not-stripped.txt,16,putaNia,puta,Nia,no,no
mbc144-not-stripped.txt,10,kOhatutia,kOhatu,tia,no,no
mbc111-not-stripped.txt,16,kIia,kI,ia,no,no
mbc110-not-stripped.txt,19,fakaaeNia,fakaae,Nia,no,no
mbc144-not-stripped.txt,30,haria,hari,a,no,no
mbc110-not-stripped.txt,19,rANia,rA,Nia,no,no
mbc144-not-stripped.txt,3,hokona,hoko,na,no,no
mbc144-not-stripped.txt,3,fakahokia,fakahoki,a,no,no
mbc110-not-stripped.txt,5,mahueNia,mahue,Nia,no,no
mbc144-not-stripped.txt,30,nukuhia,nuku,hia,no,no
mbc110-not-stripped.txt,16,taea,tae,a,no,no
mbc144-not-stripped.txt,55,raupatuNia,raupatu,Nia,no,no
mbc111-not-stripped.txt,16,fakakorea,fakakore,a,no,no
mbc111-not-stripped.txt,16,tiakina,tiaki,na,no,no
mbc111-not-stripped.txt,16,haria,hari,a,no,no
mbc110-not-stripped.txt,19,moea,moe,a,no,no
mbc110-not-stripped.txt,16,pUhia,pupuhi,a,no,no
mbc110-not-stripped.txt,16,kIia,kI,ia,no,no
mbc110-not-stripped.txt,16,taNihia,taNi,hia,no,no
mbc110-not-stripped.txt,16,taea,tae,a,no,no
mbc110-not-stripped.txt,16,haria,hari,a,no,no
mbc110-not-stripped.txt,16,pUhia,pupuhi,a,no,no
mbc111-not-stripped.txt,16,rANia,rA,Nia,no,no
mbc111-not-stripped.txt,16,rANia,rA,Nia,no,no
mbc110-not-stripped.txt,16,haereNia,haere,Nia,no,no
mbc144-not-stripped.txt,3,raupatutia,raupatu,tia,no,no
mbc111-not-stripped.txt,16,haria,hari,a,no,no
mbc110-not-stripped.txt,16,taea,tae,a,no,no
mbc111-not-stripped.txt,16,mahia,mahi,a,no,no
mbc111-not-stripped.txt,28,tukuna,tuku,na,no,no
mbc111-not-stripped.txt,26,akona,ako,na,no,no
mbc144-not-stripped.txt,55,fakahokia,fakahoki,a,no,no
mbc110-not-stripped.txt,19,fakaaeNia,fakaae,Nia,no,no
mbc110-not-stripped.txt,16,nukuhia,nuku,hia,no,no
mbc144-not-stripped.txt,55,fakahokia,fakahoki,a,no,no
mbc110-not-stripped.txt,19,moea,moe,a,no,no
mbc111-not-stripped.txt,26,kOrerotia,kOrero,tia,no,no
mbc144-not-stripped.txt,3,murua,muru,a,no,no
mbc110-not-stripped.txt,16,nukuhia,nuku,hia,no,no
mbc111-not-stripped.txt,26,kIia,kI,ia,no,no
mbc144-not-stripped.txt,3,raupatuNia,raupatu,Nia,no,no
mbc144-not-stripped.txt,55,fakahokia,fakahoki,a,no,no
mbc031-not-stripped.txt,44,fakatOhia,fakatO,hia,no,no
mbc034-not-stripped.txt,20,utua,utu,a,no,no
mbc035-not-stripped.txt,3,firifirihia,firifiri,hia,no,no
mbc039-not-stripped.txt,32,fakahokia,fakahoki,a,no,no
mbc032-not-stripped.txt,13,hainatia,haina,tia,no,no
mbc039-not-stripped.txt,36,katia,kati,a,no,no
mbc035-not-stripped.txt,4,fakaiNoataNahia,fakaiNoa,taNa/hia,yes,no
mbc039-not-stripped.txt,32,fakaritea,fakarite,a,no,no
mbc039-not-stripped.txt,38,panaia,pana,ia,no,no
mbc033-not-stripped.txt,14,hokona,hoko,na,no,no
mbc031-not-stripped.txt,43,fakanuia,fakanui,a,no,no
mbc035-not-stripped.txt,4,fakarerekEhia,fakarerekE,hia,no,no
mbc039-not-stripped.txt,28,raNona,roNo,na,no,no
mbc039-not-stripped.txt,32,kOrerohia,kOrero,hia,no,no
mbc033-not-stripped.txt,10,fakaiNoatia,fakaiNoa,tia,no,no
mbc033-not-stripped.txt,1,kOrerohia,kOrero,hia,no,no
mbc039-not-stripped.txt,36,tautohetia,tautohe,tia,no,no
mbc035-not-stripped.txt,4,huitia,hui,tia,no,no
mbc033-not-stripped.txt,16,fakawAtia,fakawA,tia,no,no
mbc032-not-stripped.txt,12,rapua,rapu,a,no,no
mbc033-not-stripped.txt,12,wAnaNahia,wAnaNa,hia,no,no
mbc031-not-stripped.txt,11,matakitetia,matakite,tia,no,no
mbc035-not-stripped.txt,4,fakaaetia,fakaae,tia,no,no
mbc034-not-stripped.txt,16,raNahautia,raNahau,tia,no,no
mbc125-not-stripped.txt,21,taea,tae,a,no,no
mbc031-not-stripped.txt,43,karohia,karo,hia,no,no
mbc031-not-stripped.txt,42,fakatutukihia,fakatutuki,hia,no,no
mbc039-not-stripped.txt,32,takahia,takahi,a,no,no
mbc033-not-stripped.txt,5,fakatutukihia,fakatutuki,hia,no,no
mbc045-not-stripped.txt,44,mOhiotia,mOhio,tia,no,no
mbc033-not-stripped.txt,7,fakatOhia,fakatO,hia,no,no
mbc039-not-stripped.txt,34,hAmenetia,hAmene,tia,no,no
mbc034-not-stripped.txt,59,tImatahia,tImata,hia,no,no
mbc039-not-stripped.txt,33,takahia,takahi,a,no,no
mbc039-not-stripped.txt,34,haotia,hao,tia,no,no
mbc034-not-stripped.txt,16,tautokohia,tautoko,hia,no,no
mbc033-not-stripped.txt,1,kIia,kI,ia,no,no
mbc031-not-stripped.txt,42,fakatUhia,fakatU,hia,no,no
mbc032-not-stripped.txt,55,fakaiNoatia,fakaiNoa,tia,no,no
mbc034-not-stripped.txt,3,taea,tae,a,no,no
mbc031-not-stripped.txt,44,fakapikihia,fakapiki,hia,no,no
mbc033-not-stripped.txt,7,fakahOnoretia,fakahOnore,tia,no,no
mbc034-not-stripped.txt,7,tImatahia,tImata,hia,no,no
mbc034-not-stripped.txt,57,waihotia,waiho,tia,no,no
mbc032-not-stripped.txt,9,fakaiNoatia,fakaiNoa,tia,no,no
mbc039-not-stripped.txt,33,kawea,kawe,a,no,no
mbc034-not-stripped.txt,59,fakaritea,fakarite,a,no,no
mbc033-not-stripped.txt,3,fakahaerehia,fakahaere,hia,no,no
mbc034-not-stripped.txt,19,pUhia,pupuhi,a,no,no
mbc034-not-stripped.txt,12,kitea,kite,a,no,no
mbc034-not-stripped.txt,16,fakakorehia,fakakore,hia,no,no
mbc039-not-stripped.txt,13,purua,puru,a,no,no
mbc032-not-stripped.txt,16,fakaritea,fakarite,a,no,no
mbc034-not-stripped.txt,0,taNohia,taNo,hia,no,no
mbc045-not-stripped.txt,44,fakahokia,fakahoki,a,no,no
mbc039-not-stripped.txt,32,fakamOhiotia,fakamOhio,tia,no,no
mbc035-not-stripped.txt,3,tautokohia,tautoko,hia,no,no
mbc039-not-stripped.txt,25,fakapaetia,fakapae,tia,no,no
mbc031-not-stripped.txt,41,hokona,hoko,na,no,no
mbc034-not-stripped.txt,15,werohia,wero,hia,no,no
mbc031-not-stripped.txt,37,tAkarohia,tAkaro,hia,no,no
mbc039-not-stripped.txt,13,pUhia,pupuhi,a,no,no
mbc035-not-stripped.txt,4,fakaarohia,fakaaro,hia,no,no
mbc039-not-stripped.txt,13,roNohia,roNo,hia,no,no
mbc034-not-stripped.txt,61,poupoua,poupou,a,no,no
mbc039-not-stripped.txt,29,fakakorehia,fakakore,hia,no,no
mbc034-not-stripped.txt,3,taNohia,taNo,hia,no,no
mbc039-not-stripped.txt,32,fakakorehia,fakakore,hia,no,no
mbc034-not-stripped.txt,6,haNaia,haNa,ia,no,no
mbc031-not-stripped.txt,2,tApuhia,tApu,hia,no,no
mbc035-not-stripped.txt,3,hoatuna,hoatu,na,no,no
mbc032-not-stripped.txt,1,fakatUhia,fakatU,hia,no,no
mbc031-not-stripped.txt,42,fakaritea,fakarite,a,no,no
mbc032-not-stripped.txt,8,tArewahia,tArewa,hia,no,no
mbc032-not-stripped.txt,36,fakaiNoatia,fakaiNoa,tia,no,no
mbc034-not-stripped.txt,59,tautokohia,tautoko,hia,no,no
mbc032-not-stripped.txt,35,kIia,kI,ia,no,no
mbc032-not-stripped.txt,1,fakapaipaihia,fakapaipai,hia,no,no
mbc033-not-stripped.txt,44,tohaina,toha,ina,no,no
mbc032-not-stripped.txt,55,fAia,fai,a,no,no
mbc031-not-stripped.txt,2,kOhurutia,kOhuru,tia,no,no
mbc039-not-stripped.txt,38,utaina,uta,ina,no,no
mbc031-not-stripped.txt,42,tAwEwEtia,tAwEwE,tia,no,no
mbc034-not-stripped.txt,57,kitea,kite,a,no,no
mbc031-not-stripped.txt,39,fakaiNoatia,fakaiNoa,tia,no,no
mbc031-not-stripped.txt,3,tonuhia,tonu,hia,no,no
mbc031-not-stripped.txt,41,fakaritea,fakarite,a,no,no
mbc034-not-stripped.txt,15,fakamanahia,fakamana,hia,no,no
mbc032-not-stripped.txt,8,tukuna,tuku,na,no,no
mbc034-not-stripped.txt,17,tohuNia,tohu,Nia,no,no
mbc032-not-stripped.txt,30,haNaia,haNa,ia,no,no
mbc039-not-stripped.txt,13,fakapahUtia,fakapahU,tia,no,no
mbc039-not-stripped.txt,13,taNohia,taNo,hia,no,no
mbc032-not-stripped.txt,12,fakarAraNitia,fakarAraNi,tia,no,no
mbc033-not-stripped.txt,40,taNohia,taNo,hia,no,no
mbc031-not-stripped.txt,2,roNohia,roNo,hia,no,no
mbc031-not-stripped.txt,2,kitea,kite,a,no,no
mbc034-not-stripped.txt,11,aukatia,aukati,a,no,no
mbc034-not-stripped.txt,55,mauria,mau,ria,no,no
mbc035-not-stripped.txt,4,fakaaetia,fakaae,tia,no,no
mbc032-not-stripped.txt,36,kitea,kite,a,no,no
mbc034-not-stripped.txt,45,mArenahia,mArena,hia,no,no
mbc031-not-stripped.txt,32,fakawAteahia,fakawAtea,hia,no,no
mbc033-not-stripped.txt,40,fakamahia,fakamahi,a,no,no
mbc033-not-stripped.txt,32,kitea,kite,a,no,no
mbc039-not-stripped.txt,25,pUhia,pupuhi,a,no,no
mbc033-not-stripped.txt,43,pAnuitia,pAnui,tia,no,no
mbc034-not-stripped.txt,29,taea,tae,a,no,no
mbc035-not-stripped.txt,8,tAkarohia,tAkaro,hia,no,no
mbc031-not-stripped.txt,2,maharatia,mahara,tia,no,no
mbc034-not-stripped.txt,51,kitea,kite,a,no,no
mbc034-not-stripped.txt,7,tImatahia,tImata,hia,no,no
mbc039-not-stripped.txt,24,fakapauhia,fakapau,hia,no,no
mbc034-not-stripped.txt,10,fakahaerehia,fakahaere,hia,no,no
mbc032-not-stripped.txt,34,hainatia,haina,tia,no,no
mbc031-not-stripped.txt,34,fakapaetia,fakapae,tia,no,no
mbc032-not-stripped.txt,2,fakatUhia,fakatU,hia,no,no
mbc031-not-stripped.txt,7,kIia,kI,ia,no,no
mbc125-not-stripped.txt,68,mahia,mahi,a,no,no
mbc039-not-stripped.txt,26,fakamutua,fakamutu,a,no,no
mbc034-not-stripped.txt,47,katia,kati,a,no,no
mbc074-not-stripped.txt,48,horahia,hora,hia,no,no
mbc039-not-stripped.txt,13,waihotia,waiho,tia,no,no
mbc034-not-stripped.txt,32,tApukehia,tApuke,hia,no,no
mbc034-not-stripped.txt,49,fakaritea,fakarite,a,no,no
mbc039-not-stripped.txt,16,rarua,raru,a,no,no
mbc031-not-stripped.txt,35,karohia,karo,hia,no,no
mbc032-not-stripped.txt,1,hokona,hoko,na,no,no
mbc031-not-stripped.txt,8,poroa,poro,a,no,no
mbc034-not-stripped.txt,44,raNahautia,raNahau,tia,no,no
mbc034-not-stripped.txt,45,fakamOhiotia,fakamOhio,tia,no,no
mbc031-not-stripped.txt,32,fakaiNoatia,fakaiNoa,tia,no,no
mbc039-not-stripped.txt,12,roNohia,roNo,hia,no,no
mbc032-not-stripped.txt,32,kitea,kite,a,no,no
mbc032-not-stripped.txt,32,kitea,kite,a,no,no
mbc031-not-stripped.txt,0,huripokihia,huripoki,hia,no,no
mbc074-not-stripped.txt,44,pOfiritia,pOfiri,tia,no,no
mbc074-not-stripped.txt,42,huihuitia,huihui,tia,no,no
mbc033-not-stripped.txt,23,tautokohia,tautoko,hia,no,no
mbc031-not-stripped.txt,24,fakatUhia,fakatU,hia,no,no
mbc031-not-stripped.txt,35,raNahautia,raNahau,tia,no,no
mbc034-not-stripped.txt,44,hAmenetia,hAmene,tia,no,no
mbc033-not-stripped.txt,32,fakatUhia,fakatU,hia,no,no
mbc125-not-stripped.txt,21,fakatUhia,fakatU,hia,no,no
mbc032-not-stripped.txt,0,fakapauhia,fakapau,hia,no,no
mbc033-not-stripped.txt,40,taNohia,taNo,hia,no,no
mbc033-not-stripped.txt,40,fakamanahia,fakamana,hia,no,no
mbc032-not-stripped.txt,18,kohia,kohi,a,no,no
mbc034-not-stripped.txt,31,takahia,takahi,a,no,no
mbc031-not-stripped.txt,11,pOfiritia,pOfiri,tia,no,no
mbc034-not-stripped.txt,48,fakatakotohia,fakatakoto,hia,no,no
mbc033-not-stripped.txt,18,raNona,roNo,na,no,no
mbc039-not-stripped.txt,15,hokona,hoko,na,no,no
mbc031-not-stripped.txt,2,tAronahia,tArona,hia,no,no
mbc032-not-stripped.txt,36,mOhiotia,mOhio,tia,no,no
mbc034-not-stripped.txt,44,fakahAweatia,fakahAwea,tia,no,no
mbc031-not-stripped.txt,32,fakanuia,fakanui,a,no,no
mbc034-not-stripped.txt,43,haNaia,haNa,ia,no,no
mbc031-not-stripped.txt,32,fakafifia,fakafifi,a,no,no
mbc032-not-stripped.txt,21,fAia,fai,a,no,no
mbc031-not-stripped.txt,24,fakakotahihia,fakakotahi,hia,no,no
mbc032-not-stripped.txt,18,haNaia,haNa,ia,no,no
mbc031-not-stripped.txt,15,takatakahia,takatakahi,a,no,no
mbc031-not-stripped.txt,11,takahia,takahi,a,no,no
mbc039-not-stripped.txt,16,kitea,kite,a,no,no
mbc033-not-stripped.txt,16,hoatuNia,hoatu,Nia,no,no
mbc039-not-stripped.txt,24,feraferahia,ferafera,hia,no,no
mbc034-not-stripped.txt,40,kawea,kawe,a,no,no
mbc031-not-stripped.txt,26,fakatakahia,fakataka,hia,no,no
mbc034-not-stripped.txt,40,fakamahia,fakamahi,a,no,no
mbc031-not-stripped.txt,21,tImatahia,tImata,hia,no,no
mbc031-not-stripped.txt,32,fakapaohotia,fakapaoho,tia,no,no
mbc034-not-stripped.txt,53,wepuwepuhia,wepuwepu,hia,no,no
mbc125-not-stripped.txt,35,fakahokia,fakahoki,a,no,no
mbc033-not-stripped.txt,25,waihaNatia,waihaNa,tia,no,no
mbc074-not-stripped.txt,44,fakatOhia,fakatO,hia,no,no
mbc031-not-stripped.txt,4,aituAhia,aituA,hia,no,no
mbc031-not-stripped.txt,22,tapahia,tapahi,a,no,no
mbc125-not-stripped.txt,29,kIia,kI,ia,no,no
mbc031-not-stripped.txt,32,tohatia,toha,tia,no,no
mbc034-not-stripped.txt,48,firifirihia,firifiri,hia,no,no
mbc031-not-stripped.txt,28,fakaiNoatia,fakaiNoa,tia,no,no
mbc031-not-stripped.txt,35,fakatakotohia,fakatakoto,hia,no,no
mbc125-not-stripped.txt,43,tukitukia,tukituki,a,no,no
mbc034-not-stripped.txt,32,taukumehia,taukume,hia,no,no
mbc034-not-stripped.txt,38,taNohia,taNo,hia,no,no
mbc031-not-stripped.txt,23,fakahokia,fakahoki,a,no,no
mbc033-not-stripped.txt,23,firifirihia,firifiri,hia,no,no
mbc031-not-stripped.txt,23,roNohia,roNo,hia,no,no
mbc033-not-stripped.txt,23,wAnaNatia,wAnaNa,tia,no,no
mbc039-not-stripped.txt,16,AwaNawaNatia,AwaNawaNa,tia,no,no
mbc125-not-stripped.txt,35,mauria,mau,ria,no,no
mbc031-not-stripped.txt,34,patua,patu,a,no,no
mbc034-not-stripped.txt,33,pAhia,pA,hia,no,no
mbc031-not-stripped.txt,23,taNohia,taNo,hia,no,no
mbc033-not-stripped.txt,16,horahia,hora,hia,no,no
mbc032-not-stripped.txt,17,fAnuitia,fAnui,tia,no,no
mbc032-not-stripped.txt,16,nekehia,neke,hia,no,no
mbc031-not-stripped.txt,34,patua,patu,a,no,no
mbc031-not-stripped.txt,21,tApaetia,tApae,tia,no,no
mbc074-not-stripped.txt,44,oatitia,oati,tia,no,no
mbc125-not-stripped.txt,27,Afinatia,Afina,tia,no,no
mbc039-not-stripped.txt,40,muia,mui,a,no,no
mbc033-not-stripped.txt,15,roNohia,roNo,hia,no,no
mbc031-not-stripped.txt,21,kitea,kite,a,no,no
mbc031-not-stripped.txt,15,hAmenetia,hAmene,tia,no,no
mbc031-not-stripped.txt,13,huihuitia,huihui,tia,no,no
mbc224-not-stripped.txt,22,mahia,mahi,a,no,no
mbc083-not-stripped.txt,61,kitea,kite,a,no,no
mbc043-not-stripped.txt,21,taea,tae,a,no,no
mbc043-not-stripped.txt,19,taea,tae,a,no,no
mbc153-not-stripped.txt,14,kitea,kite,a,no,no
mbc153-not-stripped.txt,3,tAkina,taki,na,no,no
mbc153-not-stripped.txt,3,fAia,fai,a,no,no
mbc153-not-stripped.txt,3,mauria,mau,ria,no,no
mbc070-not-stripped.txt,67,waihotia,waiho,tia,no,no
mbc228-not-stripped.txt,41,fAia,fai,a,no,no
mbc137-not-stripped.txt,3,tonoa,tono,a,no,no
mbc137-not-stripped.txt,9,fakatinanahia,fakatinana,hia,no,no
mbc228-not-stripped.txt,41,fAia,fai,a,no,no
mbc228-not-stripped.txt,41,kitea,kite,a,no,no
mbc228-not-stripped.txt,41,muia,mui,a,no,no
mbc228-not-stripped.txt,41,taea,tae,a,no,no
mbc228-not-stripped.txt,45,fAia,fai,a,no,no
mbc196-not-stripped.txt,21,pEhia,pEhi,a,no,no
mbc196-not-stripped.txt,20,fakahokia,fakahoki,a,no,no
mbc196-not-stripped.txt,20,nukuhia,nuku,hia,no,no
mbc066-not-stripped.txt,78,kimihia,kimi,hia,no,no
mbc089-not-stripped.txt,18,fakaakotia,fakaako,tia,no,no
mbc067-not-stripped.txt,67,kurua,kuru,a,no,no
mbc103-not-stripped.txt,10,tukua,tuku,a,no,no
mbc103-not-stripped.txt,17,mOhiotia,mOhio,tia,no,no
mbc103-not-stripped.txt,17,moeNia,moe,Nia,no,no
mbc103-not-stripped.txt,8,mOhiotia,mOhio,tia,no,no
mbc103-not-stripped.txt,17,uhia,uhi,a,no,no
mbc103-not-stripped.txt,6,mOhiotia,mOhio,tia,no,no
mbc103-not-stripped.txt,6,moeNia,moe,Nia,no,no
mbc088-not-stripped.txt,43,rarua,raru,a,no,no
mbc116-not-stripped.txt,55,akoNia,ako,Nia,no,no
mbc116-not-stripped.txt,55,patua,patu,a,no,no
mbc116-not-stripped.txt,23,karaNatia,karaNa,tia,no,no
mbc116-not-stripped.txt,23,akoNia,ako,Nia,no,no
mbc116-not-stripped.txt,55,akoNia,ako,Nia,no,no
mbc116-not-stripped.txt,55,patua,patu,a,no,no
mbc116-not-stripped.txt,23,akoNia,ako,Nia,no,no
mbc116-not-stripped.txt,53,akoNia,ako,Nia,no,no
mbc116-not-stripped.txt,23,akona,ako,na,no,no
mbc116-not-stripped.txt,55,patua,patu,a,no,no
mbc009-not-stripped.txt,38,taea,tae,a,no,no
mbc237-not-stripped.txt,34,fakahokia,fakahoki,a,no,no
mbc237-not-stripped.txt,32,fakahokia,fakahoki,a,no,no
mbc237-not-stripped.txt,34,mahia,mahi,a,no,no
mbc243-not-stripped.txt,3,fakatUria,fakatU,ria,no,no
mbc243-not-stripped.txt,3,mauria,mau,ria,no,no
mbc243-not-stripped.txt,1,fakatUria,fakatU,ria,no,no
mbc243-not-stripped.txt,1,fakamahia,fakamahi,a,no,no
mbc237-not-stripped.txt,34,fakahokia,fakahoki,a,no,no
mbc243-not-stripped.txt,1,tukuna,tuku,na,no,no
mbc243-not-stripped.txt,3,fakaarotia,fakaaro,tia,no,no
mbc009-not-stripped.txt,36,mauria,mau,ria,no,no
mbc243-not-stripped.txt,1,tirohia,titiro,hia,no,no
mbc237-not-stripped.txt,32,mauria,mau,ria,no,no
mbc237-not-stripped.txt,32,fakahokia,fakahoki,a,no,no
mbc237-not-stripped.txt,40,taea,tae,a,no,no
mbc243-not-stripped.txt,5,taiepatia,taiepa,tia,no,no
mbc009-not-stripped.txt,36,fakahokia,fakahoki,a,no,no
mbc243-not-stripped.txt,1,raupatutia,raupatu,tia,no,no
mbc243-not-stripped.txt,1,tukuna,tuku,na,no,no
mbc243-not-stripped.txt,1,tukuna,tuku,na,no,no
mbc009-not-stripped.txt,36,fakahokia,fakahoki,a,no,no
mbc083-not-stripped.txt,46,tiakina,tiaki,na,no,no
mbc007-not-stripped.txt,5,warewarehia,wareware,hia,no,no
mbc078-not-stripped.txt,57,kimihia,kimi,hia,no,no
mbc069-not-stripped.txt,48,takahia,takahi,a,no,no
mbc227-not-stripped.txt,0,tukuna,tuku,na,no,no
mbc069-not-stripped.txt,48,kumea,kume,a,no,no
mbc069-not-stripped.txt,48,hurihurihia,hurihuri,hia,no,no
mbc078-not-stripped.txt,11,tirohia,titiro,hia,no,no
mbc069-not-stripped.txt,50,kIia,kI,ia,no,no
mbc078-not-stripped.txt,54,fakatUria,fakatU,ria,no,no
mbc117-not-stripped.txt,2,karaNahia,karaNa,hia,no,no
mbc117-not-stripped.txt,3,hoetia,hoe,tia,no,no
mbc117-not-stripped.txt,2,roNohia,roNo,hia,no,no
mbc233-not-stripped.txt,9,ekea,eke,a,no,no
mbc233-not-stripped.txt,9,fAia,fai,a,no,no
mbc233-not-stripped.txt,9,fakatauNia,fakatau,Nia,no,no
mbc233-not-stripped.txt,9,tukuna,tuku,na,no,no
mbc076-not-stripped.txt,32,kakeNia,kake,Nia,no,no
mbc045-not-stripped.txt,32,tukuna,tuku,na,no,no
mbc082-not-stripped.txt,5,haeretia,haere,tia,no,no
mbc105-not-stripped.txt,3,kIia,kI,ia,no,no
mbc085-not-stripped.txt,47,fakatUhia,fakatU,hia,no,no
mbc109-not-stripped.txt,35,mahia,mahi,a,no,no
mbc109-not-stripped.txt,7,tohia,tohi,a,no,no
mbc109-not-stripped.txt,35,kOreroNia,kOrero,Nia,no,no
mbc109-not-stripped.txt,35,faifaiNia,faifai,Nia,no,no
mbc109-not-stripped.txt,35,faifaiNia,faifai,Nia,no,no
mbc109-not-stripped.txt,35,mahia,mahi,a,no,no
mbc109-not-stripped.txt,7,pekeNia,peke,Nia,no,no
mbc109-not-stripped.txt,7,kOrerohia,kOrero,hia,no,no
mbc104-not-stripped.txt,58,pAkia,pA,kia,no,no
mbc104-not-stripped.txt,64,fakatUNia,fakatU,Nia,no,no
mbc104-not-stripped.txt,62,pAkia,pA,kia,no,no
mbc104-not-stripped.txt,64,rAhuiNia,rAhui,Nia,no,no
mbc104-not-stripped.txt,64,kOrerotia,kOrero,tia,no,no
mbc104-not-stripped.txt,19,haereNia,haere,Nia,no,no
mbc104-not-stripped.txt,66,rAhuiNia,rAhui,Nia,no,no
mbc104-not-stripped.txt,64,rAhuiNia,rAhui,Nia,no,no
mbc104-not-stripped.txt,8,maraNia,mara,Nia,no,no
mbc104-not-stripped.txt,19,fakapuareNia,fakapuare,Nia,no,no
mbc104-not-stripped.txt,19,haereNia,haere,Nia,no,no
mbc104-not-stripped.txt,64,rAhuihuiNia,rAhuihui,Nia,no,no
mbc104-not-stripped.txt,8,maraNia,mara,Nia,no,no
mbc104-not-stripped.txt,19,maiNia,mai,Nia,no,no
mbc104-not-stripped.txt,19,katoaNia,katoa,Nia,no,no
mbc104-not-stripped.txt,8,tahuNia,tahu,Nia,no,no
mbc104-not-stripped.txt,8,kaiNia,kai,Nia,no,no
mbc104-not-stripped.txt,8,purua,puru,a,no,no
mbc260-not-stripped.txt,108,mihia,mihi,a,no,no
mbc260-not-stripped.txt,0,fakataNihia,fakataNi,hia,no,no
mbc260-not-stripped.txt,1,ahatia,aha,tia,no,no
mbc179-not-stripped.txt,20,nukehia,nuke,hia,no,no
mbc173-not-stripped.txt,24,mOhiotia,mOhio,tia,no,no
mbc179-not-stripped.txt,20,fakatUria,fakatU,ria,no,no
mbc260-not-stripped.txt,0,ahatia,aha,tia,no,no
mbc260-not-stripped.txt,107,taNihia,taNi,hia,no,no
mbc169-not-stripped.txt,2,tohua,tohu,a,no,no
mbc169-not-stripped.txt,2,fakatUria,fakatU,ria,no,no
mbc075-not-stripped.txt,44,kaumAtuaria,kaumAtua,ria,no,no
mbc173-not-stripped.txt,22,ahatia,aha,tia,no,no
mbc260-not-stripped.txt,0,ahatia,aha,tia,no,no
mbc179-not-stripped.txt,67,fakahuahuatia,fakahuahua,tia,no,no
mbc260-not-stripped.txt,1,fakaaturia,fakaatu,ria,no,no
mbc174-not-stripped.txt,20,fakahuatia,fakahua,tia,no,no
mbc169-not-stripped.txt,6,taNohia,taNo,hia,no,no
mbc179-not-stripped.txt,4,fakatUria,fakatU,ria,no,no
mbc179-not-stripped.txt,67,tukuNia,tuku,Nia,no,no
mbc260-not-stripped.txt,111,patua,patu,a,no,no
mbc260-not-stripped.txt,93,ahatia,aha,tia,no,no
mbc168-not-stripped.txt,81,taea,tae,a,no,no
mbc173-not-stripped.txt,26,fakahuatia,fakahua,tia,no,no
mbc075-not-stripped.txt,42,purea,pure,a,no,no
mbc179-not-stripped.txt,67,rapuhia,rapu,hia,no,no
mbc260-not-stripped.txt,107,taNitia,taNi,tia,no,no
mbc181-not-stripped.txt,3,waihotia,waiho,tia,no,no
mbc169-not-stripped.txt,6,taNohia,taNo,hia,no,no
mbc075-not-stripped.txt,21,waihoNia,waiho,Nia,no,no
mbc072-not-stripped.txt,41,raNona,roNo,na,no,no
mbc181-not-stripped.txt,11,warewareNia,wareware,Nia,no,no
mbc075-not-stripped.txt,46,fakatauria,fakatau,ria,no,no
mbc260-not-stripped.txt,91,tuituiNia,tuitui,Nia,no,no
mbc073-not-stripped.txt,47,warea,ware,a,no,no
mbc181-not-stripped.txt,3,taea,tae,a,no,no
mbc179-not-stripped.txt,26,nuiNia,nui,Nia,no,no
mbc181-not-stripped.txt,3,patua,patu,a,no,no
mbc169-not-stripped.txt,6,pOfiritia,pOfiri,tia,no,no
mbc179-not-stripped.txt,26,fakaritea,fakarite,a,no,no
mbc181-not-stripped.txt,3,fakatikahia,fakatika,hia,no,no
mbc179-not-stripped.txt,0,ahatia,aha,tia,no,no
mbc265-not-stripped.txt,27,kitea,kite,a,no,no
mbc179-not-stripped.txt,26,mOhioNia,mOhio,Nia,no,no
mbc260-not-stripped.txt,111,patua,patu,a,no,no
mbc181-not-stripped.txt,3,fakatauNia,fakatau,Nia,no,no
mbc173-not-stripped.txt,26,ahatia,aha,tia,no,no
mbc075-not-stripped.txt,21,kaiNatia,kaiNa,tia,no,no
mbc169-not-stripped.txt,0,ahatia,aha,tia,no,no
mbc179-not-stripped.txt,67,mauria,mau,ria,no,no
mbc179-not-stripped.txt,10,fakanuiNia,fakanui,Nia,no,no
mbc173-not-stripped.txt,24,kIia,kI,ia,no,no
mbc173-not-stripped.txt,26,rapua,rapu,a,no,no
mbc173-not-stripped.txt,8,taea,tae,a,no,no
mbc173-not-stripped.txt,24,tukuna,tuku,na,no,no
mbc173-not-stripped.txt,24,fakafetUraNitia,fakafetUraNi,tia,no,no
mbc181-not-stripped.txt,4,taea,tae,a,no,no
mbc173-not-stripped.txt,25,ruia,rui,a,no,no
mbc231-not-stripped.txt,79,fakamoea,fakamoe,a,no,no
mbc169-not-stripped.txt,8,kawea,kawe,a,no,no
mbc174-not-stripped.txt,36,huaina,hua,ina,no,no
mbc074-not-stripped.txt,12,rIhitia,rIhi,tia,no,no
mbc181-not-stripped.txt,4,tukua,tuku,a,no,no
mbc075-not-stripped.txt,21,mOhiotia,mOhio,tia,no,no
mbc173-not-stripped.txt,28,uia,ui,a,no,no
mbc260-not-stripped.txt,57,utuNia,utu,Nia,no,no
mbc072-not-stripped.txt,41,tuatahitia,tuatahi,tia,no,no
mbc260-not-stripped.txt,111,taea,tae,a,no,no
mbc260-not-stripped.txt,111,fakatauNia,fakatau,Nia,no,no
mbc260-not-stripped.txt,101,kOrerotia,kOrero,tia,no,no
mbc169-not-stripped.txt,12,wawetia,wawe,tia,no,no
mbc173-not-stripped.txt,24,ahatia,aha,tia,no,no
mbc260-not-stripped.txt,101,mahia,mahi,a,no,no
mbc265-not-stripped.txt,27,tonutia,tonu,tia,no,no
mbc072-not-stripped.txt,41,fakaaturia,fakaatu,ria,no,no
mbc231-not-stripped.txt,79,ahatia,aha,tia,no,no
mbc181-not-stripped.txt,4,waihoNia,waiho,Nia,no,no
mbc179-not-stripped.txt,18,kitea,kite,a,no,no
mbc181-not-stripped.txt,4,fakaotitia,fakaoti,tia,no,no
mbc260-not-stripped.txt,1,fakaaturia,fakaatu,ria,no,no
mbc181-not-stripped.txt,7,fakaatutia,fakaatu,tia,no,no
mbc231-not-stripped.txt,79,utaina,uta,ina,no,no
mbc179-not-stripped.txt,0,hautUtia,hautU,tia,no,no
mbc169-not-stripped.txt,6,tirohia,titiro,hia,no,no
mbc179-not-stripped.txt,0,mOhioNia,mOhio,Nia,no,no
mbc265-not-stripped.txt,27,kawea,kawe,a,no,no
mbc231-not-stripped.txt,79,fakahuatia,fakahua,tia,no,no
mbc260-not-stripped.txt,101,tonutia,tonu,tia,no,no
mbc074-not-stripped.txt,17,muia,mui,a,no,no
mbc179-not-stripped.txt,67,raNona,roNo,na,no,no
mbc173-not-stripped.txt,0,ahatia,aha,tia,no,no
mbc173-not-stripped.txt,26,pAtaia,pAtai,a,no,no
mbc081-not-stripped.txt,63,fAnuitia,fAnui,tia,no,no
mbc173-not-stripped.txt,28,fakairihia,fakairi,hia,no,no
mbc260-not-stripped.txt,111,waihotia,waiho,tia,no,no
mbc169-not-stripped.txt,6,tonohia,tono,hia,no,no
mbc231-not-stripped.txt,79,pUhitia,pUhi,tia,no,no
mbc173-not-stripped.txt,28,taea,tae,a,no,no
mbc173-not-stripped.txt,28,tOia,tO,ia,no,no
mbc181-not-stripped.txt,5,ahatia,aha,tia,no,no
mbc173-not-stripped.txt,27,puhipuhia,puhipuhi,a,no,no
mbc181-not-stripped.txt,4,fakaritea,fakarite,a,no,no
mbc179-not-stripped.txt,37,kOrerotia,kOrero,tia,no,no
mbc173-not-stripped.txt,28,kumea,kume,a,no,no
mbc173-not-stripped.txt,28,mOhiotia,mOhio,tia,no,no
mbc173-not-stripped.txt,26,kOrerotia,kOrero,tia,no,no
mbc173-not-stripped.txt,27,kINia,kI,Nia,no,no
mbc181-not-stripped.txt,4,puhipuhia,puhipuhi,a,no,no
mbc265-not-stripped.txt,27,pAtaihia,pAtai,hia,no,no
mbc231-not-stripped.txt,79,rapuhia,rapu,hia,no,no
mbc179-not-stripped.txt,4,mauria,mau,ria,no,no
mbc169-not-stripped.txt,12,tukuNia,tuku,Nia,no,no
mbc231-not-stripped.txt,79,ahatia,aha,tia,no,no
mbc173-not-stripped.txt,26,taea,tae,a,no,no
mbc260-not-stripped.txt,81,faitia,fai,tia,no,no
mbc179-not-stripped.txt,26,tUria,tU,ria,no,no
mbc181-not-stripped.txt,3,patua,patu,a,no,no
mbc173-not-stripped.txt,28,fakaakona,fakaako,na,no,no
mbc173-not-stripped.txt,28,fakaaroNia,fakaaro,Nia,no,no
mbc168-not-stripped.txt,71,ahatia,aha,tia,no,no
mbc173-not-stripped.txt,28,mOhioNia,mOhio,Nia,no,no
mbc173-not-stripped.txt,28,fakaaroNia,fakaaro,Nia,no,no
mbc181-not-stripped.txt,4,fakahuatia,fakahua,tia,no,no
mbc231-not-stripped.txt,79,pErAtia,pErA,tia,no,no
mbc174-not-stripped.txt,42,tukuNia,tuku,Nia,no,no
mbc173-not-stripped.txt,0,mOhiotia,mOhio,tia,no,no
mbc174-not-stripped.txt,38,parauhia,parau,hia,no,no
mbc171-not-stripped.txt,8,tautokona,tautoko,na,no,no
mbc260-not-stripped.txt,81,mauria,mau,ria,no,no
mbc179-not-stripped.txt,26,fakaritea,fakarite,a,no,no
mbc231-not-stripped.txt,79,fakataukItia,fakataukI,tia,no,no
mbc173-not-stripped.txt,27,tAria,tatari,a,no,no
mbc231-not-stripped.txt,79,kOroriroritia,kOrorirori,tia,no,no
mbc181-not-stripped.txt,5,patua,patu,a,no,no
mbc260-not-stripped.txt,38,tukuna,tuku,na,no,no
mbc171-not-stripped.txt,8,tautokona,tautoko,na,no,no
mbc260-not-stripped.txt,69,utuNia,utu,Nia,no,no
mbc168-not-stripped.txt,77,mAtakitakitia,mAtakitaki,tia,no,no
mbc181-not-stripped.txt,4,hiritia,hiri,tia,no,no
mbc173-not-stripped.txt,2,taea,tae,a,no,no
mbc181-not-stripped.txt,4,hurihia,huri,hia,no,no
mbc260-not-stripped.txt,34,fakatauhia,fakatau,hia,no,no
mbc174-not-stripped.txt,38,mAtakitakihia,mAtakitaki,hia,no,no
mbc260-not-stripped.txt,81,mauria,mau,ria,no,no
mbc227-not-stripped.txt,22,taea,tae,a,no,no
mbc088-not-stripped.txt,37,fakaaroNia,fakaaro,Nia,no,no
mbc088-not-stripped.txt,37,mOhioNia,mOhio,Nia,no,no
mbc227-not-stripped.txt,22,taea,tae,a,no,no
mbc088-not-stripped.txt,37,firifiria,firifiri,a,no,no
mbc130-not-stripped.txt,25,fAitia,fai,tia,no,no
mbc130-not-stripped.txt,10,tirohia,titiro,hia,no,no
mbc130-not-stripped.txt,10,huakina,huaki,na,no,no
mbc119-not-stripped.txt,33,tahuna,tahu,na,no,no
mbc119-not-stripped.txt,33,kimihia,kimi,hia,no,no
mbc095-not-stripped.txt,6,haria,hari,a,no,no
mbc095-not-stripped.txt,6,haria,hari,a,no,no
mbc095-not-stripped.txt,6,fakauruNia,fakauru,Nia,no,no
mbc119-not-stripped.txt,2,haria,hari,a,no,no
mbc119-not-stripped.txt,6,kIia,kI,ia,no,no
mbc119-not-stripped.txt,6,kitea,kite,a,no,no
mbc119-not-stripped.txt,35,kitea,kite,a,no,no
mbc119-not-stripped.txt,33,mahia,mahi,a,no,no
mbc095-not-stripped.txt,6,honoNia,hono,Nia,no,no
mbc119-not-stripped.txt,35,heria,heri,a,no,no
mbc119-not-stripped.txt,33,kitea,kite,a,no,no
mbc119-not-stripped.txt,33,mahia,mahi,a,no,no
mbc119-not-stripped.txt,33,kIia,kI,ia,no,no
mbc095-not-stripped.txt,6,tapahia,tapahi,a,no,no
mbc119-not-stripped.txt,6,kitea,kite,a,no,no
mbc119-not-stripped.txt,20,fakatUNia,fakatU,Nia,no,no
mbc119-not-stripped.txt,12,otiNia,oti,Nia,no,no
mbc095-not-stripped.txt,6,honohonoNia,honohono,Nia,no,no
mbc119-not-stripped.txt,6,mOhiotia,mOhio,tia,no,no
mbc119-not-stripped.txt,33,tahuna,tahu,na,no,no
mbc119-not-stripped.txt,6,kOrerotia,kOrero,tia,no,no
mbc119-not-stripped.txt,33,mahia,mahi,a,no,no
mbc095-not-stripped.txt,6,unuhia,unu,hia,no,no
mbc095-not-stripped.txt,6,haria,hari,a,no,no
mbc119-not-stripped.txt,4,tapahia,tapahi,a,no,no
mbc095-not-stripped.txt,33,tukuna,tuku,na,no,no
mbc095-not-stripped.txt,6,unuhia,unu,hia,no,no
mbc095-not-stripped.txt,33,tukuna,tuku,na,no,no
mbc119-not-stripped.txt,22,fakapaiNia,fakapai,Nia,no,no
mbc095-not-stripped.txt,6,tapahia,tapahi,a,no,no
mbc119-not-stripped.txt,12,mahia,mahi,a,no,no
mbc095-not-stripped.txt,6,kitea,kite,a,no,no
mbc095-not-stripped.txt,7,kOreroNia,kOrero,Nia,no,no
mbc095-not-stripped.txt,7,honoNia,hono,Nia,no,no
mbc095-not-stripped.txt,5,mAtakitakiNia,mAtakitaki,Nia,no,no
mbc095-not-stripped.txt,7,kOreroNia,kOrero,Nia,no,no
mbc095-not-stripped.txt,5,mahiNia,mahi,Nia,no,no
mbc095-not-stripped.txt,5,utuNia,utu,Nia,no,no
mbc095-not-stripped.txt,7,kOreroNia,kOrero,Nia,no,no
mbc095-not-stripped.txt,5,mahiNia,mahi,Nia,no,no
mbc095-not-stripped.txt,7,kOreroNia,kOrero,Nia,no,no
mbc089-not-stripped.txt,10,hokona,hoko,na,no,no
mbc089-not-stripped.txt,10,raNona,roNo,na,no,no
mbc072-not-stripped.txt,42,wehea,wehe,a,no,no
mbc228-not-stripped.txt,29,kumea,kume,a,no,no
mbc228-not-stripped.txt,29,tonutia,tonu,tia,no,no
mbc089-not-stripped.txt,10,kitea,kite,a,no,no
mbc113-not-stripped.txt,28,tonutia,tonu,tia,no,no
mbc113-not-stripped.txt,32,tonutia,tonu,tia,no,no
mbc162-not-stripped.txt,24,kitea,kite,a,no,no
mbc163-not-stripped.txt,29,fANaia,fANai,a,no,no
mbc163-not-stripped.txt,173,kIia,kI,ia,no,no
mbc163-not-stripped.txt,275,kitea,kite,a,no,no
mbc163-not-stripped.txt,43,tAkia,taki,a,no,no
mbc162-not-stripped.txt,46,tukuna,tuku,na,no,no
mbc162-not-stripped.txt,0,kIia,kI,ia,no,no
mbc162-not-stripped.txt,34,taea,tae,a,no,no
mbc163-not-stripped.txt,131,taNohia,taNo,hia,no,no
mbc163-not-stripped.txt,255,fakamAramatia,fakamArama,tia,no,no
mbc163-not-stripped.txt,211,kitea,kite,a,no,no
mbc162-not-stripped.txt,116,tirohia,titiro,hia,no,no
mbc162-not-stripped.txt,32,kOrerotia,kOrero,tia,no,no
mbc085-not-stripped.txt,11,taea,tae,a,no,no
mbc163-not-stripped.txt,43,tukuna,tuku,na,no,no
mbc085-not-stripped.txt,9,taeatia,tae,a/tia,no,yes
mbc141-not-stripped.txt,31,tukuna,tuku,na,no,no
mbc141-not-stripped.txt,22,tukuna,tuku,na,no,no
mbc141-not-stripped.txt,41,waihotia,waiho,tia,no,no
mbc141-not-stripped.txt,31,tukuna,tuku,na,no,no
mbc141-not-stripped.txt,33,tukuna,tuku,na,no,no
mbc141-not-stripped.txt,37,tukuna,tuku,na,no,no
mbc139-not-stripped.txt,13,taea,tae,a,no,no
mbc131-not-stripped.txt,22,kIia,kI,ia,no,no
mbc139-not-stripped.txt,40,fakapuaretia,fakapuare,tia,no,no
mbc131-not-stripped.txt,22,pIraNihia,pIraNi,hia,no,no
mbc139-not-stripped.txt,13,fiua,fiu,a,no,no
mbc139-not-stripped.txt,14,tonoa,tono,a,no,no
mbc139-not-stripped.txt,13,tukuna,tuku,na,no,no
mbc139-not-stripped.txt,20,mahia,mahi,a,no,no
mbc131-not-stripped.txt,22,hakaNia,haka,Nia,no,no
mbc139-not-stripped.txt,20,mahia,mahi,a,no,no
mbc139-not-stripped.txt,9,mahia,mahi,a,no,no
mbc139-not-stripped.txt,9,mahia,mahi,a,no,no
mbc139-not-stripped.txt,13,taNohia,taNo,hia,no,no
mbc139-not-stripped.txt,13,firifirihia,firifiri,hia,no,no
mbc131-not-stripped.txt,10,akoNia,ako,Nia,no,no
mbc131-not-stripped.txt,22,tImatahia,tImata,hia,no,no
mbc139-not-stripped.txt,39,tonoa,tono,a,no,no
mbc131-not-stripped.txt,10,akoNia,ako,Nia,no,no
mbc139-not-stripped.txt,9,taNohia,taNo,hia,no,no
mbc139-not-stripped.txt,8,nehua,nehu,a,no,no
mbc139-not-stripped.txt,9,kuraina,kura,ina,no,no
mbc139-not-stripped.txt,40,mahia,mahi,a,no,no
mbc139-not-stripped.txt,11,taNohia,taNo,hia,no,no
mbc139-not-stripped.txt,9,taNohia,taNo,hia,no,no
mbc139-not-stripped.txt,40,taea,tae,a,no,no
mbc139-not-stripped.txt,9,taea,tae,a,no,no
mbc139-not-stripped.txt,40,mahia,mahi,a,no,no
mbc131-not-stripped.txt,7,taea,tae,a,no,no
mbc139-not-stripped.txt,45,fakatUria,fakatU,ria,no,no
mbc139-not-stripped.txt,9,akoNia,ako,Nia,no,no
mbc204-not-stripped.txt,20,heria,heri,a,no,no
mbc204-not-stripped.txt,20,taea,tae,a,no,no
mbc204-not-stripped.txt,19,tohua,tohu,a,no,no
mbc204-not-stripped.txt,20,kOreroNia,kOrero,Nia,no,no
mbc091-not-stripped.txt,14,mahiNia,mahi,Nia,no,no
mbc091-not-stripped.txt,14,fakaritea,fakarite,a,no,no
mbc231-not-stripped.txt,60,kOrerohia,kOrero,hia,no,no
mbc231-not-stripped.txt,73,tukua,tuku,a,no,no
mbc197-not-stripped.txt,18,taea,tae,a,no,no
mbc197-not-stripped.txt,18,fakafAnuitia,fakafAnui,tia,no,no
mbc231-not-stripped.txt,60,tirohia,titiro,hia,no,no
mbc231-not-stripped.txt,73,kOrerohia,kOrero,hia,no,no
mbc200-not-stripped.txt,15,fakafAnuihia,fakafAnui,hia,no,no
mbc200-not-stripped.txt,15,mahia,mahi,a,no,no
mbc200-not-stripped.txt,15,mAramatia,mArama,tia,no,no
mbc200-not-stripped.txt,15,heria,heri,a,no,no
mbc197-not-stripped.txt,18,taea,tae,a,no,no
mbc200-not-stripped.txt,15,tIkina,tiki,na,no,no
mbc200-not-stripped.txt,15,ufia,ufi,a,no,no
mbc197-not-stripped.txt,18,fakafAnuitia,fakafAnui,tia,no,no
mbc200-not-stripped.txt,15,kIia,kI,ia,no,no
mbc200-not-stripped.txt,15,kOrerohia,kOrero,hia,no,no
mbc200-not-stripped.txt,15,kIia,kI,ia,no,no
mbc200-not-stripped.txt,15,utua,utu,a,no,no
mbc197-not-stripped.txt,18,taea,tae,a,no,no
mbc041-not-stripped.txt,38,mahia,mahi,a,no,no
mbc041-not-stripped.txt,36,mauNia,mau,Nia,no,no
mbc221-not-stripped.txt,50,fAia,fai,a,no,no
mbc151-not-stripped.txt,3,tahuna,tahu,na,no,no
mbc151-not-stripped.txt,2,akona,ako,na,no,no
mbc151-not-stripped.txt,3,panaia,pana,ia,no,no
mbc151-not-stripped.txt,5,fakataNitaNia,fakataNitaNi,a,no,no
mbc151-not-stripped.txt,0,karakiatia,karakia,tia,no,no
mbc151-not-stripped.txt,3,panaia,pana,ia,no,no
mbc151-not-stripped.txt,2,nAnAtia,nAnA,tia,no,no
mbc151-not-stripped.txt,0,tonohia,tono,hia,no,no
mbc151-not-stripped.txt,3,wAnaNatia,wAnaNa,tia,no,no
mbc151-not-stripped.txt,3,kohikohia,kohikohi,a,no,no
mbc151-not-stripped.txt,0,karakiahia,karakia,hia,no,no
mbc151-not-stripped.txt,3,manakohia,manako,hia,no,no
mbc151-not-stripped.txt,2,akonatia,ako,na/tia,no,yes
mbc151-not-stripped.txt,0,mOhiohia,mOhio,hia,no,no
mbc151-not-stripped.txt,0,kinoNia,kino,Nia,no,no
mbc151-not-stripped.txt,0,karaNahia,karaNa,hia,no,no
mbc151-not-stripped.txt,0,fakatUhia,fakatU,hia,no,no
mbc151-not-stripped.txt,11,nohoia,noho,ia,no,no
mbc070-not-stripped.txt,62,tukuna,tuku,na,no,no
mbc151-not-stripped.txt,5,fakarerea,fakarere,a,no,no
mbc151-not-stripped.txt,0,pUremutia,pUremu,tia,no,no
mbc151-not-stripped.txt,11,nohoia,noho,ia,no,no
mbc151-not-stripped.txt,0,tArewarewatia,tArewarewa,tia,no,no
mbc151-not-stripped.txt,5,fakafitia,fakafiti,a,no,no
mbc151-not-stripped.txt,2,tapahia,tapahi,a,no,no
mbc151-not-stripped.txt,3,akonatia,ako,na/tia,no,yes
mbc151-not-stripped.txt,0,tukuna,tuku,na,no,no
mbc151-not-stripped.txt,0,karakiatia,karakia,tia,no,no
mbc151-not-stripped.txt,5,hoea,hoe,a,no,no
mbc151-not-stripped.txt,3,fiua,fiu,a,no,no
mbc151-not-stripped.txt,0,tOia,tO,ia,no,no
mbc151-not-stripped.txt,5,fakarerea,fakarere,a,no,no
mbc045-not-stripped.txt,53,tAkina,taki,na,no,no
mbc151-not-stripped.txt,8,Afinatia,Afina,tia,no,no
mbc151-not-stripped.txt,0,fakatakotohia,fakatakoto,hia,no,no
mbc151-not-stripped.txt,0,pouatia,poua,tia,no,no
mbc151-not-stripped.txt,0,kIia,kI,ia,no,no
mbc070-not-stripped.txt,60,fakahokia,fakahoki,a,no,no
mbc151-not-stripped.txt,0,hoea,hoe,a,no,no
mbc151-not-stripped.txt,0,fakatUNia,fakatU,Nia,no,no
mbc151-not-stripped.txt,2,akonatia,ako,na/tia,no,yes
mbc151-not-stripped.txt,5,taNihia,taNi,hia,no,no
mbc151-not-stripped.txt,10,fakahokia,fakahoki,a,no,no
mbc151-not-stripped.txt,11,nohoia,noho,ia,no,no
mbc151-not-stripped.txt,8,karaNahia,karaNa,hia,no,no
mbc151-not-stripped.txt,10,karaNatia,karaNa,tia,no,no
mbc151-not-stripped.txt,0,inuhia,inu,hia,no,no
mbc151-not-stripped.txt,0,kIia,kI,ia,no,no
mbc151-not-stripped.txt,0,heria,heri,a,no,no
mbc151-not-stripped.txt,0,kOrerohia,kOrero,hia,no,no
mbc151-not-stripped.txt,8,fakatUNia,fakatU,Nia,no,no
mbc151-not-stripped.txt,8,takaia,taka,ia,no,no
mbc120-not-stripped.txt,13,Afinahia,Afina,hia,no,no
mbc120-not-stripped.txt,63,heria,heri,a,no,no
mbc120-not-stripped.txt,63,heria,heri,a,no,no
mbc032-not-stripped.txt,33,fakaatuna,fakaatu,na,no,no
mbc120-not-stripped.txt,63,hokoina,hoko,ina,no,no
mbc032-not-stripped.txt,31,roNohia,roNo,hia,no,no
mbc120-not-stripped.txt,63,mirimiria,mirimiri,a,no,no
mbc120-not-stripped.txt,63,mahia,mahi,a,no,no
mbc120-not-stripped.txt,63,katoahia,katoa,hia,no,no
mbc032-not-stripped.txt,33,kitea,kite,a,no,no
mbc120-not-stripped.txt,63,kitea,kite,a,no,no
mbc105-not-stripped.txt,38,kOreroNia,kOrero,Nia,no,no
mbc105-not-stripped.txt,38,moea,moe,a,no,no
mbc105-not-stripped.txt,38,taea,tae,a,no,no
mbc105-not-stripped.txt,38,tukua,tuku,a,no,no
mbc105-not-stripped.txt,38,kaiNa,kai,Na,no,no
mbc105-not-stripped.txt,38,tapatapahia,tapatapahi,a,no,no
mbc105-not-stripped.txt,38,kOreroNia,kOrero,Nia,no,no
mbc105-not-stripped.txt,38,kOreroNia,kOrero,Nia,no,no
mbc176-not-stripped.txt,60,tapaNia,tapa,Nia,no,no
mbc176-not-stripped.txt,82,meatia,mea,tia,no,no
mbc176-not-stripped.txt,64,tapaNia,tapa,Nia,no,no
mbc176-not-stripped.txt,14,kINia,kI,Nia,no,no
mbc176-not-stripped.txt,60,tapahia,tapahi,a,no,no
mbc176-not-stripped.txt,80,puruNia,puru,Nia,no,no
mbc176-not-stripped.txt,60,taea,tae,a,no,no
mbc176-not-stripped.txt,64,tapaNia,tapa,Nia,no,no
mbc176-not-stripped.txt,64,tapaNia,tapa,Nia,no,no
mbc176-not-stripped.txt,76,taea,tae,a,no,no
mbc176-not-stripped.txt,74,meatia,mea,tia,no,no
mbc176-not-stripped.txt,60,tapahiaNia,tapahi,a/Nia,no,yes
mbc176-not-stripped.txt,64,kOreroNia,kOrero,Nia,no,no
mbc176-not-stripped.txt,64,tapaNia,tapa,Nia,no,no
mbc176-not-stripped.txt,60,tapaNia,tapa,Nia,no,no
mbc176-not-stripped.txt,66,fakatipuNia,fakatipu,Nia,no,no
mbc176-not-stripped.txt,80,meatia,mea,tia,no,no
mbc065-not-stripped.txt,56,mahia,mahi,a,no,no
mbc102-not-stripped.txt,1,fakamAramatia,fakamArama,tia,no,no
mbc053-not-stripped.txt,63,tAmia,tAmi,a,no,no
mbc053-not-stripped.txt,65,fAkia,fAki,a,no,no
mbc078-not-stripped.txt,51,kitea,kite,a,no,no
mbc048-not-stripped.txt,23,fakahouria,fakahou,ria,no,no
mbc071-not-stripped.txt,81,fakakapia,fakakapi,a,no,no
mbc078-not-stripped.txt,56,tonutia,tonu,tia,no,no
mbc071-not-stripped.txt,79,tapahia,tapahi,a,no,no
mbc071-not-stripped.txt,81,fakakAhoretia,fakakAhore,tia,no,no
mbc071-not-stripped.txt,81,fakakapia,fakakapi,a,no,no
mbc071-not-stripped.txt,13,tAtANia,tAtA,Nia,no,no
mbc078-not-stripped.txt,51,karikaria,karikari,a,no,no
mbc050-not-stripped.txt,56,fakaarotia,fakaaro,tia,no,no
mbc146-not-stripped.txt,41,mahia,mahi,a,no,no
mbc146-not-stripped.txt,39,katoahia,katoa,hia,no,no
mbc146-not-stripped.txt,41,tipihia,tipi,hia,no,no
mbc146-not-stripped.txt,35,kOrerohia,kOrero,hia,no,no
mbc146-not-stripped.txt,43,nohohia,noho,hia,no,no
mbc146-not-stripped.txt,39,nohohia,noho,hia,no,no
mbc146-not-stripped.txt,35,tukuna,tuku,na,no,no
mbc146-not-stripped.txt,41,iNoahia,iNoa,hia,no,no
mbc146-not-stripped.txt,35,tukuna,tuku,na,no,no
mbc146-not-stripped.txt,39,heria,heri,a,no,no
mbc146-not-stripped.txt,35,iNoahia,iNoa,hia,no,no
mbc134-not-stripped.txt,56,haNA,haNa,a,no,no
mbc134-not-stripped.txt,48,kitea,kite,a,no,no
mbc134-not-stripped.txt,48,kOrerotia,kOrero,tia,no,no
mbc134-not-stripped.txt,48,tapaina,tapa,ina,no,no
mbc134-not-stripped.txt,50,akoNia,ako,Nia,no,no
mbc134-not-stripped.txt,50,fakaaeNia,fakaae,Nia,no,no
mbc134-not-stripped.txt,48,kOrerotia,kOrero,tia,no,no
mbc134-not-stripped.txt,50,tikaina,tika,ina,no,no
mbc134-not-stripped.txt,48,kOrerotia,kOrero,tia,no,no
mbc134-not-stripped.txt,48,kOrerotia,kOrero,tia,no,no
mbc134-not-stripped.txt,48,ririNia,riri,Nia,no,no
mbc134-not-stripped.txt,49,tImataNia,tImata,Nia,no,no
mbc134-not-stripped.txt,48,riririNia,ririri,Nia,no,no
mbc134-not-stripped.txt,48,rINia,rINi,a,no,no
mbc134-not-stripped.txt,48,kOrerotia,kOrero,tia,no,no
mbc134-not-stripped.txt,48,taea,tae,a,no,no
mbc134-not-stripped.txt,50,fakaaeNia,fakaae,Nia,no,no
mbc078-not-stripped.txt,70,kitea,kite,a,no,no
mbc071-not-stripped.txt,53,oatihia,oati,hia,no,no
mbc067-not-stripped.txt,60,mOhiotia,mOhio,tia,no,no
mbc053-not-stripped.txt,38,kitea,kite,a,no,no
mbc071-not-stripped.txt,53,fAkina,fAki,na,no,no
mbc063-not-stripped.txt,39,mOhiotia,mOhio,tia,no,no
mbc046-not-stripped.txt,48,utua,utu,a,no,no
mbc044-not-stripped.txt,57,fakaatuhia,fakaatu,hia,no,no
mbc047-not-stripped.txt,25,taea,tae,a,no,no
mbc049-not-stripped.txt,16,fakakorea,fakakore,a,no,no
mbc067-not-stripped.txt,60,tautokona,tautoko,na,no,no
mbc078-not-stripped.txt,72,fakapaetia,fakapae,tia,no,no
mbc076-not-stripped.txt,24,pOtihia,pOti,hia,no,no
mbc050-not-stripped.txt,58,tirohia,titiro,hia,no,no
mbc071-not-stripped.txt,53,tuhia,tuhi,a,no,no
mbc057-not-stripped.txt,30,kapia,kapi,a,no,no
mbc057-not-stripped.txt,32,werohia,wero,hia,no,no
mbc083-not-stripped.txt,43,kitea,kite,a,no,no
mbc083-not-stripped.txt,47,fakaitia,fakaiti,a,no,no
mbc063-not-stripped.txt,37,tukua,tuku,a,no,no
mbc045-not-stripped.txt,35,fakatauhia,fakatau,hia,no,no
mbc067-not-stripped.txt,58,haNaia,haNa,ia,no,no
mbc057-not-stripped.txt,30,fakaritea,fakarite,a,no,no
mbc058-not-stripped.txt,52,nekea,neke,a,no,no
mbc067-not-stripped.txt,58,tukuna,tuku,na,no,no
mbc044-not-stripped.txt,56,pEneitia,pEnei,tia,no,no
mbc049-not-stripped.txt,12,raupatuhia,raupatu,hia,no,no
mbc076-not-stripped.txt,24,kitea,kite,a,no,no
mbc052-not-stripped.txt,52,tohatia,toha,tia,no,no
mbc049-not-stripped.txt,12,rohea,rohe,a,no,no
mbc049-not-stripped.txt,12,herea,here,a,no,no
mbc057-not-stripped.txt,30,taea,tae,a,no,no
mbc063-not-stripped.txt,37,roNona,roNo,na,no,no
mbc057-not-stripped.txt,63,ahatia,aha,tia,no,no
mbc086-not-stripped.txt,29,tohua,tohu,a,no,no
mbc043-not-stripped.txt,2,taea,tae,a,no,no
mbc044-not-stripped.txt,56,fakapOtaehia,fakapOtae,hia,no,no
mbc057-not-stripped.txt,66,mauheretia,mauhere,tia,no,no
mbc052-not-stripped.txt,52,hainatia,haina,tia,no,no
mbc085-not-stripped.txt,10,hurihia,huri,hia,no,no
mbc067-not-stripped.txt,10,kitea,kite,a,no,no
mbc053-not-stripped.txt,36,ahatia,aha,tia,no,no
mbc066-not-stripped.txt,43,kIia,kI,ia,no,no
mbc088-not-stripped.txt,1,kitea,kite,a,no,no
mbc056-not-stripped.txt,45,pEheatia,pEhea,tia,no,no
mbc044-not-stripped.txt,40,hokoa,hoko,a,no,no
mbc083-not-stripped.txt,27,raNona,roNo,na,no,no
mbc085-not-stripped.txt,14,ahatia,aha,tia,no,no
mbc085-not-stripped.txt,14,fakautua,fakautu,a,no,no
mbc044-not-stripped.txt,56,fakafifia,fakafifi,a,no,no
mbc045-not-stripped.txt,1,kapia,kapi,a,no,no
mbc063-not-stripped.txt,35,taea,tae,a,no,no
mbc044-not-stripped.txt,7,poroa,poro,a,no,no
mbc082-not-stripped.txt,68,hainatia,haina,tia,no,no
mbc082-not-stripped.txt,68,fakanuia,fakanui,a,no,no
mbc047-not-stripped.txt,23,ekehia,eke,hia,no,no
mbc090-not-stripped.txt,63,pakaNahia,pakaNa,hia,no,no
mbc082-not-stripped.txt,68,tautokohia,tautoko,hia,no,no
mbc062-not-stripped.txt,57,pAkia,pA,kia,no,no
mbc052-not-stripped.txt,52,tirohia,titiro,hia,no,no
mbc080-not-stripped.txt,11,tohua,tohu,a,no,no
mbc085-not-stripped.txt,12,tukua,tuku,a,no,no
mbc065-not-stripped.txt,5,fakahokia,fakahoki,a,no,no
mbc050-not-stripped.txt,37,mOhiotia,mOhio,tia,no,no
mbc084-not-stripped.txt,1,haNaia,haNa,ia,no,no
mbc049-not-stripped.txt,69,nohoia,noho,ia,no,no
mbc066-not-stripped.txt,11,tAria,tatari,a,no,no
mbc070-not-stripped.txt,44,tInihia,tIni,hia,no,no
mbc083-not-stripped.txt,21,fakamahia,fakamahi,a,no,no
mbc049-not-stripped.txt,73,murua,muru,a,no,no
mbc087-not-stripped.txt,17,mOhiotia,mOhio,tia,no,no
mbc063-not-stripped.txt,12,poua,pou,a,no,no
mbc077-not-stripped.txt,22,rapua,rapu,a,no,no
mbc049-not-stripped.txt,18,kitea,kite,a,no,no
mbc079-not-stripped.txt,56,fakaritea,fakarite,a,no,no
mbc063-not-stripped.txt,14,fakahokia,fakahoki,a,no,no
mbc088-not-stripped.txt,41,taea,tae,a,no,no
mbc066-not-stripped.txt,8,fakahEtia,fakahE,tia,no,no
mbc045-not-stripped.txt,35,hainatia,haina,tia,no,no
mbc066-not-stripped.txt,40,kIia,kI,ia,no,no
mbc067-not-stripped.txt,10,pIkaua,pIkau,a,no,no
mbc060-not-stripped.txt,47,ahatia,aha,tia,no,no
mbc088-not-stripped.txt,5,fakafAnuitia,fakafAnui,tia,no,no
mbc079-not-stripped.txt,52,hokoa,hoko,a,no,no
mbc059-not-stripped.txt,42,purea,pure,a,no,no
mbc084-not-stripped.txt,5,pAkia,pA,kia,no,no
mbc078-not-stripped.txt,68,taea,tae,a,no,no
mbc042-not-stripped.txt,57,fakaaehia,fakaae,hia,no,no
mbc065-not-stripped.txt,7,meatia,mea,tia,no,no
mbc050-not-stripped.txt,50,fakanuihia,fakanui,hia,no,no
mbc059-not-stripped.txt,42,fakanuia,fakanui,a,no,no
mbc090-not-stripped.txt,9,fakaaetia,fakaae,tia,no,no
mbc044-not-stripped.txt,7,ahatia,aha,tia,no,no
mbc085-not-stripped.txt,59,herea,here,a,no,no
mbc079-not-stripped.txt,56,raNahautia,raNahau,tia,no,no
mbc060-not-stripped.txt,49,kitea,kite,a,no,no
mbc069-not-stripped.txt,34,tohua,tohu,a,no,no
mbc046-not-stripped.txt,50,raupatuhia,raupatu,hia,no,no
mbc051-not-stripped.txt,54,taea,tae,a,no,no
mbc063-not-stripped.txt,8,kitea,kite,a,no,no
mbc077-not-stripped.txt,22,huakina,huaki,na,no,no
mbc056-not-stripped.txt,51,karaNahia,karaNa,hia,no,no
mbc045-not-stripped.txt,6,mOhiotia,mOhio,tia,no,no
mbc044-not-stripped.txt,56,fakatikahia,fakatika,hia,no,no
mbc076-not-stripped.txt,22,taea,tae,a,no,no
mbc078-not-stripped.txt,36,hokoa,hoko,a,no,no
mbc079-not-stripped.txt,54,taea,tae,a,no,no
mbc067-not-stripped.txt,10,muia,mui,a,no,no
mbc079-not-stripped.txt,52,fakahoutia,fakahou,tia,no,no
mbc054-not-stripped.txt,11,ahatia,aha,tia,no,no
mbc045-not-stripped.txt,35,fakatArewahia,fakatArewa,hia,no,no
mbc042-not-stripped.txt,59,tohua,tohu,a,no,no
mbc076-not-stripped.txt,19,horahia,hora,hia,no,no
mbc087-not-stripped.txt,14,meatia,mea,tia,no,no
mbc048-not-stripped.txt,7,tohua,tohu,a,no,no
mbc079-not-stripped.txt,54,herea,here,a,no,no
mbc063-not-stripped.txt,14,ahatia,aha,tia,no,no
mbc062-not-stripped.txt,40,taea,tae,a,no,no
mbc066-not-stripped.txt,40,fakamutua,fakamutu,a,no,no
mbc043-not-stripped.txt,8,rapua,rapu,a,no,no
mbc044-not-stripped.txt,40,pahUtia,pahU,tia,no,no
mbc044-not-stripped.txt,41,kohia,kohi,a,no,no
mbc079-not-stripped.txt,54,hokoa,hoko,a,no,no
mbc059-not-stripped.txt,44,kitea,kite,a,no,no
mbc088-not-stripped.txt,47,firifiria,firifiri,a,no,no
mbc042-not-stripped.txt,57,ahatia,aha,tia,no,no
mbc049-not-stripped.txt,67,taNona,taNo,na,no,no
mbc068-not-stripped.txt,38,taea,tae,a,no,no
mbc084-not-stripped.txt,1,meatia,mea,tia,no,no
mbc062-not-stripped.txt,59,mOhiotia,mOhio,tia,no,no
mbc044-not-stripped.txt,9,kitea,kite,a,no,no
mbc069-not-stripped.txt,49,firifirihia,firifiri,hia,no,no
mbc090-not-stripped.txt,65,tOia,tO,ia,no,no
mbc078-not-stripped.txt,34,fakafitia,fakafiti,a,no,no
mbc044-not-stripped.txt,40,fakapaetia,fakapae,tia,no,no
mbc063-not-stripped.txt,12,ahatia,aha,tia,no,no
mbc067-not-stripped.txt,13,mauheretia,mauhere,tia,no,no
mbc077-not-stripped.txt,41,paNahia,paNa,hia,no,no
mbc054-not-stripped.txt,2,ahatia,aha,tia,no,no
mbc044-not-stripped.txt,55,karaNahia,karaNa,hia,no,no
mbc062-not-stripped.txt,33,tautokona,tautoko,na,no,no
mbc058-not-stripped.txt,12,aukatihia,aukati,hia,no,no
mbc044-not-stripped.txt,56,fakanuia,fakanui,a,no,no
mbc047-not-stripped.txt,25,tohua,tohu,a,no,no
mbc047-not-stripped.txt,72,ahatia,aha,tia,no,no
mbc071-not-stripped.txt,5,fakatikaina,fakatika,ina,no,no
mbc068-not-stripped.txt,36,fakapaua,fakapau,a,no,no
mbc044-not-stripped.txt,41,hokoa,hoko,a,no,no
mbc068-not-stripped.txt,34,fakakorea,fakakore,a,no,no
mbc045-not-stripped.txt,35,mauheretia,mauhere,tia,no,no
mbc049-not-stripped.txt,69,takahia,takahi,a,no,no
mbc068-not-stripped.txt,5,taea,tae,a,no,no
mbc066-not-stripped.txt,40,panaia,pana,ia,no,no
mbc090-not-stripped.txt,65,fakakorea,fakakore,a,no,no
mbc077-not-stripped.txt,47,ahatia,aha,tia,no,no
mbc068-not-stripped.txt,3,ahatia,aha,tia,no,no
mbc049-not-stripped.txt,73,fakahokia,fakahoki,a,no,no
mbc062-not-stripped.txt,28,pAkia,pA,kia,no,no
mbc063-not-stripped.txt,35,fakahokia,fakahoki,a,no,no
mbc079-not-stripped.txt,52,herea,here,a,no,no
mbc045-not-stripped.txt,35,taea,tae,a,no,no
mbc057-not-stripped.txt,68,fakawAtia,fakawA,tia,no,no
mbc044-not-stripped.txt,57,taea,tae,a,no,no
mbc068-not-stripped.txt,3,fakatauhia,fakatau,hia,no,no
mbc078-not-stripped.txt,36,hokona,hoko,na,no,no
mbc056-not-stripped.txt,47,kinohia,kino,hia,no,no
mbc051-not-stripped.txt,46,waihaNatia,waihaNa,tia,no,no
mbc068-not-stripped.txt,3,fakaritea,fakarite,a,no,no
mbc068-not-stripped.txt,36,meatia,mea,tia,no,no
mbc071-not-stripped.txt,3,unuhia,unu,hia,no,no
mbc044-not-stripped.txt,40,tahuna,tahu,na,no,no
mbc045-not-stripped.txt,35,kitea,kite,a,no,no
mbc071-not-stripped.txt,7,kitea,kite,a,no,no
mbc053-not-stripped.txt,53,Afinatia,Afina,tia,no,no
mbc041-not-stripped.txt,1,fakakorea,fakakore,a,no,no
mbc047-not-stripped.txt,72,mOhiotia,mOhio,tia,no,no
mbc044-not-stripped.txt,57,kIia,kI,ia,no,no
mbc045-not-stripped.txt,35,tauhia,tau,hia,no,no
mbc046-not-stripped.txt,48,hainahia,haina,hia,no,no
mbc054-not-stripped.txt,9,tohua,tohu,a,no,no
mbc076-not-stripped.txt,22,pOrarutia,pOraru,tia,no,no
mbc047-not-stripped.txt,72,taea,tae,a,no,no
mbc049-not-stripped.txt,73,tAronatia,tArona,tia,no,no
mbc058-not-stripped.txt,10,fakawAtia,fakawA,tia,no,no
mbc055-not-stripped.txt,54,mOhiotia,mOhio,tia,no,no
mbc056-not-stripped.txt,14,mOhiotia,mOhio,tia,no,no
mbc082-not-stripped.txt,76,rapua,rapu,a,no,no
mbc070-not-stripped.txt,46,kitea,kite,a,no,no
mbc058-not-stripped.txt,54,meatia,mea,tia,no,no
mbc044-not-stripped.txt,49,tirohia,titiro,hia,no,no
mbc045-not-stripped.txt,35,fakapaetia,fakapae,tia,no,no
mbc190-not-stripped.txt,22,taea,tae,a,no,no
mbc190-not-stripped.txt,33,tuhituhiNia,tuhituhi,Nia,no,no
mbc190-not-stripped.txt,29,waiatahia,waiata,hia,no,no
mbc190-not-stripped.txt,1,fiua,fiu,a,no,no
mbc190-not-stripped.txt,22,uhia,uhi,a,no,no
mbc190-not-stripped.txt,27,roahia,roa,hia,no,no
mbc190-not-stripped.txt,8,tuhia,tuhi,a,no,no
mbc190-not-stripped.txt,1,fiua,fiu,a,no,no
mbc190-not-stripped.txt,6,tonoa,tono,a,no,no
mbc190-not-stripped.txt,1,fANaia,fANai,a,no,no
mbc190-not-stripped.txt,22,kOrerohia,kOrero,hia,no,no
mbc190-not-stripped.txt,8,kOrerohia,kOrero,hia,no,no
mbc190-not-stripped.txt,22,uhia,uhi,a,no,no
mbc190-not-stripped.txt,1,fiua,fiu,a,no,no
mbc190-not-stripped.txt,22,taea,tae,a,no,no
mbc190-not-stripped.txt,1,fiua,fiu,a,no,no
mbc190-not-stripped.txt,24,waihohia,waiho,hia,no,no
mbc190-not-stripped.txt,2,tIkina,tiki,na,no,no
mbc190-not-stripped.txt,33,katohia,kato,hia,no,no
mbc190-not-stripped.txt,1,fAia,fai,a,no,no
mbc190-not-stripped.txt,29,tuhia,tuhi,a,no,no
mbc190-not-stripped.txt,10,fakaritea,fakarite,a,no,no
mbc190-not-stripped.txt,25,taea,tae,a,no,no
mbc190-not-stripped.txt,22,kOrerohia,kOrero,hia,no,no
mbc190-not-stripped.txt,27,fakaritehia,fakarite,hia,no,no
mbc190-not-stripped.txt,2,fakahokia,fakahoki,a,no,no
mbc190-not-stripped.txt,8,fakawAteahia,fakawAtea,hia,no,no
mbc190-not-stripped.txt,9,mahiNia,mahi,Nia,no,no
mbc190-not-stripped.txt,29,waiatahia,waiata,hia,no,no
mbc190-not-stripped.txt,8,haria,hari,a,no,no
mbc190-not-stripped.txt,33,tuhituhia,tuhituhi,a,no,no
mbc190-not-stripped.txt,1,horahia,hora,hia,no,no
mbc190-not-stripped.txt,2,kitea,kite,a,no,no
mbc190-not-stripped.txt,24,taea,tae,a,no,no
mbc190-not-stripped.txt,1,taea,tae,a,no,no
mbc190-not-stripped.txt,21,fakataumahahia,fakataumaha,hia,no,no
mbc190-not-stripped.txt,9,tukuna,tuku,na,no,no
mbc190-not-stripped.txt,20,taea,tae,a,no,no
mbc190-not-stripped.txt,22,kOrerohia,kOrero,hia,no,no
mbc190-not-stripped.txt,6,tonoa,tono,a,no,no
mbc190-not-stripped.txt,2,tIkina,tiki,na,no,no
mbc049-not-stripped.txt,13,utaina,uta,ina,no,no
mbc257-not-stripped.txt,4,fakatikaia,fakatika,ia,no,no
mbc257-not-stripped.txt,4,taea,tae,a,no,no
mbc257-not-stripped.txt,5,fakatUNia,fakatU,Nia,no,no
mbc257-not-stripped.txt,3,tAkina,taki,na,no,no
mbc170-not-stripped.txt,28,taNohia,taNo,hia,no,no
mbc257-not-stripped.txt,3,manakotia,manako,tia,no,no
mbc257-not-stripped.txt,2,kOrerotia,kOrero,tia,no,no
mbc170-not-stripped.txt,28,kOrerotia,kOrero,tia,no,no
mbc170-not-stripped.txt,10,kohia,kohi,a,no,no
mbc170-not-stripped.txt,28,kIia,kI,ia,no,no
mbc169-not-stripped.txt,21,fAiatia,fai,a/tia,no,yes
mbc170-not-stripped.txt,28,mauria,mau,ria,no,no
mbc170-not-stripped.txt,27,purea,pure,a,no,no
mbc170-not-stripped.txt,28,kIia,kI,ia,no,no
mbc257-not-stripped.txt,2,tAkinatia,taki,na/tia,no,yes
mbc170-not-stripped.txt,26,taNohia,taNo,hia,no,no
mbc170-not-stripped.txt,26,kIia,kI,ia,no,no
mbc170-not-stripped.txt,28,tAmia,tAmi,a,no,no
mbc170-not-stripped.txt,27,purea,pure,a,no,no
mbc257-not-stripped.txt,4,taea,tae,a,no,no
mbc170-not-stripped.txt,26,fakanuia,fakanui,a,no,no
mbc170-not-stripped.txt,28,kIia,kI,ia,no,no
mbc257-not-stripped.txt,4,fakatikaia,fakatika,ia,no,no
mbc170-not-stripped.txt,28,fArikitia,fAriki,tia,no,no
mbc257-not-stripped.txt,3,kOrerohia,kOrero,hia,no,no
mbc231-not-stripped.txt,11,warewareNia,wareware,Nia,no,no
mbc170-not-stripped.txt,26,kaweatia,kawe,a/tia,no,yes
mbc257-not-stripped.txt,5,kOrerotia,kOrero,tia,no,no
mbc257-not-stripped.txt,3,kOrerotia,kOrero,tia,no,no
mbc170-not-stripped.txt,26,uhia,uhi,a,no,no
mbc257-not-stripped.txt,5,meaNatia,mea,Na/Nia,no,yes
mbc257-not-stripped.txt,2,kIia,kI,ia,no,no
mbc169-not-stripped.txt,21,fAiatia,fai,a/tia,no,yes
mbc257-not-stripped.txt,3,kOrerotia,kOrero,tia,no,no
mbc170-not-stripped.txt,27,muia,mui,a,no,no
mbc170-not-stripped.txt,27,muia,mui,a,no,no
mbc170-not-stripped.txt,27,katoatia,katoa,tia,no,no
mbc170-not-stripped.txt,27,kohutia,kohu,tia,no,no
mbc257-not-stripped.txt,3,fArikitia,fAriki,tia,no,no
mbc257-not-stripped.txt,3,fAfAtia,fAfA,tia,no,no
mbc257-not-stripped.txt,2,tukuna,tuku,na,no,no
mbc257-not-stripped.txt,3,kIia,kI,ia,no,no
mbc257-not-stripped.txt,6,tUria,tU,ria,no,no
mbc170-not-stripped.txt,26,mauheretia,mauhere,tia,no,no
mbc231-not-stripped.txt,11,tonutia,tonu,tia,no,no
mbc257-not-stripped.txt,5,fArikihia,fAriki,hia,no,no
mbc170-not-stripped.txt,20,pOfiritia,pOfiri,tia,no,no
mbc170-not-stripped.txt,29,tirohia,titiro,hia,no,no
mbc231-not-stripped.txt,11,taNohia,taNo,hia,no,no
mbc170-not-stripped.txt,29,kOrerotia,kOrero,tia,no,no
mbc170-not-stripped.txt,29,kOrerotia,kOrero,tia,no,no
mbc170-not-stripped.txt,26,kIia,kI,ia,no,no
mbc170-not-stripped.txt,28,tirohia,titiro,hia,no,no
mbc170-not-stripped.txt,26,kinotia,kino,tia,no,no
mbc170-not-stripped.txt,28,tirohia,titiro,hia,no,no
mbc231-not-stripped.txt,11,tonutia,tonu,tia,no,no
mbc170-not-stripped.txt,26,fakanuia,fakanui,a,no,no
mbc169-not-stripped.txt,14,tAria,tatari,a,no,no
mbc170-not-stripped.txt,26,kIia,kI,ia,no,no
mbc170-not-stripped.txt,26,kIia,kI,ia,no,no
mbc257-not-stripped.txt,6,kOkiritia,kOkiri,tia,no,no
mbc257-not-stripped.txt,5,kOrerotia,kOrero,tia,no,no
mbc231-not-stripped.txt,11,haria,hari,a,no,no
mbc170-not-stripped.txt,29,fArikitia,fAriki,tia,no,no
mbc169-not-stripped.txt,14,kOrerotia,kOrero,tia,no,no
mbc170-not-stripped.txt,26,maihia,mai,hia,no,no
mbc170-not-stripped.txt,26,fakanuia,fakanui,a,no,no
mbc231-not-stripped.txt,11,kOrerotia,kOrero,tia,no,no
mbc231-not-stripped.txt,11,Naua,Nau,a,no,no
mbc170-not-stripped.txt,26,tohia,tohi,a,no,no
mbc257-not-stripped.txt,1,fArikitia,fAriki,tia,no,no
mbc257-not-stripped.txt,2,kIia,kI,ia,no,no
mbc170-not-stripped.txt,26,murua,muru,a,no,no
mbc175-not-stripped.txt,18,torohina,toro,hina,no,no
mbc169-not-stripped.txt,19,karafiua,karafiu,a,no,no
mbc147-not-stripped.txt,27,kEtia,kE,tia,no,no
mbc229-not-stripped.txt,33,kitea,kite,a,no,no
mbc195-not-stripped.txt,36,fakapauhia,fakapau,hia,no,no
mbc195-not-stripped.txt,36,kOrerohia,kOrero,hia,no,no
mbc195-not-stripped.txt,36,fakatUhia,fakatU,hia,no,no
mbc195-not-stripped.txt,38,fakatUhia,fakatU,hia,no,no
mbc195-not-stripped.txt,36,kOrerohia,kOrero,hia,no,no
mbc218-not-stripped.txt,28,fAnuihia,fAnui,hia,no,no
mbc195-not-stripped.txt,36,fakaAtaahuahia,fakaAtaahua,hia,no,no
mbc195-not-stripped.txt,38,wahaina,waha,ina,no,no
mbc195-not-stripped.txt,36,fakapaua,fakapau,a,no,no
mbc134-not-stripped.txt,42,horahia,hora,hia,no,no
mbc134-not-stripped.txt,55,fakahokia,fakahoki,a,no,no
mbc027-not-stripped.txt,26,kOhurutia,kOhuru,tia,no,no
mbc028-not-stripped.txt,10,meatia,mea,tia,no,no
mbc027-not-stripped.txt,2,panA,pana,a,no,no
mbc028-not-stripped.txt,10,meatia,mea,tia,no,no
mbc026-not-stripped.txt,31,tohua,tohu,a,no,no
mbc028-not-stripped.txt,14,taea,tae,a,no,no
mbc027-not-stripped.txt,28,katia,kati,a,no,no
mbc028-not-stripped.txt,10,hainatia,haina,tia,no,no
mbc026-not-stripped.txt,31,tohua,tohu,a,no,no
mbc037-not-stripped.txt,26,meatia,mea,tia,no,no
mbc074-not-stripped.txt,19,ekeNia,eke,Nia,no,no
mbc100-not-stripped.txt,43,tautokohia,tautoko,hia,no,no
mbc028-not-stripped.txt,10,hainatia,haina,tia,no,no
mbc032-not-stripped.txt,39,fakapatia,fakapati,a,no,no
mbc032-not-stripped.txt,38,fakatauNia,fakatau,Nia,no,no
mbc028-not-stripped.txt,14,fakahokia,fakahoki,a,no,no
mbc118-not-stripped.txt,22,kitea,kite,a,no,no
mbc027-not-stripped.txt,34,hokona,hoko,na,no,no
mbc037-not-stripped.txt,13,meatia,mea,tia,no,no
mbc027-not-stripped.txt,30,tohua,tohu,a,no,no
mbc027-not-stripped.txt,25,fakatUria,fakatU,ria,no,no
mbc026-not-stripped.txt,19,tohua,tohu,a,no,no
mbc026-not-stripped.txt,30,tapahia,tapahi,a,no,no
mbc037-not-stripped.txt,26,taea,tae,a,no,no
mbc038-not-stripped.txt,35,raNonahia,roNo,na/hia,no,yes
mbc026-not-stripped.txt,29,totohutia,totohu,tia,no,no
mbc030-not-stripped.txt,24,kaiNa,kai,Na,no,no
mbc027-not-stripped.txt,30,tohua,tohu,a,no,no
mbc026-not-stripped.txt,33,tAtaia,tAtai,a,no,no
mbc030-not-stripped.txt,15,murua,muru,a,no,no
mbc028-not-stripped.txt,13,panA,pana,a,no,no
mbc027-not-stripped.txt,26,fakawAtia,fakawA,tia,no,no
mbc027-not-stripped.txt,34,hokona,hoko,na,no,no
mbc028-not-stripped.txt,39,fANaihia,fANai,hia,no,no
mbc028-not-stripped.txt,5,meatia,mea,tia,no,no
mbc027-not-stripped.txt,3,fakamutua,fakamutu,a,no,no
mbc027-not-stripped.txt,28,tapahia,tapahi,a,no,no
mbc026-not-stripped.txt,4,fakaaetia,fakaae,tia,no,no
mbc029-not-stripped.txt,32,panA,pana,a,no,no
mbc027-not-stripped.txt,22,fakararua,fakararu,a,no,no
mbc027-not-stripped.txt,21,fakararua,fakararu,a,no,no
mbc028-not-stripped.txt,6,fiua,fiu,a,no,no
mbc027-not-stripped.txt,30,pureitia,purei,tia,no,no
mbc027-not-stripped.txt,2,kitea,kite,a,no,no
mbc028-not-stripped.txt,14,pIkautia,pIkau,tia,no,no
mbc027-not-stripped.txt,4,kitea,kite,a,no,no
mbc028-not-stripped.txt,6,tOroahia,totoro,a/hia,no,yes
mbc027-not-stripped.txt,3,taea,tae,a,no,no
mbc026-not-stripped.txt,15,meatia,mea,tia,no,no
mbc027-not-stripped.txt,2,fakahokia,fakahoki,a,no,no
mbc027-not-stripped.txt,0,fafaitia,fafai,tia,no,no
mbc026-not-stripped.txt,28,pAnuihia,pAnui,hia,no,no
mbc028-not-stripped.txt,41,tanumia,tanu,mia,no,no
mbc037-not-stripped.txt,12,parea,pare,a,no,no
mbc028-not-stripped.txt,14,meatia,mea,tia,no,no
mbc118-not-stripped.txt,22,haNA,haNa,a,no,no
mbc028-not-stripped.txt,8,meatia,mea,tia,no,no
mbc027-not-stripped.txt,39,meatia,mea,tia,no,no
mbc030-not-stripped.txt,30,fakakorea,fakakore,a,no,no
mbc030-not-stripped.txt,24,kaiNa,kai,Na,no,no
mbc118-not-stripped.txt,28,patua,patu,a,no,no
mbc028-not-stripped.txt,39,kitea,kite,a,no,no
mbc027-not-stripped.txt,35,fakatUria,fakatU,ria,no,no
mbc037-not-stripped.txt,26,taea,tae,a,no,no
mbc100-not-stripped.txt,9,puritia,puri,tia,no,no
mbc036-not-stripped.txt,2,fakahEtia,fakahE,tia,no,no
mbc030-not-stripped.txt,26,panA,pana,a,no,no
mbc118-not-stripped.txt,26,nohoNia,noho,Nia,no,no
mbc037-not-stripped.txt,13,tapahia,tapahi,a,no,no
mbc028-not-stripped.txt,38,arumia,aru,mia,no,no
mbc027-not-stripped.txt,16,meatia,mea,tia,no,no
mbc118-not-stripped.txt,26,kohatia,koha,tia,no,no
mbc118-not-stripped.txt,28,meatia,mea,tia,no,no
mbc037-not-stripped.txt,26,tarea,tare,a,no,no
mbc027-not-stripped.txt,26,fakapaetia,fakapae,tia,no,no
mbc029-not-stripped.txt,8,meatia,mea,tia,no,no
mbc027-not-stripped.txt,11,puakinatia,puaki,na/tia,no,yes
mbc028-not-stripped.txt,14,hokona,hoko,na,no,no
mbc038-not-stripped.txt,35,tirohia,titiro,hia,no,no
mbc038-not-stripped.txt,35,puritia,puri,tia,no,no
mbc118-not-stripped.txt,28,tApirihia,tApiri,hia,no,no
mbc118-not-stripped.txt,28,taNohia,taNo,hia,no,no
mbc030-not-stripped.txt,16,kitea,kite,a,no,no
mbc100-not-stripped.txt,1,tohiNia,tohi,Nia,no,no
mbc027-not-stripped.txt,7,tOhia,tO,hia,no,no
mbc030-not-stripped.txt,25,keria,keri,a,no,no
mbc032-not-stripped.txt,39,tohua,tohu,a,no,no
mbc028-not-stripped.txt,39,tirohia,titiro,hia,no,no
mbc030-not-stripped.txt,25,tutuNia,tutuNi,a,no,no
mbc027-not-stripped.txt,2,Aheitia,Ahei,tia,no,no
mbc027-not-stripped.txt,36,taea,tae,a,no,no
mbc027-not-stripped.txt,37,meatia,mea,tia,no,no
mbc026-not-stripped.txt,5,poipoia,poipoi,a,no,no
mbc036-not-stripped.txt,60,meatia,mea,tia,no,no
mbc026-not-stripped.txt,32,tirohia,titiro,hia,no,no
mbc028-not-stripped.txt,14,tohua,tohu,a,no,no
mbc030-not-stripped.txt,16,panA,pana,a,no,no
mbc028-not-stripped.txt,9,tAtaia,tAtai,a,no,no
mbc027-not-stripped.txt,1,fafaitia,fafai,tia,no,no
mbc027-not-stripped.txt,8,puritia,puri,tia,no,no
mbc118-not-stripped.txt,28,nohoNia,noho,Nia,no,no
mbc026-not-stripped.txt,13,kitea,kite,a,no,no
mbc038-not-stripped.txt,41,tautokohia,tautoko,hia,no,no
mbc026-not-stripped.txt,12,taea,tae,a,no,no
mbc027-not-stripped.txt,16,tohua,tohu,a,no,no
mbc029-not-stripped.txt,27,kIia,kI,ia,no,no
mbc030-not-stripped.txt,31,mAuiuihia,mAuiui,hia,no,no
mbc029-not-stripped.txt,4,paoroNia,paoro,Nia,no,no
mbc037-not-stripped.txt,12,fakamanahia,fakamana,hia,no,no
mbc028-not-stripped.txt,15,kOhurutia,kOhuru,tia,no,no
mbc037-not-stripped.txt,23,hokona,hoko,na,no,no
mbc030-not-stripped.txt,23,purua,puru,a,no,no
mbc026-not-stripped.txt,65,tukuna,tuku,na,no,no
mbc038-not-stripped.txt,43,tirohia,titiro,hia,no,no
mbc037-not-stripped.txt,41,panA,pana,a,no,no
mbc037-not-stripped.txt,11,raupatuhia,raupatu,hia,no,no
mbc037-not-stripped.txt,15,fakahaerehia,fakahaere,hia,no,no
mbc029-not-stripped.txt,15,Notea,Note,a,no,no
mbc027-not-stripped.txt,29,kitea,kite,a,no,no
mbc036-not-stripped.txt,9,panA,pana,a,no,no
mbc029-not-stripped.txt,15,waipuketia,waipuke,tia,no,no
mbc029-not-stripped.txt,16,fakahokia,fakahoki,a,no,no
mbc029-not-stripped.txt,5,kumea,kume,a,no,no
mbc029-not-stripped.txt,5,taNohia,taNo,hia,no,no
mbc027-not-stripped.txt,24,puritia,puri,tia,no,no
mbc027-not-stripped.txt,5,panA,pana,a,no,no
mbc026-not-stripped.txt,15,pAkia,pA,kia,no,no
mbc030-not-stripped.txt,25,tiakina,tiaki,na,no,no
mbc100-not-stripped.txt,43,taea,tae,a,no,no
mbc030-not-stripped.txt,25,tirohia,titiro,hia,no,no
mbc028-not-stripped.txt,15,tonuhia,tonu,hia,no,no
mbc026-not-stripped.txt,5,fakahaerehia,fakahaere,hia,no,no
mbc027-not-stripped.txt,35,taea,tae,a,no,no
mbc074-not-stripped.txt,39,puritia,puri,tia,no,no
mbc026-not-stripped.txt,6,kitea,kite,a,no,no
mbc027-not-stripped.txt,31,tAtaia,tAtai,a,no,no
mbc027-not-stripped.txt,34,feraferahia,ferafera,hia,no,no
mbc028-not-stripped.txt,15,kOhurutia,kOhuru,tia,no,no
mbc100-not-stripped.txt,43,kOrerohia,kOrero,hia,no,no
mbc028-not-stripped.txt,40,Apitihia,Apiti,hia,no,no
mbc026-not-stripped.txt,12,kitea,kite,a,no,no
mbc027-not-stripped.txt,8,pureihia,purei,hia,no,no
mbc026-not-stripped.txt,9,fakaarohia,fakaaro,hia,no,no
mbc026-not-stripped.txt,8,hiahiatia,hiahia,tia,no,no
mbc029-not-stripped.txt,4,pUhia,pupuhi,a,no,no
mbc030-not-stripped.txt,15,meatia,mea,tia,no,no
mbc026-not-stripped.txt,62,kAhakinatia,kAhaki,na/tia,no,yes
mbc029-not-stripped.txt,27,kitea,kite,a,no,no
mbc029-not-stripped.txt,28,faitia,fai,tia,no,no
mbc028-not-stripped.txt,6,hainahia,haina,hia,no,no
mbc029-not-stripped.txt,28,tonoa,tono,a,no,no
mbc029-not-stripped.txt,17,kEtia,kE,tia,no,no
mbc118-not-stripped.txt,28,mOhiotia,mOhio,tia,no,no
mbc027-not-stripped.txt,51,tapahia,tapahi,a,no,no
mbc028-not-stripped.txt,4,kumea,kume,a,no,no
mbc036-not-stripped.txt,4,tirohia,titiro,hia,no,no
mbc037-not-stripped.txt,14,taria,tari,a,no,no
mbc118-not-stripped.txt,28,meihatia,meiha,tia,no,no
mbc100-not-stripped.txt,16,kitea,kite,a,no,no
mbc037-not-stripped.txt,16,papataihia,papatai,hia,no,no
mbc118-not-stripped.txt,28,raNahautia,raNahau,tia,no,no
mbc027-not-stripped.txt,4,Araihia,Arai,hia,no,no
mbc027-not-stripped.txt,4,hikina,hiki,na,no,no
mbc027-not-stripped.txt,4,tIkina,tiki,na,no,no
mbc029-not-stripped.txt,29,fakatUria,fakatU,ria,no,no
mbc028-not-stripped.txt,38,rAhuitia,rAhui,tia,no,no
mbc038-not-stripped.txt,43,tirohia,titiro,hia,no,no
mbc075-not-stripped.txt,40,tirohia,titiro,hia,no,no
mbc026-not-stripped.txt,27,taea,tae,a,no,no
mbc026-not-stripped.txt,1,fakaaetia,fakaae,tia,no,no
mbc027-not-stripped.txt,34,raNonahia,roNo,na/hia,no,yes
mbc100-not-stripped.txt,3,puritia,puri,tia,no,no
mbc036-not-stripped.txt,57,kAhakina,kAhaki,na,no,no
mbc036-not-stripped.txt,57,kAhakinatia,kAhaki,na/tia,no,yes
mbc026-not-stripped.txt,32,panA,pana,a,no,no
mbc026-not-stripped.txt,33,pEhia,pEhi,a,no,no
mbc027-not-stripped.txt,40,kitea,kite,a,no,no
mbc037-not-stripped.txt,23,hokona,hoko,na,no,no
mbc029-not-stripped.txt,32,hAmenetia,hAmene,tia,no,no
mbc037-not-stripped.txt,39,mahiNia,mahi,Nia,no,no
mbc028-not-stripped.txt,38,kAhakinatia,kAhaki,na/tia,no,yes
mbc028-not-stripped.txt,2,tautokohia,tautoko,hia,no,no
mbc028-not-stripped.txt,3,kitea,kite,a,no,no
mbc028-not-stripped.txt,5,kitea,kite,a,no,no
mbc029-not-stripped.txt,27,fakatUria,fakatU,ria,no,no
mbc026-not-stripped.txt,36,tapahia,tapahi,a,no,no
mbc027-not-stripped.txt,16,meatia,mea,tia,no,no
mbc028-not-stripped.txt,28,meatia,mea,tia,no,no
mbc028-not-stripped.txt,28,raNahautia,raNahau,tia,no,no
mbc118-not-stripped.txt,26,kaiNa,kai,Na,no,no
mbc118-not-stripped.txt,28,fakaiNoatia,fakaiNoa,tia,no,no
mbc027-not-stripped.txt,5,panA,pana,a,no,no
mbc027-not-stripped.txt,5,tAtarihia,tAtari,hia,no,no
mbc028-not-stripped.txt,3,pahUtia,pahU,tia,no,no
mbc028-not-stripped.txt,30,fakaaturia,fakaatu,ria,no,no
mbc075-not-stripped.txt,38,taea,tae,a,no,no
mbc029-not-stripped.txt,9,fakatUria,fakatU,ria,no,no
mbc118-not-stripped.txt,28,mOhiotia,mOhio,tia,no,no
mbc118-not-stripped.txt,28,patua,patu,a,no,no
mbc027-not-stripped.txt,54,kIia,kI,ia,no,no
mbc036-not-stripped.txt,9,mOhiotia,mOhio,tia,no,no
mbc028-not-stripped.txt,37,fANaihia,fANai,hia,no,no
mbc028-not-stripped.txt,37,fakakAhoretia,fakakAhore,tia,no,no
mbc026-not-stripped.txt,18,panA,pana,a,no,no
mbc027-not-stripped.txt,22,taea,tae,a,no,no
mbc027-not-stripped.txt,23,faitia,fai,tia,no,no
mbc026-not-stripped.txt,65,purua,puru,a,no,no
mbc038-not-stripped.txt,41,pIrahia,pIra,hia,no,no
mbc027-not-stripped.txt,7,turakinahia,turaki,na/hia,no,yes
mbc030-not-stripped.txt,25,tiakina,tiaki,na,no,no
mbc038-not-stripped.txt,41,tukuna,tuku,na,no,no
mbc036-not-stripped.txt,56,tukia,tuki,a,no,no
mbc037-not-stripped.txt,23,kitea,kite,a,no,no
mbc028-not-stripped.txt,40,meatia,mea,tia,no,no
mbc028-not-stripped.txt,17,fakararua,fakararu,a,no,no
mbc028-not-stripped.txt,42,fakahaerehia,fakahaere,hia,no,no
mbc027-not-stripped.txt,39,tapahia,tapahi,a,no,no
mbc027-not-stripped.txt,5,fakahokia,fakahoki,a,no,no
mbc026-not-stripped.txt,25,puakinatia,puaki,na/tia,no,yes
mbc028-not-stripped.txt,37,fakararua,fakararu,a,no,no
mbc100-not-stripped.txt,22,fakamahia,fakamahi,a,no,no
mbc028-not-stripped.txt,3,meatia,mea,tia,no,no
mbc026-not-stripped.txt,9,tohua,tohu,a,no,no
mbc027-not-stripped.txt,18,hAmenetia,hAmene,tia,no,no
mbc028-not-stripped.txt,27,puritia,puri,tia,no,no
mbc026-not-stripped.txt,60,taea,tae,a,no,no
mbc026-not-stripped.txt,36,fakararua,fakararu,a,no,no
mbc029-not-stripped.txt,4,pUhia,pupuhi,a,no,no
mbc037-not-stripped.txt,37,rAhuitia,rAhui,tia,no,no
mbc029-not-stripped.txt,4,pupuhitia,pupuhi,tia,no,no
mbc037-not-stripped.txt,38,hainatia,haina,tia,no,no
mbc037-not-stripped.txt,38,nohoNia,noho,Nia,no,no
mbc037-not-stripped.txt,38,panA,pana,a,no,no
mbc026-not-stripped.txt,13,waihaNatia,waihaNa,tia,no,no
mbc027-not-stripped.txt,50,rapua,rapu,a,no,no
mbc026-not-stripped.txt,13,taea,tae,a,no,no
mbc037-not-stripped.txt,14,meatia,mea,tia,no,no
mbc026-not-stripped.txt,38,tOpUhia,tOpU,hia,no,no
mbc037-not-stripped.txt,14,panA,pana,a,no,no
mbc026-not-stripped.txt,17,kitea,kite,a,no,no
mbc037-not-stripped.txt,16,feraferahia,ferafera,hia,no,no
mbc073-not-stripped.txt,5,parea,pare,a,no,no
mbc029-not-stripped.txt,15,kitea,kite,a,no,no
mbc029-not-stripped.txt,15,rapua,rapu,a,no,no
mbc026-not-stripped.txt,19,tohua,tohu,a,no,no
mbc029-not-stripped.txt,17,fakapaetia,fakapae,tia,no,no
mbc029-not-stripped.txt,16,utua,utu,a,no,no
mbc037-not-stripped.txt,21,tAtaia,tAtai,a,no,no
mbc030-not-stripped.txt,24,tapahia,tapahi,a,no,no
mbc027-not-stripped.txt,8,kitea,kite,a,no,no
mbc027-not-stripped.txt,34,hurihia,huri,hia,no,no
mbc037-not-stripped.txt,26,meatia,mea,tia,no,no
mbc027-not-stripped.txt,63,tirohia,titiro,hia,no,no
mbc029-not-stripped.txt,21,kaiNa,kai,Na,no,no
mbc027-not-stripped.txt,35,taea,tae,a,no,no
mbc030-not-stripped.txt,3,taria,tari,a,no,no
mbc037-not-stripped.txt,27,utua,utu,a,no,no
mbc037-not-stripped.txt,34,fakapaetia,fakapae,tia,no,no
mbc030-not-stripped.txt,30,kOrerohia,kOrero,hia,no,no
mbc028-not-stripped.txt,1,tOroahia,totoro,a/hia,no,yes
mbc028-not-stripped.txt,45,tAtaia,tAtai,a,no,no
mbc028-not-stripped.txt,47,tohua,tohu,a,no,no
mbc026-not-stripped.txt,58,tirohia,titiro,hia,no,no
mbc030-not-stripped.txt,15,kitea,kite,a,no,no
mbc028-not-stripped.txt,5,Notea,Note,a,no,no
mbc037-not-stripped.txt,5,tirohia,titiro,hia,no,no
mbc029-not-stripped.txt,26,Araihia,Arai,hia,no,no
mbc073-not-stripped.txt,37,fakahaerehia,fakahaere,hia,no,no
mbc026-not-stripped.txt,62,puritia,puri,tia,no,no
mbc073-not-stripped.txt,37,wawehia,wawe,hia,no,no
mbc073-not-stripped.txt,39,kitea,kite,a,no,no
mbc029-not-stripped.txt,28,tautokohia,tautoko,hia,no,no
mbc073-not-stripped.txt,41,taea,tae,a,no,no
mbc026-not-stripped.txt,64,pEhia,pEhi,a,no,no
mbc075-not-stripped.txt,40,akona,ako,na,no,no
mbc029-not-stripped.txt,6,rapua,rapu,a,no,no
mbc026-not-stripped.txt,37,wehea,wehe,a,no,no
mbc030-not-stripped.txt,17,fakatUria,fakatU,ria,no,no
mbc026-not-stripped.txt,38,tonoa,tono,a,no,no
mbc027-not-stripped.txt,52,tapahia,tapahi,a,no,no
mbc029-not-stripped.txt,13,tohua,tohu,a,no,no
mbc028-not-stripped.txt,36,kAhakinatia,kAhaki,na/tia,no,yes
mbc026-not-stripped.txt,17,pUhia,pupuhi,a,no,no
mbc038-not-stripped.txt,36,fakatUria,fakatU,ria,no,no
mbc038-not-stripped.txt,37,akihia,Aki,hia,no,no
mbc038-not-stripped.txt,37,tukuna,tuku,na,no,no
mbc038-not-stripped.txt,38,mOhiotia,mOhio,tia,no,no
mbc038-not-stripped.txt,39,kitea,kite,a,no,no
mbc028-not-stripped.txt,15,kitea,kite,a,no,no
mbc037-not-stripped.txt,23,puritia,puri,tia,no,no
mbc118-not-stripped.txt,20,mOhiotia,mOhio,tia,no,no
mbc026-not-stripped.txt,1,Akina,Aki,na,no,no
mbc038-not-stripped.txt,41,pOtihia,pOti,hia,no,no
mbc030-not-stripped.txt,2,kAhakinatia,kAhaki,na/tia,no,yes
mbc028-not-stripped.txt,16,fakahEtia,fakahE,tia,no,no
mbc028-not-stripped.txt,41,kitea,kite,a,no,no
mbc030-not-stripped.txt,2,tonoa,tono,a,no,no
mbc028-not-stripped.txt,42,fakawAtia,fakawA,tia,no,no
mbc027-not-stripped.txt,40,kitea,kite,a,no,no
mbc229-not-stripped.txt,30,nohoNia,noho,Nia,no,no
mbc028-not-stripped.txt,0,tOroahia,totoro,a/hia,no,yes
mbc026-not-stripped.txt,53,tonoa,tono,a,no,no
mbc027-not-stripped.txt,42,turakinahia,turaki,na/hia,no,yes
mbc026-not-stripped.txt,59,muia,mui,a,no,no
mbc028-not-stripped.txt,25,tautokohia,tautoko,hia,no,no
mbc081-not-stripped.txt,67,roNonuihia,roNonui,hia,no,no
mbc028-not-stripped.txt,24,fakatakotoria,fakatakoto,ria,no,no
mbc028-not-stripped.txt,26,tukuna,tuku,na,no,no
mbc118-not-stripped.txt,24,taria,tari,a,no,no
mbc074-not-stripped.txt,19,amohia,amo,hia,no,no
mbc118-not-stripped.txt,26,firia,firi,a,no,no
mbc030-not-stripped.txt,16,fakawaia,fakawai,a,no,no
mbc037-not-stripped.txt,12,fANaihia,fANai,hia,no,no
mbc074-not-stripped.txt,19,poua,pou,a,no,no
mbc027-not-stripped.txt,24,kAhakinatia,kAhaki,na/tia,no,yes
mbc026-not-stripped.txt,64,kikia,kiki,a,no,no
mbc118-not-stripped.txt,12,raNonahia,roNo,na/hia,no,yes
mbc229-not-stripped.txt,32,kOrerohia,kOrero,hia,no,no
mbc037-not-stripped.txt,14,nekehia,neke,hia,no,no
mbc028-not-stripped.txt,32,kitea,kite,a,no,no
mbc030-not-stripped.txt,17,tirohia,titiro,hia,no,no
mbc118-not-stripped.txt,4,kIia,kI,ia,no,no
mbc027-not-stripped.txt,56,mauria,mau,ria,no,no
mbc026-not-stripped.txt,18,hikina,hiki,na,no,no
mbc072-not-stripped.txt,16,meatia,mea,tia,no,no
mbc037-not-stripped.txt,17,tuferahia,tufera,hia,no,no
mbc026-not-stripped.txt,18,tirohia,titiro,hia,no,no
mbc026-not-stripped.txt,24,puakinatia,puaki,na/tia,no,yes
mbc037-not-stripped.txt,20,fakapatia,fakapati,a,no,no
mbc038-not-stripped.txt,41,fakatauNia,fakatau,Nia,no,no
mbc029-not-stripped.txt,17,rAhuitia,rAhui,tia,no,no
mbc030-not-stripped.txt,25,nohoNia,noho,Nia,no,no
mbc037-not-stripped.txt,26,fakararua,fakararu,a,no,no
mbc027-not-stripped.txt,63,meatia,mea,tia,no,no
mbc074-not-stripped.txt,37,paiheretia,paihere,tia,no,no
mbc036-not-stripped.txt,57,tukuna,tuku,na,no,no
mbc027-not-stripped.txt,65,mOhiotia,mOhio,tia,no,no
mbc026-not-stripped.txt,5,uiuitia,uiui,tia,no,no
mbc037-not-stripped.txt,33,fakapaetia,fakapae,tia,no,no
mbc029-not-stripped.txt,25,fakahokia,fakahoki,a,no,no
mbc026-not-stripped.txt,6,rapua,rapu,a,no,no
mbc037-not-stripped.txt,34,hopukinatia,hopu,kina/tia,no,yes
mbc026-not-stripped.txt,56,fakamahihia,fakamahi,hia,no,no
mbc037-not-stripped.txt,9,pureitia,purei,tia,no,no
mbc081-not-stripped.txt,67,warewarehia,wareware,hia,no,no
mbc030-not-stripped.txt,13,tuhia,tuhi,a,no,no
mbc037-not-stripped.txt,37,fakaarohia,fakaaro,hia,no,no
mbc029-not-stripped.txt,4,hAmenetia,hAmene,tia,no,no
mbc030-not-stripped.txt,31,mAuiuihia,mAuiui,hia,no,no
mbc036-not-stripped.txt,1,tirohia,titiro,hia,no,no
mbc037-not-stripped.txt,38,fakaritea,fakarite,a,no,no
mbc036-not-stripped.txt,2,fakatUria,fakatU,ria,no,no
mbc036-not-stripped.txt,2,purua,puru,a,no,no
mbc036-not-stripped.txt,3,fakarerekEhia,fakarerekE,hia,no,no
mbc073-not-stripped.txt,39,fAnuitia,fAnui,tia,no,no
mbc030-not-stripped.txt,17,fakakorea,fakakore,a,no,no
mbc118-not-stripped.txt,28,mOhiotia,mOhio,tia,no,no
mbc028-not-stripped.txt,30,tahitia,tahi,tia,no,no
mbc229-not-stripped.txt,32,kaiNAkauhia,kaiNAkau,hia,no,no
mbc027-not-stripped.txt,51,tautokohia,tautoko,hia,no,no
mbc026-not-stripped.txt,40,purua,puru,a,no,no
mbc028-not-stripped.txt,34,pAkia,pA,kia,no,no
mbc026-not-stripped.txt,17,kitea,kite,a,no,no
mbc118-not-stripped.txt,4,kIia,kI,ia,no,no
mbc027-not-stripped.txt,55,tInihia,tIni,hia,no,no
mbc118-not-stripped.txt,4,mOhiotia,mOhio,tia,no,no
mbc026-not-stripped.txt,45,puritia,puri,tia,no,no
mbc026-not-stripped.txt,46,fakapahUtia,fakapahU,tia,no,no
mbc027-not-stripped.txt,59,pAkia,pA,kia,no,no
mbc030-not-stripped.txt,23,karaNahia,karaNa,hia,no,no
mbc028-not-stripped.txt,15,tirohia,titiro,hia,no,no
mbc029-not-stripped.txt,18,fakamutua,fakamutu,a,no,no
mbc027-not-stripped.txt,63,tautokohia,tautoko,hia,no,no
mbc028-not-stripped.txt,15,tonoa,tono,a,no,no
mbc027-not-stripped.txt,63,fakaaetia,fakaae,tia,no,no
mbc028-not-stripped.txt,41,kitea,kite,a,no,no
mbc030-not-stripped.txt,2,taea,tae,a,no,no
mbc027-not-stripped.txt,65,fakapaetia,fakapae,tia,no,no
mbc029-not-stripped.txt,24,pANia,pA,Nia,no,no
mbc037-not-stripped.txt,33,hopukinatia,hopu,kina/tia,no,yes
mbc030-not-stripped.txt,28,wehea,wehe,a,no,no
mbc027-not-stripped.txt,67,taea,tae,a,no,no
mbc030-not-stripped.txt,30,kOrerohia,kOrero,hia,no,no
mbc028-not-stripped.txt,2,pOtihia,pOti,hia,no,no
mbc037-not-stripped.txt,8,tonoa,tono,a,no,no
mbc026-not-stripped.txt,36,meatia,mea,tia,no,no
mbc081-not-stripped.txt,67,parania,parani,a,no,no
mbc029-not-stripped.txt,25,panA,pana,a,no,no
mbc027-not-stripped.txt,15,hokona,hoko,na,no,no
mbc073-not-stripped.txt,37,taea,tae,a,no,no
mbc118-not-stripped.txt,24,tiakina,tiaki,na,no,no
mbc029-not-stripped.txt,27,tautokohia,tautoko,hia,no,no
mbc026-not-stripped.txt,63,hAmenetia,hAmene,tia,no,no
mbc073-not-stripped.txt,41,tUmanakohia,tUmanako,hia,no,no
mbc118-not-stripped.txt,28,hopukia,hopu,kia,no,no
mbc029-not-stripped.txt,6,hoatuhia,hoatu,hia,no,no
mbc037-not-stripped.txt,38,tonoa,tono,a,no,no
mbc027-not-stripped.txt,50,pAferahia,pAfera,hia,no,no
mbc028-not-stripped.txt,29,taea,tae,a,no,no
mbc027-not-stripped.txt,24,mauheretia,mauhere,tia,no,no
mbc030-not-stripped.txt,17,rAfarahia,rAfara,hia,no,no
mbc100-not-stripped.txt,16,kitea,kite,a,no,no
mbc036-not-stripped.txt,7,panA,pana,a,no,no
mbc072-not-stripped.txt,14,warewaretia,wareware,tia,no,no
mbc072-not-stripped.txt,16,mauria,mau,ria,no,no
mbc038-not-stripped.txt,37,fakararua,fakararu,a,no,no
mbc038-not-stripped.txt,36,parea,pare,a,no,no
mbc036-not-stripped.txt,51,fakahaerehia,fakahaere,hia,no,no
mbc036-not-stripped.txt,51,kitea,kite,a,no,no
mbc100-not-stripped.txt,28,fakahaerehia,fakahaere,hia,no,no
mbc029-not-stripped.txt,17,murua,muru,a,no,no
mbc028-not-stripped.txt,15,tirohia,titiro,hia,no,no
mbc036-not-stripped.txt,52,tAmia,tAmi,a,no,no
mbc027-not-stripped.txt,62,hAmenetia,hAmene,tia,no,no
mbc036-not-stripped.txt,55,pUhia,pupuhi,a,no,no
mbc030-not-stripped.txt,2,kitea,kite,a,no,no
mbc028-not-stripped.txt,40,fakapatia,fakapati,a,no,no
mbc074-not-stripped.txt,37,kapohia,kapo,hia,no,no
mbc028-not-stripped.txt,17,fakararua,fakararu,a,no,no
mbc029-not-stripped.txt,24,taea,tae,a,no,no
mbc029-not-stripped.txt,24,tanumia,tanu,mia,no,no
mbc118-not-stripped.txt,22,mahia,mahi,a,no,no
mbc038-not-stripped.txt,10,fakatArewatia,fakatArewa,tia,no,no
mbc036-not-stripped.txt,0,tohua,tohu,a,no,no
mbc026-not-stripped.txt,58,tirohia,titiro,hia,no,no
mbc029-not-stripped.txt,25,kohia,kohi,a,no,no
mbc027-not-stripped.txt,15,fakapauhia,fakapau,hia,no,no
mbc037-not-stripped.txt,5,taea,tae,a,no,no
mbc100-not-stripped.txt,7,taea,tae,a,no,no
mbc118-not-stripped.txt,24,raNahautia,raNahau,tia,no,no
mbc026-not-stripped.txt,36,fakararua,fakararu,a,no,no
mbc037-not-stripped.txt,37,pOhEhEtia,pOhEhE,tia,no,no
mbc026-not-stripped.txt,37,hopukina,hopu,kina,no,no
mbc028-not-stripped.txt,28,taea,tae,a,no,no
mbc100-not-stripped.txt,9,tIraria,tIra,ria,no,no
mbc075-not-stripped.txt,38,rapua,rapu,a,no,no
mbc118-not-stripped.txt,28,kaiNa,kai,Na,no,no
mbc073-not-stripped.txt,1,hokona,hoko,na,no,no
mbc036-not-stripped.txt,4,fAitia,fai,tia,no,no
mbc036-not-stripped.txt,4,kIia,kI,ia,no,no
mbc073-not-stripped.txt,1,tuaritia,tuari,tia,no,no
mbc027-not-stripped.txt,52,tAhaetia,tAhae,tia,no,no
mbc037-not-stripped.txt,14,rAhuitia,rAhui,tia,no,no
mbc036-not-stripped.txt,9,panA,pana,a,no,no
mbc026-not-stripped.txt,41,kitea,kite,a,no,no
mbc037-not-stripped.txt,17,kOrerohia,kOrero,hia,no,no
mbc030-not-stripped.txt,21,hainahia,haina,hia,no,no
mbc026-not-stripped.txt,18,hAmenetia,hAmene,tia,no,no
mbc030-not-stripped.txt,23,kOrerohia,kOrero,hia,no,no
mbc038-not-stripped.txt,1,tirohia,titiro,hia,no,no
mbc036-not-stripped.txt,52,kitea,kite,a,no,no
mbc027-not-stripped.txt,61,mOhiotia,mOhio,tia,no,no
mbc029-not-stripped.txt,17,rAhuitia,rAhui,tia,no,no
mbc027-not-stripped.txt,61,pUhia,pupuhi,a,no,no
mbc029-not-stripped.txt,18,pAhitia,pAhi,tia,no,no
mbc026-not-stripped.txt,48,tonoa,tono,a,no,no
mbc027-not-stripped.txt,62,kAhakinatia,kAhaki,na/tia,no,yes
mbc118-not-stripped.txt,4,raNona,roNo,na,no,no
mbc027-not-stripped.txt,64,tonoa,tono,a,no,no
mbc029-not-stripped.txt,21,tuhia,tuhi,a,no,no
mbc229-not-stripped.txt,30,hoatuhia,hoatu,hia,no,no
mbc229-not-stripped.txt,30,huria,huri,a,no,no
mbc028-not-stripped.txt,42,kOrerohia,kOrero,hia,no,no
mbc118-not-stripped.txt,6,tonuhia,tonu,hia,no,no
mbc026-not-stripped.txt,8,fakararua,fakararu,a,no,no
mbc026-not-stripped.txt,7,panA,pana,a,no,no
mbc118-not-stripped.txt,1,tiakina,tiaki,na,no,no
mbc037-not-stripped.txt,36,tuhia,tuhi,a,no,no
mbc118-not-stripped.txt,24,raNahautia,raNahau,tia,no,no
mbc027-not-stripped.txt,46,fakapatia,fakapati,a,no,no
mbc030-not-stripped.txt,11,fakahEtia,fakahE,tia,no,no
mbc028-not-stripped.txt,27,fakataetaehia,fakataetae,hia,no,no
mbc026-not-stripped.txt,62,tukuna,tuku,na,no,no
mbc100-not-stripped.txt,9,tIhaehaetia,tIhaehae,tia,no,no
mbc075-not-stripped.txt,38,tUmanakohia,tUmanako,hia,no,no
mbc028-not-stripped.txt,29,rapuhia,rapu,hia,no,no
mbc100-not-stripped.txt,9,tuferahia,tufera,hia,no,no
mbc027-not-stripped.txt,49,tonoa,tono,a,no,no
mbc073-not-stripped.txt,1,puritia,puri,tia,no,no
mbc026-not-stripped.txt,37,tohua,tohu,a,no,no
mbc030-not-stripped.txt,17,hokona,hoko,na,no,no
mbc118-not-stripped.txt,4,fakairohia,fakairo,hia,no,no
mbc118-not-stripped.txt,4,fakatUria,fakatU,ria,no,no
mbc028-not-stripped.txt,36,fakararua,fakararu,a,no,no
mbc030-not-stripped.txt,20,pEheatia,pEhea,tia,no,no
mbc100-not-stripped.txt,16,tuhia,tuhi,a,no,no
mbc100-not-stripped.txt,16,tuhia,tuhi,a,no,no
mbc027-not-stripped.txt,56,tohua,tohu,a,no,no
mbc027-not-stripped.txt,59,kapia,kapi,a,no,no
mbc030-not-stripped.txt,0,faitia,fai,tia,no,no
mbc026-not-stripped.txt,45,puritia,puri,tia,no,no
mbc038-not-stripped.txt,39,kitea,kite,a,no,no
mbc038-not-stripped.txt,39,taea,tae,a,no,no
mbc030-not-stripped.txt,0,tirohia,titiro,hia,no,no
mbc036-not-stripped.txt,56,rapua,rapu,a,no,no
mbc030-not-stripped.txt,0,waihaNatia,waihaNa,tia,no,no
mbc030-not-stripped.txt,1,tOroahia,totoro,a/hia,no,yes
mbc030-not-stripped.txt,1,puritia,puri,tia,no,no
mbc118-not-stripped.txt,4,tahia,tahi,a,no,no
mbc026-not-stripped.txt,50,tohua,tohu,a,no,no
mbc029-not-stripped.txt,23,nehua,nehu,a,no,no
mbc029-not-stripped.txt,24,tanumia,tanu,mia,no,no
mbc026-not-stripped.txt,53,meatia,mea,tia,no,no
mbc229-not-stripped.txt,30,raua,rau,a,no,no
mbc027-not-stripped.txt,41,panA,pana,a,no,no
mbc026-not-stripped.txt,58,kitea,kite,a,no,no
mbc118-not-stripped.txt,8,mOhiotia,mOhio,tia,no,no
mbc081-not-stripped.txt,67,parakenahia,parakena,hia,no,no
mbc036-not-stripped.txt,1,rIpoatahia,rIpoata,hia,no,no
mbc028-not-stripped.txt,24,fakapUmautia,fakapUmau,tia,no,no
mbc029-not-stripped.txt,4,Araihia,Arai,hia,no,no
mbc036-not-stripped.txt,1,tirohia,titiro,hia,no,no
mbc118-not-stripped.txt,1,fAitia,fai,tia,no,no
mbc075-not-stripped.txt,38,raNona,roNo,na,no,no
mbc030-not-stripped.txt,34,tonoa,tono,a,no,no
mbc036-not-stripped.txt,2,meatia,mea,tia,no,no
mbc030-not-stripped.txt,34,tukia,tuki,a,no,no
mbc030-not-stripped.txt,30,parea,pare,a,no,no
mbc026-not-stripped.txt,37,meatia,mea,tia,no,no
mbc026-not-stripped.txt,37,taea,tae,a,no,no
mbc118-not-stripped.txt,4,fakaiNoatia,fakaiNoa,tia,no,no
mbc026-not-stripped.txt,37,tohua,tohu,a,no,no
mbc037-not-stripped.txt,39,tOpUhia,tOpU,hia,no,no
mbc100-not-stripped.txt,16,akona,ako,na,no,no
mbc037-not-stripped.txt,42,mOhiotia,mOhio,tia,no,no
mbc030-not-stripped.txt,21,fakawAteatia,fakawAtea,tia,no,no
mbc026-not-stripped.txt,44,fakahEtia,fakahE,tia,no,no
mbc026-not-stripped.txt,44,puritia,puri,tia,no,no
mbc100-not-stripped.txt,16,tuhia,tuhi,a,no,no
mbc030-not-stripped.txt,21,meatia,mea,tia,no,no
mbc027-not-stripped.txt,56,tohua,tohu,a,no,no
mbc026-not-stripped.txt,47,fakatahaina,fakataha,ina,no,no
mbc026-not-stripped.txt,47,tukuna,tuku,na,no,no
mbc038-not-stripped.txt,1,kitea,kite,a,no,no
mbc100-not-stripped.txt,18,tuhia,tuhi,a,no,no
mbc026-not-stripped.txt,48,tonoa,tono,a,no,no
mbc026-not-stripped.txt,48,fakaarohia,fakaaro,hia,no,no
mbc038-not-stripped.txt,2,mauheretia,mauhere,tia,no,no
mbc038-not-stripped.txt,2,raNahautia,raNahau,tia,no,no
mbc038-not-stripped.txt,3,kapia,kapi,a,no,no
mbc030-not-stripped.txt,5,fakawAtia,fakawA,tia,no,no
mbc026-not-stripped.txt,6,kitea,kite,a,no,no
mbc028-not-stripped.txt,20,kitea,kite,a,no,no
mbc026-not-stripped.txt,53,fakapatia,fakapati,a,no,no
mbc118-not-stripped.txt,6,patua,patu,a,no,no
mbc026-not-stripped.txt,7,raNonahia,roNo,na/hia,no,yes
mbc026-not-stripped.txt,7,fakawAteatia,fakawAtea,tia,no,no
mbc030-not-stripped.txt,13,tAmia,tAmi,a,no,no
mbc027-not-stripped.txt,15,fakapauhia,fakapau,hia,no,no
mbc027-not-stripped.txt,44,panA,pana,a,no,no
mbc037-not-stripped.txt,5,fakararua,fakararu,a,no,no
mbc037-not-stripped.txt,36,paiheretia,paihere,tia,no,no
mbc118-not-stripped.txt,1,rAhuitia,rAhui,tia,no,no
mbc026-not-stripped.txt,36,fakapaetia,fakapae,tia,no,no
mbc027-not-stripped.txt,48,kitea,kite,a,no,no
mbc026-not-stripped.txt,62,tukuna,tuku,na,no,no
mbc026-not-stripped.txt,35,tapahia,tapahi,a,no,no
mbc037-not-stripped.txt,35,fakahEtia,fakahE,tia,no,no
mbc229-not-stripped.txt,31,tAhaetia,tAhae,tia,no,no
mbc229-not-stripped.txt,31,tuferahia,tufera,hia,no,no
mbc030-not-stripped.txt,36,utua,utu,a,no,no
mbc027-not-stripped.txt,50,kAhakinatia,kAhaki,na/tia,no,yes
mbc030-not-stripped.txt,37,patua,patu,a,no,no
mbc027-not-stripped.txt,52,hAmenetia,hAmene,tia,no,no
mbc030-not-stripped.txt,20,fakamAramahia,fakamArama,hia,no,no
mbc118-not-stripped.txt,4,fakatUria,fakatU,ria,no,no
mbc072-not-stripped.txt,14,pIkautia,pIkau,tia,no,no
mbc081-not-stripped.txt,37,kitea,kite,a,no,no
mbc118-not-stripped.txt,4,heria,heri,a,no,no
mbc038-not-stripped.txt,1,taea,tae,a,no,no
mbc118-not-stripped.txt,4,huaNia,hua,Nia,no,no
mbc038-not-stripped.txt,0,kitea,kite,a,no,no
mbc030-not-stripped.txt,0,hoatuhia,hoatu,hia,no,no
mbc038-not-stripped.txt,1,herea,here,a,no,no
mbc027-not-stripped.txt,59,tirohia,titiro,hia,no,no
mbc036-not-stripped.txt,54,tonoa,tono,a,no,no
mbc118-not-stripped.txt,4,pIkautia,pIkau,tia,no,no
mbc029-not-stripped.txt,4,feraferahia,ferafera,hia,no,no
mbc037-not-stripped.txt,2,kitea,kite,a,no,no
mbc229-not-stripped.txt,30,tukia,tuki,a,no,no
mbc026-not-stripped.txt,50,tohua,tohu,a,no,no
mbc036-not-stripped.txt,0,kIia,kI,ia,no,no
mbc036-not-stripped.txt,0,kitea,kite,a,no,no
mbc027-not-stripped.txt,39,fakamutua,fakamutu,a,no,no
mbc028-not-stripped.txt,42,tirohia,titiro,hia,no,no
mbc028-not-stripped.txt,47,hainahia,haina,hia,no,no
mbc027-not-stripped.txt,41,tirohia,titiro,hia,no,no
mbc036-not-stripped.txt,1,meiNa,mea,Na,no,no
mbc026-not-stripped.txt,35,mariNitia,mariNi,tia,no,no
mbc028-not-stripped.txt,24,puritia,puri,tia,no,no
mbc229-not-stripped.txt,32,puritia,puri,tia,no,no
mbc029-not-stripped.txt,13,tohua,tohu,a,no,no
mbc028-not-stripped.txt,33,fakapatia,fakapati,a,no,no
mbc030-not-stripped.txt,30,puritia,puri,tia,no,no
mbc036-not-stripped.txt,1,tIraria,tIra,ria,no,no
mbc027-not-stripped.txt,48,tirohia,titiro,hia,no,no
mbc029-not-stripped.txt,1,wehea,wehe,a,no,no
mbc229-not-stripped.txt,30,rotua,rotu,a,no,no
mbc229-not-stripped.txt,30,taNohia,taNo,hia,no,no
mbc037-not-stripped.txt,34,meatia,mea,tia,no,no
mbc073-not-stripped.txt,1,firifiria,firifiri,a,no,no
mbc030-not-stripped.txt,35,akihia,Aki,hia,no,no
mbc027-not-stripped.txt,48,taea,tae,a,no,no
mbc030-not-stripped.txt,0,tukuna,tuku,na,no,no
mbc037-not-stripped.txt,5,kapia,kapi,a,no,no
mbc027-not-stripped.txt,44,panA,pana,a,no,no
mbc037-not-stripped.txt,42,fakaiNoatia,fakaiNoa,tia,no,no
mbc036-not-stripped.txt,6,turakina,turaki,na,no,no
mbc081-not-stripped.txt,37,kawea,kawe,a,no,no
mbc026-not-stripped.txt,45,fakahEtia,fakahE,tia,no,no
mbc026-not-stripped.txt,52,tohua,tohu,a,no,no
mbc026-not-stripped.txt,45,fakamanahia,fakamana,hia,no,no
mbc118-not-stripped.txt,4,kawea,kawe,a,no,no
mbc081-not-stripped.txt,67,manakohia,manako,hia,no,no
mbc118-not-stripped.txt,4,karakiatia,karakia,tia,no,no
mbc038-not-stripped.txt,1,tohaina,toha,ina,no,no
mbc037-not-stripped.txt,35,fakakorea,fakakore,a,no,no
mbc229-not-stripped.txt,31,kapohia,kapo,hia,no,no
mbc029-not-stripped.txt,10,tohua,tohu,a,no,no
mbc118-not-stripped.txt,22,mauheretia,mauhere,tia,no,no
mbc100-not-stripped.txt,20,tanumia,tanu,mia,no,no
mbc038-not-stripped.txt,9,tirohia,titiro,hia,no,no
mbc038-not-stripped.txt,9,utuNia,utu,Nia,no,no
mbc030-not-stripped.txt,30,meatia,mea,tia,no,no
mbc118-not-stripped.txt,4,tonuhia,tonu,hia,no,no
mbc118-not-stripped.txt,6,pANia,pA,Nia,no,no
mbc081-not-stripped.txt,39,haNA,haNa,a,no,no
mbc026-not-stripped.txt,58,fakamahihia,fakamahi,hia,no,no
mbc081-not-stripped.txt,67,fakahokia,fakahoki,a,no,no
mbc229-not-stripped.txt,32,fakahokia,fakahoki,a,no,no
mbc118-not-stripped.txt,4,karakiatia,karakia,tia,no,no
mbc027-not-stripped.txt,44,mOhiotia,mOhio,tia,no,no
mbc036-not-stripped.txt,7,fakararua,fakararu,a,no,no
mbc229-not-stripped.txt,30,uruhia,uru,hia,no,no
mbc036-not-stripped.txt,1,tiakina,tiaki,na,no,no
mbc229-not-stripped.txt,31,hopua,hopu,a,no,no
mbc100-not-stripped.txt,36,kitea,kite,a,no,no
mbc030-not-stripped.txt,8,fakatauNia,fakatau,Nia,no,no
mbc030-not-stripped.txt,9,hiahiatia,hiahia,tia,no,no
mbc100-not-stripped.txt,36,taea,tae,a,no,no
mbc118-not-stripped.txt,24,patua,patu,a,no,no
mbc027-not-stripped.txt,14,wehea,wehe,a,no,no
mbc118-not-stripped.txt,4,nohoNia,noho,Nia,no,no
mbc030-not-stripped.txt,13,kitea,kite,a,no,no
mbc037-not-stripped.txt,34,hopukinatia,hopu,kina/tia,no,yes
mbc027-not-stripped.txt,14,tautokohia,tautoko,hia,no,no
mbc030-not-stripped.txt,19,fakakotitihia,fakakotiti,hia,no,no
mbc029-not-stripped.txt,4,fakaiNoatia,fakaiNoa,tia,no,no
mbc028-not-stripped.txt,17,fakamanahia,fakamana,hia,no,no
mbc030-not-stripped.txt,30,pureitia,purei,tia,no,no
mbc030-not-stripped.txt,28,rerekEhia,rerekE,hia,no,no
mbc030-not-stripped.txt,28,tInihia,tIni,hia,no,no
mbc072-not-stripped.txt,33,fakaaetia,fakaae,tia,no,no
mbc037-not-stripped.txt,42,tohua,tohu,a,no,no
mbc036-not-stripped.txt,0,tirohia,titiro,hia,no,no
mbc030-not-stripped.txt,12,parea,pare,a,no,no
mbc036-not-stripped.txt,0,tohua,tohu,a,no,no
mbc100-not-stripped.txt,36,roNonuihia,roNonui,hia,no,no
mbc073-not-stripped.txt,1,puritia,puri,tia,no,no
mbc072-not-stripped.txt,35,pOtaea,pOtae,a,no,no
mbc073-not-stripped.txt,1,tohaina,toha,ina,no,no
mbc037-not-stripped.txt,35,kOrerohia,kOrero,hia,no,no
mbc026-not-stripped.txt,50,meatia,mea,tia,no,no
mbc100-not-stripped.txt,7,tImatahia,tImata,hia,no,no
mbc118-not-stripped.txt,4,tukuna,tuku,na,no,no
mbc118-not-stripped.txt,6,fakakotitihia,fakakotiti,hia,no,no
mbc036-not-stripped.txt,0,taea,tae,a,no,no
mbc036-not-stripped.txt,60,taea,tae,a,no,no
mbc072-not-stripped.txt,33,pOtaea,pOtae,a,no,no
mbc026-not-stripped.txt,7,fakawAteatia,fakawAtea,tia,no,no
mbc072-not-stripped.txt,33,fakatUria,fakatU,ria,no,no
mbc027-not-stripped.txt,14,taea,tae,a,no,no
mbc028-not-stripped.txt,32,meatia,mea,tia,no,no
mbc030-not-stripped.txt,12,parea,pare,a,no,no
mbc026-not-stripped.txt,35,fakapahUtia,fakapahU,tia,no,no
mbc229-not-stripped.txt,30,taNohia,taNo,hia,no,no
mbc038-not-stripped.txt,3,tAmia,tAmi,a,no,no
mbc229-not-stripped.txt,30,taNohia,taNo,hia,no,no
mbc038-not-stripped.txt,4,tOroahia,totoro,a/hia,no,yes
mbc038-not-stripped.txt,6,tonoa,tono,a,no,no
mbc026-not-stripped.txt,6,kAhakinatia,kAhaki,na/tia,no,yes
mbc026-not-stripped.txt,6,mauria,mau,ria,no,no
mbc026-not-stripped.txt,49,taea,tae,a,no,no
mbc030-not-stripped.txt,37,fakahokia,fakahoki,a,no,no
mbc118-not-stripped.txt,24,patuNia,patu,Nia,no,no
mbc072-not-stripped.txt,33,puritia,puri,tia,no,no
mbc081-not-stripped.txt,37,kOrerohia,kOrero,hia,no,no
mbc030-not-stripped.txt,30,kOrerohia,kOrero,hia,no,no
mbc027-not-stripped.txt,13,tautokotia,tautoko,tia,no,no
mbc028-not-stripped.txt,23,puritia,puri,tia,no,no
mbc118-not-stripped.txt,4,tikoina,tiko,ina,no,no
mbc037-not-stripped.txt,2,fakararua,fakararu,a,no,no
mbc028-not-stripped.txt,17,hainatia,haina,tia,no,no
mbc038-not-stripped.txt,5,meatia,mea,tia,no,no
mbc072-not-stripped.txt,33,pOtaea,pOtae,a,no,no
mbc038-not-stripped.txt,6,taea,tae,a,no,no
mbc026-not-stripped.txt,33,utua,utu,a,no,no
mbc037-not-stripped.txt,1,meatia,mea,tia,no,no
mbc028-not-stripped.txt,20,meatia,mea,tia,no,no
mbc072-not-stripped.txt,33,kitea,kite,a,no,no
mbc037-not-stripped.txt,2,fakararua,fakararu,a,no,no
mbc118-not-stripped.txt,4,fakaiNoatia,fakaiNoa,tia,no,no
mbc100-not-stripped.txt,36,puritia,puri,tia,no,no
mbc030-not-stripped.txt,38,purua,puru,a,no,no
mbc036-not-stripped.txt,60,puritia,puri,tia,no,no
mbc118-not-stripped.txt,4,rAhuitia,rAhui,tia,no,no
mbc027-not-stripped.txt,13,purua,puru,a,no,no
mbc030-not-stripped.txt,5,pAferahia,pAfera,hia,no,no
mbc118-not-stripped.txt,4,fakakIhia,fakakI,hia,no,no
mbc030-not-stripped.txt,9,hiahiatia,hiahia,tia,no,no
mbc037-not-stripped.txt,1,panA,pana,a,no,no
mbc027-not-stripped.txt,12,raNonahia,roNo,na/hia,no,yes
mbc143-not-stripped.txt,7,nuitia,nui,tia,no,no
mbc223-not-stripped.txt,59,waihotia,waiho,tia,no,no
mbc142-not-stripped.txt,26,mahia,mahi,a,no,no
mbc147-not-stripped.txt,28,tOia,tO,ia,no,no
mbc223-not-stripped.txt,40,fakatUhia,fakatU,hia,no,no
mbc143-not-stripped.txt,11,tApiritia,tApiri,tia,no,no
mbc142-not-stripped.txt,1,tuferahia,tufera,hia,no,no
mbc150-not-stripped.txt,5,fakaaria,fakaari,a,no,no
mbc160-not-stripped.txt,23,tapaina,tapa,ina,no,no
mbc159-not-stripped.txt,12,kIia,kI,ia,no,no
mbc223-not-stripped.txt,42,kitea,kite,a,no,no
mbc143-not-stripped.txt,11,fakaarotia,fakaaro,tia,no,no
mbc150-not-stripped.txt,48,takahia,takahi,a,no,no
mbc159-not-stripped.txt,22,waihotia,waiho,tia,no,no
mbc150-not-stripped.txt,14,kawea,kawe,a,no,no
mbc139-not-stripped.txt,43,kitea,kite,a,no,no
mbc143-not-stripped.txt,0,warewaretia,wareware,tia,no,no
mbc143-not-stripped.txt,0,kawea,kawe,a,no,no
mbc150-not-stripped.txt,17,kaiNa,kai,Na,no,no
mbc147-not-stripped.txt,28,kIia,kI,ia,no,no
mbc147-not-stripped.txt,26,raNona,roNo,na,no,no
mbc159-not-stripped.txt,12,taea,tae,a,no,no
mbc108-not-stripped.txt,22,mahitia,mahi,tia,no,no
mbc108-not-stripped.txt,26,fakaakotia,fakaako,tia,no,no
mbc108-not-stripped.txt,10,kEtia,kE,tia,no,no
mbc108-not-stripped.txt,26,kIia,kI,ia,no,no
mbc108-not-stripped.txt,26,hokona,hoko,na,no,no
mbc108-not-stripped.txt,20,fakahokia,fakahoki,a,no,no
mbc108-not-stripped.txt,30,mahia,mahi,a,no,no
mbc108-not-stripped.txt,18,manaakitia,manaaki,tia,no,no
mbc108-not-stripped.txt,20,fakapEneihia,fakapEnei,hia,no,no
mbc108-not-stripped.txt,10,haria,hari,a,no,no
mbc108-not-stripped.txt,10,haria,hari,a,no,no
mbc108-not-stripped.txt,20,mahiNia,mahi,Nia,no,no
mbc108-not-stripped.txt,18,kOrerotia,kOrero,tia,no,no
mbc108-not-stripped.txt,20,haria,hari,a,no,no
mbc108-not-stripped.txt,32,hokona,hoko,na,no,no
mbc108-not-stripped.txt,20,taea,tae,a,no,no
mbc108-not-stripped.txt,10,fakatUNia,fakatU,Nia,no,no
mbc108-not-stripped.txt,26,fakaakotia,fakaako,tia,no,no
mbc108-not-stripped.txt,18,mOhiotia,mOhio,tia,no,no
mbc108-not-stripped.txt,18,tikahia,tika,hia,no,no
mbc108-not-stripped.txt,32,fakamahiNia,fakamahi,Nia,no,no
mbc108-not-stripped.txt,10,kitea,kite,a,no,no
mbc108-not-stripped.txt,32,tukuna,tuku,na,no,no
mbc108-not-stripped.txt,30,taea,tae,a,no,no
mbc108-not-stripped.txt,10,pAtaihia,pAtai,hia,no,no
mbc108-not-stripped.txt,32,tukuna,tuku,na,no,no
mbc108-not-stripped.txt,32,hokona,hoko,na,no,no
mbc108-not-stripped.txt,12,karaNatia,karaNa,tia,no,no
mbc108-not-stripped.txt,32,mahia,mahi,a,no,no
mbc108-not-stripped.txt,32,taea,tae,a,no,no
mbc108-not-stripped.txt,26,fakaakotia,fakaako,tia,no,no
mbc108-not-stripped.txt,10,haria,hari,a,no,no
mbc108-not-stripped.txt,32,titirohia,titiro,hia,no,no
mbc108-not-stripped.txt,10,fakatUNia,fakatU,Nia,no,no
mbc108-not-stripped.txt,32,fakamahia,fakamahi,a,no,no
mbc183-not-stripped.txt,7,tohuNia,tohu,Nia,no,no
mbc183-not-stripped.txt,8,mahia,mahi,a,no,no
mbc183-not-stripped.txt,7,mahia,mahi,a,no,no
mbc183-not-stripped.txt,7,mahia,mahi,a,no,no
mbc183-not-stripped.txt,8,kOrerotia,kOrero,tia,no,no
mbc183-not-stripped.txt,7,tukua,tuku,a,no,no
mbc183-not-stripped.txt,7,fakamauNia,fakamau,Nia,no,no
mbc183-not-stripped.txt,8,nuitia,nui,tia,no,no
mbc183-not-stripped.txt,7,tohuNia,tohu,Nia,no,no
mbc183-not-stripped.txt,8,mahia,mahi,a,no,no
mbc183-not-stripped.txt,7,tirohia,titiro,hia,no,no
mbc183-not-stripped.txt,7,kitea,kite,a,no,no
mbc183-not-stripped.txt,7,kOrerotia,kOrero,tia,no,no
mbc183-not-stripped.txt,7,fakaarahia,fakaara,hia,no,no
mbc183-not-stripped.txt,8,fakariteNia,fakarite,Nia,no,no
mbc183-not-stripped.txt,8,fakareretia,fakarere,tia,no,no
mbc183-not-stripped.txt,8,taea,tae,a,no,no
mbc183-not-stripped.txt,8,tUmanakotia,tUmanako,tia,no,no
mbc183-not-stripped.txt,7,tUmanakotia,tUmanako,tia,no,no
mbc183-not-stripped.txt,8,fArikia,fAriki,a,no,no
mbc183-not-stripped.txt,7,kOrerotia,kOrero,tia,no,no
mbc183-not-stripped.txt,7,kOrerotia,kOrero,tia,no,no
mbc183-not-stripped.txt,8,katoaNia,katoa,Nia,no,no
mbc183-not-stripped.txt,7,kOrerotia,kOrero,tia,no,no
mbc183-not-stripped.txt,7,kOrerotia,kOrero,tia,no,no
mbc183-not-stripped.txt,8,uhiNia,uhi,Nia,no,no
mbc183-not-stripped.txt,8,karaNatia,karaNa,tia,no,no
mbc183-not-stripped.txt,7,tapaNia,tapa,Nia,no,no
mbc183-not-stripped.txt,8,pekaNia,peka,Nia,no,no
mbc183-not-stripped.txt,8,pOfiritia,pOfiri,tia,no,no
mbc183-not-stripped.txt,7,hurahia,hura,hia,no,no
mbc183-not-stripped.txt,7,kOrerotia,kOrero,tia,no,no
mbc183-not-stripped.txt,7,ohiatia,ohia,tia,no,no
mbc183-not-stripped.txt,7,tonoa,tono,a,no,no
mbc183-not-stripped.txt,8,hurihia,huri,hia,no,no
mbc183-not-stripped.txt,7,karaNatia,karaNa,tia,no,no
mbc183-not-stripped.txt,8,fakatikatikaNia,fakatikatika,Nia,no,no
mbc183-not-stripped.txt,8,fakahokia,fakahoki,a,no,no
mbc183-not-stripped.txt,8,tukua,tuku,a,no,no
mbc183-not-stripped.txt,8,tukua,tuku,a,no,no
mbc183-not-stripped.txt,8,taNohia,taNo,hia,no,no
mbc183-not-stripped.txt,8,taNohia,taNo,hia,no,no
mbc183-not-stripped.txt,8,hokihia,hoki,hia,no,no
mbc183-not-stripped.txt,7,hUpokiNia,hUpoki,Nia,no,no
mbc183-not-stripped.txt,7,tohiNia,tohi,Nia,no,no
mbc183-not-stripped.txt,7,karaNatia,karaNa,tia,no,no
mbc183-not-stripped.txt,7,tukua,tuku,a,no,no
mbc183-not-stripped.txt,8,otiNia,oti,Nia,no,no
mbc183-not-stripped.txt,7,kIia,kI,ia,no,no
mbc183-not-stripped.txt,7,waihotia,waiho,tia,no,no
mbc183-not-stripped.txt,7,Ukuia,Ukui,a,no,no
mbc183-not-stripped.txt,8,fakawAteaNia,fakawAtea,Nia,no,no
mbc183-not-stripped.txt,7,fakaaroNia,fakaaro,Nia,no,no
mbc183-not-stripped.txt,8,ufia,ufi,a,no,no
mbc183-not-stripped.txt,8,hariNia,hari,Nia,no,no
mbc183-not-stripped.txt,7,hUpokiNia,hUpoki,Nia,no,no
mbc183-not-stripped.txt,7,fakatUNia,fakatU,Nia,no,no
mbc183-not-stripped.txt,8,hokia,hoki,a,no,no
mbc183-not-stripped.txt,7,waihotia,waiho,tia,no,no
mbc183-not-stripped.txt,8,pAnuitia,pAnui,tia,no,no
mbc183-not-stripped.txt,7,kOrerotia,kOrero,tia,no,no
mbc183-not-stripped.txt,7,hurahia,hura,hia,no,no
mbc183-not-stripped.txt,8,fakahAereeretia,fakahAereere,tia,no,no
mbc183-not-stripped.txt,8,hUpokikina,hUpoki,kina,no,no
mbc183-not-stripped.txt,8,kIia,kI,ia,no,no
mbc183-not-stripped.txt,8,tukuNia,tuku,Nia,no,no
mbc183-not-stripped.txt,7,hUpokitia,hUpoki,tia,no,no
mbc183-not-stripped.txt,8,pAnuitia,pAnui,tia,no,no
mbc183-not-stripped.txt,8,tukua,tuku,a,no,no
mbc183-not-stripped.txt,8,ohiatia,ohia,tia,no,no
mbc183-not-stripped.txt,8,fakahokia,fakahoki,a,no,no
mbc183-not-stripped.txt,8,hurahia,hura,hia,no,no
mbc183-not-stripped.txt,7,kOrerotia,kOrero,tia,no,no
mbc183-not-stripped.txt,8,unuhia,unu,hia,no,no
mbc183-not-stripped.txt,7,hurahia,hura,hia,no,no
mbc183-not-stripped.txt,8,hurahia,hura,hia,no,no
mbc183-not-stripped.txt,7,hUpokitia,hUpoki,tia,no,no
mbc183-not-stripped.txt,8,fakanohoNia,fakanoho,Nia,no,no
mbc183-not-stripped.txt,8,tohuNia,tohu,Nia,no,no
mbc183-not-stripped.txt,7,fakaarahia,fakaara,hia,no,no
mbc183-not-stripped.txt,7,fakareretia,fakarere,tia,no,no
mbc183-not-stripped.txt,8,fakahAereeretia,fakahAereere,tia,no,no
mbc048-not-stripped.txt,27,fakamahia,fakamahi,a,no,no
mbc007-not-stripped.txt,30,fakatakotohia,fakatakoto,hia,no,no
mbc244-not-stripped.txt,21,fakaritehia,fakarite,hia,no,no
mbc244-not-stripped.txt,21,fakahokohokoNia,fakahokohoko,Nia,no,no
mbc244-not-stripped.txt,11,fakaaeNia,fakaae,Nia,no,no
mbc244-not-stripped.txt,3,pokainahia,poka,ina/hia,no,yes
mbc244-not-stripped.txt,21,fakawAteahia,fakawAtea,hia,no,no
mbc244-not-stripped.txt,3,tukia,tuki,a,no,no
mbc244-not-stripped.txt,5,fakatonoNia,fakatono,Nia,no,no
mbc244-not-stripped.txt,9,fakatikahia,fakatika,hia,no,no
mbc244-not-stripped.txt,7,fakatikahia,fakatika,hia,no,no
mbc244-not-stripped.txt,15,fakakorikorihia,fakakorikori,hia,no,no
mbc244-not-stripped.txt,11,tohuNia,tohu,Nia,no,no
mbc244-not-stripped.txt,3,pokaina,poka,ina,no,no
mbc244-not-stripped.txt,11,fakatikahia,fakatika,hia,no,no
mbc244-not-stripped.txt,3,fakapAhia,fakapA,hia,no,no
mbc244-not-stripped.txt,21,mahia,mahi,a,no,no
mbc244-not-stripped.txt,7,mahia,mahi,a,no,no
mbc244-not-stripped.txt,17,fakamutuNia,fakamutu,Nia,no,no
mbc244-not-stripped.txt,17,fakawAteahia,fakawAtea,hia,no,no
mbc244-not-stripped.txt,17,kumea,kume,a,no,no
mbc244-not-stripped.txt,21,fakatikahia,fakatika,hia,no,no
mbc244-not-stripped.txt,17,horoihia,horoi,hia,no,no
mbc244-not-stripped.txt,5,karaNahia,karaNa,hia,no,no
mbc244-not-stripped.txt,3,kOrerotia,kOrero,tia,no,no
mbc244-not-stripped.txt,17,horoihia,horoi,hia,no,no
mbc244-not-stripped.txt,1,kOrerotia,kOrero,tia,no,no
mbc244-not-stripped.txt,3,pokahia,poka,hia,no,no
mbc244-not-stripped.txt,17,fakatikahia,fakatika,hia,no,no
mbc244-not-stripped.txt,17,hoatuNia,hoatu,Nia,no,no
mbc244-not-stripped.txt,17,kumehia,kume,hia,no,no
mbc244-not-stripped.txt,13,meatia,mea,tia,no,no
mbc244-not-stripped.txt,17,kIia,kI,ia,no,no
mbc244-not-stripped.txt,13,taea,tae,a,no,no
mbc244-not-stripped.txt,17,pEheatia,pEhea,tia,no,no
mbc244-not-stripped.txt,3,mahia,mahi,a,no,no
mbc244-not-stripped.txt,17,pEheatia,pEhea,tia,no,no
mbc215-not-stripped.txt,5,taea,tae,a,no,no
mbc215-not-stripped.txt,3,tautokoNia,tautoko,Nia,no,no
mbc244-not-stripped.txt,38,taea,tae,a,no,no
mbc244-not-stripped.txt,38,taea,tae,a,no,no
mbc244-not-stripped.txt,42,tautokohia,tautoko,hia,no,no
mbc215-not-stripped.txt,3,OriteNia,Orite,Nia,no,no
mbc244-not-stripped.txt,38,tukua,tuku,a,no,no
mbc234-not-stripped.txt,44,kIia,kI,ia,no,no
mbc071-not-stripped.txt,69,fakahokia,fakahoki,a,no,no
mbc244-not-stripped.txt,38,kitea,kite,a,no,no
mbc234-not-stripped.txt,44,kIia,kI,ia,no,no
mbc234-not-stripped.txt,44,tohia,tohi,a,no,no
mbc244-not-stripped.txt,42,takahia,takahi,a,no,no
mbc234-not-stripped.txt,42,kIia,kI,ia,no,no
mbc215-not-stripped.txt,13,fakamauNia,fakamau,Nia,no,no
mbc234-not-stripped.txt,42,fakatUNia,fakatU,Nia,no,no
mbc215-not-stripped.txt,13,hiahiatia,hiahia,tia,no,no
mbc244-not-stripped.txt,42,fakaaetia,fakaae,tia,no,no
mbc244-not-stripped.txt,40,kIia,kI,ia,no,no
mbc071-not-stripped.txt,74,tukuna,tuku,na,no,no
mbc052-not-stripped.txt,29,hainatia,haina,tia,no,no
mbc234-not-stripped.txt,42,taea,tae,a,no,no
mbc234-not-stripped.txt,42,kIia,kI,ia,no,no
mbc244-not-stripped.txt,40,mahia,mahi,a,no,no
mbc244-not-stripped.txt,38,waihotia,waiho,tia,no,no
mbc071-not-stripped.txt,74,kIia,kI,ia,no,no
mbc244-not-stripped.txt,40,tautokohia,tautoko,hia,no,no
mbc234-not-stripped.txt,44,tohia,tohi,a,no,no
mbc244-not-stripped.txt,38,tukua,tuku,a,no,no
mbc003-not-stripped.txt,15,kIia,kI,ia,no,no
mbc071-not-stripped.txt,74,kIia,kI,ia,no,no
mbc050-not-stripped.txt,49,petiNia,peti,Nia,no,no
mbc077-not-stripped.txt,6,mahia,mahi,a,no,no
mbc018-not-stripped.txt,2,kOrerotia,kOrero,tia,no,no
mbc217-not-stripped.txt,16,kIia,kI,ia,no,no
mbc217-not-stripped.txt,16,haNaia,haNa,ia,no,no
mbc217-not-stripped.txt,16,taea,tae,a,no,no
mbc217-not-stripped.txt,16,haNaia,haNa,ia,no,no
mbc081-not-stripped.txt,12,taea,tae,a,no,no
mbc217-not-stripped.txt,16,kIia,kI,ia,no,no
mbc018-not-stripped.txt,2,taea,tae,a,no,no
mbc077-not-stripped.txt,8,pEneitia,pEnei,tia,no,no
mbc217-not-stripped.txt,16,haNaia,haNa,ia,no,no
mbc018-not-stripped.txt,2,tautokoNia,tautoko,Nia,no,no
mbc018-not-stripped.txt,2,taea,tae,a,no,no
mbc018-not-stripped.txt,2,tukuna,tuku,na,no,no
mbc050-not-stripped.txt,64,hApaitia,hApai,tia,no,no
mbc050-not-stripped.txt,64,hApaitia,hApai,tia,no,no
mbc109-not-stripped.txt,44,tIkina,tiki,na,no,no
mbc221-not-stripped.txt,2,kitea,kite,a,no,no
mbc221-not-stripped.txt,4,haria,hari,a,no,no
mbc109-not-stripped.txt,42,pAtaitia,pAtai,tia,no,no
mbc109-not-stripped.txt,50,tautokotia,tautoko,tia,no,no
mbc109-not-stripped.txt,36,fakamahitia,fakamahi,tia,no,no
mbc109-not-stripped.txt,42,putaina,puta,ina,no,no
mbc221-not-stripped.txt,2,fAia,fai,a,no,no
mbc109-not-stripped.txt,46,homaitia,homai,tia,no,no
mbc109-not-stripped.txt,50,fakamahia,fakamahi,a,no,no
mbc221-not-stripped.txt,4,fakamaroketia,fakamaroke,tia,no,no
mbc221-not-stripped.txt,4,haria,hari,a,no,no
mbc109-not-stripped.txt,42,fakawAteatia,fakawAtea,tia,no,no
mbc109-not-stripped.txt,46,fakaatuNia,fakaatu,Nia,no,no
mbc221-not-stripped.txt,4,fakamaroketia,fakamaroke,tia,no,no
mbc221-not-stripped.txt,4,kuhua,kuhu,a,no,no
mbc221-not-stripped.txt,4,kohia,kohi,a,no,no
mbc221-not-stripped.txt,4,hokona,hoko,na,no,no
mbc080-not-stripped.txt,27,foatuNia,foatu,Nia,no,no
mbc059-not-stripped.txt,28,afitia,afi,tia,no,no
mbc064-not-stripped.txt,30,taea,tae,a,no,no
mbc058-not-stripped.txt,28,fakatauNia,fakatau,Nia,no,no
mbc057-not-stripped.txt,81,tonuNia,tonu,Nia,no,no
mbc057-not-stripped.txt,81,kOrerotia,kOrero,tia,no,no
mbc195-not-stripped.txt,40,tautokohia,tautoko,hia,no,no
mbc195-not-stripped.txt,40,fakamAramahia,fakamArama,hia,no,no
mbc195-not-stripped.txt,40,meaNia,mea,Nia,no,no
mbc195-not-stripped.txt,42,kOrerohia,kOrero,hia,no,no
mbc195-not-stripped.txt,40,torona,toro,na,no,no
mbc113-not-stripped.txt,68,mahiNia,mahi,Nia,no,no
mbc112-not-stripped.txt,10,kOrerotia,kOrero,tia,no,no
mbc112-not-stripped.txt,10,NAwaritia,NAwari,tia,no,no
mbc059-not-stripped.txt,73,wAwAhia,wAwAhi,a,no,no
mbc048-not-stripped.txt,10,puritia,puri,tia,no,no
mbc048-not-stripped.txt,10,fakatUNia,fakatU,Nia,no,no
mbc048-not-stripped.txt,12,huakina,huaki,na,no,no
mbc048-not-stripped.txt,10,kauhautia,kauhau,tia,no,no
mbc048-not-stripped.txt,10,firifiriNia,firifiri,Nia,no,no
mbc048-not-stripped.txt,14,puritia,puri,tia,no,no
mbc048-not-stripped.txt,14,fakaatuNia,fakaatu,Nia,no,no
mbc048-not-stripped.txt,10,karaNatia,karaNa,tia,no,no
mbc116-not-stripped.txt,75,kitea,kite,a,no,no
mbc116-not-stripped.txt,78,fAia,fai,a,no,no
mbc116-not-stripped.txt,78,taea,tae,a,no,no
mbc116-not-stripped.txt,75,taea,tae,a,no,no
mbc116-not-stripped.txt,77,tAmia,tAmi,a,no,no
mbc128-not-stripped.txt,25,hokona,hoko,na,no,no
mbc128-not-stripped.txt,27,mahia,mahi,a,no,no
mbc096-not-stripped.txt,35,paiNia,pai,Nia,no,no
mbc096-not-stripped.txt,64,fAia,fai,a,no,no
mbc096-not-stripped.txt,31,katoatia,katoa,tia,no,no
mbc096-not-stripped.txt,50,waiatahia,waiata,hia,no,no
mbc096-not-stripped.txt,67,taea,tae,a,no,no
mbc096-not-stripped.txt,31,waihotia,waiho,tia,no,no
mbc096-not-stripped.txt,31,tApukehia,tApuke,hia,no,no
mbc096-not-stripped.txt,31,tanumia,tanu,mia,no,no
mbc096-not-stripped.txt,40,hiahiatia,hiahia,tia,no,no
mbc096-not-stripped.txt,67,kOrerohia,kOrero,hia,no,no
mbc096-not-stripped.txt,64,tirohia,titiro,hia,no,no
mbc096-not-stripped.txt,50,kitea,kite,a,no,no
mbc096-not-stripped.txt,64,kIia,kI,ia,no,no
mbc096-not-stripped.txt,40,fakahOnoretia,fakahOnore,tia,no,no
mbc096-not-stripped.txt,64,waiatahia,waiata,hia,no,no
mbc096-not-stripped.txt,50,fakatairaNahia,fakatairaNa,hia,no,no
mbc096-not-stripped.txt,50,wawatatia,wawata,tia,no,no
mbc096-not-stripped.txt,35,mahia,mahi,a,no,no
mbc096-not-stripped.txt,67,taea,tae,a,no,no
mbc096-not-stripped.txt,40,fakahOnoretia,fakahOnore,tia,no,no
mbc096-not-stripped.txt,51,taea,tae,a,no,no
mbc096-not-stripped.txt,64,kIia,kI,ia,no,no
mbc096-not-stripped.txt,67,kOrerohia,kOrero,hia,no,no
mbc096-not-stripped.txt,64,fakarerea,fakarere,a,no,no
mbc096-not-stripped.txt,67,fakaarahia,fakaara,hia,no,no
mbc096-not-stripped.txt,40,tukua,tuku,a,no,no
mbc096-not-stripped.txt,67,fakaarahia,fakaara,hia,no,no
mbc096-not-stripped.txt,64,kIia,kI,ia,no,no
mbc096-not-stripped.txt,40,fakaaeNia,fakaae,Nia,no,no
mbc096-not-stripped.txt,64,taea,tae,a,no,no
mbc226-not-stripped.txt,91,fakarAraNihia,fakarAraNi,hia,no,no
mbc226-not-stripped.txt,102,korea,kore,a,no,no
mbc226-not-stripped.txt,91,pAnuitia,pAnui,tia,no,no
mbc226-not-stripped.txt,102,takatakahia,takatakahi,a,no,no
mbc226-not-stripped.txt,91,fakatANia,fakatA,Nia,no,no
mbc226-not-stripped.txt,91,kAkahutia,kAkahu,tia,no,no
mbc226-not-stripped.txt,98,fakarAraNihia,fakarAraNi,hia,no,no
mbc226-not-stripped.txt,98,fakarApopotohia,fakarApopoto,hia,no,no
mbc226-not-stripped.txt,91,haNaia,haNa,ia,no,no
mbc226-not-stripped.txt,96,kOrerotia,kOrero,tia,no,no
mbc226-not-stripped.txt,91,tuhia,tuhi,a,no,no
mbc227-not-stripped.txt,1,akiakiNia,akiaki,Nia,no,no
mbc150-not-stripped.txt,16,mahia,mahi,a,no,no
mbc150-not-stripped.txt,29,huraina,hura,ina,no,no
mbc150-not-stripped.txt,16,pEneiNia,pEnei,Nia,no,no
mbc150-not-stripped.txt,16,kIia,kI,ia,no,no
mbc150-not-stripped.txt,22,kitea,kite,a,no,no
mbc150-not-stripped.txt,13,haria,hari,a,no,no
mbc150-not-stripped.txt,29,haria,hari,a,no,no
mbc073-not-stripped.txt,30,mahia,mahi,a,no,no
mbc073-not-stripped.txt,30,mahia,mahi,a,no,no
mbc163-not-stripped.txt,108,hoatuNia,hoatu,Nia,no,no
mbc163-not-stripped.txt,106,haria,hari,a,no,no
mbc163-not-stripped.txt,108,haria,hari,a,no,no
mbc163-not-stripped.txt,142,makamakaNia,makamaka,Nia,no,no
mbc163-not-stripped.txt,26,utuNia,utu,Nia,no,no
mbc163-not-stripped.txt,41,fakaaea,fakaae,a,no,no
mbc163-not-stripped.txt,13,mahia,mahi,a,no,no
mbc163-not-stripped.txt,17,mahia,mahi,a,no,no
mbc163-not-stripped.txt,78,kaiNia,kai,Nia,no,no
mbc163-not-stripped.txt,13,mahia,mahi,a,no,no
mbc163-not-stripped.txt,17,unumia,unu,mia,no,no
mbc163-not-stripped.txt,78,haria,hari,a,no,no
mbc163-not-stripped.txt,31,tAhoroNia,tAhoro,Nia,no,no
mbc231-not-stripped.txt,87,kOreroNia,kOrero,Nia,no,no
mbc100-not-stripped.txt,35,taea,tae,a,no,no
mbc074-not-stripped.txt,38,katia,kati,a,no,no
mbc100-not-stripped.txt,35,akona,ako,na,no,no
mbc100-not-stripped.txt,35,fAnuitia,fAnui,tia,no,no
mbc100-not-stripped.txt,37,waihoNia,waiho,Nia,no,no
mbc039-not-stripped.txt,2,tautokoNia,tautoko,Nia,no,no
mbc100-not-stripped.txt,35,raNona,roNo,na,no,no
mbc100-not-stripped.txt,35,fakatokomahaNia,fakatokomaha,Nia,no,no
mbc126-not-stripped.txt,29,taea,tae,a,no,no
mbc126-not-stripped.txt,29,kOkiritia,kOkiri,tia,no,no
mbc126-not-stripped.txt,29,taea,tae,a,no,no
mbc074-not-stripped.txt,38,tOia,tO,ia,no,no
mbc074-not-stripped.txt,38,fakamahueNia,fakamahue,Nia,no,no
mbc074-not-stripped.txt,38,taea,tae,a,no,no
mbc116-not-stripped.txt,42,akona,ako,na,no,no
mbc116-not-stripped.txt,70,tapaia,tapa,ia,no,no
mbc116-not-stripped.txt,42,akona,ako,na,no,no
mbc116-not-stripped.txt,42,raNona,roNo,na,no,no
mbc272-not-stripped.txt,42,fakaaehia,fakaae,hia,no,no
mbc272-not-stripped.txt,48,tapahia,tapahi,a,no,no
mbc272-not-stripped.txt,50,kIia,kI,ia,no,no
mbc272-not-stripped.txt,36,patua,patu,a,no,no
mbc242-not-stripped.txt,1,taea,tae,a,no,no
mbc272-not-stripped.txt,48,mahia,mahi,a,no,no
mbc272-not-stripped.txt,28,mahia,mahi,a,no,no
mbc242-not-stripped.txt,9,kOrerohia,kOrero,hia,no,no
mbc242-not-stripped.txt,13,heria,heri,a,no,no
mbc242-not-stripped.txt,1,kIia,kI,ia,no,no
mbc242-not-stripped.txt,13,taea,tae,a,no,no
mbc242-not-stripped.txt,11,kOrerohia,kOrero,hia,no,no
mbc242-not-stripped.txt,1,haerehia,haere,hia,no,no
mbc242-not-stripped.txt,11,kitea,kite,a,no,no
mbc272-not-stripped.txt,46,fakaaehia,fakaae,hia,no,no
mbc242-not-stripped.txt,1,heria,heri,a,no,no
mbc272-not-stripped.txt,28,ritea,rite,a,no,no
mbc242-not-stripped.txt,9,kOrerohia,kOrero,hia,no,no
mbc242-not-stripped.txt,11,kOrerohia,kOrero,hia,no,no
mbc242-not-stripped.txt,1,faifaihia,faifai,hia,no,no
mbc242-not-stripped.txt,11,taea,tae,a,no,no
mbc137-not-stripped.txt,4,kOreroNia,kOrero,Nia,no,no
mbc137-not-stripped.txt,4,hainaNia,haina,Nia,no,no
mbc137-not-stripped.txt,4,mahiNia,mahi,Nia,no,no
mbc137-not-stripped.txt,4,tapaina,tapa,ina,no,no
mbc137-not-stripped.txt,13,karaNahia,karaNa,hia,no,no
mbc222-not-stripped.txt,89,kitea,kite,a,no,no
mbc221-not-stripped.txt,69,taNohia,taNo,hia,no,no
mbc221-not-stripped.txt,69,fAia,fai,a,no,no
mbc222-not-stripped.txt,85,hoea,hoe,a,no,no
mbc262-not-stripped.txt,109,mahia,mahi,a,no,no
mbc049-not-stripped.txt,6,taea,tae,a,no,no
mbc049-not-stripped.txt,6,pANia,pA,Nia,no,no
mbc181-not-stripped.txt,12,mahiNia,mahi,Nia,no,no
mbc181-not-stripped.txt,8,mahia,mahi,a,no,no
mbc181-not-stripped.txt,12,haNaNia,haNa,Nia,no,no
mbc181-not-stripped.txt,12,kiteNia,kite,Nia,no,no
mbc181-not-stripped.txt,6,tImatahia,tImata,hia,no,no
mbc181-not-stripped.txt,12,kENia,kE,Nia,no,no
mbc181-not-stripped.txt,6,kitea,kite,a,no,no
mbc181-not-stripped.txt,6,faiNia,fai,Nia,no,no
mbc181-not-stripped.txt,6,kOrerotia,kOrero,tia,no,no
mbc181-not-stripped.txt,6,mOhioNia,mOhio,Nia,no,no
mbc181-not-stripped.txt,6,kOrerotia,kOrero,tia,no,no
mbc181-not-stripped.txt,8,waihoNia,waiho,Nia,no,no
mbc181-not-stripped.txt,12,fakakoreNia,fakakore,Nia,no,no
mbc181-not-stripped.txt,6,kiteNia,kite,Nia,no,no
mbc181-not-stripped.txt,6,kiteNia,kite,Nia,no,no
mbc181-not-stripped.txt,12,kOrerotia,kOrero,tia,no,no
mbc181-not-stripped.txt,6,pEneitia,pEnei,tia,no,no
mbc072-not-stripped.txt,22,fakatUria,fakatU,ria,no,no
mbc072-not-stripped.txt,24,wehea,wehe,a,no,no
mbc072-not-stripped.txt,22,fakahaerehia,fakahaere,hia,no,no
mbc148-not-stripped.txt,7,kIia,kI,ia,no,no
mbc148-not-stripped.txt,10,kawea,kawe,a,no,no
mbc148-not-stripped.txt,24,fakahIa,fakahI,a,no,no
mbc154-not-stripped.txt,12,kIia,kI,ia,no,no
mbc154-not-stripped.txt,33,fakatUria,fakatU,ria,no,no
mbc154-not-stripped.txt,33,tukuna,tuku,na,no,no
mbc148-not-stripped.txt,10,tuhia,tuhi,a,no,no
mbc154-not-stripped.txt,33,ihotia,iho,tia,no,no
mbc148-not-stripped.txt,10,kIia,kI,ia,no,no
mbc010-not-stripped.txt,38,utaina,uta,ina,no,no
mbc012-not-stripped.txt,10,fakarerea,fakarere,a,no,no
mbc241-not-stripped.txt,18,katia,kati,a,no,no
mbc215-not-stripped.txt,17,fakaputahia,fakaputa,hia,no,no
mbc215-not-stripped.txt,16,fAia,fai,a,no,no
mbc206-not-stripped.txt,20,hikina,hiki,na,no,no
mbc215-not-stripped.txt,17,fakaaetia,fakaae,tia,no,no
mbc012-not-stripped.txt,10,tukuna,tuku,na,no,no
mbc215-not-stripped.txt,17,heria,heri,a,no,no
mbc241-not-stripped.txt,18,haeretia,haere,tia,no,no
mbc215-not-stripped.txt,16,fakapuakitia,fakapuaki,tia,no,no
mbc241-not-stripped.txt,18,fakaputahia,fakaputa,hia,no,no
mbc206-not-stripped.txt,20,haerehia,haere,hia,no,no
mbc206-not-stripped.txt,20,heria,heri,a,no,no
mbc022-not-stripped.txt,12,mOhiotia,mOhio,tia,no,no
mbc215-not-stripped.txt,17,fAia,fai,a,no,no
mbc012-not-stripped.txt,10,hurihia,huri,hia,no,no
mbc231-not-stripped.txt,68,tirohia,titiro,hia,no,no
mbc022-not-stripped.txt,12,tirohia,titiro,hia,no,no
mbc241-not-stripped.txt,16,kOrerotia,kOrero,tia,no,no
mbc241-not-stripped.txt,16,kOrerotia,kOrero,tia,no,no
mbc022-not-stripped.txt,12,tautokotia,tautoko,tia,no,no
mbc012-not-stripped.txt,10,fAia,fai,a,no,no
mbc206-not-stripped.txt,20,haeretia,haere,tia,no,no
mbc206-not-stripped.txt,20,herea,here,a,no,no
mbc012-not-stripped.txt,10,huakina,huaki,na,no,no
mbc206-not-stripped.txt,20,fakamauhia,fakamau,hia,no,no
mbc206-not-stripped.txt,20,haerehia,haere,hia,no,no
mbc231-not-stripped.txt,68,tIkina,tiki,na,no,no
mbc215-not-stripped.txt,16,fAia,fai,a,no,no
mbc012-not-stripped.txt,10,kIia,kI,ia,no,no
mbc241-not-stripped.txt,16,fakaputahia,fakaputa,hia,no,no
mbc022-not-stripped.txt,12,fakahaerehia,fakahaere,hia,no,no
mbc208-not-stripped.txt,9,katia,kati,a,no,no
mbc215-not-stripped.txt,17,kOrerotia,kOrero,tia,no,no
mbc208-not-stripped.txt,9,faifaitia,faifai,tia,no,no
mbc241-not-stripped.txt,18,katia,kati,a,no,no
mbc012-not-stripped.txt,10,haeretia,haere,tia,no,no
mbc241-not-stripped.txt,18,kIia,kI,ia,no,no
mbc206-not-stripped.txt,20,akohia,ako,hia,no,no
mbc206-not-stripped.txt,9,kIia,kI,ia,no,no
mbc231-not-stripped.txt,68,haNaia,haNa,ia,no,no
mbc215-not-stripped.txt,22,heria,heri,a,no,no
mbc215-not-stripped.txt,22,fiua,fiu,a,no,no
mbc206-not-stripped.txt,20,heria,heri,a,no,no
mbc208-not-stripped.txt,9,takahia,takahi,a,no,no
mbc206-not-stripped.txt,9,tAmirohia,tAmiro,hia,no,no
mbc241-not-stripped.txt,16,fakaputahia,fakaputa,hia,no,no
mbc011-not-stripped.txt,2,fakaputahia,fakaputa,hia,no,no
mbc208-not-stripped.txt,9,fANaihia,fANai,hia,no,no
mbc206-not-stripped.txt,20,kipakipahia,kipakipa,hia,no,no
mbc011-not-stripped.txt,2,tuhia,tuhi,a,no,no
mbc208-not-stripped.txt,9,karafiufiua,karafiufiu,a,no,no
mbc206-not-stripped.txt,20,haeretia,haere,tia,no,no
mbc206-not-stripped.txt,9,fakaratohia,fakarato,hia,no,no
mbc215-not-stripped.txt,22,hurihia,huri,hia,no,no
mbc022-not-stripped.txt,12,kitea,kite,a,no,no
mbc215-not-stripped.txt,17,tuhia,tuhi,a,no,no
mbc012-not-stripped.txt,10,titirohia,titiro,hia,no,no
mbc022-not-stripped.txt,12,mahia,mahi,a,no,no
mbc241-not-stripped.txt,18,tIkina,tiki,na,no,no
mbc011-not-stripped.txt,2,tuhia,tuhi,a,no,no
mbc215-not-stripped.txt,17,kauhautia,kauhau,tia,no,no
mbc241-not-stripped.txt,18,kIia,kI,ia,no,no
mbc231-not-stripped.txt,68,haNaia,haNa,ia,no,no
mbc215-not-stripped.txt,21,haria,hari,a,no,no
mbc215-not-stripped.txt,22,pEneitia,pEnei,tia,no,no
mbc022-not-stripped.txt,12,fakatUhia,fakatU,hia,no,no
mbc231-not-stripped.txt,68,kOrerotia,kOrero,tia,no,no
mbc206-not-stripped.txt,9,fakahaeretia,fakahaere,tia,no,no
mbc215-not-stripped.txt,17,tIkina,tiki,na,no,no
mbc206-not-stripped.txt,20,tapaia,tapa,ia,no,no
mbc206-not-stripped.txt,20,fANaihia,fANai,hia,no,no
mbc231-not-stripped.txt,68,kOrerotia,kOrero,tia,no,no
mbc215-not-stripped.txt,17,takatakahitia,takatakahi,tia,no,no
mbc118-not-stripped.txt,9,kIia,kI,ia,no,no
mbc118-not-stripped.txt,9,kIia,kI,ia,no,no
mbc118-not-stripped.txt,15,taria,tari,a,no,no
mbc118-not-stripped.txt,9,fakahuatia,fakahua,tia,no,no
mbc118-not-stripped.txt,17,taea,tae,a,no,no
mbc118-not-stripped.txt,9,kIia,kI,ia,no,no
mbc118-not-stripped.txt,9,kIia,kI,ia,no,no
mbc118-not-stripped.txt,21,pUhia,pupuhi,a,no,no
mbc118-not-stripped.txt,17,taea,tae,a,no,no
mbc118-not-stripped.txt,15,taNohia,taNo,hia,no,no
mbc118-not-stripped.txt,19,fAnuitia,fAnui,tia,no,no
mbc118-not-stripped.txt,17,taea,tae,a,no,no
mbc118-not-stripped.txt,15,taria,tari,a,no,no
mbc118-not-stripped.txt,21,tukuna,tuku,na,no,no
mbc118-not-stripped.txt,11,taea,tae,a,no,no
mbc118-not-stripped.txt,21,tataria,tatari,a,no,no
mbc118-not-stripped.txt,19,taria,tari,a,no,no
mbc118-not-stripped.txt,15,taria,tari,a,no,no
mbc118-not-stripped.txt,2,taea,tae,a,no,no
mbc118-not-stripped.txt,19,kumea,kume,a,no,no
mbc118-not-stripped.txt,13,taea,tae,a,no,no
mbc118-not-stripped.txt,15,horoia,horoi,a,no,no
mbc118-not-stripped.txt,19,mOhiotia,mOhio,tia,no,no
mbc118-not-stripped.txt,15,karaNahia,karaNa,hia,no,no
mbc118-not-stripped.txt,19,taea,tae,a,no,no
mbc118-not-stripped.txt,21,tahuna,tahu,na,no,no
mbc118-not-stripped.txt,15,tImatahia,tImata,hia,no,no
mbc118-not-stripped.txt,11,taea,tae,a,no,no
mbc118-not-stripped.txt,15,taria,tari,a,no,no
mbc118-not-stripped.txt,15,taria,tari,a,no,no
mbc118-not-stripped.txt,2,ahatia,aha,tia,no,no
mbc118-not-stripped.txt,13,taea,tae,a,no,no
mbc118-not-stripped.txt,9,roNohia,roNo,hia,no,no
mbc100-not-stripped.txt,17,tuhia,tuhi,a,no,no
mbc100-not-stripped.txt,21,tApuketia,tApuke,tia,no,no
mbc100-not-stripped.txt,17,kIia,kI,ia,no,no
mbc100-not-stripped.txt,21,tIkina,tiki,na,no,no
mbc100-not-stripped.txt,21,fakamahia,fakamahi,a,no,no
mbc100-not-stripped.txt,19,fakamahia,fakamahi,a,no,no
mbc100-not-stripped.txt,21,huratia,hura,tia,no,no
mbc100-not-stripped.txt,17,tuhia,tuhi,a,no,no
mbc100-not-stripped.txt,21,fakamahia,fakamahi,a,no,no
mbc100-not-stripped.txt,21,tApuketia,tApuke,tia,no,no
mbc100-not-stripped.txt,19,tuhia,tuhi,a,no,no
mbc100-not-stripped.txt,21,meatia,mea,tia,no,no
mbc100-not-stripped.txt,21,kitea,kite,a,no,no
mbc100-not-stripped.txt,41,kOrerotia,kOrero,tia,no,no
mbc100-not-stripped.txt,17,kIia,kI,ia,no,no
mbc199-not-stripped.txt,27,mahia,mahi,a,no,no
mbc199-not-stripped.txt,27,fakaritea,fakarite,a,no,no
mbc199-not-stripped.txt,27,heria,heri,a,no,no
mbc199-not-stripped.txt,27,mahia,mahi,a,no,no
mbc199-not-stripped.txt,27,mahia,mahi,a,no,no
mbc193-not-stripped.txt,4,fakahaereNia,fakahaere,Nia,no,no
mbc193-not-stripped.txt,4,foatutia,foatu,tia,no,no
mbc193-not-stripped.txt,4,tImatatia,tImata,tia,no,no
mbc193-not-stripped.txt,4,haNatia,haNa,tia,no,no
mbc193-not-stripped.txt,4,atafaitia,atafai,tia,no,no
mbc193-not-stripped.txt,4,fakatupuNia,fakatupu,Nia,no,no
mbc193-not-stripped.txt,4,wAhaNatia,wAhaNa,tia,no,no
mbc193-not-stripped.txt,4,taNiNia,taNi,Nia,no,no
mbc193-not-stripped.txt,4,fakatauNia,fakatau,Nia,no,no
mbc193-not-stripped.txt,4,fakatutukiNia,fakatutuki,Nia,no,no
mbc193-not-stripped.txt,4,fakaritea,fakarite,a,no,no
mbc193-not-stripped.txt,4,mauria,mau,ria,no,no
mbc193-not-stripped.txt,4,kINia,kI,Nia,no,no
mbc193-not-stripped.txt,4,fakahokia,fakahoki,a,no,no
mbc193-not-stripped.txt,4,tirohia,titiro,hia,no,no
mbc193-not-stripped.txt,4,hIpokiNia,hIpoki,Nia,no,no
mbc193-not-stripped.txt,4,kitea,kite,a,no,no
mbc193-not-stripped.txt,4,fakahaNaNia,fakahaNa,Nia,no,no
mbc056-not-stripped.txt,3,fakaritea,fakarite,a,no,no
mbc193-not-stripped.txt,4,fakaherea,fakahere,a,no,no
mbc193-not-stripped.txt,4,fakaritea,fakarite,a,no,no
mbc193-not-stripped.txt,4,fakaritea,fakarite,a,no,no
mbc193-not-stripped.txt,4,hANaitia,hANai,tia,no,no
mbc193-not-stripped.txt,4,fakaherea,fakahere,a,no,no
mbc193-not-stripped.txt,4,poua,pou,a,no,no
mbc193-not-stripped.txt,4,kaukauNia,kaukau,Nia,no,no
mbc193-not-stripped.txt,4,tautokotia,tautoko,tia,no,no
mbc193-not-stripped.txt,4,takahiNia,takahi,Nia,no,no
mbc193-not-stripped.txt,4,mauria,mau,ria,no,no
mbc056-not-stripped.txt,3,hANaitia,hANai,tia,no,no
mbc193-not-stripped.txt,4,fakaritea,fakarite,a,no,no
mbc117-not-stripped.txt,57,tApokiNia,tApoki,Nia,no,no
mbc117-not-stripped.txt,57,kiteNia,kite,Nia,no,no
mbc117-not-stripped.txt,48,tIkina,tiki,na,no,no
mbc117-not-stripped.txt,39,meiNia,mea,Nia,no,no
mbc117-not-stripped.txt,53,mauria,mau,ria,no,no
mbc117-not-stripped.txt,53,mahia,mahi,a,no,no
mbc117-not-stripped.txt,57,tApokiNia,tApoki,Nia,no,no
mbc117-not-stripped.txt,57,fakahokia,fakahoki,a,no,no
mbc117-not-stripped.txt,50,utuNia,utu,Nia,no,no
mbc117-not-stripped.txt,53,kIia,kI,ia,no,no
mbc117-not-stripped.txt,57,kitea,kite,a,no,no
mbc117-not-stripped.txt,48,mauria,mau,ria,no,no
mbc117-not-stripped.txt,48,fakahokia,fakahoki,a,no,no
mbc117-not-stripped.txt,53,foatuNia,foatu,Nia,no,no
mbc117-not-stripped.txt,50,mahia,mahi,a,no,no
mbc117-not-stripped.txt,53,makaia,maka,ia,no,no
mbc117-not-stripped.txt,48,tIkina,tiki,na,no,no
mbc117-not-stripped.txt,53,waihoNia,waiho,Nia,no,no
mbc117-not-stripped.txt,39,fakanohoNia,fakanoho,Nia,no,no
mbc117-not-stripped.txt,50,mahia,mahi,a,no,no
mbc117-not-stripped.txt,48,tohutohuNia,tohutohu,Nia,no,no
mbc117-not-stripped.txt,48,mahia,mahi,a,no,no
mbc117-not-stripped.txt,53,pAtaiNia,pAtai,Nia,no,no
mbc117-not-stripped.txt,48,kOrerotia,kOrero,tia,no,no
mbc117-not-stripped.txt,48,rapaia,rapa,ia,no,no
mbc117-not-stripped.txt,57,kitea,kite,a,no,no
mbc121-not-stripped.txt,19,homaihia,homai,hia,no,no
mbc121-not-stripped.txt,15,fiua,fiu,a,no,no
mbc121-not-stripped.txt,15,fiua,fiu,a,no,no
mbc121-not-stripped.txt,39,tirohia,titiro,hia,no,no
mbc121-not-stripped.txt,15,homaihia,homai,hia,no,no
mbc121-not-stripped.txt,7,pakekehia,pakeke,hia,no,no
mbc121-not-stripped.txt,33,fAnakotaNahia,fAnako,taNa/hia,yes,no
mbc121-not-stripped.txt,11,fiua,fiu,a,no,no
mbc229-not-stripped.txt,59,werohia,wero,hia,no,no
mbc121-not-stripped.txt,39,kimihia,kimi,hia,no,no
mbc121-not-stripped.txt,7,fANaihia,fANai,hia,no,no
mbc121-not-stripped.txt,7,heria,heri,a,no,no
mbc066-not-stripped.txt,1,kIhia,kI,hia,no,no
mbc121-not-stripped.txt,9,kOkirihia,kOkiri,hia,no,no
mbc121-not-stripped.txt,39,kimihia,kimi,hia,no,no
mbc121-not-stripped.txt,15,fakawAhia,fakawA,hia,no,no
mbc121-not-stripped.txt,3,tapahia,tapahi,a,no,no
mbc121-not-stripped.txt,39,kimihia,kimi,hia,no,no
mbc121-not-stripped.txt,39,fAnuihia,fAnui,hia,no,no
mbc121-not-stripped.txt,39,fAnuihia,fAnui,hia,no,no
mbc121-not-stripped.txt,19,pAnuihia,pAnui,hia,no,no
mbc121-not-stripped.txt,9,fakawAhia,fakawA,hia,no,no
mbc121-not-stripped.txt,9,fakawAhia,fakawA,hia,no,no
mbc121-not-stripped.txt,39,tirohia,titiro,hia,no,no
mbc121-not-stripped.txt,39,tirohia,titiro,hia,no,no
mbc121-not-stripped.txt,15,mauherehia,mauhere,hia,no,no
mbc023-not-stripped.txt,11,tukuna,tuku,na,no,no
mbc023-not-stripped.txt,11,afihia,afi,hia,no,no
mbc121-not-stripped.txt,33,inoitia,inoi,tia,no,no
mbc066-not-stripped.txt,3,fAnakohia,fAnako,hia,no,no
mbc121-not-stripped.txt,39,tirohia,titiro,hia,no,no
mbc058-not-stripped.txt,2,tukuna,tuku,na,no,no
mbc058-not-stripped.txt,2,tukuna,tuku,na,no,no
mbc123-not-stripped.txt,10,tonoa,tono,a,no,no
mbc130-not-stripped.txt,15,tarea,tare,a,no,no
mbc204-not-stripped.txt,8,fakahokia,fakahoki,a,no,no
mbc204-not-stripped.txt,8,anONia,anO,Nia,no,no
mbc204-not-stripped.txt,8,pOkia,poki,a,no,no
mbc204-not-stripped.txt,10,wAhia,wAwAhi,a,no,no
mbc204-not-stripped.txt,8,kaiNa,kai,Na,no,no
mbc123-not-stripped.txt,4,moea,moe,a,no,no
mbc123-not-stripped.txt,10,fakatakotoNia,fakatakoto,Nia,no,no
mbc123-not-stripped.txt,4,kINia,kI,Nia,no,no
mbc123-not-stripped.txt,10,fakaaroNia,fakaaro,Nia,no,no
mbc204-not-stripped.txt,12,kEtia,kE,tia,no,no
mbc123-not-stripped.txt,54,pANia,pA,Nia,no,no
mbc123-not-stripped.txt,54,kitea,kite,a,no,no
mbc204-not-stripped.txt,12,mauria,mau,ria,no,no
mbc204-not-stripped.txt,12,mauria,mau,ria,no,no
mbc123-not-stripped.txt,10,rauruNia,rauru,Nia,no,no
mbc123-not-stripped.txt,4,moea,moe,a,no,no
mbc222-not-stripped.txt,91,utua,utu,a,no,no
mbc222-not-stripped.txt,91,kIia,kI,ia,no,no
mbc222-not-stripped.txt,91,tuaina,tua,ina,no,no
mbc222-not-stripped.txt,91,tIkina,tiki,na,no,no
mbc222-not-stripped.txt,91,utua,utu,a,no,no
mbc222-not-stripped.txt,91,pureihia,purei,hia,no,no
mbc090-not-stripped.txt,11,kitea,kite,a,no,no
mbc045-not-stripped.txt,3,kIia,kI,ia,no,no
mbc194-not-stripped.txt,7,kitea,kite,a,no,no
mbc194-not-stripped.txt,7,matekitehia,matekite,hia,no,no
mbc194-not-stripped.txt,6,kOrerohia,kOrero,hia,no,no
mbc194-not-stripped.txt,6,kitea,kite,a,no,no
mbc194-not-stripped.txt,7,kOrerohia,kOrero,hia,no,no
mbc194-not-stripped.txt,7,kitea,kite,a,no,no
mbc194-not-stripped.txt,6,fakaritehia,fakarite,hia,no,no
mbc194-not-stripped.txt,5,fakaritehia,fakarite,hia,no,no
mbc194-not-stripped.txt,7,kitea,kite,a,no,no
mbc194-not-stripped.txt,6,kOrerohia,kOrero,hia,no,no
mbc233-not-stripped.txt,18,taea,tae,a,no,no
mbc233-not-stripped.txt,16,kOrerohia,kOrero,hia,no,no
mbc233-not-stripped.txt,16,kOrerohia,kOrero,hia,no,no
mbc233-not-stripped.txt,16,kanohitia,kanohi,tia,no,no
mbc233-not-stripped.txt,16,fakairohia,fakairo,hia,no,no
mbc233-not-stripped.txt,16,fakakOrerohia,fakakOrero,hia,no,no
mbc233-not-stripped.txt,16,fakaaetia,fakaae,tia,no,no
mbc194-not-stripped.txt,7,fakatauhia,fakatau,hia,no,no
mbc233-not-stripped.txt,16,kOrerohia,kOrero,hia,no,no
mbc233-not-stripped.txt,16,kanohitia,kanohi,tia,no,no
mbc064-not-stripped.txt,42,taNihia,taNi,hia,no,no
mbc233-not-stripped.txt,16,kIia,kI,ia,no,no
mbc194-not-stripped.txt,7,fAia,fai,a,no,no
mbc233-not-stripped.txt,16,kOrerohia,kOrero,hia,no,no
mbc194-not-stripped.txt,5,fakaritehia,fakarite,hia,no,no
mbc233-not-stripped.txt,16,fakaaetia,fakaae,tia,no,no
mbc067-not-stripped.txt,11,kitea,kite,a,no,no
mbc194-not-stripped.txt,6,kOrerohia,kOrero,hia,no,no
mbc067-not-stripped.txt,11,kitea,kite,a,no,no
mbc067-not-stripped.txt,11,kitea,kite,a,no,no
mbc233-not-stripped.txt,18,fakaritehia,fakarite,hia,no,no
mbc233-not-stripped.txt,18,fakaritehia,fakarite,hia,no,no
mbc233-not-stripped.txt,18,taea,tae,a,no,no
mbc194-not-stripped.txt,7,fakatauhia,fakatau,hia,no,no
mbc194-not-stripped.txt,7,fakaaetia,fakaae,tia,no,no
mbc194-not-stripped.txt,7,kOrerohia,kOrero,hia,no,no
mbc194-not-stripped.txt,7,fakatauhia,fakatau,hia,no,no
mbc233-not-stripped.txt,16,kOrerohia,kOrero,hia,no,no
mbc233-not-stripped.txt,16,fakawehehia,fakawehe,hia,no,no
mbc233-not-stripped.txt,16,kOrerohia,kOrero,hia,no,no
mbc064-not-stripped.txt,42,taNitaNihia,taNitaNi,hia,no,no
mbc233-not-stripped.txt,18,fakapArorehia,fakapArore,hia,no,no
mbc233-not-stripped.txt,16,waihotia,waiho,tia,no,no
mbc194-not-stripped.txt,7,fakarApopotohia,fakarApopoto,hia,no,no
mbc194-not-stripped.txt,7,tirohia,titiro,hia,no,no
mbc233-not-stripped.txt,16,fakaritehia,fakarite,hia,no,no
mbc194-not-stripped.txt,6,takahia,takahi,a,no,no
mbc233-not-stripped.txt,16,fakatakotohia,fakatakoto,hia,no,no
mbc233-not-stripped.txt,18,fakaritea,fakarite,a,no,no
mbc194-not-stripped.txt,6,haea,hae,a,no,no
mbc194-not-stripped.txt,7,fAia,fai,a,no,no
mbc233-not-stripped.txt,16,warewarehia,wareware,hia,no,no
mbc233-not-stripped.txt,16,tukuna,tuku,na,no,no
mbc233-not-stripped.txt,18,tirohia,titiro,hia,no,no
mbc233-not-stripped.txt,18,fakarerehia,fakarere,hia,no,no
mbc233-not-stripped.txt,16,kitea,kite,a,no,no
mbc194-not-stripped.txt,6,roNohia,roNo,hia,no,no
mbc233-not-stripped.txt,16,fakaroNohia,fakaroNo,hia,no,no
mbc233-not-stripped.txt,16,tirohia,titiro,hia,no,no
mbc194-not-stripped.txt,6,takahia,takahi,a,no,no
mbc233-not-stripped.txt,16,taea,tae,a,no,no
mbc075-not-stripped.txt,20,kOrerohia,kOrero,hia,no,no
mbc222-not-stripped.txt,1,akona,ako,na,no,no
mbc222-not-stripped.txt,25,fakawAteahia,fakawAtea,hia,no,no
mbc222-not-stripped.txt,25,tUNia,tU,Nia,no,no
mbc222-not-stripped.txt,4,tUNia,tU,Nia,no,no
mbc222-not-stripped.txt,32,raruraruNia,raruraru,Nia,no,no
mbc222-not-stripped.txt,38,kuraina,kura,ina,no,no
mbc222-not-stripped.txt,25,tUhia,tU,hia,no,no
mbc222-not-stripped.txt,0,fakaurutia,fakauru,tia,no,no
mbc222-not-stripped.txt,34,kuraina,kura,ina,no,no
mbc222-not-stripped.txt,12,tUNia,tU,Nia,no,no
mbc240-not-stripped.txt,21,fAiatia,fai,a/tia,no,yes
mbc229-not-stripped.txt,10,waihotia,waiho,tia,no,no
mbc240-not-stripped.txt,21,fAia,fai,a,no,no
mbc240-not-stripped.txt,21,fAia,fai,a,no,no
mbc240-not-stripped.txt,21,tIkina,tiki,na,no,no
mbc240-not-stripped.txt,21,fAia,fai,a,no,no
mbc229-not-stripped.txt,10,fakamAramatia,fakamArama,tia,no,no
mbc240-not-stripped.txt,21,waihotia,waiho,tia,no,no
mbc102-not-stripped.txt,29,arohatia,aroha,tia,no,no
mbc229-not-stripped.txt,10,kOrerotia,kOrero,tia,no,no
mbc102-not-stripped.txt,29,mamaetia,mamae,tia,no,no
mbc240-not-stripped.txt,21,tirohia,titiro,hia,no,no
mbc102-not-stripped.txt,29,kitea,kite,a,no,no
mbc240-not-stripped.txt,21,fAia,fai,a,no,no
mbc113-not-stripped.txt,64,mahia,mahi,a,no,no
mbc113-not-stripped.txt,64,pOkia,poki,a,no,no
mbc236-not-stripped.txt,12,fakakorehia,fakakore,hia,no,no
mbc236-not-stripped.txt,14,hoatuhia,hoatu,hia,no,no
mbc236-not-stripped.txt,14,homaihia,homai,hia,no,no
mbc236-not-stripped.txt,6,fakahokia,fakahoki,a,no,no
mbc236-not-stripped.txt,18,afihia,afi,hia,no,no
mbc236-not-stripped.txt,6,fakatUhia,fakatU,hia,no,no
mbc236-not-stripped.txt,6,kEhia,kE,hia,no,no
mbc236-not-stripped.txt,12,anOhia,anO,hia,no,no
mbc236-not-stripped.txt,6,fakaohohia,fakaoho,hia,no,no
mbc236-not-stripped.txt,14,hoatuhia,hoatu,hia,no,no
mbc236-not-stripped.txt,12,fakakorehia,fakakore,hia,no,no
mbc236-not-stripped.txt,12,fakakorehia,fakakore,hia,no,no
mbc236-not-stripped.txt,6,homaihia,homai,hia,no,no
mbc236-not-stripped.txt,12,fakakorehia,fakakore,hia,no,no
mbc236-not-stripped.txt,6,tInihia,tIni,hia,no,no
mbc236-not-stripped.txt,12,noahia,noa,hia,no,no
mbc236-not-stripped.txt,16,hoatuhia,hoatu,hia,no,no
mbc160-not-stripped.txt,1,mauria,mau,ria,no,no
mbc160-not-stripped.txt,1,fakaotitia,fakaoti,tia,no,no
mbc160-not-stripped.txt,1,pupuritia,pupuri,tia,no,no
mbc231-not-stripped.txt,64,tOia,tO,ia,no,no
mbc149-not-stripped.txt,50,kawea,kawe,a,no,no
mbc231-not-stripped.txt,64,tikoina,tiko,ina,no,no
mbc231-not-stripped.txt,64,tikoina,tiko,ina,no,no
mbc231-not-stripped.txt,64,tOia,tO,ia,no,no
mbc231-not-stripped.txt,64,mitimitihia,mitimiti,hia,no,no
mbc119-not-stripped.txt,31,fakamahia,fakamahi,a,no,no
mbc197-not-stripped.txt,4,kIia,kI,ia,no,no
mbc197-not-stripped.txt,6,pupurihia,pupuri,hia,no,no
mbc197-not-stripped.txt,4,fakahokia,fakahoki,a,no,no
mbc197-not-stripped.txt,6,titia,titi,a,no,no
mbc197-not-stripped.txt,6,fakahokia,fakahoki,a,no,no
mbc200-not-stripped.txt,5,kIia,kI,ia,no,no
mbc197-not-stripped.txt,6,aukatihia,aukati,hia,no,no
mbc127-not-stripped.txt,23,fakatUNia,fakatU,Nia,no,no
mbc127-not-stripped.txt,23,tikiNia,tiki,Nia,no,no
mbc150-not-stripped.txt,36,kawea,kawe,a,no,no
mbc150-not-stripped.txt,38,taea,tae,a,no,no
mbc150-not-stripped.txt,47,taea,tae,a,no,no
mbc150-not-stripped.txt,38,taea,tae,a,no,no
mbc150-not-stripped.txt,36,taea,tae,a,no,no
mbc150-not-stripped.txt,47,mahia,mahi,a,no,no
mbc150-not-stripped.txt,38,taea,tae,a,no,no
mbc114-not-stripped.txt,7,haria,hari,a,no,no
mbc114-not-stripped.txt,7,pIraNihia,pIraNi,hia,no,no
mbc114-not-stripped.txt,7,kOrerotia,kOrero,tia,no,no
mbc114-not-stripped.txt,7,haria,hari,a,no,no
mbc114-not-stripped.txt,9,tanuhia,tanu,hia,no,no
mbc114-not-stripped.txt,7,haria,hari,a,no,no
mbc114-not-stripped.txt,7,herea,here,a,no,no
mbc114-not-stripped.txt,11,kumea,kume,a,no,no
mbc114-not-stripped.txt,7,roNohia,roNo,hia,no,no
mbc114-not-stripped.txt,7,kawehia,kawe,hia,no,no
mbc114-not-stripped.txt,7,herea,here,a,no,no
mbc114-not-stripped.txt,7,fakaaea,fakaae,a,no,no
mbc114-not-stripped.txt,11,warewarehia,wareware,hia,no,no
mbc114-not-stripped.txt,7,kOrerohia,kOrero,hia,no,no
mbc114-not-stripped.txt,9,meatia,mea,tia,no,no
mbc114-not-stripped.txt,7,roNohia,roNo,hia,no,no
mbc114-not-stripped.txt,7,taumauhia,taumau,hia,no,no
mbc114-not-stripped.txt,7,mahia,mahi,a,no,no
mbc091-not-stripped.txt,34,fakaritea,fakarite,a,no,no
mbc091-not-stripped.txt,34,raupatutia,raupatu,tia,no,no
mbc102-not-stripped.txt,11,fAia,fai,a,no,no
mbc102-not-stripped.txt,11,kOrerotia,kOrero,tia,no,no
mbc091-not-stripped.txt,28,mauria,mau,ria,no,no
mbc091-not-stripped.txt,26,kIia,kI,ia,no,no
mbc091-not-stripped.txt,37,tirohia,titiro,hia,no,no
mbc102-not-stripped.txt,6,fAiatia,fai,a/tia,no,yes
mbc091-not-stripped.txt,28,hiahiatia,hiahia,tia,no,no
mbc091-not-stripped.txt,30,kIia,kI,ia,no,no
mbc091-not-stripped.txt,34,fakaritea,fakarite,a,no,no
mbc102-not-stripped.txt,11,fAia,fai,a,no,no
mbc102-not-stripped.txt,11,fAia,fai,a,no,no
mbc046-not-stripped.txt,36,taea,tae,a,no,no
mbc102-not-stripped.txt,11,fAia,fai,a,no,no
mbc091-not-stripped.txt,26,fakakAhoretia,fakakAhore,tia,no,no
mbc091-not-stripped.txt,26,fakakAhoretia,fakakAhore,tia,no,no
mbc091-not-stripped.txt,37,taea,tae,a,no,no
mbc102-not-stripped.txt,6,kOrerohia,kOrero,hia,no,no
mbc091-not-stripped.txt,36,fakaurua,fakauru,a,no,no
mbc091-not-stripped.txt,38,kitea,kite,a,no,no
mbc091-not-stripped.txt,37,tukuna,tuku,na,no,no
mbc102-not-stripped.txt,11,fAia,fai,a,no,no
mbc091-not-stripped.txt,37,taea,tae,a,no,no
mbc046-not-stripped.txt,30,fakamanahia,fakamana,hia,no,no
mbc064-not-stripped.txt,5,kawea,kawe,a,no,no
mbc091-not-stripped.txt,37,taea,tae,a,no,no
mbc102-not-stripped.txt,6,kawetia,kawe,tia,no,no
mbc102-not-stripped.txt,11,utaina,uta,ina,no,no
mbc102-not-stripped.txt,11,fAia,fai,a,no,no
mbc046-not-stripped.txt,32,waihotia,waiho,tia,no,no
mbc091-not-stripped.txt,34,fakaritea,fakarite,a,no,no
mbc091-not-stripped.txt,37,fakamAtauhia,fakamAtau,hia,no,no
mbc046-not-stripped.txt,30,fakaaetia,fakaae,tia,no,no
mbc064-not-stripped.txt,5,fakahokia,fakahoki,a,no,no
mbc091-not-stripped.txt,36,kOrerotia,kOrero,tia,no,no
mbc091-not-stripped.txt,37,taea,tae,a,no,no
mbc231-not-stripped.txt,30,fakahaeretia,fakahaere,tia,no,no
mbc102-not-stripped.txt,11,kitea,kite,a,no,no
mbc102-not-stripped.txt,11,taea,tae,a,no,no
mbc091-not-stripped.txt,37,tAwaitia,tAwai,tia,no,no
mbc091-not-stripped.txt,37,fakaarohia,fakaaro,hia,no,no
mbc091-not-stripped.txt,37,pOtitia,pOti,tia,no,no
mbc064-not-stripped.txt,5,taea,tae,a,no,no
mbc240-not-stripped.txt,23,manaakitia,manaaki,tia,no,no
mbc019-not-stripped.txt,16,taea,tae,a,no,no
mbc240-not-stripped.txt,23,mOhiotia,mOhio,tia,no,no
mbc240-not-stripped.txt,23,pEfeatia,pEfea,tia,no,no
mbc240-not-stripped.txt,23,fakaputaina,fakaputa,ina,no,no
mbc019-not-stripped.txt,16,mOhiotia,mOhio,tia,no,no
mbc240-not-stripped.txt,23,kOrerotia,kOrero,tia,no,no
mbc240-not-stripped.txt,23,taea,tae,a,no,no
mbc240-not-stripped.txt,23,tautokona,tautoko,na,no,no
mbc154-not-stripped.txt,1,tuhia,tuhi,a,no,no
mbc154-not-stripped.txt,10,pAnuitia,pAnui,tia,no,no
mbc154-not-stripped.txt,8,pAnuitia,pAnui,tia,no,no
mbc154-not-stripped.txt,1,kohikohia,kohikohi,a,no,no
mbc112-not-stripped.txt,16,tIkina,tiki,na,no,no
mbc112-not-stripped.txt,3,kOrerotia,kOrero,tia,no,no
mbc112-not-stripped.txt,3,mahia,mahi,a,no,no
mbc112-not-stripped.txt,8,fakahokia,fakahoki,a,no,no
mbc112-not-stripped.txt,3,kinokia,kino,kia,no,no
mbc112-not-stripped.txt,19,manaakiNia,manaaki,Nia,no,no
mbc112-not-stripped.txt,16,haria,hari,a,no,no
mbc112-not-stripped.txt,19,mahia,mahi,a,no,no
mbc112-not-stripped.txt,16,manaakiNia,manaaki,Nia,no,no
mbc112-not-stripped.txt,5,manaakiNia,manaaki,Nia,no,no
mbc112-not-stripped.txt,21,kOreroNia,kOrero,Nia,no,no
mbc112-not-stripped.txt,19,fakaaraNia,fakaara,Nia,no,no
mbc112-not-stripped.txt,16,kIia,kI,ia,no,no
mbc112-not-stripped.txt,19,kIia,kI,ia,no,no
mbc089-not-stripped.txt,68,takahia,takahi,a,no,no
mbc071-not-stripped.txt,46,herea,here,a,no,no
mbc071-not-stripped.txt,48,kIia,kI,ia,no,no
mbc227-not-stripped.txt,3,mahia,mahi,a,no,no
mbc089-not-stripped.txt,68,pakaNahia,pakaNa,hia,no,no
mbc075-not-stripped.txt,33,kOhuruhia,kOhuru,hia,no,no
mbc117-not-stripped.txt,7,waihotia,waiho,tia,no,no
mbc117-not-stripped.txt,7,hokoNia,hoko,Nia,no,no
mbc117-not-stripped.txt,7,hokiNia,hoki,Nia,no,no
mbc117-not-stripped.txt,61,mauria,mau,ria,no,no
mbc117-not-stripped.txt,10,mahia,mahi,a,no,no
mbc117-not-stripped.txt,51,mauria,mau,ria,no,no
mbc117-not-stripped.txt,10,mahia,mahi,a,no,no
mbc117-not-stripped.txt,7,hokoNia,hoko,Nia,no,no
mbc117-not-stripped.txt,59,fakakotahitia,fakakotahi,tia,no,no
mbc117-not-stripped.txt,51,mihimihia,mihimihi,a,no,no
mbc117-not-stripped.txt,51,karaNatia,karaNa,tia,no,no
mbc117-not-stripped.txt,51,mihimihiNia,mihimihi,Nia,no,no
mbc092-not-stripped.txt,8,fakatupuhia,fakatupu,hia,no,no
mbc092-not-stripped.txt,8,tIkina,tiki,na,no,no
mbc092-not-stripped.txt,8,fakatOhia,fakatO,hia,no,no
mbc092-not-stripped.txt,8,tikihia,tiki,hia,no,no
mbc092-not-stripped.txt,10,fakahokia,fakahoki,a,no,no
mbc092-not-stripped.txt,8,haria,hari,a,no,no
mbc092-not-stripped.txt,10,haria,hari,a,no,no
mbc092-not-stripped.txt,10,fakahokia,fakahoki,a,no,no
mbc092-not-stripped.txt,8,porofiua,porofiu,a,no,no
mbc042-not-stripped.txt,50,purua,puru,a,no,no
mbc267-not-stripped.txt,26,tautokohia,tautoko,hia,no,no
mbc244-not-stripped.txt,27,Afinatia,Afina,tia,no,no
mbc136-not-stripped.txt,0,aukatia,aukati,a,no,no
mbc130-not-stripped.txt,1,taea,tae,a,no,no
mbc145-not-stripped.txt,0,tukuna,tuku,na,no,no
mbc224-not-stripped.txt,15,akohia,ako,hia,no,no
mbc130-not-stripped.txt,0,taNihia,taNi,hia,no,no
mbc149-not-stripped.txt,0,roNonuihia,roNonui,hia,no,no
mbc130-not-stripped.txt,0,taNihia,taNi,hia,no,no
mbc229-not-stripped.txt,37,taea,tae,a,no,no
mbc229-not-stripped.txt,37,kOrerotia,kOrero,tia,no,no
mbc229-not-stripped.txt,37,taea,tae,a,no,no
mbc267-not-stripped.txt,26,fakanuia,fakanui,a,no,no
mbc155-not-stripped.txt,17,kitea,kite,a,no,no
mbc136-not-stripped.txt,0,haNaia,haNa,ia,no,no
mbc266-not-stripped.txt,24,tukuna,tuku,na,no,no
mbc266-not-stripped.txt,25,pAnuitia,pAnui,tia,no,no
mbc266-not-stripped.txt,9,tIkina,tiki,na,no,no
mbc266-not-stripped.txt,11,fakamutua,fakamutu,a,no,no
mbc142-not-stripped.txt,0,tukuna,tuku,na,no,no
mbc267-not-stripped.txt,24,tUmanakohia,tUmanako,hia,no,no
mbc156-not-stripped.txt,0,pIraNihia,pIraNi,hia,no,no
mbc148-not-stripped.txt,0,pania,pani,a,no,no
mbc136-not-stripped.txt,0,fakaohoohotia,fakaohooho,tia,no,no
mbc134-not-stripped.txt,1,fakatuferahia,fakatufera,hia,no,no
mbc244-not-stripped.txt,29,hoatuhia,hoatu,hia,no,no
mbc223-not-stripped.txt,64,heria,heri,a,no,no
mbc136-not-stripped.txt,0,haNaia,haNa,ia,no,no
mbc136-not-stripped.txt,0,tautokohia,tautoko,hia,no,no
mbc262-not-stripped.txt,92,ruia,rui,a,no,no
mbc266-not-stripped.txt,29,tirohia,titiro,hia,no,no
mbc262-not-stripped.txt,135,kitea,kite,a,no,no
mbc114-not-stripped.txt,0,kimihia,kimi,hia,no,no
mbc267-not-stripped.txt,20,tirohia,titiro,hia,no,no
mbc266-not-stripped.txt,58,tukuna,tuku,na,no,no
mbc157-not-stripped.txt,77,kuhuna,kuhu,na,no,no
mbc261-not-stripped.txt,95,mahia,mahi,a,no,no
mbc266-not-stripped.txt,36,tukuna,tuku,na,no,no
mbc261-not-stripped.txt,43,tohua,tohu,a,no,no
mbc145-not-stripped.txt,0,korowaitia,korowai,tia,no,no
mbc134-not-stripped.txt,1,fakanuitia,fakanui,tia,no,no
mbc266-not-stripped.txt,27,kIia,kI,ia,no,no
mbc262-not-stripped.txt,131,tirohia,titiro,hia,no,no
mbc266-not-stripped.txt,15,fakaritea,fakarite,a,no,no
mbc267-not-stripped.txt,5,kIia,kI,ia,no,no
mbc262-not-stripped.txt,88,tirohia,titiro,hia,no,no
mbc156-not-stripped.txt,0,taNihia,taNi,hia,no,no
mbc138-not-stripped.txt,21,tukuna,tuku,na,no,no
mbc120-not-stripped.txt,3,kitea,kite,a,no,no
mbc261-not-stripped.txt,98,fakaatuhia,fakaatu,hia,no,no
mbc261-not-stripped.txt,87,fakaritea,fakarite,a,no,no
mbc120-not-stripped.txt,3,taea,tae,a,no,no
mbc152-not-stripped.txt,0,manaakitia,manaaki,tia,no,no
mbc261-not-stripped.txt,134,mahia,mahi,a,no,no
mbc153-not-stripped.txt,0,wahaNUtia,wahaNU,tia,no,no
mbc134-not-stripped.txt,57,fakairia,fakairi,a,no,no
mbc139-not-stripped.txt,1,fakatONia,fakatO,Nia,no,no
mbc262-not-stripped.txt,1,kIia,kI,ia,no,no
mbc267-not-stripped.txt,7,karaNahia,karaNa,hia,no,no
mbc148-not-stripped.txt,0,hopuhia,hopu,hia,no,no
mbc152-not-stripped.txt,0,tonutia,tonu,tia,no,no
mbc261-not-stripped.txt,134,kIia,kI,ia,no,no
mbc261-not-stripped.txt,134,tuferatia,tufera,tia,no,no
mbc152-not-stripped.txt,0,fetUraNitia,fetUraNi,tia,no,no
mbc261-not-stripped.txt,113,tukuna,tuku,na,no,no
mbc262-not-stripped.txt,88,kitea,kite,a,no,no
mbc262-not-stripped.txt,78,pANia,pA,Nia,no,no
mbc261-not-stripped.txt,93,tUmanakohia,tUmanako,hia,no,no
mbc148-not-stripped.txt,0,raNonahia,roNo,na/hia,no,yes
mbc223-not-stripped.txt,2,firifirihia,firifiri,hia,no,no
mbc224-not-stripped.txt,34,titoa,tito,a,no,no
mbc018-not-stripped.txt,25,haNaia,haNa,ia,no,no
mbc018-not-stripped.txt,25,haerehia,haere,hia,no,no
mbc074-not-stripped.txt,24,kitea,kite,a,no,no
mbc074-not-stripped.txt,22,kOrerotia,kOrero,tia,no,no
mbc074-not-stripped.txt,24,fakahokia,fakahoki,a,no,no
mbc074-not-stripped.txt,24,tautohetia,tautohe,tia,no,no
mbc059-not-stripped.txt,67,pEhitia,pEhi,tia,no,no
mbc059-not-stripped.txt,69,kimihia,kimi,hia,no,no
mbc054-not-stripped.txt,33,karaNahia,karaNa,hia,no,no
mbc054-not-stripped.txt,33,kIia,kI,ia,no,no
mbc059-not-stripped.txt,67,kimihia,kimi,hia,no,no
mbc054-not-stripped.txt,33,kIia,kI,ia,no,no
mbc089-not-stripped.txt,33,tahuna,tahu,na,no,no
mbc089-not-stripped.txt,33,tahuna,tahu,na,no,no
mbc073-not-stripped.txt,44,fakatakotohia,fakatakoto,hia,no,no
mbc073-not-stripped.txt,46,haria,hari,a,no,no
mbc010-not-stripped.txt,11,hApaiNia,hApai,Nia,no,no
mbc010-not-stripped.txt,11,hikina,hiki,na,no,no
mbc203-not-stripped.txt,11,fakahuihuihia,fakahuihui,hia,no,no
mbc203-not-stripped.txt,10,kitea,kite,a,no,no
mbc203-not-stripped.txt,10,tukuhia,tuku,hia,no,no
mbc203-not-stripped.txt,11,kawea,kawe,a,no,no
mbc203-not-stripped.txt,11,fakahokia,fakahoki,a,no,no
mbc160-not-stripped.txt,32,haNaNia,haNa,Nia,no,no
mbc160-not-stripped.txt,32,kariNia,kari,Nia,no,no
mbc160-not-stripped.txt,32,haNaNia,haNa,Nia,no,no
mbc160-not-stripped.txt,32,tInia,tIni,a,no,no
mbc160-not-stripped.txt,32,nukuNia,nuku,Nia,no,no
mbc160-not-stripped.txt,32,hereNia,here,Nia,no,no
mbc160-not-stripped.txt,32,haria,hari,a,no,no
mbc160-not-stripped.txt,32,tImataNia,tImata,Nia,no,no
mbc160-not-stripped.txt,32,tanuNia,tanu,Nia,no,no
mbc160-not-stripped.txt,38,kIia,kI,ia,no,no
mbc160-not-stripped.txt,32,tapaNia,tapa,Nia,no,no
mbc160-not-stripped.txt,32,fakawAteaNia,fakawAtea,Nia,no,no
mbc188-not-stripped.txt,8,kIia,kI,ia,no,no
mbc188-not-stripped.txt,5,pOkia,poki,a,no,no
mbc188-not-stripped.txt,8,kIia,kI,ia,no,no
mbc188-not-stripped.txt,3,hariharihia,harihari,hia,no,no
mbc188-not-stripped.txt,3,fakahokia,fakahoki,a,no,no
mbc188-not-stripped.txt,3,kitea,kite,a,no,no
mbc188-not-stripped.txt,8,kIia,kI,ia,no,no
mbc188-not-stripped.txt,3,mahia,mahi,a,no,no
mbc188-not-stripped.txt,8,werohia,wero,hia,no,no
mbc188-not-stripped.txt,3,fakahokia,fakahoki,a,no,no
mbc188-not-stripped.txt,3,tirohia,titiro,hia,no,no
mbc188-not-stripped.txt,5,karafiufiuhia,karafiufiu,hia,no,no
mbc188-not-stripped.txt,5,pOkiahaNahia,pO,kia/haNa/hia,yes,yes
mbc188-not-stripped.txt,3,kitea,kite,a,no,no
mbc188-not-stripped.txt,3,fakahokia,fakahoki,a,no,no
mbc188-not-stripped.txt,6,kitea,kite,a,no,no
mbc238-not-stripped.txt,20,mahia,mahi,a,no,no
mbc238-not-stripped.txt,20,haria,hari,a,no,no
mbc238-not-stripped.txt,20,pEneihia,pEnei,hia,no,no
mbc238-not-stripped.txt,20,katoahia,katoa,hia,no,no
mbc238-not-stripped.txt,19,ekehia,eke,hia,no,no
mbc238-not-stripped.txt,20,kOrerohia,kOrero,hia,no,no
mbc238-not-stripped.txt,20,kitea,kite,a,no,no
mbc238-not-stripped.txt,20,tikahia,tika,hia,no,no
mbc238-not-stripped.txt,20,fakahuahuahia,fakahuahua,hia,no,no
mbc238-not-stripped.txt,20,mahia,mahi,a,no,no
mbc238-not-stripped.txt,20,tAhia,tA,hia,no,no
mbc238-not-stripped.txt,20,tirohia,titiro,hia,no,no
mbc238-not-stripped.txt,20,utua,utu,a,no,no
mbc238-not-stripped.txt,20,utua,utu,a,no,no
mbc238-not-stripped.txt,20,fakatikaina,fakatika,ina,no,no
mbc238-not-stripped.txt,20,fakarerea,fakarere,a,no,no
mbc238-not-stripped.txt,20,tIkina,tiki,na,no,no
mbc238-not-stripped.txt,20,utaina,uta,ina,no,no
mbc238-not-stripped.txt,20,kitea,kite,a,no,no
mbc238-not-stripped.txt,20,tikaina,tika,ina,no,no
mbc238-not-stripped.txt,20,tIkina,tiki,na,no,no
mbc238-not-stripped.txt,20,kOrerohia,kOrero,hia,no,no
mbc238-not-stripped.txt,20,haria,hari,a,no,no
mbc238-not-stripped.txt,20,karaNahia,karaNa,hia,no,no
mbc138-not-stripped.txt,2,fakatuferaNia,fakatufera,Nia,no,no
mbc138-not-stripped.txt,2,haria,hari,a,no,no
mbc138-not-stripped.txt,2,fakatuferaNia,fakatufera,Nia,no,no
mbc138-not-stripped.txt,2,fakatuferaNia,fakatufera,Nia,no,no
mbc138-not-stripped.txt,2,unuNia,unu,Nia,no,no
mbc138-not-stripped.txt,2,hikiNia,hiki,Nia,no,no
mbc138-not-stripped.txt,2,katoaNia,katoa,Nia,no,no
mbc138-not-stripped.txt,2,kOreroNia,kOrero,Nia,no,no
mbc099-not-stripped.txt,14,fakaritea,fakarite,a,no,no
mbc099-not-stripped.txt,14,herea,here,a,no,no
mbc099-not-stripped.txt,17,fakatakotohia,fakatakoto,hia,no,no
mbc099-not-stripped.txt,14,hiahiatia,hiahia,tia,no,no
mbc099-not-stripped.txt,17,pAtaia,pAtai,a,no,no
mbc099-not-stripped.txt,12,taea,tae,a,no,no
mbc099-not-stripped.txt,12,waihotia,waiho,tia,no,no
mbc099-not-stripped.txt,19,uhia,uhi,a,no,no
mbc099-not-stripped.txt,12,kitea,kite,a,no,no
mbc099-not-stripped.txt,14,kitea,kite,a,no,no
mbc099-not-stripped.txt,12,tukuna,tuku,na,no,no
mbc099-not-stripped.txt,12,hiahiatia,hiahia,tia,no,no
mbc099-not-stripped.txt,17,mahia,mahi,a,no,no
mbc099-not-stripped.txt,14,taea,tae,a,no,no
mbc099-not-stripped.txt,17,tonutia,tonu,tia,no,no
mbc099-not-stripped.txt,14,kOrerohia,kOrero,hia,no,no
mbc099-not-stripped.txt,14,taea,tae,a,no,no
mbc099-not-stripped.txt,12,kitea,kite,a,no,no
mbc099-not-stripped.txt,14,taea,tae,a,no,no
mbc099-not-stripped.txt,19,taea,tae,a,no,no
mbc099-not-stripped.txt,17,fakatinanahia,fakatinana,hia,no,no
mbc099-not-stripped.txt,17,kitea,kite,a,no,no
mbc099-not-stripped.txt,17,tAmia,tAmi,a,no,no
mbc099-not-stripped.txt,19,mOhiotia,mOhio,tia,no,no
mbc099-not-stripped.txt,12,haeretia,haere,tia,no,no
mbc066-not-stripped.txt,49,hurihia,huri,hia,no,no
mbc066-not-stripped.txt,49,tInihia,tIni,hia,no,no
mbc197-not-stripped.txt,11,fakahokia,fakahoki,a,no,no
mbc197-not-stripped.txt,11,fakahokihia,fakahoki,hia,no,no
mbc196-not-stripped.txt,13,aukatihia,aukati,hia,no,no
mbc197-not-stripped.txt,11,akonatia,ako,na/tia,no,yes
mbc197-not-stripped.txt,20,tukuna,tuku,na,no,no
mbc197-not-stripped.txt,11,fakahokia,fakahoki,a,no,no
mbc197-not-stripped.txt,11,fakahokia,fakahoki,a,no,no
mbc200-not-stripped.txt,13,kOrerohia,kOrero,hia,no,no
mbc197-not-stripped.txt,11,fakahokia,fakahoki,a,no,no
mbc197-not-stripped.txt,20,taea,tae,a,no,no
mbc197-not-stripped.txt,20,taea,tae,a,no,no
mbc197-not-stripped.txt,11,fakapauhia,fakapau,hia,no,no
mbc200-not-stripped.txt,13,fakahokia,fakahoki,a,no,no
mbc197-not-stripped.txt,20,taea,tae,a,no,no
mbc196-not-stripped.txt,13,fakahokihia,fakahoki,hia,no,no
mbc197-not-stripped.txt,20,taea,tae,a,no,no
mbc197-not-stripped.txt,11,fakahokia,fakahoki,a,no,no
mbc197-not-stripped.txt,20,fakahokia,fakahoki,a,no,no
mbc196-not-stripped.txt,13,fakahokia,fakahoki,a,no,no
mbc197-not-stripped.txt,11,kOrerohia,kOrero,hia,no,no
mbc196-not-stripped.txt,13,mahia,mahi,a,no,no
mbc197-not-stripped.txt,20,taea,tae,a,no,no
mbc196-not-stripped.txt,13,fakahokihia,fakahoki,hia,no,no
mbc197-not-stripped.txt,11,fakahokihia,fakahoki,hia,no,no
mbc074-not-stripped.txt,52,fAfAhia,fAfA,hia,no,no
mbc033-not-stripped.txt,28,meatia,mea,tia,no,no
mbc033-not-stripped.txt,28,taea,tae,a,no,no
mbc147-not-stripped.txt,8,wAnaNatia,wAnaNa,tia,no,no
mbc147-not-stripped.txt,10,tohuNia,tohu,Nia,no,no
mbc147-not-stripped.txt,10,fakaaroNia,fakaaro,Nia,no,no
mbc147-not-stripped.txt,8,kOreroNia,kOrero,Nia,no,no
mbc147-not-stripped.txt,10,fakaaroNia,fakaaro,Nia,no,no
mbc147-not-stripped.txt,8,fakatatUtia,fakatatU,tia,no,no
mbc147-not-stripped.txt,10,tohuNia,tohu,Nia,no,no
mbc147-not-stripped.txt,10,haNatia,haNa,tia,no,no
mbc147-not-stripped.txt,10,haNaNia,haNa,Nia,no,no
mbc147-not-stripped.txt,35,fakatauNia,fakatau,Nia,no,no
mbc147-not-stripped.txt,10,mahia,mahi,a,no,no
mbc147-not-stripped.txt,10,kIia,kI,ia,no,no
mbc147-not-stripped.txt,35,kIia,kI,ia,no,no
mbc147-not-stripped.txt,10,fakaaetaNahia,fakaae,taNa/hia,yes,no
mbc147-not-stripped.txt,35,waihoNia,waiho,Nia,no,no
mbc147-not-stripped.txt,10,fakawAteaNia,fakawAtea,Nia,no,no
mbc147-not-stripped.txt,10,tohuNia,tohu,Nia,no,no
mbc147-not-stripped.txt,35,haereNia,haere,Nia,no,no
mbc147-not-stripped.txt,35,fakaaroNia,fakaaro,Nia,no,no
mbc051-not-stripped.txt,72,mOhioNia,mOhio,Nia,no,no
mbc146-not-stripped.txt,1,kOrerohia,kOrero,hia,no,no
mbc146-not-stripped.txt,1,kOrerohia,kOrero,hia,no,no
mbc146-not-stripped.txt,1,kOrerohia,kOrero,hia,no,no
mbc146-not-stripped.txt,1,kOrerohia,kOrero,hia,no,no
mbc146-not-stripped.txt,1,kOrerohia,kOrero,hia,no,no
mbc065-not-stripped.txt,6,taNohia,taNo,hia,no,no
mbc065-not-stripped.txt,4,taNohia,taNo,hia,no,no
mbc231-not-stripped.txt,13,pAnuitia,pAnui,tia,no,no
mbc231-not-stripped.txt,13,fakaaea,fakaae,a,no,no
mbc167-not-stripped.txt,7,fakamAramaNia,fakamArama,Nia,no,no
mbc232-not-stripped.txt,60,fakaaroNia,fakaaro,Nia,no,no
mbc232-not-stripped.txt,68,taea,tae,a,no,no
mbc231-not-stripped.txt,13,fakawAteaNia,fakawAtea,Nia,no,no
mbc232-not-stripped.txt,60,tAtariNia,tAtari,Nia,no,no
mbc167-not-stripped.txt,54,taea,tae,a,no,no
mbc167-not-stripped.txt,31,taea,tae,a,no,no
mbc232-not-stripped.txt,60,fANaihia,fANai,hia,no,no
mbc167-not-stripped.txt,15,fakaritea,fakarite,a,no,no
mbc167-not-stripped.txt,19,hereNia,here,Nia,no,no
mbc167-not-stripped.txt,9,mahia,mahi,a,no,no
mbc167-not-stripped.txt,36,meiNa,mea,Na,no,no
mbc167-not-stripped.txt,54,taea,tae,a,no,no
mbc167-not-stripped.txt,17,fakatikatikaNia,fakatikatika,Nia,no,no
mbc167-not-stripped.txt,17,taea,tae,a,no,no
mbc167-not-stripped.txt,13,tonoa,tono,a,no,no
mbc167-not-stripped.txt,38,kimiNia,kimi,Nia,no,no
mbc232-not-stripped.txt,60,fakaaroNia,fakaaro,Nia,no,no
mbc167-not-stripped.txt,5,tApiriNia,tApiri,Nia,no,no
mbc154-not-stripped.txt,37,taea,tae,a,no,no
mbc232-not-stripped.txt,60,manawapANia,manawapA,Nia,no,no
mbc167-not-stripped.txt,19,hereNia,here,Nia,no,no
mbc167-not-stripped.txt,17,fakaritea,fakarite,a,no,no
mbc167-not-stripped.txt,29,taea,tae,a,no,no
mbc167-not-stripped.txt,9,homaiNia,homai,Nia,no,no
mbc167-not-stripped.txt,11,tonoa,tono,a,no,no
mbc167-not-stripped.txt,29,fANaiNia,fANai,Nia,no,no
mbc167-not-stripped.txt,15,fakaputaNia,fakaputa,Nia,no,no
mbc167-not-stripped.txt,29,fANaiNia,fANai,Nia,no,no
mbc167-not-stripped.txt,19,taea,tae,a,no,no
mbc231-not-stripped.txt,13,tukuna,tuku,na,no,no
mbc167-not-stripped.txt,5,tApiriNia,tApiri,Nia,no,no
mbc167-not-stripped.txt,44,weroNia,wero,Nia,no,no
mbc232-not-stripped.txt,60,hopuNia,hopu,Nia,no,no
mbc231-not-stripped.txt,13,taea,tae,a,no,no
mbc167-not-stripped.txt,7,fakaputaNia,fakaputa,Nia,no,no
mbc167-not-stripped.txt,9,fakaritea,fakarite,a,no,no
mbc167-not-stripped.txt,66,fakaponoNia,fakapono,Nia,no,no
mbc167-not-stripped.txt,19,wawatahia,wawata,hia,no,no
mbc154-not-stripped.txt,37,taea,tae,a,no,no
mbc055-not-stripped.txt,22,taea,tae,a,no,no
mbc167-not-stripped.txt,68,fakataNiNia,fakataNi,Nia,no,no
mbc167-not-stripped.txt,5,fakahaeretia,fakahaere,tia,no,no
mbc167-not-stripped.txt,38,mahiNia,mahi,Nia,no,no
mbc167-not-stripped.txt,5,tApiriNia,tApiri,Nia,no,no
mbc232-not-stripped.txt,74,fakaraNatiratia,fakaraNatira,tia,no,no
mbc232-not-stripped.txt,74,fakapuakiNia,fakapuaki,Nia,no,no
mbc232-not-stripped.txt,43,horahia,hora,hia,no,no
mbc232-not-stripped.txt,74,taea,tae,a,no,no
mbc232-not-stripped.txt,74,taea,tae,a,no,no
mbc045-not-stripped.txt,22,taea,tae,a,no,no
mbc045-not-stripped.txt,24,tirohia,titiro,hia,no,no
mbc128-not-stripped.txt,36,tukuna,tuku,na,no,no
mbc044-not-stripped.txt,0,tirohia,titiro,hia,no,no
mbc047-not-stripped.txt,50,kinotia,kino,tia,no,no
mbc041-not-stripped.txt,72,fakafifia,fakafifi,a,no,no
mbc083-not-stripped.txt,1,nuitia,nui,tia,no,no
mbc085-not-stripped.txt,77,tonutia,tonu,tia,no,no
mbc043-not-stripped.txt,41,tirohia,titiro,hia,no,no
mbc059-not-stripped.txt,57,taea,tae,a,no,no
mbc173-not-stripped.txt,7,kitea,kite,a,no,no
mbc080-not-stripped.txt,16,tonohia,tono,hia,no,no
mbc079-not-stripped.txt,0,hunaia,huna,ia,no,no
mbc173-not-stripped.txt,7,kitea,kite,a,no,no
mbc070-not-stripped.txt,22,tohua,tohu,a,no,no
mbc041-not-stripped.txt,66,waihaNatia,waihaNa,tia,no,no
mbc076-not-stripped.txt,34,fakatUhia,fakatU,hia,no,no
mbc083-not-stripped.txt,28,kitea,kite,a,no,no
mbc071-not-stripped.txt,50,fakatUhia,fakatU,hia,no,no
mbc045-not-stripped.txt,38,nohotia,noho,tia,no,no
mbc069-not-stripped.txt,79,raNatirahia,raNatira,hia,no,no
mbc041-not-stripped.txt,72,ekehia,eke,hia,no,no
mbc045-not-stripped.txt,38,fakahokihia,fakahoki,hia,no,no
mbc087-not-stripped.txt,27,fakaekehia,fakaeke,hia,no,no
mbc069-not-stripped.txt,79,tukua,tuku,a,no,no
mbc048-not-stripped.txt,57,hokona,hoko,na,no,no
mbc042-not-stripped.txt,52,fakahokia,fakahoki,a,no,no
mbc060-not-stripped.txt,61,tirohia,titiro,hia,no,no
mbc113-not-stripped.txt,67,manakohia,manako,hia,no,no
mbc041-not-stripped.txt,66,fakamahanahia,fakamahana,hia,no,no
mbc048-not-stripped.txt,57,roNohia,roNo,hia,no,no
mbc078-not-stripped.txt,17,fArikihia,fAriki,hia,no,no
mbc080-not-stripped.txt,6,hokona,hoko,na,no,no
mbc059-not-stripped.txt,48,fakaterehia,fakatere,hia,no,no
mbc044-not-stripped.txt,10,fakapaetia,fakapae,tia,no,no
mbc043-not-stripped.txt,41,pUhia,pupuhi,a,no,no
mbc050-not-stripped.txt,75,tautokohia,tautoko,hia,no,no
mbc048-not-stripped.txt,46,kohia,kohi,a,no,no
mbc041-not-stripped.txt,11,fakafitihia,fakafiti,hia,no,no
mbc059-not-stripped.txt,48,hainatia,haina,tia,no,no
mbc058-not-stripped.txt,69,kimihia,kimi,hia,no,no
mbc045-not-stripped.txt,7,taea,tae,a,no,no
mbc045-not-stripped.txt,39,panaia,pana,ia,no,no
mbc085-not-stripped.txt,15,pIkautia,pIkau,tia,no,no
mbc048-not-stripped.txt,57,kitea,kite,a,no,no
mbc042-not-stripped.txt,2,fakahokia,fakahoki,a,no,no
mbc088-not-stripped.txt,19,manakotia,manako,tia,no,no
mbc085-not-stripped.txt,54,herea,here,a,no,no
mbc086-not-stripped.txt,46,taea,tae,a,no,no
mbc069-not-stripped.txt,70,fakatUhia,fakatU,hia,no,no
mbc045-not-stripped.txt,8,panahia,pana,hia,no,no
mbc069-not-stripped.txt,18,mahia,mahi,a,no,no
mbc047-not-stripped.txt,50,pANia,pA,Nia,no,no
mbc058-not-stripped.txt,69,tImatahia,tImata,hia,no,no
mbc065-not-stripped.txt,8,petihanatia,petihana,tia,no,no
mbc041-not-stripped.txt,57,kIia,kI,ia,no,no
mbc043-not-stripped.txt,1,fakatUria,fakatU,ria,no,no
mbc079-not-stripped.txt,51,taNoa,taNo,a,no,no
mbc173-not-stripped.txt,5,taea,tae,a,no,no
mbc079-not-stripped.txt,68,taea,tae,a,no,no
mbc066-not-stripped.txt,47,fakahokia,fakahoki,a,no,no
mbc053-not-stripped.txt,29,tomohia,tomo,hia,no,no
mbc045-not-stripped.txt,7,fakaarohia,fakaaro,hia,no,no
mbc041-not-stripped.txt,49,fakaritehia,fakarite,hia,no,no
mbc221-not-stripped.txt,52,tohua,tohu,a,no,no
mbc221-not-stripped.txt,53,tapaia,tapa,ia,no,no
mbc062-not-stripped.txt,2,rapua,rapu,a,no,no
mbc090-not-stripped.txt,0,kawea,kawe,a,no,no
mbc048-not-stripped.txt,57,fakahokihia,fakahoki,hia,no,no
mbc065-not-stripped.txt,51,fakanuia,fakanui,a,no,no
mbc069-not-stripped.txt,0,porohia,poro,hia,no,no
mbc045-not-stripped.txt,38,fakafitihia,fakafiti,hia,no,no
mbc050-not-stripped.txt,68,kitea,kite,a,no,no
mbc264-not-stripped.txt,21,wAwAhia,wAwAhi,a,no,no
mbc083-not-stripped.txt,57,tAhia,tA,hia,no,no
mbc045-not-stripped.txt,57,taea,tae,a,no,no
mbc083-not-stripped.txt,28,tohua,tohu,a,no,no
mbc078-not-stripped.txt,59,haNaia,haNa,ia,no,no
mbc047-not-stripped.txt,50,fakaponotia,fakapono,tia,no,no
mbc041-not-stripped.txt,11,taukumekumetia,taukumekume,tia,no,no
mbc058-not-stripped.txt,61,tukuna,tuku,na,no,no
mbc050-not-stripped.txt,69,hokona,hoko,na,no,no
mbc050-not-stripped.txt,68,mOhiotia,mOhio,tia,no,no
mbc045-not-stripped.txt,36,fakahokia,fakahoki,a,no,no
mbc043-not-stripped.txt,1,tirohia,titiro,hia,no,no
mbc086-not-stripped.txt,20,fakatUria,fakatU,ria,no,no
mbc173-not-stripped.txt,5,fafaihia,fafai,hia,no,no
mbc089-not-stripped.txt,6,hokona,hoko,na,no,no
mbc087-not-stripped.txt,49,kEtia,kE,tia,no,no
mbc056-not-stripped.txt,29,fAnuitia,fAnui,tia,no,no
mbc066-not-stripped.txt,39,fiua,fiu,a,no,no
mbc042-not-stripped.txt,52,fakamahia,fakamahi,a,no,no
mbc086-not-stripped.txt,8,kapia,kapi,a,no,no
mbc058-not-stripped.txt,61,tUturuhia,tUturu,hia,no,no
mbc050-not-stripped.txt,69,fifia,fifi,a,no,no
mbc084-not-stripped.txt,67,fakamahia,fakamahi,a,no,no
mbc079-not-stripped.txt,6,katoahia,katoa,hia,no,no
mbc062-not-stripped.txt,2,tAhaetia,tAhae,tia,no,no
mbc046-not-stripped.txt,70,fakatUria,fakatU,ria,no,no
mbc070-not-stripped.txt,14,fakatuferahia,fakatufera,hia,no,no
mbc067-not-stripped.txt,0,fArikihia,fAriki,hia,no,no
mbc069-not-stripped.txt,8,fakakorehia,fakakore,hia,no,no
mbc173-not-stripped.txt,11,taea,tae,a,no,no
mbc113-not-stripped.txt,59,kitea,kite,a,no,no
mbc078-not-stripped.txt,59,fAia,fai,a,no,no
mbc042-not-stripped.txt,53,fakaaehia,fakaae,hia,no,no
mbc047-not-stripped.txt,50,kitea,kite,a,no,no
mbc062-not-stripped.txt,2,rapua,rapu,a,no,no
mbc047-not-stripped.txt,6,tUkinotia,tUkino,tia,no,no
mbc221-not-stripped.txt,52,kitea,kite,a,no,no
mbc080-not-stripped.txt,40,mauherea,mauhere,a,no,no
mbc113-not-stripped.txt,54,rapuhia,rapu,hia,no,no
mbc059-not-stripped.txt,71,nekehia,neke,hia,no,no
mbc041-not-stripped.txt,33,hikitia,hiki,tia,no,no
mbc065-not-stripped.txt,24,tirohia,titiro,hia,no,no
mbc053-not-stripped.txt,42,haikatia,haika,tia,no,no
mbc044-not-stripped.txt,10,tutUhia,tutU,hia,no,no
mbc059-not-stripped.txt,0,takahia,takahi,a,no,no
mbc045-not-stripped.txt,8,fakawAhia,fakawA,hia,no,no
mbc078-not-stripped.txt,8,fakakorehia,fakakore,hia,no,no
mbc041-not-stripped.txt,10,kitea,kite,a,no,no
mbc058-not-stripped.txt,61,raNona,roNo,na,no,no
mbc080-not-stripped.txt,42,taNohia,taNo,hia,no,no
mbc071-not-stripped.txt,43,tAhaetia,tAhae,tia,no,no
mbc264-not-stripped.txt,25,roNohia,roNo,hia,no,no
mbc087-not-stripped.txt,50,tImatahia,tImata,hia,no,no
mbc079-not-stripped.txt,68,rEhitatia,rEhita,tia,no,no
mbc113-not-stripped.txt,7,kitea,kite,a,no,no
mbc079-not-stripped.txt,44,fiua,fiu,a,no,no
mbc068-not-stripped.txt,57,tirohia,titiro,hia,no,no
mbc079-not-stripped.txt,68,tirohia,titiro,hia,no,no
mbc083-not-stripped.txt,0,nehua,nehu,a,no,no
mbc061-not-stripped.txt,67,fakanuitia,fakanui,tia,no,no
mbc173-not-stripped.txt,19,fakamahia,fakamahi,a,no,no
mbc173-not-stripped.txt,23,tohua,tohu,a,no,no
mbc045-not-stripped.txt,48,tirohia,titiro,hia,no,no
mbc264-not-stripped.txt,19,tAkina,taki,na,no,no
mbc071-not-stripped.txt,23,fakaarotia,fakaaro,tia,no,no
mbc082-not-stripped.txt,32,tonoa,tono,a,no,no
mbc066-not-stripped.txt,47,fAia,fai,a,no,no
mbc089-not-stripped.txt,66,taea,tae,a,no,no
mbc043-not-stripped.txt,45,tirohia,titiro,hia,no,no
mbc079-not-stripped.txt,51,rIhitia,rIhi,tia,no,no
mbc043-not-stripped.txt,53,fakapuarehia,fakapuare,hia,no,no
mbc042-not-stripped.txt,30,tonuhia,tonu,hia,no,no
mbc053-not-stripped.txt,15,kawea,kawe,a,no,no
mbc041-not-stripped.txt,10,fakaterehia,fakatere,hia,no,no
mbc048-not-stripped.txt,46,titirohia,titiro,hia,no,no
mbc057-not-stripped.txt,22,tOroahia,totoro,a/hia,no,yes
mbc065-not-stripped.txt,0,rAraNitia,rAraNi,tia,no,no
mbc070-not-stripped.txt,8,fakaturehia,fakature,hia,no,no
mbc264-not-stripped.txt,25,poupoua,poupou,a,no,no
mbc076-not-stripped.txt,18,tirohia,titiro,hia,no,no
mbc064-not-stripped.txt,0,muruatia,muru,a/tia,no,yes
mbc064-not-stripped.txt,0,tAria,tatari,a,no,no
mbc048-not-stripped.txt,66,fakauruhia,fakauru,hia,no,no
mbc053-not-stripped.txt,42,haNaia,haNa,ia,no,no
mbc058-not-stripped.txt,0,takahia,takahi,a,no,no
mbc043-not-stripped.txt,53,katia,kati,a,no,no
mbc048-not-stripped.txt,58,fakamahia,fakamahi,a,no,no
mbc066-not-stripped.txt,0,murua,muru,a,no,no
mbc044-not-stripped.txt,0,kitea,kite,a,no,no
mbc050-not-stripped.txt,62,tohua,tohu,a,no,no
mbc047-not-stripped.txt,60,fakawAteahia,fakawAtea,hia,no,no
mbc050-not-stripped.txt,52,kitea,kite,a,no,no
mbc050-not-stripped.txt,52,tohua,tohu,a,no,no
mbc087-not-stripped.txt,50,tAria,tatari,a,no,no
mbc050-not-stripped.txt,52,fakakAkahutia,fakakAkahu,tia,no,no
mbc087-not-stripped.txt,8,kitea,kite,a,no,no
mbc087-not-stripped.txt,49,hokona,hoko,na,no,no
mbc045-not-stripped.txt,26,tirohia,titiro,hia,no,no
mbc056-not-stripped.txt,29,fakafAititia,fakafAiti,tia,no,no
mbc066-not-stripped.txt,38,tonutia,tonu,tia,no,no
mbc173-not-stripped.txt,7,kitea,kite,a,no,no
mbc085-not-stripped.txt,7,fAiatia,fai,a/tia,no,yes
mbc062-not-stripped.txt,2,kohia,kohi,a,no,no
mbc043-not-stripped.txt,33,wAnaNahia,wAnaNa,hia,no,no
mbc082-not-stripped.txt,32,hainatia,haina,tia,no,no
mbc173-not-stripped.txt,9,roNohia,roNo,hia,no,no
mbc045-not-stripped.txt,0,taea,tae,a,no,no
mbc084-not-stripped.txt,8,pAkia,pA,kia,no,no
mbc046-not-stripped.txt,39,tAria,tatari,a,no,no
mbc221-not-stripped.txt,61,tohua,tohu,a,no,no
mbc085-not-stripped.txt,62,fakatUhia,fakatU,hia,no,no
mbc113-not-stripped.txt,56,fakaarohia,fakaaro,hia,no,no
mbc052-not-stripped.txt,9,kitea,kite,a,no,no
mbc173-not-stripped.txt,15,taea,tae,a,no,no
mbc069-not-stripped.txt,18,tirohia,titiro,hia,no,no
mbc090-not-stripped.txt,76,tonuhia,tonu,hia,no,no
mbc080-not-stripped.txt,42,fakahokia,fakahoki,a,no,no
mbc049-not-stripped.txt,44,fakawAhia,fakawA,hia,no,no
mbc076-not-stripped.txt,71,fakanuihia,fakanui,hia,no,no
mbc264-not-stripped.txt,19,takea,take,a,no,no
mbc069-not-stripped.txt,44,takahia,takahi,a,no,no
mbc069-not-stripped.txt,33,tohua,tohu,a,no,no
mbc049-not-stripped.txt,58,rapua,rapu,a,no,no
mbc088-not-stripped.txt,19,fakapakaritia,fakapakari,tia,no,no
mbc067-not-stripped.txt,18,fakarahitia,fakarahi,tia,no,no
mbc060-not-stripped.txt,0,tAria,tatari,a,no,no
mbc264-not-stripped.txt,31,utaina,uta,ina,no,no
mbc090-not-stripped.txt,25,maua,mau,a,no,no
mbc173-not-stripped.txt,15,tukua,tuku,a,no,no
mbc066-not-stripped.txt,0,nohotia,noho,tia,no,no
mbc079-not-stripped.txt,27,karaNahia,karaNa,hia,no,no
mbc128-not-stripped.txt,22,Afinahia,Afina,hia,no,no
mbc059-not-stripped.txt,23,fakatakotohia,fakatakoto,hia,no,no
mbc050-not-stripped.txt,52,kEtia,kE,tia,no,no
mbc059-not-stripped.txt,14,tirohia,titiro,hia,no,no
mbc045-not-stripped.txt,26,fakapaetia,fakapae,tia,no,no
mbc086-not-stripped.txt,46,fakaroahia,fakaroa,hia,no,no
mbc053-not-stripped.txt,61,kohia,kohi,a,no,no
mbc264-not-stripped.txt,37,fakahokia,fakahoki,a,no,no
mbc113-not-stripped.txt,22,tautokohia,tautoko,hia,no,no
mbc048-not-stripped.txt,46,fakakorehia,fakakore,hia,no,no
mbc173-not-stripped.txt,7,mahia,mahi,a,no,no
mbc173-not-stripped.txt,5,tUkinohia,tUkino,hia,no,no
mbc048-not-stripped.txt,46,taea,tae,a,no,no
mbc221-not-stripped.txt,59,fAnuitia,fAnui,tia,no,no
mbc067-not-stripped.txt,46,pAkia,pA,kia,no,no
mbc173-not-stripped.txt,9,tIhaehaehia,tIhaehae,hia,no,no
mbc067-not-stripped.txt,0,kitea,kite,a,no,no
mbc057-not-stripped.txt,23,tirohia,titiro,hia,no,no
mbc060-not-stripped.txt,26,fakamahihia,fakamahi,hia,no,no
mbc077-not-stripped.txt,21,fakamanahia,fakamana,hia,no,no
mbc066-not-stripped.txt,47,porotia,poro,tia,no,no
mbc083-not-stripped.txt,19,tohatia,toha,tia,no,no
mbc083-not-stripped.txt,20,kitea,kite,a,no,no
mbc080-not-stripped.txt,53,fakatuferatia,fakatufera,tia,no,no
mbc049-not-stripped.txt,19,fakahokihia,fakahoki,hia,no,no
mbc067-not-stripped.txt,61,fakaraNatiratia,fakaraNatira,tia,no,no
mbc047-not-stripped.txt,14,tirohia,titiro,hia,no,no
mbc088-not-stripped.txt,10,tirohia,titiro,hia,no,no
mbc080-not-stripped.txt,69,kitea,kite,a,no,no
mbc045-not-stripped.txt,48,fakahokia,fakahoki,a,no,no
mbc056-not-stripped.txt,0,tukuna,tuku,na,no,no
mbc085-not-stripped.txt,38,fakarahitia,fakarahi,tia,no,no
mbc089-not-stripped.txt,29,kitea,kite,a,no,no
mbc079-not-stripped.txt,6,fakatUhia,fakatU,hia,no,no
mbc047-not-stripped.txt,60,kawea,kawe,a,no,no
mbc264-not-stripped.txt,29,taiAfiotia,taiAfio,tia,no,no
mbc264-not-stripped.txt,29,ruia,rui,a,no,no
mbc061-not-stripped.txt,5,fakafifia,fakafifi,a,no,no
mbc046-not-stripped.txt,63,fakatakotohia,fakatakoto,hia,no,no
mbc058-not-stripped.txt,57,kerikerihia,kerikeri,hia,no,no
mbc066-not-stripped.txt,14,rapua,rapu,a,no,no
mbc050-not-stripped.txt,52,katia,kati,a,no,no
mbc173-not-stripped.txt,5,tUkinohia,tUkino,hia,no,no
mbc068-not-stripped.txt,48,kinohia,kino,hia,no,no
mbc079-not-stripped.txt,44,fakaitihia,fakaiti,hia,no,no
mbc089-not-stripped.txt,0,rapua,rapu,a,no,no
mbc069-not-stripped.txt,70,fAnuitia,fAnui,tia,no,no
mbc089-not-stripped.txt,55,kerea,kere,a,no,no
mbc048-not-stripped.txt,8,roNohia,roNo,hia,no,no
mbc083-not-stripped.txt,0,hahua,hahu,a,no,no
mbc087-not-stripped.txt,18,hainatia,haina,tia,no,no
mbc060-not-stripped.txt,69,tonoa,tono,a,no,no
mbc078-not-stripped.txt,49,panaia,pana,ia,no,no
mbc089-not-stripped.txt,12,raruhia,raru,hia,no,no
mbc044-not-stripped.txt,31,tAria,tatari,a,no,no
mbc085-not-stripped.txt,7,tirohia,titiro,hia,no,no
mbc083-not-stripped.txt,13,ahatia,aha,tia,no,no
mbc043-not-stripped.txt,45,fakaterehia,fakatere,hia,no,no
mbc083-not-stripped.txt,13,fakawAteahia,fakawAtea,hia,no,no
mbc173-not-stripped.txt,9,taea,tae,a,no,no
mbc173-not-stripped.txt,9,waihohia,waiho,hia,no,no
mbc084-not-stripped.txt,8,taNihia,taNi,hia,no,no
mbc052-not-stripped.txt,9,kimihia,kimi,hia,no,no
mbc076-not-stripped.txt,0,fiua,fiu,a,no,no
mbc061-not-stripped.txt,61,fakamAoritia,fakamAori,tia,no,no
mbc047-not-stripped.txt,14,tOroahia,totoro,a/hia,no,yes
mbc088-not-stripped.txt,9,kitea,kite,a,no,no
mbc041-not-stripped.txt,21,fakahokia,fakahoki,a,no,no
mbc083-not-stripped.txt,42,utaina,uta,ina,no,no
mbc076-not-stripped.txt,17,fakatUtUhia,fakatUtU,hia,no,no
mbc082-not-stripped.txt,66,fakanuia,fakanui,a,no,no
mbc090-not-stripped.txt,8,fAiatia,fai,a/tia,no,yes
mbc058-not-stripped.txt,0,takaroatia,takaroa,tia,no,no
mbc052-not-stripped.txt,18,taumahatia,taumaha,tia,no,no
mbc087-not-stripped.txt,35,panahia,pana,hia,no,no
mbc264-not-stripped.txt,25,tiritiria,tiritiri,a,no,no
mbc052-not-stripped.txt,25,fakaritea,fakarite,a,no,no
mbc088-not-stripped.txt,19,tirohia,titiro,hia,no,no
mbc064-not-stripped.txt,74,aituAtia,aituA,tia,no,no
mbc080-not-stripped.txt,23,kimihia,kimi,hia,no,no
mbc046-not-stripped.txt,1,taea,tae,a,no,no
mbc052-not-stripped.txt,35,mauria,mau,ria,no,no
mbc087-not-stripped.txt,8,fakaiNoatia,fakaiNoa,tia,no,no
mbc128-not-stripped.txt,21,fakaemitia,fakaemi,tia,no,no
mbc088-not-stripped.txt,78,tonutia,tonu,tia,no,no
mbc067-not-stripped.txt,26,takapakaritia,takapakari,tia,no,no
mbc264-not-stripped.txt,37,muia,mui,a,no,no
mbc066-not-stripped.txt,28,fakanuitia,fakanui,tia,no,no
mbc060-not-stripped.txt,11,fakakIia,fakakI,ia,no,no
mbc264-not-stripped.txt,41,raNona,roNo,na,no,no
mbc085-not-stripped.txt,54,katoahia,katoa,hia,no,no
mbc067-not-stripped.txt,35,fakatifiketetia,fakatifikete,tia,no,no
mbc060-not-stripped.txt,18,fakafifitia,fakafifi,tia,no,no
mbc221-not-stripped.txt,56,pOhEhEtia,pOhEhE,tia,no,no
mbc113-not-stripped.txt,27,fakahaerehia,fakahaere,hia,no,no
mbc113-not-stripped.txt,39,fakahaerehia,fakahaere,hia,no,no
mbc042-not-stripped.txt,21,tirohia,titiro,hia,no,no
mbc042-not-stripped.txt,21,fakapaetia,fakapae,tia,no,no
mbc042-not-stripped.txt,13,karaNahia,karaNa,hia,no,no
mbc084-not-stripped.txt,8,fakapaetia,fakapae,tia,no,no
mbc060-not-stripped.txt,26,fakaarohia,fakaaro,hia,no,no
mbc065-not-stripped.txt,69,tohua,tohu,a,no,no
mbc173-not-stripped.txt,15,taea,tae,a,no,no
mbc088-not-stripped.txt,9,karaNahia,karaNa,hia,no,no
mbc042-not-stripped.txt,33,muia,mui,a,no,no
mbc059-not-stripped.txt,57,meatia,mea,tia,no,no
mbc042-not-stripped.txt,33,rapua,rapu,a,no,no
mbc173-not-stripped.txt,17,fakaakohia,fakaako,hia,no,no
mbc173-not-stripped.txt,17,taea,tae,a,no,no
mbc067-not-stripped.txt,79,tohua,tohu,a,no,no
mbc264-not-stripped.txt,19,rukea,ruke,a,no,no
mbc052-not-stripped.txt,18,noatia,noa,tia,no,no
mbc058-not-stripped.txt,51,tANia,tA,Nia,no,no
mbc048-not-stripped.txt,66,fakatutUhia,fakatutU,hia,no,no
mbc049-not-stripped.txt,58,fakauruhia,fakauru,hia,no,no
mbc059-not-stripped.txt,6,waihohia,waiho,hia,no,no
mbc057-not-stripped.txt,53,tohua,tohu,a,no,no
mbc070-not-stripped.txt,39,tonutia,tonu,tia,no,no
mbc068-not-stripped.txt,2,fakatauirahia,fakatauira,hia,no,no
mbc051-not-stripped.txt,55,taea,tae,a,no,no
mbc066-not-stripped.txt,66,fAiatia,fai,a/tia,no,yes
mbc061-not-stripped.txt,47,tirohia,titiro,hia,no,no
mbc080-not-stripped.txt,31,fakataetaehia,fakataetae,hia,no,no
mbc082-not-stripped.txt,0,kitea,kite,a,no,no
mbc173-not-stripped.txt,1,kOrerohia,kOrero,hia,no,no
mbc060-not-stripped.txt,11,taea,tae,a,no,no
mbc076-not-stripped.txt,25,fakaritea,fakarite,a,no,no
mbc071-not-stripped.txt,76,tirohia,titiro,hia,no,no
mbc069-not-stripped.txt,62,fakaritea,fakarite,a,no,no
mbc083-not-stripped.txt,0,fakamanatia,fakamana,tia,no,no
mbc079-not-stripped.txt,68,tonoa,tono,a,no,no
mbc048-not-stripped.txt,46,kitea,kite,a,no,no
mbc087-not-stripped.txt,18,hokona,hoko,na,no,no
mbc063-not-stripped.txt,7,kitea,kite,a,no,no
mbc128-not-stripped.txt,39,taea,tae,a,no,no
mbc113-not-stripped.txt,44,fakahaerehia,fakahaere,hia,no,no
mbc057-not-stripped.txt,23,taea,tae,a,no,no
mbc082-not-stripped.txt,32,fakahokia,fakahoki,a,no,no
mbc049-not-stripped.txt,29,tirohia,titiro,hia,no,no
mbc231-not-stripped.txt,83,kOrerohia,kOrero,hia,no,no
mbc083-not-stripped.txt,12,meatia,mea,tia,no,no
mbc046-not-stripped.txt,39,tirohia,titiro,hia,no,no
mbc084-not-stripped.txt,8,raruhia,raru,hia,no,no
mbc088-not-stripped.txt,0,pAkia,pA,kia,no,no
mbc082-not-stripped.txt,44,fakairihia,fakairi,hia,no,no
mbc089-not-stripped.txt,20,taea,tae,a,no,no
mbc043-not-stripped.txt,10,fakakotahitia,fakakotahi,tia,no,no
mbc063-not-stripped.txt,24,fakatUhia,fakatU,hia,no,no
mbc045-not-stripped.txt,10,pANia,pA,Nia,no,no
mbc051-not-stripped.txt,0,fakamaumaharatia,fakamaumahara,tia,no,no
mbc064-not-stripped.txt,57,fakamuritia,fakamuri,tia,no,no
mbc047-not-stripped.txt,20,tirohia,titiro,hia,no,no
mbc057-not-stripped.txt,40,pOharatia,pOhara,tia,no,no
mbc042-not-stripped.txt,0,patua,patu,a,no,no
mbc079-not-stripped.txt,59,fakaaetia,fakaae,tia,no,no
mbc089-not-stripped.txt,28,utuhia,utu,hia,no,no
mbc079-not-stripped.txt,59,fakatakotohia,fakatakoto,hia,no,no
mbc065-not-stripped.txt,34,kawea,kawe,a,no,no
mbc045-not-stripped.txt,57,taea,tae,a,no,no
mbc042-not-stripped.txt,45,fakaturehia,fakature,hia,no,no
mbc085-not-stripped.txt,45,fakanohotia,fakanoho,tia,no,no
mbc051-not-stripped.txt,62,tuhia,tuhi,a,no,no
mbc041-not-stripped.txt,0,fakakorea,fakakore,a,no,no
mbc078-not-stripped.txt,43,fakakotahitia,fakakotahi,tia,no,no
mbc088-not-stripped.txt,70,taea,tae,a,no,no
mbc089-not-stripped.txt,55,pokanoatia,pokanoa,tia,no,no
mbc264-not-stripped.txt,37,fiua,fiu,a,no,no
mbc042-not-stripped.txt,11,hokona,hoko,na,no,no
mbc049-not-stripped.txt,76,tohua,tohu,a,no,no
mbc062-not-stripped.txt,27,taea,tae,a,no,no
mbc083-not-stripped.txt,0,fakaiNoatia,fakaiNoa,tia,no,no
mbc056-not-stripped.txt,29,raNona,roNo,na,no,no
mbc221-not-stripped.txt,52,manawanuitia,manawanui,tia,no,no
mbc076-not-stripped.txt,34,tirohia,titiro,hia,no,no
mbc063-not-stripped.txt,7,titia,titi,a,no,no
mbc077-not-stripped.txt,11,fakapaetia,fakapae,tia,no,no
mbc128-not-stripped.txt,29,tautokohia,tautoko,hia,no,no
mbc053-not-stripped.txt,21,tirohia,titiro,hia,no,no
mbc085-not-stripped.txt,54,kitea,kite,a,no,no
mbc056-not-stripped.txt,44,pEheatia,pEhea,tia,no,no
mbc064-not-stripped.txt,25,tirohia,titiro,hia,no,no
mbc053-not-stripped.txt,22,fakamanatia,fakamana,tia,no,no
mbc061-not-stripped.txt,55,tukuna,tuku,na,no,no
mbc068-not-stripped.txt,16,katia,kati,a,no,no
mbc042-not-stripped.txt,33,fiuataNahia,fiu,a/taNa/hia,yes,yes
mbc042-not-stripped.txt,33,fakapaetia,fakapae,tia,no,no
mbc043-not-stripped.txt,53,fakatauNia,fakatau,Nia,no,no
mbc064-not-stripped.txt,39,tonutia,tonu,tia,no,no
mbc060-not-stripped.txt,32,kitea,kite,a,no,no
mbc090-not-stripped.txt,58,turakinatia,turaki,na/tia,no,yes
mbc041-not-stripped.txt,22,tohua,tohu,a,no,no
mbc070-not-stripped.txt,30,fakanuihia,fakanui,hia,no,no
mbc264-not-stripped.txt,19,rukea,ruke,a,no,no
mbc064-not-stripped.txt,48,tANia,tA,Nia,no,no
mbc063-not-stripped.txt,32,manaakihia,manaaki,hia,no,no
mbc064-not-stripped.txt,0,fakamanatia,fakamana,tia,no,no
mbc090-not-stripped.txt,60,hokona,hoko,na,no,no
mbc042-not-stripped.txt,43,kAhakina,kAhaki,na,no,no
mbc066-not-stripped.txt,7,murua,muru,a,no,no
mbc061-not-stripped.txt,38,hokona,hoko,na,no,no
mbc079-not-stripped.txt,15,horaina,hora,ina,no,no
mbc086-not-stripped.txt,37,takahia,takahi,a,no,no
mbc079-not-stripped.txt,15,tautokohia,tautoko,hia,no,no
mbc077-not-stripped.txt,0,fakawaihotia,fakawaiho,tia,no,no
mbc061-not-stripped.txt,47,fakamahia,fakamahi,a,no,no
mbc048-not-stripped.txt,8,fakakaupapahia,fakakaupapa,hia,no,no
mbc047-not-stripped.txt,37,katia,kati,a,no,no
mbc051-not-stripped.txt,19,fakatinanahia,fakatinana,hia,no,no
mbc082-not-stripped.txt,77,fakaritea,fakarite,a,no,no
mbc068-not-stripped.txt,6,fakapaetia,fakapae,tia,no,no
mbc128-not-stripped.txt,39,rakarakahia,rakaraka,hia,no,no
mbc264-not-stripped.txt,33,rAhuitia,rAhui,tia,no,no
mbc066-not-stripped.txt,39,uhia,uhi,a,no,no
mbc044-not-stripped.txt,30,fakahokia,fakahoki,a,no,no
mbc047-not-stripped.txt,44,kitea,kite,a,no,no
mbc085-not-stripped.txt,54,rapua,rapu,a,no,no
mbc077-not-stripped.txt,18,fakatikahia,fakatika,hia,no,no
mbc042-not-stripped.txt,13,kitea,kite,a,no,no
mbc058-not-stripped.txt,23,tapaia,tapa,ia,no,no
mbc089-not-stripped.txt,65,fakaatatia,fakaata,tia,no,no
mbc051-not-stripped.txt,34,tImatahia,tImata,hia,no,no
mbc058-not-stripped.txt,30,kohaina,koha,ina,no,no
mbc064-not-stripped.txt,25,waihaNatia,waihaNa,tia,no,no
mbc083-not-stripped.txt,19,fakakorehia,fakakore,hia,no,no
mbc070-not-stripped.txt,65,fakamanahia,fakamana,hia,no,no
mbc052-not-stripped.txt,9,fakaiNoatia,fakaiNoa,tia,no,no
mbc086-not-stripped.txt,55,tomohia,tomo,hia,no,no
mbc048-not-stripped.txt,58,kaiNa,kai,Na,no,no
mbc071-not-stripped.txt,57,fakanohotia,fakanoho,tia,no,no
mbc085-not-stripped.txt,23,fakahaeretia,fakahaere,tia,no,no
mbc067-not-stripped.txt,70,turakihia,turaki,hia,no,no
mbc048-not-stripped.txt,22,tUmanakohia,tUmanako,hia,no,no
mbc087-not-stripped.txt,0,tAmia,tAmi,a,no,no
mbc051-not-stripped.txt,0,parekuratia,parekura,tia,no,no
mbc076-not-stripped.txt,71,kitea,kite,a,no,no
mbc052-not-stripped.txt,18,fakaputaina,fakaputa,ina,no,no
mbc087-not-stripped.txt,35,fakatauhia,fakatau,hia,no,no
mbc071-not-stripped.txt,65,fakaiNoatia,fakaiNoa,tia,no,no
mbc042-not-stripped.txt,44,fakamanahia,fakamana,hia,no,no
mbc264-not-stripped.txt,29,manenetia,manene,tia,no,no
mbc058-not-stripped.txt,57,ahatia,aha,tia,no,no
mbc077-not-stripped.txt,50,mOhiotia,mOhio,tia,no,no
mbc052-not-stripped.txt,35,fakahENia,fakahE,Nia,no,no
mbc077-not-stripped.txt,59,tirohia,titiro,hia,no,no
mbc068-not-stripped.txt,48,fakataua,fakatau,a,no,no
mbc080-not-stripped.txt,31,fAia,fai,a,no,no
mbc053-not-stripped.txt,50,tirohia,titiro,hia,no,no
mbc264-not-stripped.txt,33,mukua,muku,a,no,no
mbc046-not-stripped.txt,11,taea,tae,a,no,no
mbc045-not-stripped.txt,18,fakaarahia,fakaara,hia,no,no
mbc082-not-stripped.txt,85,fakairihia,fakairi,hia,no,no
mbc062-not-stripped.txt,27,tirohia,titiro,hia,no,no
mbc060-not-stripped.txt,61,haNaia,haNa,ia,no,no
mbc079-not-stripped.txt,68,tohua,tohu,a,no,no
mbc070-not-stripped.txt,56,kitea,kite,a,no,no
mbc088-not-stripped.txt,40,taea,tae,a,no,no
mbc070-not-stripped.txt,0,panahia,pana,hia,no,no
mbc113-not-stripped.txt,35,fakahaerehia,fakahaere,hia,no,no
mbc078-not-stripped.txt,49,fakaAkina,fakaAki,na,no,no
mbc079-not-stripped.txt,44,haotia,hao,tia,no,no
mbc079-not-stripped.txt,44,kawea,kawe,a,no,no
mbc221-not-stripped.txt,61,fakakApenetia,fakakApene,tia,no,no
mbc231-not-stripped.txt,83,mOhiohia,mOhio,hia,no,no
mbc056-not-stripped.txt,44,tirohia,titiro,hia,no,no
mbc088-not-stripped.txt,0,tirohia,titiro,hia,no,no
mbc088-not-stripped.txt,50,kitea,kite,a,no,no
mbc064-not-stripped.txt,32,fakawANia,fakawA,Nia,no,no
mbc049-not-stripped.txt,36,fakapuakitia,fakapuaki,tia,no,no
mbc086-not-stripped.txt,54,fakafifia,fakafifi,a,no,no
mbc090-not-stripped.txt,58,fakakahatia,fakakaha,tia,no,no
mbc085-not-stripped.txt,23,tirohia,titiro,hia,no,no
mbc085-not-stripped.txt,31,fakatuferahia,fakatufera,hia,no,no
mbc057-not-stripped.txt,40,fakaraNatiratia,fakaraNatira,tia,no,no
mbc046-not-stripped.txt,47,fakatakotohia,fakatakoto,hia,no,no
mbc084-not-stripped.txt,36,mahia,mahi,a,no,no
mbc089-not-stripped.txt,28,anOhia,anO,hia,no,no
mbc086-not-stripped.txt,16,meatia,mea,tia,no,no
mbc079-not-stripped.txt,59,fakahEtia,fakahE,tia,no,no
mbc041-not-stripped.txt,33,tautohetia,tautohe,tia,no,no
mbc078-not-stripped.txt,32,tirohia,titiro,hia,no,no
mbc065-not-stripped.txt,34,rapua,rapu,a,no,no
mbc061-not-stripped.txt,31,tohua,tohu,a,no,no
mbc052-not-stripped.txt,72,tonuhia,tonu,hia,no,no
mbc071-not-stripped.txt,76,fakakorehia,fakakore,hia,no,no
mbc049-not-stripped.txt,9,fakawAhia,fakawA,hia,no,no
mbc068-not-stripped.txt,48,fakahokia,fakahoki,a,no,no
mbc041-not-stripped.txt,42,tirohia,titiro,hia,no,no
mbc047-not-stripped.txt,37,fakataumahatia,fakataumaha,tia,no,no
mbc071-not-stripped.txt,76,kitea,kite,a,no,no
mbc086-not-stripped.txt,45,fakahokihia,fakahoki,hia,no,no
mbc053-not-stripped.txt,61,kitea,kite,a,no,no
mbc048-not-stripped.txt,0,fakapahUNia,fakapahU,Nia,no,no
mbc128-not-stripped.txt,39,taea,tae,a,no,no
mbc173-not-stripped.txt,5,tonuhia,tonu,hia,no,no
mbc053-not-stripped.txt,15,kitea,kite,a,no,no
mbc087-not-stripped.txt,18,fakatOpUtia,fakatOpU,tia,no,no
mbc079-not-stripped.txt,44,kEtia,kE,tia,no,no
mbc044-not-stripped.txt,30,murua,muru,a,no,no
mbc264-not-stripped.txt,45,haNaia,haNa,ia,no,no
mbc128-not-stripped.txt,22,kOrerohia,kOrero,hia,no,no
mbc089-not-stripped.txt,64,fakamanatia,fakamana,tia,no,no
mbc050-not-stripped.txt,8,fArikihia,fAriki,hia,no,no
mbc056-not-stripped.txt,44,hokona,hoko,na,no,no
mbc059-not-stripped.txt,48,fakaaetia,fakaae,tia,no,no
mbc090-not-stripped.txt,49,fakatinanatia,fakatinana,tia,no,no
mbc231-not-stripped.txt,83,pokaina,poka,ina,no,no
mbc052-not-stripped.txt,9,aituAtia,aituA,tia,no,no
mbc058-not-stripped.txt,40,tonuhia,tonu,hia,no,no
mbc084-not-stripped.txt,9,fakaiNoatia,fakaiNoa,tia,no,no
mbc057-not-stripped.txt,35,fakarahihia,fakarahi,hia,no,no
mbc058-not-stripped.txt,41,fAnuitia,fAnui,tia,no,no
mbc088-not-stripped.txt,10,fakaarohia,fakaaro,hia,no,no
mbc088-not-stripped.txt,10,taea,tae,a,no,no
mbc045-not-stripped.txt,10,tirohia,titiro,hia,no,no
mbc043-not-stripped.txt,17,tonuhia,tonu,hia,no,no
mbc077-not-stripped.txt,40,kimihia,kimi,hia,no,no
mbc090-not-stripped.txt,59,katia,kati,a,no,no
mbc088-not-stripped.txt,59,tOpUtia,tOpU,tia,no,no
mbc048-not-stripped.txt,30,tirohia,titiro,hia,no,no
mbc088-not-stripped.txt,19,taea,tae,a,no,no
mbc042-not-stripped.txt,44,fakawAteahia,fakawAtea,hia,no,no
mbc088-not-stripped.txt,19,taea,tae,a,no,no
mbc086-not-stripped.txt,37,rAhuitia,rAhui,tia,no,no
mbc056-not-stripped.txt,7,kohia,kohi,a,no,no
mbc051-not-stripped.txt,55,tirohia,titiro,hia,no,no
mbc041-not-stripped.txt,42,porohia,poro,hia,no,no
mbc063-not-stripped.txt,0,kOhurutaNatia,kOhuru,taNa/tia,yes,no
mbc068-not-stripped.txt,41,anOtia,anO,tia,no,no
mbc077-not-stripped.txt,0,fiua,fiu,a,no,no
mbc044-not-stripped.txt,22,namahia,nama,hia,no,no
mbc058-not-stripped.txt,9,kEtia,kE,tia,no,no
mbc090-not-stripped.txt,39,fakapaetia,fakapae,tia,no,no
mbc083-not-stripped.txt,69,kitea,kite,a,no,no
mbc044-not-stripped.txt,30,fakahokia,fakahoki,a,no,no
mbc066-not-stripped.txt,39,tirohia,titiro,hia,no,no
mbc128-not-stripped.txt,22,arahihaNahia,Arahi,haNa/hia,yes,no
mbc128-not-stripped.txt,23,fifia,fifi,a,no,no
mbc221-not-stripped.txt,56,fAnuihia,fAnui,hia,no,no
mbc064-not-stripped.txt,17,karaNahia,karaNa,hia,no,no
mbc070-not-stripped.txt,56,fakawAteahia,fakawAtea,hia,no,no
mbc052-not-stripped.txt,0,taea,tae,a,no,no
mbc083-not-stripped.txt,12,fakatipuhia,fakatipu,hia,no,no
mbc067-not-stripped.txt,46,rohehia,rohe,hia,no,no
mbc050-not-stripped.txt,8,porohia,poro,hia,no,no
mbc080-not-stripped.txt,42,tohahia,toha,hia,no,no
mbc068-not-stripped.txt,16,fakaritea,fakarite,a,no,no
mbc042-not-stripped.txt,43,aituAtia,aituA,tia,no,no
mbc052-not-stripped.txt,9,kitea,kite,a,no,no
mbc062-not-stripped.txt,60,porohia,poro,hia,no,no
mbc052-not-stripped.txt,10,fakatakotohia,fakatakoto,hia,no,no
mbc057-not-stripped.txt,35,rapua,rapu,a,no,no
mbc048-not-stripped.txt,22,rapua,rapu,a,no,no
mbc071-not-stripped.txt,8,taunutia,taunu,tia,no,no
mbc088-not-stripped.txt,10,pouarutia,pouaru,tia,no,no
mbc090-not-stripped.txt,59,fakatauhia,fakatau,hia,no,no
mbc051-not-stripped.txt,0,fakapaetia,fakapae,tia,no,no
mbc090-not-stripped.txt,59,fakahEtia,fakahE,tia,no,no
mbc089-not-stripped.txt,28,kohia,kohi,a,no,no
mbc090-not-stripped.txt,59,tohua,tohu,a,no,no
mbc053-not-stripped.txt,61,fakakahatia,fakakaha,tia,no,no
mbc047-not-stripped.txt,29,kitea,kite,a,no,no
mbc048-not-stripped.txt,37,utuhia,utu,hia,no,no
mbc057-not-stripped.txt,0,fakamanatia,fakamana,tia,no,no
mbc090-not-stripped.txt,68,taukumekumetia,taukumekume,tia,no,no
mbc052-not-stripped.txt,35,fakamahia,fakamahi,a,no,no
mbc050-not-stripped.txt,51,kitea,kite,a,no,no
mbc053-not-stripped.txt,0,tukia,tuki,a,no,no
mbc090-not-stripped.txt,58,pErAtia,pErA,tia,no,no
mbc264-not-stripped.txt,57,roNonuitia,roNonui,tia,no,no
mbc068-not-stripped.txt,2,tohua,tohu,a,no,no
mbc090-not-stripped.txt,39,hunatia,huna,tia,no,no
mbc062-not-stripped.txt,41,tonutia,tonu,tia,no,no
mbc128-not-stripped.txt,29,tohua,tohu,a,no,no
mbc056-not-stripped.txt,23,tOhia,tO,hia,no,no
mbc128-not-stripped.txt,39,katoahia,katoa,hia,no,no
mbc053-not-stripped.txt,69,fakanuihia,fakanui,hia,no,no
mbc077-not-stripped.txt,10,fakaaetia,fakaae,tia,no,no
mbc077-not-stripped.txt,10,wehetia,wehe,tia,no,no
mbc052-not-stripped.txt,0,rapuhia,rapu,hia,no,no
mbc058-not-stripped.txt,15,fakauruhia,fakauru,hia,no,no
mbc068-not-stripped.txt,41,takahia,takahi,a,no,no
mbc065-not-stripped.txt,16,patua,patu,a,no,no
mbc083-not-stripped.txt,12,fakapauhia,fakapau,hia,no,no
mbc089-not-stripped.txt,65,penapenatia,penapena,tia,no,no
mbc062-not-stripped.txt,68,mahia,mahi,a,no,no
mbc221-not-stripped.txt,59,kitea,kite,a,no,no
mbc065-not-stripped.txt,24,anOtia,anO,tia,no,no
mbc066-not-stripped.txt,59,meatia,mea,tia,no,no
mbc051-not-stripped.txt,9,waihaNatia,waihaNa,tia,no,no
mbc089-not-stripped.txt,38,rarua,raru,a,no,no
mbc056-not-stripped.txt,52,horaina,hora,ina,no,no
mbc052-not-stripped.txt,57,tohua,tohu,a,no,no
mbc087-not-stripped.txt,33,tonuhia,tonu,hia,no,no
mbc084-not-stripped.txt,24,fakatikahia,fakatika,hia,no,no
mbc080-not-stripped.txt,16,tirohia,titiro,hia,no,no
mbc064-not-stripped.txt,40,fakamanatia,fakamana,tia,no,no
mbc061-not-stripped.txt,21,kaumAtuatia,kaumAtua,tia,no,no
mbc044-not-stripped.txt,21,tirohia,titiro,hia,no,no
mbc068-not-stripped.txt,33,fakakorea,fakakore,a,no,no
mbc088-not-stripped.txt,33,fakatUhia,fakatU,hia,no,no
mbc128-not-stripped.txt,39,katoahia,katoa,hia,no,no
mbc068-not-stripped.txt,6,hereheretia,herehere,tia,no,no
mbc264-not-stripped.txt,33,rurea,rure,a,no,no
mbc080-not-stripped.txt,23,fakaritea,fakarite,a,no,no
mbc051-not-stripped.txt,62,tImatahia,tImata,hia,no,no
mbc066-not-stripped.txt,7,tApirihia,tApiri,hia,no,no
mbc088-not-stripped.txt,70,rapua,rapu,a,no,no
mbc050-not-stripped.txt,28,fakatUria,fakatU,ria,no,no
mbc128-not-stripped.txt,23,hokona,hoko,na,no,no
mbc048-not-stripped.txt,58,kitea,kite,a,no,no
mbc062-not-stripped.txt,42,tONia,tO,Nia,no,no
mbc083-not-stripped.txt,12,hainatia,haina,tia,no,no
mbc070-not-stripped.txt,0,tirohia,titiro,hia,no,no
mbc060-not-stripped.txt,50,tonoa,tono,a,no,no
mbc056-not-stripped.txt,60,tautokohia,tautoko,hia,no,no
mbc071-not-stripped.txt,17,fakatUria,fakatU,ria,no,no
mbc050-not-stripped.txt,62,tautokohia,tautoko,hia,no,no
mbc064-not-stripped.txt,17,kitea,kite,a,no,no
mbc043-not-stripped.txt,10,fakapaetia,fakapae,tia,no,no
mbc068-not-stripped.txt,23,fakafifia,fakafifi,a,no,no
mbc043-not-stripped.txt,10,pAkia,pA,kia,no,no
mbc088-not-stripped.txt,59,mOhiotia,mOhio,tia,no,no
mbc056-not-stripped.txt,52,utua,utu,a,no,no
mbc088-not-stripped.txt,59,fakaritea,fakarite,a,no,no
mbc077-not-stripped.txt,1,tirohia,titiro,hia,no,no
mbc063-not-stripped.txt,0,fakaAkina,fakaAki,na,no,no
mbc061-not-stripped.txt,5,raNiruatia,raNirua,tia,no,no
mbc062-not-stripped.txt,27,kitea,kite,a,no,no
mbc059-not-stripped.txt,6,fakanuihia,fakanui,hia,no,no
mbc043-not-stripped.txt,27,fakarerekEhia,fakarerekE,hia,no,no
mbc070-not-stripped.txt,86,tonuhia,tonu,hia,no,no
mbc063-not-stripped.txt,0,kitea,kite,a,no,no
mbc056-not-stripped.txt,52,tImatahia,tImata,hia,no,no
mbc083-not-stripped.txt,63,tikahia,tika,hia,no,no
mbc052-not-stripped.txt,0,raNahautia,raNahau,tia,no,no
mbc050-not-stripped.txt,78,tohua,tohu,a,no,no
mbc062-not-stripped.txt,76,fakauruhia,fakauru,hia,no,no
mbc056-not-stripped.txt,66,parekuratia,parekura,tia,no,no
mbc056-not-stripped.txt,66,warewaretia,wareware,tia,no,no
mbc068-not-stripped.txt,41,meatia,mea,tia,no,no
mbc086-not-stripped.txt,46,murua,muru,a,no,no
mbc061-not-stripped.txt,14,kawea,kawe,a,no,no
mbc050-not-stripped.txt,21,tirohia,titiro,hia,no,no
mbc049-not-stripped.txt,0,uhia,uhi,a,no,no
mbc078-not-stripped.txt,32,taea,tae,a,no,no
mbc052-not-stripped.txt,10,fakakorehia,fakakore,hia,no,no
mbc080-not-stripped.txt,16,mauheretia,mauhere,tia,no,no
mbc088-not-stripped.txt,59,tautohetia,tautohe,tia,no,no
mbc050-not-stripped.txt,0,nohohia,noho,hia,no,no
mbc041-not-stripped.txt,34,tANia,tA,Nia,no,no
mbc078-not-stripped.txt,33,taea,tae,a,no,no
mbc061-not-stripped.txt,31,tirohia,titiro,hia,no,no
mbc050-not-stripped.txt,75,tohua,tohu,a,no,no
mbc052-not-stripped.txt,65,fakaputaina,fakaputa,ina,no,no
mbc070-not-stripped.txt,49,fakafifia,fakafifi,a,no,no
mbc083-not-stripped.txt,63,rapua,rapu,a,no,no
mbc264-not-stripped.txt,33,mauria,mau,ria,no,no
mbc062-not-stripped.txt,76,rapua,rapu,a,no,no
mbc043-not-stripped.txt,27,rapuhia,rapu,hia,no,no
mbc058-not-stripped.txt,15,ruia,rui,a,no,no
mbc079-not-stripped.txt,59,wAnaNahia,wAnaNa,hia,no,no
mbc264-not-stripped.txt,33,kaiNa,kai,Na,no,no
mbc056-not-stripped.txt,60,kitea,kite,a,no,no
mbc197-not-stripped.txt,8,katoahia,katoa,hia,no,no
mbc197-not-stripped.txt,8,pAnuitia,pAnui,tia,no,no
mbc197-not-stripped.txt,8,tapahia,tapahi,a,no,no
mbc197-not-stripped.txt,8,fakatUhia,fakatU,hia,no,no
mbc197-not-stripped.txt,8,fakatUhia,fakatU,hia,no,no
mbc197-not-stripped.txt,8,kitea,kite,a,no,no
mbc197-not-stripped.txt,8,tImatahia,tImata,hia,no,no
mbc197-not-stripped.txt,8,fakarerea,fakarere,a,no,no
mbc197-not-stripped.txt,8,fakatUhia,fakatU,hia,no,no
mbc195-not-stripped.txt,28,fakatakotoria,fakatakoto,ria,no,no
mbc195-not-stripped.txt,28,fakatUhia,fakatU,hia,no,no
mbc196-not-stripped.txt,2,tonohia,tono,hia,no,no
mbc195-not-stripped.txt,28,nohohia,noho,hia,no,no
mbc195-not-stripped.txt,28,fakatUria,fakatU,ria,no,no
mbc196-not-stripped.txt,2,fakatUhia,fakatU,hia,no,no
mbc196-not-stripped.txt,2,heria,heri,a,no,no
mbc196-not-stripped.txt,2,kOrerohia,kOrero,hia,no,no
mbc196-not-stripped.txt,2,herihia,heri,hia,no,no
mbc195-not-stripped.txt,28,tohia,tohi,a,no,no
mbc063-not-stripped.txt,42,karaNahia,karaNa,hia,no,no
mbc232-not-stripped.txt,75,NauNauhia,NauNau,hia,no,no
mbc063-not-stripped.txt,42,fakaurua,fakauru,a,no,no
mbc200-not-stripped.txt,1,tohuNia,tohu,Nia,no,no
mbc200-not-stripped.txt,1,titirohia,titiro,hia,no,no
mbc200-not-stripped.txt,1,tukua,tuku,a,no,no
mbc200-not-stripped.txt,1,fakahokia,fakahoki,a,no,no
mbc200-not-stripped.txt,1,pupurihia,pupuri,hia,no,no
mbc200-not-stripped.txt,1,pupurihia,pupuri,hia,no,no
mbc050-not-stripped.txt,9,fakahokia,fakahoki,a,no,no
mbc050-not-stripped.txt,9,katia,kati,a,no,no
mbc134-not-stripped.txt,35,tukuna,tuku,na,no,no
mbc134-not-stripped.txt,35,tukuna,tuku,na,no,no
mbc073-not-stripped.txt,9,tIniNia,tIni,Nia,no,no
mbc073-not-stripped.txt,9,tInia,tIni,a,no,no
mbc073-not-stripped.txt,9,tInihia,tIni,hia,no,no
mbc073-not-stripped.txt,11,fakatauNia,fakatau,Nia,no,no
mbc075-not-stripped.txt,8,fakatUNia,fakatU,Nia,no,no
mbc129-not-stripped.txt,35,fakamahia,fakamahi,a,no,no
mbc129-not-stripped.txt,35,Afinatia,Afina,tia,no,no
mbc129-not-stripped.txt,35,fakatUhia,fakatU,hia,no,no
mbc129-not-stripped.txt,35,taea,tae,a,no,no
mbc049-not-stripped.txt,15,roNoNia,roNo,Nia,no,no
mbc048-not-stripped.txt,54,kitea,kite,a,no,no
mbc205-not-stripped.txt,1,kawea,kawe,a,no,no
mbc205-not-stripped.txt,1,kawea,kawe,a,no,no
mbc205-not-stripped.txt,1,tautokotia,tautoko,tia,no,no
mbc205-not-stripped.txt,1,taNohia,taNo,hia,no,no
mbc205-not-stripped.txt,1,horahia,hora,hia,no,no
mbc205-not-stripped.txt,1,manaakitia,manaaki,tia,no,no
mbc205-not-stripped.txt,2,tukua,tuku,a,no,no
mbc205-not-stripped.txt,1,fakaarahia,fakaara,hia,no,no
mbc205-not-stripped.txt,1,mauria,mau,ria,no,no
mbc205-not-stripped.txt,1,fakamauhia,fakamau,hia,no,no
mbc205-not-stripped.txt,1,mauria,mau,ria,no,no
mbc205-not-stripped.txt,1,terehia,tere,hia,no,no
mbc205-not-stripped.txt,1,homaihia,homai,hia,no,no
mbc205-not-stripped.txt,1,mauria,mau,ria,no,no
mbc205-not-stripped.txt,1,mauria,mau,ria,no,no
mbc205-not-stripped.txt,1,tukuna,tuku,na,no,no
mbc205-not-stripped.txt,1,mauria,mau,ria,no,no
mbc205-not-stripped.txt,1,utua,utu,a,no,no
mbc205-not-stripped.txt,1,tukuna,tuku,na,no,no
mbc205-not-stripped.txt,1,tukuna,tuku,na,no,no
mbc048-not-stripped.txt,40,pEhiatia,pEhi,a/tia,no,yes
mbc086-not-stripped.txt,22,fakafitifititia,fakafitifiti,tia,no,no
mbc105-not-stripped.txt,0,mahia,mahi,a,no,no
mbc105-not-stripped.txt,0,haNaia,haNa,ia,no,no
mbc048-not-stripped.txt,44,pAtaihia,pAtai,hia,no,no
mbc048-not-stripped.txt,44,fakawAhia,fakawA,hia,no,no
mbc049-not-stripped.txt,62,rapua,rapu,a,no,no
mbc070-not-stripped.txt,35,taea,tae,a,no,no
mbc265-not-stripped.txt,0,fAia,fai,a,no,no
mbc265-not-stripped.txt,0,tiakina,tiaki,na,no,no
mbc265-not-stripped.txt,0,tohutohutia,tohutohu,tia,no,no
mbc265-not-stripped.txt,0,atafaitia,atafai,tia,no,no
mbc196-not-stripped.txt,18,kitea,kite,a,no,no
mbc196-not-stripped.txt,18,fakahokia,fakahoki,a,no,no
mbc196-not-stripped.txt,18,kitea,kite,a,no,no
mbc196-not-stripped.txt,18,fakahokia,fakahoki,a,no,no
mbc196-not-stripped.txt,18,horahia,hora,hia,no,no
mbc196-not-stripped.txt,18,kitea,kite,a,no,no
mbc196-not-stripped.txt,18,fakahokia,fakahoki,a,no,no
mbc110-not-stripped.txt,6,fAnuiNia,fAnui,Nia,no,no
mbc111-not-stripped.txt,21,purua,puru,a,no,no
mbc110-not-stripped.txt,12,fakahuaNia,fakahua,Nia,no,no
mbc111-not-stripped.txt,22,huriNia,huri,Nia,no,no
mbc111-not-stripped.txt,22,waiataNia,waiata,Nia,no,no
mbc110-not-stripped.txt,12,fakapakekeNia,fakapakeke,Nia,no,no
mbc110-not-stripped.txt,12,tohuNia,tohu,Nia,no,no
mbc110-not-stripped.txt,12,haria,hari,a,no,no
mbc110-not-stripped.txt,12,haria,hari,a,no,no
mbc111-not-stripped.txt,21,kIia,kI,ia,no,no
mbc111-not-stripped.txt,22,mahia,mahi,a,no,no
mbc110-not-stripped.txt,12,tukuna,tuku,na,no,no
mbc110-not-stripped.txt,12,weheNia,wehe,Nia,no,no
mbc111-not-stripped.txt,22,waiataNia,waiata,Nia,no,no
mbc110-not-stripped.txt,6,anONia,anO,Nia,no,no
mbc110-not-stripped.txt,12,fakahokia,fakahoki,a,no,no
mbc110-not-stripped.txt,12,haria,hari,a,no,no
mbc111-not-stripped.txt,21,fakahauNia,fakahau,Nia,no,no
mbc227-not-stripped.txt,45,haria,hari,a,no,no
mbc110-not-stripped.txt,12,tukuna,tuku,na,no,no
mbc110-not-stripped.txt,12,manaakiNia,manaaki,Nia,no,no
mbc110-not-stripped.txt,12,fakatUria,fakatU,ria,no,no
mbc111-not-stripped.txt,23,fakaohoNia,fakaoho,Nia,no,no
mbc110-not-stripped.txt,6,fakaaroNia,fakaaro,Nia,no,no
mbc111-not-stripped.txt,21,huriNia,huri,Nia,no,no
mbc111-not-stripped.txt,22,kOreroNia,kOrero,Nia,no,no
mbc111-not-stripped.txt,21,fakaaeNia,fakaae,Nia,no,no
mbc227-not-stripped.txt,45,pANia,pA,Nia,no,no
mbc111-not-stripped.txt,22,waiataNia,waiata,Nia,no,no
mbc110-not-stripped.txt,12,kENia,kE,Nia,no,no
mbc110-not-stripped.txt,12,kIia,kI,ia,no,no
mbc227-not-stripped.txt,45,haria,hari,a,no,no
mbc110-not-stripped.txt,12,tukuna,tuku,na,no,no
mbc111-not-stripped.txt,21,purua,puru,a,no,no
mbc110-not-stripped.txt,12,tohuNia,tohu,Nia,no,no
mbc111-not-stripped.txt,21,fakaaroNia,fakaaro,Nia,no,no
mbc110-not-stripped.txt,6,fakahokia,fakahoki,a,no,no
mbc110-not-stripped.txt,12,puruNia,puru,Nia,no,no
mbc110-not-stripped.txt,12,purua,puru,a,no,no
mbc110-not-stripped.txt,12,kIia,kI,ia,no,no
mbc227-not-stripped.txt,45,mahia,mahi,a,no,no
mbc111-not-stripped.txt,22,waiataNia,waiata,Nia,no,no
mbc110-not-stripped.txt,6,purua,puru,a,no,no
mbc110-not-stripped.txt,12,mOhioNia,mOhio,Nia,no,no
mbc227-not-stripped.txt,45,fakapauNia,fakapau,Nia,no,no
mbc110-not-stripped.txt,6,fakatakotoNia,fakatakoto,Nia,no,no
mbc110-not-stripped.txt,6,kOreroNia,kOrero,Nia,no,no
mbc110-not-stripped.txt,12,tIkina,tiki,na,no,no
mbc110-not-stripped.txt,12,kOreroNia,kOrero,Nia,no,no
mbc227-not-stripped.txt,45,tuhia,tuhi,a,no,no
mbc111-not-stripped.txt,22,titoNia,tito,Nia,no,no
mbc110-not-stripped.txt,6,tapahia,tapahi,a,no,no
mbc110-not-stripped.txt,12,kIia,kI,ia,no,no
mbc232-not-stripped.txt,25,moea,moe,a,no,no
mbc232-not-stripped.txt,25,moea,moe,a,no,no
mbc232-not-stripped.txt,40,homaitia,homai,tia,no,no
mbc232-not-stripped.txt,25,moea,moe,a,no,no
mbc232-not-stripped.txt,40,manaakitia,manaaki,tia,no,no
mbc232-not-stripped.txt,25,fAiatia,fai,a/tia,no,yes
mbc232-not-stripped.txt,25,moea,moe,a,no,no
mbc232-not-stripped.txt,25,moea,moe,a,no,no
mbc232-not-stripped.txt,25,rapaina,rapa,ina,no,no
mbc232-not-stripped.txt,25,tirohia,titiro,hia,no,no
mbc232-not-stripped.txt,25,hoea,hoe,a,no,no
mbc237-not-stripped.txt,4,pEhia,pEhi,a,no,no
mbc237-not-stripped.txt,4,kEhia,kE,hia,no,no
mbc237-not-stripped.txt,4,mOhiotia,mOhio,tia,no,no
mbc237-not-stripped.txt,4,kOrerohia,kOrero,hia,no,no
mbc237-not-stripped.txt,4,fAia,fai,a,no,no
mbc237-not-stripped.txt,4,fakatUhia,fakatU,hia,no,no
mbc237-not-stripped.txt,4,fakatUhia,fakatU,hia,no,no
mbc237-not-stripped.txt,4,tapahia,tapahi,a,no,no
mbc237-not-stripped.txt,4,taea,tae,a,no,no
mbc090-not-stripped.txt,55,mahia,mahi,a,no,no
mbc090-not-stripped.txt,55,mahia,mahi,a,no,no
mbc090-not-stripped.txt,55,mahia,mahi,a,no,no
mbc047-not-stripped.txt,12,totoroNia,totoro,Nia,no,no
mbc194-not-stripped.txt,11,tuia,tui,a,no,no
mbc024-not-stripped.txt,2,kawea,kawe,a,no,no
mbc024-not-stripped.txt,2,pAtaiNia,pAtai,Nia,no,no
mbc046-not-stripped.txt,3,murua,muru,a,no,no
mbc024-not-stripped.txt,4,kimihia,kimi,hia,no,no
mbc024-not-stripped.txt,2,tirohia,titiro,hia,no,no
mbc046-not-stripped.txt,3,tAria,tatari,a,no,no
mbc194-not-stripped.txt,11,taNihia,taNi,hia,no,no
mbc024-not-stripped.txt,2,taea,tae,a,no,no
mbc194-not-stripped.txt,11,tuia,tui,a,no,no
mbc194-not-stripped.txt,11,tuia,tui,a,no,no
mbc194-not-stripped.txt,11,horahia,hora,hia,no,no
mbc102-not-stripped.txt,25,tAria,tatari,a,no,no
mbc102-not-stripped.txt,25,murua,muru,a,no,no
mbc102-not-stripped.txt,25,momoketia,momoke,tia,no,no
mbc056-not-stripped.txt,68,waihotia,waiho,tia,no,no
mbc136-not-stripped.txt,11,fakamahia,fakamahi,a,no,no
mbc136-not-stripped.txt,11,patua,patu,a,no,no
mbc136-not-stripped.txt,9,haeretia,haere,tia,no,no
mbc136-not-stripped.txt,11,katia,kati,a,no,no
mbc136-not-stripped.txt,11,patua,patu,a,no,no
mbc231-not-stripped.txt,85,mihia,mihi,a,no,no
mbc231-not-stripped.txt,85,fakataurekarekahia,fakataurekareka,hia,no,no
mbc231-not-stripped.txt,85,pErAhia,pErA,hia,no,no
mbc232-not-stripped.txt,57,fakatONia,fakatO,Nia,no,no
mbc232-not-stripped.txt,57,homaihia,homai,hia,no,no
mbc232-not-stripped.txt,57,fakatONia,fakatO,Nia,no,no
mbc232-not-stripped.txt,57,haNahia,haNa,hia,no,no
mbc231-not-stripped.txt,85,pErAhia,pErA,hia,no,no
mbc232-not-stripped.txt,57,fANaihia,fANai,hia,no,no
mbc232-not-stripped.txt,57,katia,kati,a,no,no
mbc232-not-stripped.txt,57,kIia,kI,ia,no,no
mbc231-not-stripped.txt,85,herea,here,a,no,no
mbc072-not-stripped.txt,25,tohea,tohe,a,no,no
mbc231-not-stripped.txt,59,fakaNuNua,fakaNuNu,a,no,no
mbc243-not-stripped.txt,8,kauparehia,kaupare,hia,no,no
mbc072-not-stripped.txt,20,tukuna,tuku,na,no,no
mbc243-not-stripped.txt,8,kitea,kite,a,no,no
mbc081-not-stripped.txt,13,tIhaehaea,tIhaehae,a,no,no
mbc075-not-stripped.txt,48,rarua,raru,a,no,no
mbc075-not-stripped.txt,9,warewaretia,wareware,tia,no,no
mbc074-not-stripped.txt,57,tAria,tatari,a,no,no
mbc061-not-stripped.txt,73,fakapaNohia,fakapaNo,hia,no,no
mbc075-not-stripped.txt,48,fiua,fiu,a,no,no
mbc232-not-stripped.txt,22,karafiua,karafiu,a,no,no
mbc231-not-stripped.txt,3,meatia,mea,tia,no,no
mbc074-not-stripped.txt,59,haria,hari,a,no,no
mbc243-not-stripped.txt,10,penua,penu,a,no,no
mbc075-not-stripped.txt,52,hokia,hoki,a,no,no
mbc075-not-stripped.txt,48,pania,pani,a,no,no
mbc072-not-stripped.txt,20,takahia,takahi,a,no,no
mbc231-not-stripped.txt,63,parauhia,parau,hia,no,no
mbc231-not-stripped.txt,58,pOharatia,pOhara,tia,no,no
mbc232-not-stripped.txt,84,kaiNa,kai,Na,no,no
mbc081-not-stripped.txt,43,kitea,kite,a,no,no
mbc243-not-stripped.txt,8,taea,tae,a,no,no
mbc232-not-stripped.txt,31,kaiapotia,kaiapo,tia,no,no
mbc243-not-stripped.txt,8,kitea,kite,a,no,no
mbc075-not-stripped.txt,28,turea,ture,a,no,no
mbc075-not-stripped.txt,7,tohua,tohu,a,no,no
mbc231-not-stripped.txt,97,fakairihia,fakairi,hia,no,no
mbc243-not-stripped.txt,8,meatia,mea,tia,no,no
mbc243-not-stripped.txt,10,fiua,fiu,a,no,no
mbc075-not-stripped.txt,52,pania,pani,a,no,no
mbc075-not-stripped.txt,2,pUhia,pupuhi,a,no,no
mbc072-not-stripped.txt,20,Akina,Aki,na,no,no
mbc081-not-stripped.txt,15,maharatia,mahara,tia,no,no
mbc243-not-stripped.txt,8,fakatumatumahia,fakatumatuma,hia,no,no
mbc232-not-stripped.txt,26,tapaia,tapa,ia,no,no
mbc231-not-stripped.txt,86,kitea,kite,a,no,no
mbc075-not-stripped.txt,1,tonuhia,tonu,hia,no,no
mbc073-not-stripped.txt,24,mAuiuitia,mAuiui,tia,no,no
mbc075-not-stripped.txt,25,mOhiotia,mOhio,tia,no,no
mbc232-not-stripped.txt,34,houtia,hou,tia,no,no
mbc243-not-stripped.txt,8,taea,tae,a,no,no
mbc243-not-stripped.txt,10,patua,patu,a,no,no
mbc075-not-stripped.txt,5,horahia,hora,hia,no,no
mbc081-not-stripped.txt,15,fakarerea,fakarere,a,no,no
mbc231-not-stripped.txt,59,taea,tae,a,no,no
mbc232-not-stripped.txt,15,rukea,ruke,a,no,no
mbc073-not-stripped.txt,26,kitea,kite,a,no,no
mbc231-not-stripped.txt,32,fakarerea,fakarere,a,no,no
mbc074-not-stripped.txt,57,taea,tae,a,no,no
mbc231-not-stripped.txt,32,kitea,kite,a,no,no
mbc243-not-stripped.txt,10,wepua,wepu,a,no,no
mbc243-not-stripped.txt,8,taea,tae,a,no,no
mbc232-not-stripped.txt,19,tOtOia,tOtO,ia,no,no
mbc243-not-stripped.txt,8,meiNa,mea,Na,no,no
mbc073-not-stripped.txt,26,kitea,kite,a,no,no
mbc074-not-stripped.txt,61,taea,tae,a,no,no
mbc232-not-stripped.txt,31,hokia,hoki,a,no,no
mbc231-not-stripped.txt,20,werohia,wero,hia,no,no
mbc231-not-stripped.txt,24,tIkina,tiki,na,no,no
mbc232-not-stripped.txt,26,tuhia,tuhi,a,no,no
mbc231-not-stripped.txt,5,tIkina,tiki,na,no,no
mbc072-not-stripped.txt,1,fAnuitia,fAnui,tia,no,no
mbc075-not-stripped.txt,28,kohia,kohi,a,no,no
mbc072-not-stripped.txt,1,pANia,pA,Nia,no,no
mbc078-not-stripped.txt,3,fakaaeNia,fakaae,Nia,no,no
mbc053-not-stripped.txt,19,taea,tae,a,no,no
mbc050-not-stripped.txt,59,haria,hari,a,no,no
mbc157-not-stripped.txt,65,tarea,tare,a,no,no
mbc265-not-stripped.txt,108,pAnuihia,pAnui,hia,no,no
mbc075-not-stripped.txt,10,tImatahia,tImata,hia,no,no
mbc128-not-stripped.txt,38,kitea,kite,a,no,no
mbc074-not-stripped.txt,10,fakapauhia,fakapau,hia,no,no
mbc265-not-stripped.txt,77,fakaemihia,fakaemi,hia,no,no
mbc074-not-stripped.txt,51,taea,tae,a,no,no
mbc075-not-stripped.txt,10,taea,tae,a,no,no
mbc072-not-stripped.txt,53,kitea,kite,a,no,no
mbc157-not-stripped.txt,74,mahia,mahi,a,no,no
mbc157-not-stripped.txt,48,Aheihia,Ahei,hia,no,no
mbc074-not-stripped.txt,10,uhia,uhi,a,no,no
mbc157-not-stripped.txt,55,kIia,kI,ia,no,no
mbc074-not-stripped.txt,10,mahia,mahi,a,no,no
mbc074-not-stripped.txt,10,kawea,kawe,a,no,no
mbc157-not-stripped.txt,55,fakamAramahia,fakamArama,hia,no,no
mbc072-not-stripped.txt,49,tIkina,tiki,na,no,no
mbc074-not-stripped.txt,51,horahia,hora,hia,no,no
mbc074-not-stripped.txt,8,tukuna,tuku,na,no,no
mbc265-not-stripped.txt,108,taea,tae,a,no,no
mbc157-not-stripped.txt,32,herea,here,a,no,no
mbc074-not-stripped.txt,8,fAfAhia,fAfA,hia,no,no
mbc157-not-stripped.txt,44,tImatahia,tImata,hia,no,no
mbc074-not-stripped.txt,10,hikina,hiki,na,no,no
mbc265-not-stripped.txt,1,momia,momi,a,no,no
mbc157-not-stripped.txt,61,kOrerohia,kOrero,hia,no,no
mbc072-not-stripped.txt,51,taea,tae,a,no,no
mbc128-not-stripped.txt,38,kitea,kite,a,no,no
mbc265-not-stripped.txt,1,purua,puru,a,no,no
mbc128-not-stripped.txt,38,fAia,fai,a,no,no
mbc128-not-stripped.txt,38,kitea,kite,a,no,no
mbc074-not-stripped.txt,8,karia,kari,a,no,no
mbc157-not-stripped.txt,55,pAtaihia,pAtai,hia,no,no
mbc075-not-stripped.txt,17,hainatia,haina,tia,no,no
mbc157-not-stripped.txt,42,kOrerohia,kOrero,hia,no,no
mbc157-not-stripped.txt,59,tarea,tare,a,no,no
mbc075-not-stripped.txt,12,taea,tae,a,no,no
mbc157-not-stripped.txt,61,ihohia,iho,hia,no,no
mbc272-not-stripped.txt,23,kOrerotia,kOrero,tia,no,no
mbc081-not-stripped.txt,53,taumautia,taumau,tia,no,no
mbc273-not-stripped.txt,5,fakaaturia,fakaatu,ria,no,no
mbc100-not-stripped.txt,33,raNonahia,roNo,na/hia,no,yes
mbc273-not-stripped.txt,3,fakamAramahia,fakamArama,hia,no,no
mbc040-not-stripped.txt,15,fakaritea,fakarite,a,no,no
mbc029-not-stripped.txt,41,fakaaetia,fakaae,tia,no,no
mbc273-not-stripped.txt,0,fakararua,fakararu,a,no,no
mbc036-not-stripped.txt,33,meatia,mea,tia,no,no
mbc036-not-stripped.txt,43,fakaputaina,fakaputa,ina,no,no
mbc120-not-stripped.txt,53,mahia,mahi,a,no,no
mbc029-not-stripped.txt,41,karaNahia,karaNa,hia,no,no
mbc039-not-stripped.txt,0,taea,tae,a,no,no
mbc036-not-stripped.txt,45,fakawAteatia,fakawAtea,tia,no,no
mbc081-not-stripped.txt,1,kitea,kite,a,no,no
mbc272-not-stripped.txt,16,mahia,mahi,a,no,no
mbc036-not-stripped.txt,46,fakaritea,fakarite,a,no,no
mbc074-not-stripped.txt,27,tukuna,tuku,na,no,no
mbc271-not-stripped.txt,137,tirohia,titiro,hia,no,no
mbc081-not-stripped.txt,53,fakamAramatia,fakamArama,tia,no,no
mbc074-not-stripped.txt,33,mauria,mau,ria,no,no
mbc036-not-stripped.txt,40,fAia,fai,a,no,no
mbc273-not-stripped.txt,3,fakahaerehia,fakahaere,hia,no,no
mbc029-not-stripped.txt,45,tonutia,tonu,tia,no,no
mbc120-not-stripped.txt,53,mahia,mahi,a,no,no
mbc040-not-stripped.txt,13,fakahauhia,fakahau,hia,no,no
mbc036-not-stripped.txt,48,pureitia,purei,tia,no,no
mbc040-not-stripped.txt,14,fakamutua,fakamutu,a,no,no
mbc040-not-stripped.txt,12,karaNahia,karaNa,hia,no,no
mbc120-not-stripped.txt,51,tukua,tuku,a,no,no
mbc120-not-stripped.txt,51,fakaritea,fakarite,a,no,no
mbc272-not-stripped.txt,114,tirohia,titiro,hia,no,no
mbc273-not-stripped.txt,1,fakaroNohia,fakaroNo,hia,no,no
mbc273-not-stripped.txt,0,fakaatuhia,fakaatu,hia,no,no
mbc038-not-stripped.txt,29,uhia,uhi,a,no,no
mbc100-not-stripped.txt,42,tuhia,tuhi,a,no,no
mbc100-not-stripped.txt,33,hurihia,huri,hia,no,no
mbc100-not-stripped.txt,33,tIkina,tiki,na,no,no
mbc073-not-stripped.txt,35,kaiNAkautia,kaiNAkau,tia,no,no
mbc081-not-stripped.txt,54,kitea,kite,a,no,no
mbc244-not-stripped.txt,35,kitea,kite,a,no,no
mbc273-not-stripped.txt,1,fakamAtauria,fakamAtau,ria,no,no
mbc081-not-stripped.txt,32,kohia,kohi,a,no,no
mbc040-not-stripped.txt,16,kawea,kawe,a,no,no
mbc036-not-stripped.txt,33,fakaaturia,fakaatu,ria,no,no
mbc036-not-stripped.txt,33,fakatUria,fakatU,ria,no,no
mbc038-not-stripped.txt,31,tohua,tohu,a,no,no
mbc100-not-stripped.txt,31,mahia,mahi,a,no,no
mbc038-not-stripped.txt,30,mauria,mau,ria,no,no
mbc038-not-stripped.txt,26,fakapahUhia,fakapahU,hia,no,no
mbc038-not-stripped.txt,28,tIkina,tiki,na,no,no
mbc038-not-stripped.txt,12,Araihia,Arai,hia,no,no
mbc040-not-stripped.txt,13,firia,firi,a,no,no
mbc029-not-stripped.txt,46,meatia,mea,tia,no,no
mbc040-not-stripped.txt,16,kitea,kite,a,no,no
mbc040-not-stripped.txt,16,meatia,mea,tia,no,no
mbc120-not-stripped.txt,51,haNaia,haNa,ia,no,no
mbc271-not-stripped.txt,129,nuitia,nui,tia,no,no
mbc038-not-stripped.txt,31,tohua,tohu,a,no,no
mbc273-not-stripped.txt,1,werowerohia,werowero,hia,no,no
mbc038-not-stripped.txt,30,fakakAoretia,fakakAore,tia,no,no
mbc081-not-stripped.txt,59,fakahokia,fakahoki,a,no,no
mbc100-not-stripped.txt,42,tuhia,tuhi,a,no,no
mbc039-not-stripped.txt,1,tukuna,tuku,na,no,no
mbc073-not-stripped.txt,29,rukea,ruke,a,no,no
mbc038-not-stripped.txt,15,tirotirohia,tirotiro,hia,no,no
mbc074-not-stripped.txt,27,pAnuitia,pAnui,tia,no,no
mbc040-not-stripped.txt,20,fakaritea,fakarite,a,no,no
mbc040-not-stripped.txt,19,wawatatia,wawata,tia,no,no
mbc272-not-stripped.txt,78,peitahia,peita,hia,no,no
mbc036-not-stripped.txt,24,taea,tae,a,no,no
mbc036-not-stripped.txt,32,fakaarohia,fakaaro,hia,no,no
mbc036-not-stripped.txt,31,fakaritea,fakarite,a,no,no
mbc271-not-stripped.txt,129,taea,tae,a,no,no
mbc038-not-stripped.txt,31,meatia,mea,tia,no,no
mbc081-not-stripped.txt,57,hurihia,huri,hia,no,no
mbc036-not-stripped.txt,29,taNohia,taNo,hia,no,no
mbc100-not-stripped.txt,42,tuhia,tuhi,a,no,no
mbc081-not-stripped.txt,59,fakafifia,fakafifi,a,no,no
mbc040-not-stripped.txt,11,horahia,hora,hia,no,no
mbc039-not-stripped.txt,8,meatia,mea,tia,no,no
mbc074-not-stripped.txt,27,tANia,tA,Nia,no,no
mbc040-not-stripped.txt,20,hikina,hiki,na,no,no
mbc273-not-stripped.txt,14,fakamAramahia,fakamArama,hia,no,no
mbc036-not-stripped.txt,27,pakaNahia,pakaNa,hia,no,no
mbc029-not-stripped.txt,35,fAnuitia,fAnui,tia,no,no
mbc036-not-stripped.txt,26,tAhaetia,tAhae,tia,no,no
mbc272-not-stripped.txt,89,taea,tae,a,no,no
mbc100-not-stripped.txt,42,tuhia,tuhi,a,no,no
mbc081-not-stripped.txt,5,kitea,kite,a,no,no
mbc039-not-stripped.txt,1,fakamAtauria,fakamAtau,ria,no,no
mbc120-not-stripped.txt,65,tImatahia,tImata,hia,no,no
mbc038-not-stripped.txt,18,tohua,tohu,a,no,no
mbc038-not-stripped.txt,21,kauhautia,kauhau,tia,no,no
mbc039-not-stripped.txt,9,panaia,pana,ia,no,no
mbc039-not-stripped.txt,7,pureitia,purei,tia,no,no
mbc074-not-stripped.txt,27,fakaaetia,fakaae,tia,no,no
mbc272-not-stripped.txt,77,hoatuhia,hoatu,hia,no,no
mbc273-not-stripped.txt,26,fakataNihia,fakataNi,hia,no,no
mbc081-not-stripped.txt,54,mauria,mau,ria,no,no
mbc081-not-stripped.txt,54,mahia,mahi,a,no,no
mbc081-not-stripped.txt,59,puritia,puri,tia,no,no
mbc038-not-stripped.txt,26,fakaitihia,fakaiti,hia,no,no
mbc040-not-stripped.txt,12,herea,here,a,no,no
mbc038-not-stripped.txt,24,kOhurutia,kOhuru,tia,no,no
mbc039-not-stripped.txt,0,tukuna,tuku,na,no,no
mbc038-not-stripped.txt,13,meatia,mea,tia,no,no
mbc036-not-stripped.txt,39,hainahia,haina,hia,no,no
mbc038-not-stripped.txt,13,tAtAhia,tAtA,hia,no,no
mbc272-not-stripped.txt,88,ahatia,aha,tia,no,no
mbc036-not-stripped.txt,26,mauheretia,mauhere,tia,no,no
mbc120-not-stripped.txt,65,fakahaeretia,fakahaere,tia,no,no
mbc039-not-stripped.txt,8,herea,here,a,no,no
mbc038-not-stripped.txt,12,mOhiotia,mOhio,tia,no,no
mbc039-not-stripped.txt,5,kOhurutia,kOhuru,tia,no,no
mbc036-not-stripped.txt,26,tAhaetia,tAhae,tia,no,no
mbc073-not-stripped.txt,35,taea,tae,a,no,no
mbc029-not-stripped.txt,36,kOrerotia,kOrero,tia,no,no
mbc039-not-stripped.txt,10,turakinatia,turaki,na/hia,no,yes
mbc039-not-stripped.txt,3,feraferahia,ferafera,hia,no,no
mbc038-not-stripped.txt,15,kitea,kite,a,no,no
mbc120-not-stripped.txt,65,kitea,kite,a,no,no
mbc158-not-stripped.txt,34,fakakorea,fakakore,a,no,no
mbc158-not-stripped.txt,2,fAia,fai,a,no,no
mbc128-not-stripped.txt,40,kitea,kite,a,no,no
mbc128-not-stripped.txt,40,roatia,roa,tia,no,no
mbc128-not-stripped.txt,40,kitea,kite,a,no,no
mbc273-not-stripped.txt,8,tImatatia,tImata,tia,no,no
mbc091-not-stripped.txt,10,fAia,fai,a,no,no
mbc130-not-stripped.txt,8,fakanuia,fakanui,a,no,no
mbc091-not-stripped.txt,25,Araitia,Arai,tia,no,no
mbc158-not-stripped.txt,12,pakaNatia,pakaNa,tia,no,no
mbc130-not-stripped.txt,2,NAkaunuitia,NAkaunui,tia,no,no
mbc091-not-stripped.txt,12,karaNatia,karaNa,tia,no,no
mbc158-not-stripped.txt,20,ekea,eke,a,no,no
mbc091-not-stripped.txt,7,fakamanatia,fakamana,tia,no,no
mbc140-not-stripped.txt,3,mahia,mahi,a,no,no
mbc106-not-stripped.txt,12,kOrerotia,kOrero,tia,no,no
mbc106-not-stripped.txt,10,kIia,kI,ia,no,no
mbc091-not-stripped.txt,35,fakaritea,fakarite,a,no,no
mbc106-not-stripped.txt,4,fakapaohotia,fakapaoho,tia,no,no
mbc091-not-stripped.txt,27,mauria,mau,ria,no,no
mbc128-not-stripped.txt,40,kEtia,kE,tia,no,no
mbc128-not-stripped.txt,34,kitea,kite,a,no,no
mbc140-not-stripped.txt,3,kaiNAkautia,kaiNAkau,tia,no,no
mbc092-not-stripped.txt,6,kitea,kite,a,no,no
mbc106-not-stripped.txt,28,fakaAhurutia,fakaAhuru,tia,no,no
mbc091-not-stripped.txt,25,fakaritea,fakarite,a,no,no
mbc128-not-stripped.txt,40,fakaroatia,fakaroa,tia,no,no
mbc227-not-stripped.txt,11,fakatUria,fakatU,ria,no,no
mbc128-not-stripped.txt,34,ekena,eke,na,no,no
mbc140-not-stripped.txt,46,hoea,hoe,a,no,no
mbc128-not-stripped.txt,34,eketia,eke,tia,no,no
mbc273-not-stripped.txt,4,fAia,fai,a,no,no
mbc130-not-stripped.txt,27,fAia,fai,a,no,no
mbc089-not-stripped.txt,23,ihohia,iho,hia,no,no
mbc135-not-stripped.txt,73,hOhonutia,hOhonu,tia,no,no
mbc135-not-stripped.txt,69,haria,hari,a,no,no
mbc201-not-stripped.txt,4,hokoNia,hoko,Nia,no,no
mbc135-not-stripped.txt,69,kOreroNia,kOrero,Nia,no,no
mbc135-not-stripped.txt,69,fakaaeNia,fakaae,Nia,no,no
mbc022-not-stripped.txt,8,taea,tae,a,no,no
mbc135-not-stripped.txt,73,kimihia,kimi,hia,no,no
mbc201-not-stripped.txt,4,karaNaNia,karaNa,Nia,no,no
mbc201-not-stripped.txt,4,fakamoemoeNia,fakamoemoe,Nia,no,no
mbc135-not-stripped.txt,63,fAia,fai,a,no,no
mbc022-not-stripped.txt,8,taea,tae,a,no,no
mbc135-not-stripped.txt,71,fakahokia,fakahoki,a,no,no
mbc022-not-stripped.txt,8,fakatUNia,fakatU,Nia,no,no
mbc135-not-stripped.txt,73,tirohia,titiro,hia,no,no
mbc129-not-stripped.txt,31,fakatapua,fakatapu,a,no,no
mbc026-not-stripped.txt,26,mahia,mahi,a,no,no
mbc065-not-stripped.txt,62,fakaaeNia,fakaae,Nia,no,no
mbc135-not-stripped.txt,73,fakatONia,fakatO,Nia,no,no
mbc201-not-stripped.txt,4,fakakoreNia,fakakore,Nia,no,no
mbc201-not-stripped.txt,4,firiNia,firi,Nia,no,no
mbc135-not-stripped.txt,67,pErANia,pErA,Nia,no,no
mbc201-not-stripped.txt,2,fakaaroNia,fakaaro,Nia,no,no
mbc201-not-stripped.txt,4,hiahiaNia,hiahia,Nia,no,no
mbc201-not-stripped.txt,2,haNaia,haNa,ia,no,no
mbc201-not-stripped.txt,4,fakakoreNia,fakakore,Nia,no,no
mbc026-not-stripped.txt,26,arohia,aro,hia,no,no
mbc201-not-stripped.txt,14,fakaaroNia,fakaaro,Nia,no,no
mbc201-not-stripped.txt,14,mahia,mahi,a,no,no
mbc201-not-stripped.txt,12,kOrerohia,kOrero,hia,no,no
mbc135-not-stripped.txt,61,fakahokia,fakahoki,a,no,no
mbc201-not-stripped.txt,4,fakarerekENia,fakarerekE,Nia,no,no
mbc201-not-stripped.txt,1,mauria,mau,ria,no,no
mbc135-not-stripped.txt,24,karaNahia,karaNa,hia,no,no
mbc201-not-stripped.txt,2,karaNaNia,karaNa,Nia,no,no
mbc135-not-stripped.txt,65,tirohia,titiro,hia,no,no
mbc201-not-stripped.txt,14,mauria,mau,ria,no,no
mbc201-not-stripped.txt,2,mauria,mau,ria,no,no
mbc201-not-stripped.txt,4,mahia,mahi,a,no,no
mbc201-not-stripped.txt,2,kIia,kI,ia,no,no
mbc022-not-stripped.txt,8,faiNia,fai,Nia,no,no
mbc135-not-stripped.txt,12,mahia,mahi,a,no,no
mbc201-not-stripped.txt,4,hainaNia,haina,Nia,no,no
mbc135-not-stripped.txt,36,fakatUNia,fakatU,Nia,no,no
mbc022-not-stripped.txt,8,taea,tae,a,no,no
mbc201-not-stripped.txt,2,homaiNia,homai,Nia,no,no
mbc135-not-stripped.txt,34,fakaaroNia,fakaaro,Nia,no,no
mbc201-not-stripped.txt,2,tApaeNia,tApae,Nia,no,no
mbc201-not-stripped.txt,4,fakakoreNia,fakakore,Nia,no,no
mbc201-not-stripped.txt,4,kOrerohia,kOrero,hia,no,no
mbc201-not-stripped.txt,8,taea,tae,a,no,no
mbc201-not-stripped.txt,6,fakarerekENia,fakarerekE,Nia,no,no
mbc022-not-stripped.txt,8,faifaiNia,faifai,Nia,no,no
mbc135-not-stripped.txt,24,fakatUNia,fakatU,Nia,no,no
mbc201-not-stripped.txt,10,takahia,takahi,a,no,no
mbc201-not-stripped.txt,6,tirohia,titiro,hia,no,no
mbc201-not-stripped.txt,14,fafaiNia,fafai,Nia,no,no
mbc201-not-stripped.txt,4,karaNaNia,karaNa,Nia,no,no
mbc201-not-stripped.txt,1,horaNia,hora,Nia,no,no
mbc201-not-stripped.txt,12,takahia,takahi,a,no,no
mbc135-not-stripped.txt,38,fakakotahiNia,fakakotahi,Nia,no,no
mbc135-not-stripped.txt,38,fakaaeNia,fakaae,Nia,no,no
mbc022-not-stripped.txt,8,taea,tae,a,no,no
mbc201-not-stripped.txt,10,taea,tae,a,no,no
mbc201-not-stripped.txt,2,haNaNia,haNa,Nia,no,no
mbc201-not-stripped.txt,10,fakahokia,fakahoki,a,no,no
mbc201-not-stripped.txt,12,huakina,huaki,na,no,no
mbc201-not-stripped.txt,6,hurihia,huri,hia,no,no
mbc201-not-stripped.txt,8,hikitia,hiki,tia,no,no
mbc135-not-stripped.txt,28,taea,tae,a,no,no
mbc201-not-stripped.txt,2,mOhioNia,mOhio,Nia,no,no
mbc135-not-stripped.txt,61,tukua,tuku,a,no,no
mbc129-not-stripped.txt,26,fakatapua,fakatapu,a,no,no
mbc135-not-stripped.txt,32,fakawAhia,fakawA,hia,no,no
mbc201-not-stripped.txt,10,fakahokia,fakahoki,a,no,no
mbc129-not-stripped.txt,26,purea,pure,a,no,no
mbc135-not-stripped.txt,28,fakatUNia,fakatU,Nia,no,no
mbc129-not-stripped.txt,24,fakatapua,fakatapu,a,no,no
mbc201-not-stripped.txt,10,murua,muru,a,no,no
mbc201-not-stripped.txt,10,raupatuNia,raupatu,Nia,no,no
mbc201-not-stripped.txt,10,tonoNia,tono,Nia,no,no
mbc201-not-stripped.txt,10,fakahokia,fakahoki,a,no,no
mbc135-not-stripped.txt,32,utuhia,utu,hia,no,no
mbc201-not-stripped.txt,10,mauria,mau,ria,no,no
mbc201-not-stripped.txt,10,fakaaroNia,fakaaro,Nia,no,no
mbc201-not-stripped.txt,10,murua,muru,a,no,no
mbc246-not-stripped.txt,10,utua,utu,a,no,no
mbc248-not-stripped.txt,4,Afinatia,Afina,tia,no,no
mbc251-not-stripped.txt,17,puritia,puri,tia,no,no
mbc254-not-stripped.txt,6,tirohia,titiro,hia,no,no
mbc246-not-stripped.txt,10,fakawAteahia,fakawAtea,hia,no,no
mbc246-not-stripped.txt,10,taNihia,taNi,hia,no,no
mbc250-not-stripped.txt,1,inuhia,inu,hia,no,no
mbc246-not-stripped.txt,10,fakararuraruhia,fakararuraru,hia,no,no
mbc254-not-stripped.txt,6,tirohia,titiro,hia,no,no
mbc114-not-stripped.txt,3,fAia,fai,a,no,no
mbc003-not-stripped.txt,2,taea,tae,a,no,no
mbc246-not-stripped.txt,10,taea,tae,a,no,no
mbc003-not-stripped.txt,2,tIkina,tiki,na,no,no
mbc246-not-stripped.txt,10,fakamOhiotia,fakamOhio,tia,no,no
mbc251-not-stripped.txt,17,kitea,kite,a,no,no
mbc200-not-stripped.txt,17,fakapuakina,fakapuaki,na,no,no
mbc247-not-stripped.txt,1,fakarerea,fakarere,a,no,no
mbc249-not-stripped.txt,1,taea,tae,a,no,no
mbc247-not-stripped.txt,8,taea,tae,a,no,no
mbc246-not-stripped.txt,4,huria,huri,a,no,no
mbc246-not-stripped.txt,1,taea,tae,a,no,no
mbc246-not-stripped.txt,10,firifiria,firifiri,a,no,no
mbc246-not-stripped.txt,7,fakapakarihia,fakapakari,hia,no,no
mbc248-not-stripped.txt,4,kitea,kite,a,no,no
mbc250-not-stripped.txt,1,mihia,mihi,a,no,no
mbc255-not-stripped.txt,1,fakapOreareahia,fakapOrearea,hia,no,no
mbc255-not-stripped.txt,1,fakafifia,fakafifi,a,no,no
mbc250-not-stripped.txt,4,nohoia,noho,ia,no,no
mbc246-not-stripped.txt,10,fAia,fai,a,no,no
mbc253-not-stripped.txt,1,tAria,tatari,a,no,no
mbc248-not-stripped.txt,7,tUmanakohia,tUmanako,hia,no,no
mbc248-not-stripped.txt,4,kuhuna,kuhu,na,no,no
mbc250-not-stripped.txt,1,kOrerohia,kOrero,hia,no,no
mbc246-not-stripped.txt,10,kIia,kI,ia,no,no
mbc248-not-stripped.txt,4,kaiNa,kai,Na,no,no
mbc255-not-stripped.txt,1,fakafifia,fakafifi,a,no,no
mbc253-not-stripped.txt,4,fakafifia,fakafifi,a,no,no
mbc247-not-stripped.txt,1,fakahuahuatia,fakahuahua,tia,no,no
mbc246-not-stripped.txt,10,kitea,kite,a,no,no
mbc246-not-stripped.txt,10,akona,ako,na,no,no
mbc254-not-stripped.txt,6,fakakAhoretia,fakakAhore,tia,no,no
mbc246-not-stripped.txt,4,hiahiatia,hiahia,tia,no,no
mbc246-not-stripped.txt,10,fAia,fai,a,no,no
mbc246-not-stripped.txt,10,fakahokia,fakahoki,a,no,no
mbc255-not-stripped.txt,1,fakafifia,fakafifi,a,no,no
mbc251-not-stripped.txt,17,taNohia,taNo,hia,no,no
mbc254-not-stripped.txt,4,mahia,mahi,a,no,no
mbc251-not-stripped.txt,17,tirohia,titiro,hia,no,no
mbc250-not-stripped.txt,1,katoahia,katoa,hia,no,no
mbc246-not-stripped.txt,10,kOrerohia,kOrero,hia,no,no
mbc254-not-stripped.txt,6,kIia,kI,ia,no,no
mbc250-not-stripped.txt,4,mOhiotia,mOhio,tia,no,no
mbc255-not-stripped.txt,8,faifaitia,faifai,tia,no,no
mbc250-not-stripped.txt,4,kOrerotia,kOrero,tia,no,no
mbc250-not-stripped.txt,1,karaNahia,karaNa,hia,no,no
mbc250-not-stripped.txt,1,arumia,aru,mia,no,no
mbc253-not-stripped.txt,1,taea,tae,a,no,no
mbc251-not-stripped.txt,17,kitea,kite,a,no,no
mbc246-not-stripped.txt,10,wehea,wehe,a,no,no
mbc246-not-stripped.txt,7,fAnuitia,fAnui,tia,no,no
mbc255-not-stripped.txt,1,fAia,fai,a,no,no
mbc246-not-stripped.txt,7,fakatUria,fakatU,ria,no,no
mbc250-not-stripped.txt,1,karaNahia,karaNa,hia,no,no
mbc251-not-stripped.txt,21,mihia,mihi,a,no,no
mbc254-not-stripped.txt,4,tirohia,titiro,hia,no,no
mbc249-not-stripped.txt,7,patapataihia,patapatai,hia,no,no
mbc249-not-stripped.txt,7,kitea,kite,a,no,no
mbc246-not-stripped.txt,10,akohia,ako,hia,no,no
mbc255-not-stripped.txt,8,kOrerotia,kOrero,tia,no,no
mbc246-not-stripped.txt,1,mihia,mihi,a,no,no
mbc249-not-stripped.txt,7,tukuna,tuku,na,no,no
mbc200-not-stripped.txt,17,fakatUria,fakatU,ria,no,no
mbc251-not-stripped.txt,17,takaroatia,takaroa,tia,no,no
mbc248-not-stripped.txt,1,taea,tae,a,no,no
mbc249-not-stripped.txt,7,taea,tae,a,no,no
mbc249-not-stripped.txt,7,kawea,kawe,a,no,no
mbc248-not-stripped.txt,1,taea,tae,a,no,no
mbc248-not-stripped.txt,1,taea,tae,a,no,no
mbc247-not-stripped.txt,8,fakawAkia,fakawA,kia,no,no
mbc003-not-stripped.txt,2,kOrerotia,kOrero,tia,no,no
mbc250-not-stripped.txt,1,fakahakiriNia,fakahakiri,Nia,no,no
mbc246-not-stripped.txt,10,nohoia,noho,ia,no,no
mbc255-not-stripped.txt,5,kitea,kite,a,no,no
mbc249-not-stripped.txt,1,taea,tae,a,no,no
mbc249-not-stripped.txt,1,uhia,uhi,a,no,no
mbc003-not-stripped.txt,2,kuhuna,kuhu,na,no,no
mbc255-not-stripped.txt,1,fAnuitia,fAnui,tia,no,no
mbc248-not-stripped.txt,1,fakahokia,fakahoki,a,no,no
mbc250-not-stripped.txt,4,hAkaritia,hAkari,tia,no,no
mbc248-not-stripped.txt,1,fakatakotoria,fakatakoto,ria,no,no
mbc254-not-stripped.txt,4,manakohia,manako,hia,no,no
mbc247-not-stripped.txt,1,fakaaraarahia,fakaaraara,hia,no,no
mbc253-not-stripped.txt,4,fakafifia,fakafifi,a,no,no
mbc255-not-stripped.txt,1,fakafifia,fakafifi,a,no,no
mbc250-not-stripped.txt,4,nehua,nehu,a,no,no
mbc250-not-stripped.txt,1,mihia,mihi,a,no,no
mbc247-not-stripped.txt,4,kitea,kite,a,no,no
mbc248-not-stripped.txt,7,pAtaiNia,pAtai,Nia,no,no
mbc246-not-stripped.txt,10,firifiria,firifiri,a,no,no
mbc246-not-stripped.txt,1,taea,tae,a,no,no
mbc251-not-stripped.txt,17,kitea,kite,a,no,no
mbc251-not-stripped.txt,21,fANaitia,fANai,tia,no,no
mbc248-not-stripped.txt,1,manaakihia,manaaki,hia,no,no
mbc006-not-stripped.txt,5,tAkirihia,tAkiri,hia,no,no
mbc250-not-stripped.txt,4,anOtia,anO,tia,no,no
mbc246-not-stripped.txt,10,fAia,fai,a,no,no
mbc249-not-stripped.txt,7,kawea,kawe,a,no,no
mbc247-not-stripped.txt,6,mahia,mahi,a,no,no
mbc246-not-stripped.txt,10,akona,ako,na,no,no
mbc254-not-stripped.txt,6,aronuihia,aronui,hia,no,no
mbc249-not-stripped.txt,7,rawekehia,raweke,hia,no,no
mbc253-not-stripped.txt,1,pAnuitia,pAnui,tia,no,no
mbc251-not-stripped.txt,21,fANaihia,fANai,hia,no,no
mbc003-not-stripped.txt,2,pOhEhEtia,pOhEhE,tia,no,no
mbc254-not-stripped.txt,4,tapahia,tapahi,a,no,no
mbc250-not-stripped.txt,7,kIia,kI,ia,no,no
mbc248-not-stripped.txt,1,taea,tae,a,no,no
mbc253-not-stripped.txt,1,fakafifia,fakafifi,a,no,no
mbc253-not-stripped.txt,1,fakatUria,fakatU,ria,no,no
mbc251-not-stripped.txt,17,wehea,wehe,a,no,no
mbc247-not-stripped.txt,8,taea,tae,a,no,no
mbc250-not-stripped.txt,4,hAkaritia,hAkari,tia,no,no
mbc247-not-stripped.txt,8,raNona,roNo,na,no,no
mbc252-not-stripped.txt,4,fakanuia,fakanui,a,no,no
mbc253-not-stripped.txt,1,fAia,fai,a,no,no
mbc251-not-stripped.txt,17,kitea,kite,a,no,no
mbc248-not-stripped.txt,1,taea,tae,a,no,no
mbc250-not-stripped.txt,4,hAkaritia,hAkari,tia,no,no
mbc250-not-stripped.txt,7,taea,tae,a,no,no
mbc114-not-stripped.txt,3,fakamahia,fakamahi,a,no,no
mbc247-not-stripped.txt,1,fAnuitia,fAnui,tia,no,no
mbc248-not-stripped.txt,4,fakamAtauhia,fakamAtau,hia,no,no
mbc250-not-stripped.txt,4,kaiNa,kai,Na,no,no
mbc247-not-stripped.txt,4,tonuhia,tonu,hia,no,no
mbc247-not-stripped.txt,1,fakaarahia,fakaara,hia,no,no
mbc247-not-stripped.txt,1,fakaputaina,fakaputa,ina,no,no
mbc248-not-stripped.txt,4,mihia,mihi,a,no,no
mbc003-not-stripped.txt,2,kOrerotia,kOrero,tia,no,no
mbc247-not-stripped.txt,4,mahia,mahi,a,no,no
mbc003-not-stripped.txt,2,pOhEhEtia,pOhEhE,tia,no,no
mbc246-not-stripped.txt,10,tonuhia,tonu,hia,no,no
mbc254-not-stripped.txt,4,taea,tae,a,no,no
mbc011-not-stripped.txt,12,fakatUtUhia,fakatUtU,hia,no,no
mbc254-not-stripped.txt,4,takatakahia,takatakahi,a,no,no
mbc006-not-stripped.txt,5,katia,kati,a,no,no
mbc254-not-stripped.txt,4,tirohia,titiro,hia,no,no
mbc248-not-stripped.txt,1,tIkina,tiki,na,no,no
mbc006-not-stripped.txt,5,taea,tae,a,no,no
mbc247-not-stripped.txt,6,taNihia,taNi,hia,no,no
mbc252-not-stripped.txt,1,tukuna,tuku,na,no,no
mbc247-not-stripped.txt,6,tirohia,titiro,hia,no,no
mbc011-not-stripped.txt,12,tirohia,titiro,hia,no,no
mbc249-not-stripped.txt,7,kIia,kI,ia,no,no
mbc006-not-stripped.txt,5,hurihia,huri,hia,no,no
mbc250-not-stripped.txt,7,hokohokona,hokohoko,na,no,no
mbc254-not-stripped.txt,6,kitea,kite,a,no,no
mbc254-not-stripped.txt,6,kitea,kite,a,no,no
mbc250-not-stripped.txt,4,hAkaritia,hAkari,tia,no,no
mbc249-not-stripped.txt,7,taea,tae,a,no,no
mbc003-not-stripped.txt,2,fakapaohotia,fakapaoho,tia,no,no
mbc246-not-stripped.txt,10,kitea,kite,a,no,no
mbc003-not-stripped.txt,2,hokona,hoko,na,no,no
mbc248-not-stripped.txt,1,tirohia,titiro,hia,no,no
mbc246-not-stripped.txt,10,taNihia,taNi,hia,no,no
mbc248-not-stripped.txt,1,tonutia,tonu,tia,no,no
mbc251-not-stripped.txt,17,fakatakaroatia,fakatakaroa,tia,no,no
mbc248-not-stripped.txt,7,fakatUtUria,fakatUtU,ria,no,no
mbc003-not-stripped.txt,2,kitea,kite,a,no,no
mbc254-not-stripped.txt,6,tukuna,tuku,na,no,no
mbc249-not-stripped.txt,4,tirohia,titiro,hia,no,no
mbc254-not-stripped.txt,4,kOrerohia,kOrero,hia,no,no
mbc114-not-stripped.txt,22,kitea,kite,a,no,no
mbc248-not-stripped.txt,4,fakatUria,fakatU,ria,no,no
mbc114-not-stripped.txt,3,firia,firi,a,no,no
mbc247-not-stripped.txt,4,tohea,tohe,a,no,no
mbc252-not-stripped.txt,1,kOrerohia,kOrero,hia,no,no
mbc251-not-stripped.txt,21,uhia,uhi,a,no,no
mbc247-not-stripped.txt,1,firifiria,firifiri,a,no,no
mbc248-not-stripped.txt,1,tonoa,tono,a,no,no
mbc254-not-stripped.txt,6,taea,tae,a,no,no
mbc246-not-stripped.txt,1,fakaarahia,fakaara,hia,no,no
mbc250-not-stripped.txt,4,taNihia,taNi,hia,no,no
mbc246-not-stripped.txt,7,tirohia,titiro,hia,no,no
mbc254-not-stripped.txt,4,taea,tae,a,no,no
mbc255-not-stripped.txt,1,taea,tae,a,no,no
mbc006-not-stripped.txt,5,puritia,puri,tia,no,no
mbc255-not-stripped.txt,1,taea,tae,a,no,no
mbc250-not-stripped.txt,4,anOtia,anO,tia,no,no
mbc248-not-stripped.txt,1,taNihia,taNi,hia,no,no
mbc248-not-stripped.txt,1,taNohia,taNo,hia,no,no
mbc251-not-stripped.txt,17,fakarereNia,fakarere,Nia,no,no
mbc246-not-stripped.txt,10,fANaihia,fANai,hia,no,no
mbc247-not-stripped.txt,1,kawea,kawe,a,no,no
mbc250-not-stripped.txt,7,fakatUria,fakatU,ria,no,no
mbc252-not-stripped.txt,7,taNihia,taNi,hia,no,no
mbc253-not-stripped.txt,7,akona,ako,na,no,no
mbc248-not-stripped.txt,7,fakatauria,fakatau,ria,no,no
mbc253-not-stripped.txt,1,fakaarotia,fakaaro,tia,no,no
mbc250-not-stripped.txt,4,hAkaritia,hAkari,tia,no,no
mbc249-not-stripped.txt,7,taea,tae,a,no,no
mbc253-not-stripped.txt,1,fakatUria,fakatU,ria,no,no
mbc251-not-stripped.txt,17,wehea,wehe,a,no,no
mbc248-not-stripped.txt,7,katoahia,katoa,hia,no,no
mbc247-not-stripped.txt,4,katia,kati,a,no,no
mbc248-not-stripped.txt,7,katoatia,katoa,tia,no,no
mbc246-not-stripped.txt,1,taNihia,taNi,hia,no,no
mbc253-not-stripped.txt,7,mahia,mahi,a,no,no
mbc253-not-stripped.txt,1,tukuna,tuku,na,no,no
mbc248-not-stripped.txt,7,taea,tae,a,no,no
mbc248-not-stripped.txt,4,Afinatia,Afina,tia,no,no
mbc248-not-stripped.txt,4,Afinatia,Afina,tia,no,no
mbc255-not-stripped.txt,1,fakaNuNua,fakaNuNu,a,no,no
mbc114-not-stripped.txt,3,fakatauria,fakatau,ria,no,no
mbc250-not-stripped.txt,4,kitea,kite,a,no,no
mbc253-not-stripped.txt,4,fakafifiNia,fakafifi,Nia,no,no
mbc251-not-stripped.txt,21,taNihia,taNi,hia,no,no
mbc248-not-stripped.txt,4,kitea,kite,a,no,no
mbc003-not-stripped.txt,2,wAnaNatia,wAnaNa,tia,no,no
mbc247-not-stripped.txt,4,kitea,kite,a,no,no
mbc253-not-stripped.txt,4,fakapuaretia,fakapuare,tia,no,no
mbc011-not-stripped.txt,12,fakanOhia,fakanoho,hia,no,no
mbc249-not-stripped.txt,7,haria,hari,a,no,no
mbc249-not-stripped.txt,1,kIia,kI,ia,no,no
mbc250-not-stripped.txt,1,tonutia,tonu,tia,no,no
mbc246-not-stripped.txt,1,fakaaratia,fakaara,tia,no,no
mbc255-not-stripped.txt,1,taea,tae,a,no,no
mbc249-not-stripped.txt,1,manakohia,manako,hia,no,no
mbc247-not-stripped.txt,6,kawea,kawe,a,no,no
mbc249-not-stripped.txt,1,patua,patu,a,no,no
mbc249-not-stripped.txt,1,taea,tae,a,no,no
mbc250-not-stripped.txt,4,fakatakotoria,fakatakoto,ria,no,no
mbc254-not-stripped.txt,1,kitea,kite,a,no,no
mbc251-not-stripped.txt,17,fakarerea,fakarere,a,no,no
mbc248-not-stripped.txt,1,taea,tae,a,no,no
mbc255-not-stripped.txt,5,fakatakotoria,fakatakoto,ria,no,no
mbc254-not-stripped.txt,1,taea,tae,a,no,no
mbc247-not-stripped.txt,6,waihaNatia,waihaNa,tia,no,no
mbc250-not-stripped.txt,4,hAkaritia,hAkari,tia,no,no
mbc249-not-stripped.txt,4,fakaarohia,fakaaro,hia,no,no
mbc255-not-stripped.txt,5,kitea,kite,a,no,no
mbc252-not-stripped.txt,4,fakafifia,fakafifi,a,no,no
mbc252-not-stripped.txt,4,fakafifia,fakafifi,a,no,no
mbc003-not-stripped.txt,2,hokohokona,hokohoko,na,no,no
mbc249-not-stripped.txt,4,fakaritea,fakarite,a,no,no
mbc249-not-stripped.txt,4,kitea,kite,a,no,no
mbc252-not-stripped.txt,4,haria,hari,a,no,no
mbc247-not-stripped.txt,8,tukuna,tuku,na,no,no
mbc003-not-stripped.txt,2,kuhuna,kuhu,na,no,no
mbc247-not-stripped.txt,8,uhia,uhi,a,no,no
mbc250-not-stripped.txt,7,taea,tae,a,no,no
mbc255-not-stripped.txt,8,utua,utu,a,no,no
mbc248-not-stripped.txt,1,fAia,fai,a,no,no
mbc114-not-stripped.txt,22,kOrerohia,kOrero,hia,no,no
mbc248-not-stripped.txt,4,Afinatia,Afina,tia,no,no
mbc248-not-stripped.txt,7,taea,tae,a,no,no
mbc248-not-stripped.txt,7,wawatatia,wawata,tia,no,no
mbc252-not-stripped.txt,1,fiua,fiu,a,no,no
mbc248-not-stripped.txt,4,kitea,kite,a,no,no
mbc253-not-stripped.txt,4,fakapOtaeNia,fakapOtae,Nia,no,no
mbc249-not-stripped.txt,7,fakatUria,fakatU,ria,no,no
mbc249-not-stripped.txt,7,haria,hari,a,no,no
mbc246-not-stripped.txt,1,fakaarahia,fakaara,hia,no,no
mbc249-not-stripped.txt,7,haria,hari,a,no,no
mbc250-not-stripped.txt,4,taNohia,taNo,hia,no,no
mbc006-not-stripped.txt,5,hokona,hoko,na,no,no
mbc246-not-stripped.txt,7,tonuhia,tonu,hia,no,no
mbc246-not-stripped.txt,7,tonuhia,tonu,hia,no,no
mbc246-not-stripped.txt,7,tukuna,tuku,na,no,no
mbc251-not-stripped.txt,16,pAnuitia,pAnui,tia,no,no
mbc251-not-stripped.txt,16,taNihia,taNi,hia,no,no
mbc249-not-stripped.txt,1,taea,tae,a,no,no
mbc249-not-stripped.txt,7,mihia,mihi,a,no,no
mbc249-not-stripped.txt,1,taea,tae,a,no,no
mbc254-not-stripped.txt,1,raNona,roNo,na,no,no
mbc254-not-stripped.txt,1,taNihia,taNi,hia,no,no
mbc248-not-stripped.txt,1,taea,tae,a,no,no
mbc254-not-stripped.txt,6,kawea,kawe,a,no,no
mbc248-not-stripped.txt,1,taea,tae,a,no,no
mbc249-not-stripped.txt,7,tUkinotia,tUkino,tia,no,no
mbc253-not-stripped.txt,1,fAnuitia,fAnui,tia,no,no
mbc254-not-stripped.txt,6,mahia,mahi,a,no,no
mbc254-not-stripped.txt,6,tAria,tatari,a,no,no
mbc249-not-stripped.txt,7,tirohia,titiro,hia,no,no
mbc253-not-stripped.txt,1,kitea,kite,a,no,no
mbc253-not-stripped.txt,1,mihia,mihi,a,no,no
mbc249-not-stripped.txt,7,uia,ui,a,no,no
mbc249-not-stripped.txt,7,tonuhia,tonu,hia,no,no
mbc253-not-stripped.txt,1,taNihia,taNi,hia,no,no
mbc253-not-stripped.txt,1,omatia,oma,tia,no,no
mbc250-not-stripped.txt,4,huihuia,huihui,a,no,no
mbc250-not-stripped.txt,1,kIia,kI,ia,no,no
mbc200-not-stripped.txt,17,pautia,pau,tia,no,no
mbc251-not-stripped.txt,21,fAia,fai,a,no,no
mbc247-not-stripped.txt,4,tirotirohia,tirotiro,hia,no,no
mbc253-not-stripped.txt,4,aukatitia,aukati,tia,no,no
mbc251-not-stripped.txt,21,kOrerotia,kOrero,tia,no,no
mbc255-not-stripped.txt,5,wehea,wehe,a,no,no
mbc252-not-stripped.txt,1,fiua,fiu,a,no,no
mbc249-not-stripped.txt,7,fakahaerehia,fakahaere,hia,no,no
mbc251-not-stripped.txt,21,tirohia,titiro,hia,no,no
mbc247-not-stripped.txt,1,kOrerotia,kOrero,tia,no,no
mbc246-not-stripped.txt,7,pakaNatia,pakaNa,tia,no,no
mbc251-not-stripped.txt,24,ahatia,aha,tia,no,no
mbc249-not-stripped.txt,7,fiua,fiu,a,no,no
mbc250-not-stripped.txt,1,tonutia,tonu,tia,no,no
mbc247-not-stripped.txt,1,noatia,noa,tia,no,no
mbc247-not-stripped.txt,1,nohoia,noho,ia,no,no
mbc251-not-stripped.txt,24,fakahokia,fakahoki,a,no,no
mbc247-not-stripped.txt,1,tAmia,tAmi,a,no,no
mbc250-not-stripped.txt,4,fANaitia,fANai,tia,no,no
mbc254-not-stripped.txt,4,tuhia,tuhi,a,no,no
mbc250-not-stripped.txt,4,fakatUria,fakatU,ria,no,no
mbc248-not-stripped.txt,1,taNohia,taNo,hia,no,no
mbc252-not-stripped.txt,7,tukuna,tuku,na,no,no
mbc254-not-stripped.txt,6,kaiNa,kai,Na,no,no
mbc247-not-stripped.txt,4,firifiritia,firifiri,tia,no,no
mbc251-not-stripped.txt,24,mOhiotia,mOhio,tia,no,no
mbc250-not-stripped.txt,4,hAkaritia,hAkari,tia,no,no
mbc255-not-stripped.txt,5,kIia,kI,ia,no,no
mbc248-not-stripped.txt,7,fiua,fiu,a,no,no
mbc248-not-stripped.txt,7,haria,hari,a,no,no
mbc250-not-stripped.txt,4,hAkaritia,hAkari,tia,no,no
mbc255-not-stripped.txt,5,kitea,kite,a,no,no
mbc248-not-stripped.txt,7,kOrerotia,kOrero,tia,no,no
mbc253-not-stripped.txt,7,kitea,kite,a,no,no
mbc251-not-stripped.txt,24,taea,tae,a,no,no
mbc250-not-stripped.txt,4,hAkaritia,hAkari,tia,no,no
mbc255-not-stripped.txt,5,kitea,kite,a,no,no
mbc253-not-stripped.txt,7,mahia,mahi,a,no,no
mbc003-not-stripped.txt,2,kOrerotia,kOrero,tia,no,no
mbc248-not-stripped.txt,7,taea,tae,a,no,no
mbc248-not-stripped.txt,7,taea,tae,a,no,no
mbc247-not-stripped.txt,4,tirohia,titiro,hia,no,no
mbc254-not-stripped.txt,4,hiahiatia,hiahia,tia,no,no
mbc250-not-stripped.txt,4,karia,kari,a,no,no
mbc250-not-stripped.txt,4,kOrerotia,kOrero,tia,no,no
mbc246-not-stripped.txt,7,fakatakotoria,fakatakoto,ria,no,no
mbc250-not-stripped.txt,1,karaNahia,karaNa,hia,no,no
mbc114-not-stripped.txt,3,kitea,kite,a,no,no
mbc253-not-stripped.txt,7,taea,tae,a,no,no
mbc250-not-stripped.txt,1,pania,pani,a,no,no
mbc248-not-stripped.txt,4,tIkina,tiki,na,no,no
mbc246-not-stripped.txt,1,fAia,fai,a,no,no
mbc255-not-stripped.txt,8,fakatatUtia,fakatatU,tia,no,no
mbc255-not-stripped.txt,8,fakatauria,fakatau,ria,no,no
mbc255-not-stripped.txt,8,fakatutukihia,fakatutuki,hia,no,no
mbc250-not-stripped.txt,4,taea,tae,a,no,no
mbc246-not-stripped.txt,1,fakahaua,fakahau,a,no,no
mbc249-not-stripped.txt,1,motumotukina,motumotu,kina,no,no
mbc011-not-stripped.txt,12,hiahiatia,hiahia,tia,no,no
mbc011-not-stripped.txt,12,hiahiatia,hiahia,tia,no,no
mbc011-not-stripped.txt,12,paiheretia,paihere,tia,no,no
mbc246-not-stripped.txt,1,mAtakitakihia,mAtakitaki,hia,no,no
mbc246-not-stripped.txt,1,manaakitia,manaaki,tia,no,no
mbc250-not-stripped.txt,7,fakatUria,fakatU,ria,no,no
mbc255-not-stripped.txt,8,kitea,kite,a,no,no
mbc255-not-stripped.txt,8,noatia,noa,tia,no,no
mbc255-not-stripped.txt,8,pupuritia,pupuri,tia,no,no
mbc246-not-stripped.txt,1,taea,tae,a,no,no
mbc250-not-stripped.txt,7,kOrerotia,kOrero,tia,no,no
mbc247-not-stripped.txt,8,fakahokia,fakahoki,a,no,no
mbc254-not-stripped.txt,1,taiapatia,taiapa,tia,no,no
mbc255-not-stripped.txt,8,taea,tae,a,no,no
mbc247-not-stripped.txt,8,mahia,mahi,a,no,no
mbc246-not-stripped.txt,4,heria,heri,a,no,no
mbc255-not-stripped.txt,8,taea,tae,a,no,no
mbc255-not-stripped.txt,8,tirohia,titiro,hia,no,no
mbc246-not-stripped.txt,4,kitea,kite,a,no,no
mbc247-not-stripped.txt,8,uhia,uhi,a,no,no
mbc251-not-stripped.txt,24,tonutia,tonu,tia,no,no
mbc249-not-stripped.txt,4,taea,tae,a,no,no
mbc114-not-stripped.txt,22,kOrerohia,kOrero,hia,no,no
mbc254-not-stripped.txt,4,kIia,kI,ia,no,no
mbc200-not-stripped.txt,17,pautia,pau,tia,no,no
mbc248-not-stripped.txt,7,taea,tae,a,no,no
mbc254-not-stripped.txt,4,mihia,mihi,a,no,no
mbc253-not-stripped.txt,4,akona,ako,na,no,no
mbc253-not-stripped.txt,7,taNihia,taNi,hia,no,no
mbc248-not-stripped.txt,7,wehewehea,wehewehe,a,no,no
mbc246-not-stripped.txt,7,kOrerohia,kOrero,hia,no,no
mbc246-not-stripped.txt,7,kOrerohia,kOrero,hia,no,no
mbc249-not-stripped.txt,1,fakafifia,fakafifi,a,no,no
mbc249-not-stripped.txt,7,fiua,fiu,a,no,no
mbc249-not-stripped.txt,7,fiua,fiu,a,no,no
mbc246-not-stripped.txt,7,taea,tae,a,no,no
mbc254-not-stripped.txt,4,taNohia,taNo,hia,no,no
mbc252-not-stripped.txt,7,fakatatUtia,fakatatU,tia,no,no
mbc248-not-stripped.txt,1,mihia,mihi,a,no,no
mbc248-not-stripped.txt,1,raupatutia,raupatu,tia,no,no
mbc252-not-stripped.txt,7,fakatatUtia,fakatatU,tia,no,no
mbc248-not-stripped.txt,1,tOia,tO,ia,no,no
mbc251-not-stripped.txt,17,fakahokia,fakahoki,a,no,no
mbc251-not-stripped.txt,17,fakahokia,fakahoki,a,no,no
mbc252-not-stripped.txt,7,kIia,kI,ia,no,no
mbc255-not-stripped.txt,5,fakatUria,fakatU,ria,no,no
mbc248-not-stripped.txt,1,taea,tae,a,no,no
mbc251-not-stripped.txt,24,kotia,koti,a,no,no
mbc248-not-stripped.txt,1,taNohia,taNo,hia,no,no
mbc249-not-stripped.txt,7,raweketia,raweke,tia,no,no
mbc249-not-stripped.txt,7,tIkina,tiki,na,no,no
mbc248-not-stripped.txt,1,taea,tae,a,no,no
mbc248-not-stripped.txt,1,taea,tae,a,no,no
mbc254-not-stripped.txt,6,manaakitia,manaaki,tia,no,no
mbc255-not-stripped.txt,5,kitea,kite,a,no,no
mbc248-not-stripped.txt,7,haria,hari,a,no,no
mbc249-not-stripped.txt,7,taea,tae,a,no,no
mbc254-not-stripped.txt,6,taNihia,taNi,hia,no,no
mbc248-not-stripped.txt,1,tohea,tohe,a,no,no
mbc254-not-stripped.txt,6,taea,tae,a,no,no
mbc246-not-stripped.txt,4,manaakihia,manaaki,hia,no,no
mbc247-not-stripped.txt,4,mihia,mihi,a,no,no
mbc251-not-stripped.txt,21,fANaihia,fANai,hia,no,no
mbc255-not-stripped.txt,5,taNihia,taNi,hia,no,no
mbc248-not-stripped.txt,7,taea,tae,a,no,no
mbc254-not-stripped.txt,4,hIriNia,hIri,Nia,no,no
mbc251-not-stripped.txt,21,kOrerotia,kOrero,tia,no,no
mbc252-not-stripped.txt,1,fiua,fiu,a,no,no
mbc253-not-stripped.txt,7,taNihia,taNi,hia,no,no
mbc003-not-stripped.txt,2,taea,tae,a,no,no
mbc251-not-stripped.txt,21,taea,tae,a,no,no
mbc253-not-stripped.txt,4,fakahaereNia,fakahaere,Nia,no,no
mbc246-not-stripped.txt,7,kitea,kite,a,no,no
mbc247-not-stripped.txt,1,kIia,kI,ia,no,no
mbc114-not-stripped.txt,3,taumautia,taumau,tia,no,no
mbc247-not-stripped.txt,1,kitea,kite,a,no,no
mbc247-not-stripped.txt,1,mihia,mihi,a,no,no
mbc250-not-stripped.txt,1,taNihia,taNi,hia,no,no
mbc250-not-stripped.txt,1,taNihia,taNi,hia,no,no
mbc248-not-stripped.txt,4,tirohia,titiro,hia,no,no
mbc248-not-stripped.txt,4,tirohia,titiro,hia,no,no
mbc248-not-stripped.txt,4,turakina,turaki,na,no,no
mbc255-not-stripped.txt,1,tirohia,titiro,hia,no,no
mbc250-not-stripped.txt,4,fakamAramatia,fakamArama,tia,no,no
mbc250-not-stripped.txt,4,firifiria,firifiri,a,no,no
mbc250-not-stripped.txt,7,fakaputaputaria,fakaputaputa,ria,no,no
mbc255-not-stripped.txt,5,fakatUria,fakatU,ria,no,no
mbc247-not-stripped.txt,6,tirotirohia,tirotiro,hia,no,no
mbc248-not-stripped.txt,7,fakahokia,fakahoki,a,no,no
mbc251-not-stripped.txt,24,noatia,noa,tia,no,no
mbc251-not-stripped.txt,24,paraina,para,ina,no,no
mbc248-not-stripped.txt,7,fakatutukiNia,fakatutuki,Nia,no,no
mbc255-not-stripped.txt,5,kOrerotia,kOrero,tia,no,no
mbc255-not-stripped.txt,5,kimihia,kimi,hia,no,no
mbc003-not-stripped.txt,2,fakaataatahia,fakaataata,hia,no,no
mbc003-not-stripped.txt,2,fakawAhia,fakawA,hia,no,no
mbc250-not-stripped.txt,4,hAkaritia,hAkari,tia,no,no
mbc253-not-stripped.txt,7,hiahiatia,hiahia,tia,no,no
mbc251-not-stripped.txt,24,tapahia,tapahi,a,no,no
mbc251-not-stripped.txt,24,tapahihia,tapahi,hia,no,no
mbc248-not-stripped.txt,7,kitea,kite,a,no,no
mbc114-not-stripped.txt,22,fAia,fai,a,no,no
mbc250-not-stripped.txt,4,hikitia,hiki,tia,no,no
mbc254-not-stripped.txt,4,kIia,kI,ia,no,no
mbc252-not-stripped.txt,4,kitea,kite,a,no,no
mbc250-not-stripped.txt,4,kIia,kI,ia,no,no
mbc248-not-stripped.txt,7,taea,tae,a,no,no
mbc252-not-stripped.txt,4,mihia,mihi,a,no,no
mbc252-not-stripped.txt,4,paraina,para,ina,no,no
mbc251-not-stripped.txt,21,tirohia,titiro,hia,no,no
mbc255-not-stripped.txt,5,tukuna,tuku,na,no,no
mbc253-not-stripped.txt,7,taea,tae,a,no,no
mbc114-not-stripped.txt,3,paiheretia,paihere,tia,no,no
mbc253-not-stripped.txt,7,tirohia,titiro,hia,no,no
mbc249-not-stripped.txt,1,fakaputaina,fakaputa,ina,no,no
mbc247-not-stripped.txt,6,fAia,fai,a,no,no
mbc247-not-stripped.txt,6,fAia,fai,a,no,no
mbc247-not-stripped.txt,6,fakahaereNia,fakahaere,Nia,no,no
mbc247-not-stripped.txt,6,fakahaerehia,fakahaere,hia,no,no
mbc247-not-stripped.txt,6,fakaurua,fakauru,a,no,no
mbc247-not-stripped.txt,6,hurihia,huri,hia,no,no
mbc252-not-stripped.txt,1,taea,tae,a,no,no
mbc252-not-stripped.txt,1,tukia,tuki,a,no,no
mbc247-not-stripped.txt,6,mahia,mahi,a,no,no
mbc254-not-stripped.txt,1,kitea,kite,a,no,no
mbc250-not-stripped.txt,4,fakanuia,fakanui,a,no,no
mbc247-not-stripped.txt,6,tirotirohia,tirotiro,hia,no,no
mbc247-not-stripped.txt,4,fakatUria,fakatU,ria,no,no
mbc247-not-stripped.txt,6,wAnaNahia,wAnaNa,hia,no,no
mbc247-not-stripped.txt,6,wAnaNatia,wAnaNa,tia,no,no
mbc255-not-stripped.txt,8,taNihia,taNi,hia,no,no
mbc252-not-stripped.txt,4,fAia,fai,a,no,no
mbc247-not-stripped.txt,8,fAia,fai,a,no,no
mbc247-not-stripped.txt,8,fakafifia,fakafifi,a,no,no
mbc249-not-stripped.txt,7,taNihia,taNi,hia,no,no
mbc253-not-stripped.txt,7,fakafifia,fakafifi,a,no,no
mbc254-not-stripped.txt,4,fakaarohia,fakaaro,hia,no,no
mbc252-not-stripped.txt,4,fakafifia,fakafifi,a,no,no
mbc252-not-stripped.txt,4,fakafifia,fakafifi,a,no,no
mbc252-not-stripped.txt,4,fakafifia,fakafifi,a,no,no
mbc249-not-stripped.txt,4,kitea,kite,a,no,no
mbc253-not-stripped.txt,7,mahia,mahi,a,no,no
mbc246-not-stripped.txt,4,taNihia,taNi,hia,no,no
mbc250-not-stripped.txt,4,haria,hari,a,no,no
mbc253-not-stripped.txt,7,mahia,mahi,a,no,no
mbc254-not-stripped.txt,4,hIriNia,hIri,Nia,no,no
mbc247-not-stripped.txt,4,taea,tae,a,no,no
mbc250-not-stripped.txt,4,kOrerotia,kOrero,tia,no,no
mbc253-not-stripped.txt,7,tIkina,tiki,na,no,no
mbc250-not-stripped.txt,4,kOrerotia,kOrero,tia,no,no
mbc003-not-stripped.txt,2,taea,tae,a,no,no
mbc248-not-stripped.txt,1,heria,heri,a,no,no
mbc248-not-stripped.txt,1,kIia,kI,ia,no,no
mbc006-not-stripped.txt,5,ahatia,aha,tia,no,no
mbc246-not-stripped.txt,7,pakaNatia,pakaNa,tia,no,no
mbc254-not-stripped.txt,4,taNihia,taNi,hia,no,no
mbc006-not-stripped.txt,5,hokona,hoko,na,no,no
mbc006-not-stripped.txt,5,fakaarohia,fakaaro,hia,no,no
mbc248-not-stripped.txt,1,mahia,mahi,a,no,no
mbc248-not-stripped.txt,1,kitea,kite,a,no,no
mbc251-not-stripped.txt,16,fakapaohotia,fakapaoho,tia,no,no
mbc114-not-stripped.txt,5,fakamoea,fakamoe,a,no,no
mbc251-not-stripped.txt,24,fakahokia,fakahoki,a,no,no
mbc252-not-stripped.txt,7,pAnuitia,pAnui,tia,no,no
mbc252-not-stripped.txt,7,rAraNihia,rAraNi,hia,no,no
mbc250-not-stripped.txt,7,fAia,fai,a,no,no
mbc255-not-stripped.txt,5,fakaaraarahia,fakaaraara,hia,no,no
mbc254-not-stripped.txt,1,kitea,kite,a,no,no
mbc251-not-stripped.txt,24,kotia,koti,a,no,no
mbc114-not-stripped.txt,5,tIkina,tiki,na,no,no
mbc252-not-stripped.txt,7,tirohia,titiro,hia,no,no
mbc114-not-stripped.txt,5,tIkina,tiki,na,no,no
mbc255-not-stripped.txt,5,hiahiatia,hiahia,tia,no,no
mbc253-not-stripped.txt,7,fAia,fai,a,no,no
mbc253-not-stripped.txt,7,fakaaea,fakaae,a,no,no
mbc252-not-stripped.txt,4,fAia,fai,a,no,no
mbc255-not-stripped.txt,5,kitea,kite,a,no,no
mbc247-not-stripped.txt,4,katia,kati,a,no,no
mbc254-not-stripped.txt,6,taNihia,taNi,hia,no,no
mbc253-not-stripped.txt,7,kIia,kI,ia,no,no
mbc251-not-stripped.txt,24,taNohia,taNo,hia,no,no
mbc252-not-stripped.txt,4,haria,hari,a,no,no
mbc255-not-stripped.txt,5,kitea,kite,a,no,no
mbc114-not-stripped.txt,22,fAia,fai,a,no,no
mbc250-not-stripped.txt,7,pAnuitia,pAnui,tia,no,no
mbc255-not-stripped.txt,5,pAtaihia,pAtai,hia,no,no
mbc247-not-stripped.txt,4,taea,tae,a,no,no
mbc255-not-stripped.txt,5,taea,tae,a,no,no
mbc247-not-stripped.txt,4,taea,tae,a,no,no
mbc255-not-stripped.txt,5,tirotirohia,tirotiro,hia,no,no
mbc114-not-stripped.txt,3,kIia,kI,ia,no,no
mbc249-not-stripped.txt,7,fakahaerehia,fakahaere,hia,no,no
mbc114-not-stripped.txt,3,kitea,kite,a,no,no
mbc114-not-stripped.txt,3,paiheretia,paihere,tia,no,no
mbc253-not-stripped.txt,7,tirohia,titiro,hia,no,no
mbc253-not-stripped.txt,4,huia,hui,a,no,no
mbc251-not-stripped.txt,24,ahatia,aha,tia,no,no
mbc251-not-stripped.txt,24,ahatia,aha,tia,no,no
mbc251-not-stripped.txt,24,fakahokia,fakahoki,a,no,no
mbc114-not-stripped.txt,5,fakamoea,fakamoe,a,no,no
mbc114-not-stripped.txt,5,fakamoea,fakamoe,a,no,no
mbc254-not-stripped.txt,1,fakapuakina,fakapuaki,na,no,no
mbc254-not-stripped.txt,1,fakatakotohia,fakatakoto,hia,no,no
mbc253-not-stripped.txt,4,taNitaNihia,taNitaNi,hia,no,no
mbc248-not-stripped.txt,4,wehea,wehe,a,no,no
mbc252-not-stripped.txt,7,mihia,mihi,a,no,no
mbc011-not-stripped.txt,12,fakatakotoria,fakatakoto,ria,no,no
mbc253-not-stripped.txt,4,waihaNatia,waihaNa,tia,no,no
mbc255-not-stripped.txt,8,kOrerotia,kOrero,tia,no,no
mbc250-not-stripped.txt,7,fakatUria,fakatU,ria,no,no
mbc253-not-stripped.txt,7,akoNia,ako,Nia,no,no
mbc252-not-stripped.txt,4,fAia,fai,a,no,no
mbc249-not-stripped.txt,4,akoakoNia,akoako,Nia,no,no
mbc254-not-stripped.txt,1,taea,tae,a,no,no
mbc254-not-stripped.txt,1,taea,tae,a,no,no
mbc247-not-stripped.txt,4,herea,here,a,no,no
mbc246-not-stripped.txt,4,fakahENia,fakahE,Nia,no,no
mbc246-not-stripped.txt,4,fakaraNatiratia,fakaraNatira,tia,no,no
mbc251-not-stripped.txt,24,taNohia,taNo,hia,no,no
mbc254-not-stripped.txt,4,fakapaihia,fakapai,hia,no,no
mbc250-not-stripped.txt,7,kitea,kite,a,no,no
mbc251-not-stripped.txt,24,taea,tae,a,no,no
mbc249-not-stripped.txt,4,tOia,tO,ia,no,no
mbc250-not-stripped.txt,7,kukuhuna,kukuhu,na,no,no
mbc250-not-stripped.txt,7,pAnuitia,pAnui,tia,no,no
mbc252-not-stripped.txt,4,kIia,kI,ia,no,no
mbc246-not-stripped.txt,4,taNihia,taNi,hia,no,no
mbc250-not-stripped.txt,7,kuhuna,kuhu,na,no,no
mbc255-not-stripped.txt,5,pOtitia,pOti,tia,no,no
mbc252-not-stripped.txt,1,fakaraNatiratia,fakaraNatira,tia,no,no
mbc248-not-stripped.txt,1,fakatauria,fakatau,ria,no,no
mbc247-not-stripped.txt,4,taea,tae,a,no,no
mbc249-not-stripped.txt,7,fakahaerehia,fakahaere,hia,no,no
mbc249-not-stripped.txt,1,aroNia,aro,Nia,no,no
mbc249-not-stripped.txt,7,fakapaeNia,fakapae,Nia,no,no
mbc253-not-stripped.txt,7,tirohia,titiro,hia,no,no
mbc253-not-stripped.txt,7,uhia,uhi,a,no,no
mbc253-not-stripped.txt,7,uia,ui,a,no,no
mbc249-not-stripped.txt,1,kOrerotia,kOrero,tia,no,no
mbc254-not-stripped.txt,1,akoNia,ako,Nia,no,no
mbc249-not-stripped.txt,1,kitea,kite,a,no,no
mbc252-not-stripped.txt,7,fakatatUtia,fakatatU,tia,no,no
mbc253-not-stripped.txt,4,pUtikitia,pUtiki,tia,no,no
mbc254-not-stripped.txt,1,kOrerohia,kOrero,hia,no,no
mbc254-not-stripped.txt,1,kOrerohia,kOrero,hia,no,no
mbc247-not-stripped.txt,1,tukuna,tuku,na,no,no
mbc250-not-stripped.txt,4,fakamAramatia,fakamArama,tia,no,no
mbc255-not-stripped.txt,8,firifiria,firifiri,a,no,no
mbc247-not-stripped.txt,4,fakaaetia,fakaae,tia,no,no
mbc248-not-stripped.txt,7,fakaarohia,fakaaro,hia,no,no
mbc250-not-stripped.txt,7,fakatUria,fakatU,ria,no,no
mbc114-not-stripped.txt,5,tIkina,tiki,na,no,no
mbc114-not-stripped.txt,5,tIkina,tiki,na,no,no
mbc114-not-stripped.txt,5,tIkina,tiki,na,no,no
mbc247-not-stripped.txt,4,hainatia,haina,tia,no,no
mbc255-not-stripped.txt,8,taNihia,taNi,hia,no,no
mbc247-not-stripped.txt,4,kIia,kI,ia,no,no
mbc251-not-stripped.txt,24,taNohia,taNo,hia,no,no
mbc254-not-stripped.txt,4,fakafifia,fakafifi,a,no,no
mbc253-not-stripped.txt,7,fakaurua,fakauru,a,no,no
mbc247-not-stripped.txt,4,kIia,kI,ia,no,no
mbc250-not-stripped.txt,7,kuhuna,kuhu,na,no,no
mbc250-not-stripped.txt,7,kuhuna,kuhu,na,no,no
mbc254-not-stripped.txt,4,fakatUtUhia,fakatUtU,hia,no,no
mbc249-not-stripped.txt,4,mihia,mihi,a,no,no
mbc252-not-stripped.txt,4,kAkahuria,kAkahu,ria,no,no
mbc247-not-stripped.txt,4,taNihia,taNi,hia,no,no
mbc255-not-stripped.txt,5,mihia,mihi,a,no,no
mbc248-not-stripped.txt,4,tirohia,titiro,hia,no,no
mbc253-not-stripped.txt,7,mahia,mahi,a,no,no
mbc252-not-stripped.txt,1,fAia,fai,a,no,no
mbc250-not-stripped.txt,4,kIia,kI,ia,no,no
mbc003-not-stripped.txt,2,taea,tae,a,no,no
mbc254-not-stripped.txt,4,pUtikihia,pUtiki,hia,no,no
mbc253-not-stripped.txt,4,fakafifia,fakafifi,a,no,no
mbc249-not-stripped.txt,7,fakapaeNia,fakapae,Nia,no,no
mbc246-not-stripped.txt,7,kitea,kite,a,no,no
mbc249-not-stripped.txt,7,fakawAkia,fakawA,kia,no,no
mbc254-not-stripped.txt,4,taNohia,taNo,hia,no,no
mbc248-not-stripped.txt,1,kitea,kite,a,no,no
mbc252-not-stripped.txt,7,fakahokia,fakahoki,a,no,no
mbc254-not-stripped.txt,1,taea,tae,a,no,no
mbc250-not-stripped.txt,4,taea,tae,a,no,no
mbc253-not-stripped.txt,4,tAria,tatari,a,no,no
mbc251-not-stripped.txt,16,taNihia,taNi,hia,no,no
mbc246-not-stripped.txt,1,kIia,kI,ia,no,no
mbc252-not-stripped.txt,1,tukuna,tuku,na,no,no
mbc247-not-stripped.txt,1,taNihia,taNi,hia,no,no
mbc011-not-stripped.txt,12,taea,tae,a,no,no
mbc252-not-stripped.txt,1,tukuna,tuku,na,no,no
mbc248-not-stripped.txt,7,fakahokia,fakahoki,a,no,no
mbc252-not-stripped.txt,4,akoNia,ako,Nia,no,no
mbc252-not-stripped.txt,4,eketia,eke,tia,no,no
mbc246-not-stripped.txt,1,taea,tae,a,no,no
mbc250-not-stripped.txt,7,pAnuitia,pAnui,tia,no,no
mbc253-not-stripped.txt,7,eketia,eke,tia,no,no
mbc254-not-stripped.txt,1,taea,tae,a,no,no
mbc250-not-stripped.txt,7,kitea,kite,a,no,no
mbc248-not-stripped.txt,7,heria,heri,a,no,no
mbc255-not-stripped.txt,8,taea,tae,a,no,no
mbc255-not-stripped.txt,8,taea,tae,a,no,no
mbc247-not-stripped.txt,4,kIia,kI,ia,no,no
mbc251-not-stripped.txt,24,taNohia,taNo,hia,no,no
mbc250-not-stripped.txt,7,kitea,kite,a,no,no
mbc255-not-stripped.txt,1,fakawarea,fakaware,a,no,no
mbc248-not-stripped.txt,4,tIkina,tiki,na,no,no
mbc249-not-stripped.txt,4,taNihia,taNi,hia,no,no
mbc255-not-stripped.txt,1,kimihia,kimi,hia,no,no
mbc252-not-stripped.txt,1,mihia,mihi,a,no,no
mbc251-not-stripped.txt,24,wehea,wehe,a,no,no
mbc255-not-stripped.txt,5,tUrorotia,tUroro,tia,no,no
mbc251-not-stripped.txt,24,haeretia,haere,tia,no,no
mbc252-not-stripped.txt,7,pAnuitia,pAnui,tia,no,no
mbc246-not-stripped.txt,7,hokona,hoko,na,no,no
mbc114-not-stripped.txt,22,tohutohuNia,tohutohu,Nia,no,no
mbc114-not-stripped.txt,22,tohutohuNia,tohutohu,Nia,no,no
mbc255-not-stripped.txt,1,fakapakarihia,fakapakari,hia,no,no
mbc255-not-stripped.txt,8,kOrerotia,kOrero,tia,no,no
mbc251-not-stripped.txt,24,kotia,koti,a,no,no
mbc250-not-stripped.txt,1,tUtakina,tUtaki,na,no,no
mbc114-not-stripped.txt,5,kEhia,kE,hia,no,no
mbc114-not-stripped.txt,5,kOrerotia,kOrero,tia,no,no
mbc252-not-stripped.txt,7,fakahokitia,fakahoki,tia,no,no
mbc246-not-stripped.txt,1,fakatUria,fakatU,ria,no,no
mbc114-not-stripped.txt,5,taumautia,taumau,tia,no,no
mbc249-not-stripped.txt,4,fakahuatia,fakahua,tia,no,no
mbc253-not-stripped.txt,4,taNitaNihia,taNitaNi,hia,no,no
mbc011-not-stripped.txt,12,fakatakotoria,fakatakoto,ria,no,no
mbc253-not-stripped.txt,4,uhia,uhi,a,no,no
mbc253-not-stripped.txt,4,uhia,uhi,a,no,no
mbc255-not-stripped.txt,8,taea,tae,a,no,no
mbc250-not-stripped.txt,4,tApukehia,tApuke,hia,no,no
mbc253-not-stripped.txt,7,akona,ako,na,no,no
mbc250-not-stripped.txt,4,taNihia,taNi,hia,no,no
mbc252-not-stripped.txt,1,mOhiotia,mOhio,tia,no,no
mbc114-not-stripped.txt,5,haria,hari,a,no,no
mbc253-not-stripped.txt,7,eketia,eke,tia,no,no
mbc252-not-stripped.txt,1,fakaaetia,fakaae,tia,no,no
mbc246-not-stripped.txt,1,fakatUtUhia,fakatUtU,hia,no,no
mbc253-not-stripped.txt,7,fakamAtautauria,fakamAtautau,ria,no,no
mbc251-not-stripped.txt,24,rukea,ruke,a,no,no
mbc249-not-stripped.txt,4,fakapuakina,fakapuaki,na,no,no
mbc250-not-stripped.txt,7,kitea,kite,a,no,no
mbc247-not-stripped.txt,6,akona,ako,na,no,no
mbc247-not-stripped.txt,4,fAia,fai,a,no,no
mbc255-not-stripped.txt,8,fakatatUtia,fakatatU,tia,no,no
mbc255-not-stripped.txt,8,kOrerotia,kOrero,tia,no,no
mbc114-not-stripped.txt,5,tIkina,tiki,na,no,no
mbc114-not-stripped.txt,3,tuia,tui,a,no,no
mbc255-not-stripped.txt,1,kIia,kI,ia,no,no
mbc248-not-stripped.txt,4,taNohia,taNo,hia,no,no
mbc251-not-stripped.txt,24,rukea,ruke,a,no,no
mbc248-not-stripped.txt,4,tirohia,titiro,hia,no,no
mbc248-not-stripped.txt,1,firifiriNia,firifiri,Nia,no,no
mbc248-not-stripped.txt,1,firifiria,firifiri,a,no,no
mbc254-not-stripped.txt,4,pAtaihia,pAtai,hia,no,no
mbc246-not-stripped.txt,1,kOrerotia,kOrero,tia,no,no
mbc248-not-stripped.txt,1,kOkiritia,kOkiri,tia,no,no
mbc251-not-stripped.txt,24,hiahiatia,hiahia,tia,no,no
mbc006-not-stripped.txt,5,ahatia,aha,tia,no,no
mbc252-not-stripped.txt,7,fAia,fai,a,no,no
mbc253-not-stripped.txt,4,kOrerotia,kOrero,tia,no,no
mbc255-not-stripped.txt,8,fakahokia,fakahoki,a,no,no
mbc252-not-stripped.txt,4,fAia,fai,a,no,no
mbc252-not-stripped.txt,1,taNihia,taNi,hia,no,no
mbc114-not-stripped.txt,5,taumautia,taumau,tia,no,no
mbc250-not-stripped.txt,4,tukuna,tuku,na,no,no
mbc253-not-stripped.txt,4,tImatahia,tImata,hia,no,no
mbc255-not-stripped.txt,8,firifiria,firifiri,a,no,no
mbc255-not-stripped.txt,8,taea,tae,a,no,no
mbc251-not-stripped.txt,24,hiahiatia,hiahia,tia,no,no
mbc248-not-stripped.txt,1,kOrerohia,kOrero,hia,no,no
mbc255-not-stripped.txt,8,kIia,kI,ia,no,no
mbc251-not-stripped.txt,24,kitea,kite,a,no,no
mbc114-not-stripped.txt,3,taea,tae,a,no,no
mbc252-not-stripped.txt,1,mOhiotia,mOhio,tia,no,no
mbc253-not-stripped.txt,4,kuhuna,kuhu,na,no,no
mbc114-not-stripped.txt,3,tUturutia,tUturu,tia,no,no
mbc248-not-stripped.txt,4,taNihia,taNi,hia,no,no
mbc255-not-stripped.txt,8,taea,tae,a,no,no
mbc253-not-stripped.txt,4,mahia,mahi,a,no,no
mbc114-not-stripped.txt,22,moea,moe,a,no,no
mbc114-not-stripped.txt,22,taea,tae,a,no,no
mbc254-not-stripped.txt,4,tAuhia,tAuhi,a,no,no
mbc255-not-stripped.txt,8,kOrerotia,kOrero,tia,no,no
mbc114-not-stripped.txt,3,paiheretia,paihere,tia,no,no
mbc247-not-stripped.txt,6,fANaihia,fANai,hia,no,no
mbc255-not-stripped.txt,1,fakatakotoria,fakatakoto,ria,no,no
mbc247-not-stripped.txt,6,fAia,fai,a,no,no
mbc255-not-stripped.txt,1,taNihia,taNi,hia,no,no
mbc255-not-stripped.txt,8,fakatOkia,fakatO,kia,no,no
mbc253-not-stripped.txt,7,tirohia,titiro,hia,no,no
mbc254-not-stripped.txt,1,akona,ako,na,no,no
mbc249-not-stripped.txt,1,kimihia,kimi,hia,no,no
mbc250-not-stripped.txt,1,tOia,tO,ia,no,no
mbc253-not-stripped.txt,7,taea,tae,a,no,no
mbc254-not-stripped.txt,4,poroporoakitia,poroporoaki,tia,no,no
mbc254-not-stripped.txt,4,pAnuitia,pAnui,tia,no,no
mbc114-not-stripped.txt,5,haria,hari,a,no,no
mbc114-not-stripped.txt,22,taea,tae,a,no,no
mbc252-not-stripped.txt,1,koreNia,kore,Nia,no,no
mbc114-not-stripped.txt,22,taea,tae,a,no,no
mbc252-not-stripped.txt,1,kOrerotia,kOrero,tia,no,no
mbc114-not-stripped.txt,22,wehewehetia,wehewehe,tia,no,no
mbc255-not-stripped.txt,8,haria,hari,a,no,no
mbc251-not-stripped.txt,24,noatia,noa,tia,no,no
mbc114-not-stripped.txt,22,taea,tae,a,no,no
mbc255-not-stripped.txt,1,mihia,mihi,a,no,no
mbc252-not-stripped.txt,1,kOreroreroNia,kOrerorero,Nia,no,no
mbc114-not-stripped.txt,5,fakamoemoeA,fakamoemoea,a,no,no
mbc252-not-stripped.txt,1,taea,tae,a,no,no
mbc252-not-stripped.txt,4,tuhia,tuhi,a,no,no
mbc252-not-stripped.txt,4,waihotia,waiho,tia,no,no
mbc114-not-stripped.txt,22,tukuna,tuku,na,no,no
mbc252-not-stripped.txt,4,waihaNatia,waihaNa,tia,no,no
mbc252-not-stripped.txt,4,taNihia,taNi,hia,no,no
mbc252-not-stripped.txt,4,taea,tae,a,no,no
mbc187-not-stripped.txt,12,heria,heri,a,no,no
mbc143-not-stripped.txt,4,tomoNia,tomo,Nia,no,no
mbc143-not-stripped.txt,9,moeNia,moe,Nia,no,no
mbc187-not-stripped.txt,4,kIia,kI,ia,no,no
mbc187-not-stripped.txt,14,taea,tae,a,no,no
mbc187-not-stripped.txt,6,taea,tae,a,no,no
mbc058-not-stripped.txt,45,roNonuiNia,roNonui,Nia,no,no
mbc187-not-stripped.txt,4,fErANia,fErA,Nia,no,no
mbc143-not-stripped.txt,9,mOhioNia,mOhio,Nia,no,no
mbc143-not-stripped.txt,4,tukea,tuke,a,no,no
mbc143-not-stripped.txt,5,kIia,kI,ia,no,no
mbc058-not-stripped.txt,45,fANaiNia,fANai,Nia,no,no
mbc187-not-stripped.txt,12,ANia,A,Nia,no,no
mbc143-not-stripped.txt,4,tirohia,titiro,hia,no,no
mbc187-not-stripped.txt,2,kOreroNia,kOrero,Nia,no,no
mbc143-not-stripped.txt,9,kOreroNia,kOrero,Nia,no,no
mbc143-not-stripped.txt,9,kOreroNia,kOrero,Nia,no,no
mbc187-not-stripped.txt,2,taea,tae,a,no,no
mbc187-not-stripped.txt,8,waihoNia,waiho,Nia,no,no
mbc143-not-stripped.txt,4,tonoNia,tono,Nia,no,no
mbc143-not-stripped.txt,4,tomoNia,tomo,Nia,no,no
mbc143-not-stripped.txt,4,fakaarahia,fakaara,hia,no,no
mbc187-not-stripped.txt,12,tirohia,titiro,hia,no,no
mbc143-not-stripped.txt,9,kOreroNia,kOrero,Nia,no,no
mbc187-not-stripped.txt,6,muruNia,muru,Nia,no,no
mbc143-not-stripped.txt,9,mOhioNia,mOhio,Nia,no,no
mbc187-not-stripped.txt,12,ohoohoNia,ohooho,Nia,no,no
mbc143-not-stripped.txt,4,tirohia,titiro,hia,no,no
mbc187-not-stripped.txt,6,kimihia,kimi,hia,no,no
mbc187-not-stripped.txt,4,fakatOpUNia,fakatOpU,Nia,no,no
mbc187-not-stripped.txt,6,taea,tae,a,no,no
mbc143-not-stripped.txt,9,fakaaroNia,fakaaro,Nia,no,no
mbc187-not-stripped.txt,2,tohuNia,tohu,Nia,no,no
mbc187-not-stripped.txt,8,tirohia,titiro,hia,no,no
mbc143-not-stripped.txt,4,kOreroNia,kOrero,Nia,no,no
mbc143-not-stripped.txt,4,fakamAramaNia,fakamArama,Nia,no,no
mbc143-not-stripped.txt,9,kOreroNia,kOrero,Nia,no,no
mbc143-not-stripped.txt,4,kOreroNia,kOrero,Nia,no,no
mbc143-not-stripped.txt,5,fakatUNia,fakatU,Nia,no,no
mbc187-not-stripped.txt,8,pEhia,pEhi,a,no,no
mbc187-not-stripped.txt,2,tohuNia,tohu,Nia,no,no
mbc143-not-stripped.txt,4,kOreroNia,kOrero,Nia,no,no
mbc187-not-stripped.txt,14,taea,tae,a,no,no
mbc143-not-stripped.txt,4,kOrerohia,kOrero,hia,no,no
mbc143-not-stripped.txt,4,kIia,kI,ia,no,no
mbc187-not-stripped.txt,2,kitea,kite,a,no,no
mbc143-not-stripped.txt,4,kOrerotia,kOrero,tia,no,no
mbc143-not-stripped.txt,9,kIia,kI,ia,no,no
mbc143-not-stripped.txt,4,kOrerotaNahia,kOrero,taNa/hia,yes,no
mbc187-not-stripped.txt,8,kENia,kE,Nia,no,no
mbc187-not-stripped.txt,2,kitea,kite,a,no,no
mbc187-not-stripped.txt,2,kOreroNia,kOrero,Nia,no,no
mbc143-not-stripped.txt,4,haNaNia,haNa,Nia,no,no
mbc187-not-stripped.txt,6,takahuriNia,takahuri,Nia,no,no
mbc187-not-stripped.txt,2,tohuNia,tohu,Nia,no,no
mbc143-not-stripped.txt,4,tirohia,titiro,hia,no,no
mbc143-not-stripped.txt,4,karaNatia,karaNa,tia,no,no
mbc187-not-stripped.txt,14,taea,tae,a,no,no
mbc143-not-stripped.txt,4,tipuNia,tipu,Nia,no,no
mbc058-not-stripped.txt,45,poipoia,poipoi,a,no,no
mbc187-not-stripped.txt,14,taea,tae,a,no,no
mbc143-not-stripped.txt,4,tApiriNia,tApiri,Nia,no,no
mbc187-not-stripped.txt,6,taea,tae,a,no,no
mbc187-not-stripped.txt,2,fakatikatikaNia,fakatikatika,Nia,no,no
mbc187-not-stripped.txt,2,kitea,kite,a,no,no
mbc086-not-stripped.txt,39,raupatuNia,raupatu,Nia,no,no
mbc086-not-stripped.txt,39,taea,tae,a,no,no
mbc229-not-stripped.txt,11,pANia,pA,Nia,no,no
mbc229-not-stripped.txt,11,pANia,pA,Nia,no,no
mbc054-not-stripped.txt,52,waihotia,waiho,tia,no,no
mbc230-not-stripped.txt,85,hukea,huke,a,no,no
mbc230-not-stripped.txt,85,huakina,huaki,na,no,no
mbc230-not-stripped.txt,85,fakarauhIia,fakarauhI,ia,no,no
mbc042-not-stripped.txt,24,taea,tae,a,no,no
mbc047-not-stripped.txt,48,fakauruhia,fakauru,hia,no,no
mbc047-not-stripped.txt,46,fakaaehia,fakaae,hia,no,no
mbc047-not-stripped.txt,48,rIhihia,rIhi,hia,no,no
mbc047-not-stripped.txt,48,taea,tae,a,no,no
mbc047-not-stripped.txt,48,rIhihia,rIhi,hia,no,no
mbc010-not-stripped.txt,26,fakaaroNia,fakaaro,Nia,no,no
mbc063-not-stripped.txt,38,mahia,mahi,a,no,no
mbc068-not-stripped.txt,39,purua,puru,a,no,no
mbc010-not-stripped.txt,22,tautokoNia,tautoko,Nia,no,no
mbc010-not-stripped.txt,26,taea,tae,a,no,no
mbc063-not-stripped.txt,38,pAnuitia,pAnui,tia,no,no
mbc063-not-stripped.txt,38,fakamutua,fakamutu,a,no,no
mbc071-not-stripped.txt,2,kOrerotia,kOrero,tia,no,no
mbc010-not-stripped.txt,28,tautokoNia,tautoko,Nia,no,no
mbc068-not-stripped.txt,39,hokona,hoko,na,no,no
mbc063-not-stripped.txt,38,tonoa,tono,a,no,no
mbc063-not-stripped.txt,38,pEneitia,pEnei,tia,no,no
mbc010-not-stripped.txt,30,kawea,kawe,a,no,no
mbc010-not-stripped.txt,28,pEhia,pEhi,a,no,no
mbc010-not-stripped.txt,24,tukuna,tuku,na,no,no
mbc071-not-stripped.txt,6,patua,patu,a,no,no
mbc010-not-stripped.txt,32,tautokoNia,tautoko,Nia,no,no
mbc063-not-stripped.txt,36,tukuna,tuku,na,no,no
mbc063-not-stripped.txt,36,tukuna,tuku,na,no,no
mbc063-not-stripped.txt,38,hunaia,huna,ia,no,no
mbc138-not-stripped.txt,13,fakatUhia,fakatU,hia,no,no
