SubHead,i.te,AE,Key,Diff,DiffAbs,Count
ae,-9.341676782757386e-05,0.00021985215176887533,0.00012643538394130149,-0.0003132689195964492,0.0003132689195964492,9.0
afraid,-9.341676782757386e-05,0.00021985215176887533,0.00012643538394130149,-0.0003132689195964492,0.0003132689195964492,9.0
aha,0.001068375564150713,-0.0003142967158601603,0.0007540788482905526,0.0013826722800108734,0.0013826722800108734,78.0
ahakia,-9.341676782757386e-05,0.00021985215176887533,0.00012643538394130149,-0.0003132689195964492,0.0003132689195964492,9.0
ahakoa,-9.341676782757386e-05,0.00021985215176887533,0.00012643538394130149,-0.0003132689195964492,0.0003132689195964492,9.0
ahi,7.947867119576885e-05,-6.234982322935476e-05,1.712884796641409e-05,0.0001418284944251236,0.0001418284944251236,27.0
ahiahi,0.005722661553060152,-0.0005855663470570044,0.005137095206003147,0.006308227900117157,0.006308227900117157,30.0
aho,-3.552439342420572e-05,4.180252922586344e-05,6.2781358016577234e-06,-7.732692265006915e-05,7.732692265006915e-05,15.0
ahorangi,-3.552439342420572e-05,4.180252922586344e-05,6.2781358016577234e-06,-7.732692265006915e-05,7.732692265006915e-05,13.0
ahu,-3.552439342420572e-05,4.180252922586344e-05,6.2781358016577234e-06,-7.732692265006915e-05,7.732692265006915e-05,103.0
ahurei,0.00023156949761347255,-0.00013624709331714845,9.53224042963241e-05,0.00036781659093062104,0.00036781659093062104,14.0
aihikirīmi,-9.341676782757386e-05,0.00021985215176887533,0.00012643538394130149,-0.0003132689195964492,0.0003132689195964492,9.0
airport,-3.552439342420572e-05,4.180252922586344e-05,6.2781358016577234e-06,-7.732692265006915e-05,7.732692265006915e-05,9.0
aitanga,-9.341676782757386e-05,0.00021985215176887533,0.00012643538394130149,-0.0003132689195964492,0.0003132689195964492,9.0
aituā,-0.00018683353565514772,0.00043970430353775067,0.00025287076788260297,-0.0006265378391928984,0.0006265378391928984,19.0
aka,-9.341676782757386e-05,0.00021985215176887533,0.00012643538394130149,-0.0003132689195964492,0.0003132689195964492,10.0
akiaki,-9.341676782757386e-05,0.00021985215176887533,0.00012643538394130149,-0.0003132689195964492,0.0003132689195964492,8.0
ako,-0.0018432586223219118,0.009977459965255772,0.00813420134293386,-0.011820718587577684,0.011820718587577684,230.0
akoako,-9.341676782757386e-05,0.00021985215176887533,0.00012643538394130149,-0.0003132689195964492,0.0003132689195964492,10.0
akoranga,-9.341676782757386e-05,0.00021985215176887533,0.00012643538394130149,-0.0003132689195964492,0.0003132689195964492,10.0
amo,-9.341676782757386e-05,0.00021985215176887533,0.00012643538394130149,-0.0003132689195964492,0.0003132689195964492,12.0
amokapua,-9.341676782757386e-05,0.00021985215176887533,0.00012643538394130149,-0.0003132689195964492,0.0003132689195964492,10.0
amorangi,-9.341676782757386e-05,0.00021985215176887533,0.00012643538394130149,-0.0003132689195964492,0.0003132689195964492,9.0
amuamu,-9.341676782757386e-05,0.00021985215176887533,0.00012643538394130149,-0.0003132689195964492,0.0003132689195964492,11.0
ana,-3.552439342420572e-05,4.180252922586344e-05,6.2781358016577234e-06,-7.732692265006915e-05,7.732692265006915e-05,10.0
anahera,-9.341676782757386e-05,0.00021985215176887533,0.00012643538394130149,-0.0003132689195964492,0.0003132689195964492,9.0
anga,-3.552439342420572e-05,4.180252922586344e-05,6.2781358016577234e-06,-7.732692265006915e-05,7.732692265006915e-05,36.0
anini,-9.341676782757386e-05,0.00021985215176887533,0.00012643538394130149,-0.0003132689195964492,0.0003132689195964492,9.0
anthropology,-9.341676782757386e-05,0.00021985215176887533,0.00012643538394130149,-0.0003132689195964492,0.0003132689195964492,8.0
anu,-9.341676782757386e-05,0.00021985215176887533,0.00012643538394130149,-0.0003132689195964492,0.0003132689195964492,11.0
ao,0.005016524582911049,-0.0005621983074459777,0.0044543262754650715,0.005578722890357026,0.005578722890357026,68.0
aoaketanga,7.947867119576885e-05,-6.234982322935476e-05,1.712884796641409e-05,0.0001418284944251236,0.0001418284944251236,10.0
aorangi,-3.552439342420572e-05,4.180252922586344e-05,6.2781358016577234e-06,-7.732692265006915e-05,7.732692265006915e-05,9.0
aotearoa,-9.341676782757386e-05,0.00021985215176887533,0.00012643538394130149,-0.0003132689195964492,0.0003132689195964492,9.0
apology,-9.341676782757386e-05,0.00021985215176887533,0.00012643538394130149,-0.0003132689195964492,0.0003132689195964492,9.0
apu,-9.341676782757386e-05,0.00021985215176887533,0.00012643538394130149,-0.0003132689195964492,0.0003132689195964492,9.0
ara,0.0021336243915543794,-0.0004184490683153785,0.0017151753232390009,0.002552073459869758,0.002552073459869758,76.0
araara,-9.341676782757386e-05,0.00021985215176887533,0.00012643538394130149,-0.0003132689195964492,0.0003132689195964492,11.0
aranga,-3.552439342420572e-05,4.180252922586344e-05,6.2781358016577234e-06,-7.732692265006915e-05,7.732692265006915e-05,9.0
arataki,-0.0003058060004247484,0.0050379044518984875,0.004732098451473739,-0.005343710452323236,0.005343710452323236,18.0
arawa,7.947867119576885e-05,-6.234982322935476e-05,1.712884796641409e-05,0.0001418284944251236,0.0001418284944251236,16.0
arero,-3.552439342420572e-05,4.180252922586344e-05,6.2781358016577234e-06,-7.732692265006915e-05,7.732692265006915e-05,10.0
ariki,-3.552439342420572e-05,4.180252922586344e-05,6.2781358016577234e-06,-7.732692265006915e-05,7.732692265006915e-05,14.0
arikitanga,-3.552439342420572e-05,4.180252922586344e-05,6.2781358016577234e-06,-7.732692265006915e-05,7.732692265006915e-05,10.0
aro,0.0018513555234210355,-0.0003960983421428561,0.0014552571812781795,0.0022474538655638918,0.0022474538655638918,59.0
aro-atua,-3.552439342420572e-05,4.180252922586344e-05,6.2781358016577234e-06,-7.732692265006915e-05,7.732692265006915e-05,9.0
aroaro,0.01801610966993475,-0.0008000019231224994,0.01721610774681225,0.01881611159305725,0.01881611159305725,62.0
aroaro-whaki,-9.341676782757386e-05,0.00021985215176887533,0.00012643538394130149,-0.0003132689195964492,0.0003132689195964492,11.0
aroha,0.005367111611382433,-0.0005741479646858681,0.004792963646696565,0.0059412595760683015,0.0059412595760683015,200.0
aronga,-9.341676782757386e-05,0.00021985215176887533,0.00012643538394130149,-0.0003132689195964492,0.0003132689195964492,9.0
aronui,-9.341676782757386e-05,0.00021985215176887533,0.00012643538394130149,-0.0003132689195964492,0.0003132689195964492,14.0
arotake,-3.552439342420572e-05,4.180252922586344e-05,6.2781358016577234e-06,-7.732692265006915e-05,7.732692265006915e-05,9.0
aru,0.000411238531760461,-0.00019356626909783424,0.00021767226266262676,0.0006048048008582953,0.0006048048008582953,14.0
ata,0.0095110852917265,-0.0006783003171410861,0.008832784974585414,0.010189385608867585,0.010189385608867585,51.0
atairangikaahu,-9.341676782757386e-05,0.00021985215176887533,0.00012643538394130149,-0.0003132689195964492,0.0003132689195964492,17.0
atamira,0.001068375564150713,-0.0003142967158601603,0.0007540788482905526,0.0013826722800108734,0.0013826722800108734,16.0
atapō,-3.552439342420572e-05,4.180252922586344e-05,6.2781358016577234e-06,-7.732692265006915e-05,7.732692265006915e-05,10.0
atatū,0.00023156949761347255,-0.00013624709331714845,9.53224042963241e-05,0.00036781659093062104,0.00036781659093062104,11.0
atawhai,-0.00047108839910519164,0.0013858566377478057,0.0009147682386426141,-0.0018569450368529973,0.0018569450368529973,23.0
ate,-9.341676782757386e-05,0.00021985215176887533,0.00012643538394130149,-0.0003132689195964492,0.0003132689195964492,10.0
atua,-3.552439342420572e-05,4.180252922586344e-05,6.2781358016577234e-06,-7.732692265006915e-05,7.732692265006915e-05,20.0
au,-9.341676782757386e-05,0.00021985215176887533,0.00012643538394130149,-0.0003132689195964492,0.0003132689195964492,9.0
aukati,-0.00024472591005851585,0.0023038055874195964,0.0020590796773610805,-0.0025485314974781122,0.0025485314974781122,49.0
aumihi,-9.341676782757386e-05,0.00021985215176887533,0.00012643538394130149,-0.0003132689195964492,0.0003132689195964492,10.0
aupōuri,-3.552439342420572e-05,4.180252922586344e-05,6.2781358016577234e-06,-7.732692265006915e-05,7.732692265006915e-05,10.0
aurere,-9.341676782757386e-05,0.00021985215176887533,0.00012643538394130149,-0.0003132689195964492,0.0003132689195964492,12.0
autaia,-9.341676782757386e-05,0.00021985215176887533,0.00012643538394130149,-0.0003132689195964492,0.0003132689195964492,9.0
auē,-9.341676782757386e-05,0.00021985215176887533,0.00012643538394130149,-0.0003132689195964492,0.0003132689195964492,16.0
auēauē,-9.341676782757386e-05,0.00021985215176887533,0.00012643538394130149,-0.0003132689195964492,0.0003132689195964492,9.0
awa,0.0083343580708118,-0.0006538178666390762,0.0076805402041727235,0.008988175937450875,0.008988175937450875,55.0
awa-kairangi,-9.341676782757386e-05,0.00021985215176887533,0.00012643538394130149,-0.0003132689195964492,0.0003132689195964492,9.0
awaawa,-3.552439342420572e-05,4.180252922586344e-05,6.2781358016577234e-06,-7.732692265006915e-05,7.732692265006915e-05,9.0
awatea,-9.341676782757386e-05,0.00021985215176887533,0.00012643538394130149,-0.0003132689195964492,0.0003132689195964492,10.0
awe,-9.341676782757386e-05,0.00021985215176887533,0.00012643538394130149,-0.0003132689195964492,0.0003132689195964492,24.0
awhi,-0.0008260311296295979,0.002916040538016841,0.002090009408387243,-0.003742071667646439,0.003742071667646439,54.0
awhiawhi,-3.552439342420572e-05,4.180252922586344e-05,6.2781358016577234e-06,-7.732692265006915e-05,7.732692265006915e-05,10.0
b,-9.341676782757386e-05,0.00021985215176887533,0.00012643538394130149,-0.0003132689195964492,0.0003132689195964492,9.0
bay,-9.341676782757386e-05,0.00021985215176887533,0.00012643538394130149,-0.0003132689195964492,0.0003132689195964492,9.0
bhp,-9.341676782757386e-05,0.00021985215176887533,0.00012643538394130149,-0.0003132689195964492,0.0003132689195964492,9.0
big,-9.341676782757386e-05,0.00021985215176887533,0.00012643538394130149,-0.0003132689195964492,0.0003132689195964492,10.0
brother,-9.341676782757386e-05,0.00021985215176887533,0.00012643538394130149,-0.0003132689195964492,0.0003132689195964492,9.0
cancer,-9.341676782757386e-05,0.00021985215176887533,0.00012643538394130149,-0.0003132689195964492,0.0003132689195964492,9.0
ceo,-9.341676782757386e-05,0.00021985215176887533,0.00012643538394130149,-0.0003132689195964492,0.0003132689195964492,11.0
cereal,-9.341676782757386e-05,0.00021985215176887533,0.00012643538394130149,-0.0003132689195964492,0.0003132689195964492,9.0
chief,-9.341676782757386e-05,0.00021985215176887533,0.00012643538394130149,-0.0003132689195964492,0.0003132689195964492,9.0
children's,7.947867119576885e-05,-6.234982322935476e-05,1.712884796641409e-05,0.0001418284944251236,0.0001418284944251236,10.0
community,-9.341676782757386e-05,0.00021985215176887533,0.00012643538394130149,-0.0003132689195964492,0.0003132689195964492,9.0
conciliator,-9.341676782757386e-05,0.00021985215176887533,0.00012643538394130149,-0.0003132689195964492,0.0003132689195964492,9.0
congress,-9.341676782757386e-05,0.00021985215176887533,0.00012643538394130149,-0.0003132689195964492,0.0003132689195964492,9.0
cooking,-9.341676782757386e-05,0.00021985215176887533,0.00012643538394130149,-0.0003132689195964492,0.0003132689195964492,10.0
copyright,-9.341676782757386e-05,0.00021985215176887533,0.00012643538394130149,-0.0003132689195964492,0.0003132689195964492,10.0
domain,-9.341676782757386e-05,0.00021985215176887533,0.00012643538394130149,-0.0003132689195964492,0.0003132689195964492,9.0
dominion,-3.552439342420572e-05,4.180252922586344e-05,6.2781358016577234e-06,-7.732692265006915e-05,7.732692265006915e-05,9.0
donut,-9.341676782757386e-05,0.00021985215176887533,0.00012643538394130149,-0.0003132689195964492,0.0003132689195964492,9.0
ea,-9.341676782757386e-05,0.00021985215176887533,0.00012643538394130149,-0.0003132689195964492,0.0003132689195964492,57.0
east,-9.341676782757386e-05,0.00021985215176887533,0.00012643538394130149,-0.0003132689195964492,0.0003132689195964492,9.0
eka,-3.552439342420572e-05,4.180252922586344e-05,6.2781358016577234e-06,-7.732692265006915e-05,7.732692265006915e-05,9.0
eke,0.0001589573423915377,-0.00012469964645870951,3.425769593282818e-05,0.0002836569888502472,0.0002836569888502472,316.0
ekenga,0.00023156949761347255,-0.00013624709331714845,9.53224042963241e-05,0.00036781659093062104,0.00036781659093062104,15.0
eketanga,-9.341676782757386e-05,0.00021985215176887533,0.00012643538394130149,-0.0003132689195964492,0.0003132689195964492,10.0
endeavour,-9.341676782757386e-05,0.00021985215176887533,0.00012643538394130149,-0.0003132689195964492,0.0003132689195964492,10.0
epa,-9.341676782757386e-05,0.00021985215176887533,0.00012643538394130149,-0.0003132689195964492,0.0003132689195964492,9.0
fiscal,-3.552439342420572e-05,4.180252922586344e-05,6.2781358016577234e-06,-7.732692265006915e-05,7.732692265006915e-05,9.0
haehae,-0.00016907133894304485,0.0007958035486237744,0.0006267322096807296,-0.0009648748875668193,0.0009648748875668193,9.0
haere,0.0040766209646034175,-0.0017443897567987537,0.002332231207804664,0.005821010721402171,0.005821010721402171,1895.0
haeremaitanga,0.00023156949761347255,-0.00013624709331714845,9.53224042963241e-05,0.00036781659093062104,0.00036781659093062104,11.0
haerenga,0.005722661553060152,-0.0005855663470570044,0.005137095206003147,0.006308227900117157,0.006308227900117157,46.0
haeretanga,0.0015790227746756318,-0.00037161589164084617,0.0012074068830347858,0.0019506386663164779,0.0019506386663164779,17.0
haggis,-9.341676782757386e-05,0.00021985215176887533,0.00012643538394130149,-0.0003132689195964492,0.0003132689195964492,9.0
haha,-9.341676782757386e-05,0.00021985215176887533,0.00012643538394130149,-0.0003132689195964492,0.0003132689195964492,9.0
hahae,-9.341676782757386e-05,0.00021985215176887533,0.00012643538394130149,-0.0003132689195964492,0.0003132689195964492,11.0
hahana,7.947867119576885e-05,-6.234982322935476e-05,1.712884796641409e-05,0.0001418284944251236,0.0001418284944251236,10.0
hahau,-0.00016907133894304485,0.0007958035486237744,0.0006267322096807296,-0.0009648748875668193,0.0009648748875668193,13.0
hahaunga,-3.552439342420572e-05,4.180252922586344e-05,6.2781358016577234e-06,-7.732692265006915e-05,7.732692265006915e-05,9.0
hahautanga,-3.552439342420572e-05,4.180252922586344e-05,6.2781358016577234e-06,-7.732692265006915e-05,7.732692265006915e-05,9.0
hahia,-9.341676782757386e-05,0.00021985215176887533,0.00012643538394130149,-0.0003132689195964492,0.0003132689195964492,12.0
hahu,-9.341676782757386e-05,0.00021985215176887533,0.00012643538394130149,-0.0003132689195964492,0.0003132689195964492,9.0
hahunga,-9.341676782757386e-05,0.00021985215176887533,0.00012643538394130149,-0.0003132689195964492,0.0003132689195964492,9.0
haika,-9.341676782757386e-05,0.00021985215176887533,0.00012643538394130149,-0.0003132689195964492,0.0003132689195964492,10.0
haina,-0.00037444875549705716,0.0011749976874266762,0.0008005489319296191,-0.0015494464429237334,0.0015494464429237334,52.0
hainamana,-9.341676782757386e-05,0.00021985215176887533,0.00012643538394130149,-0.0003132689195964492,0.0003132689195964492,9.0
hainatanga,0.0015790227746756318,-0.00037161589164084617,0.0012074068830347858,0.0019506386663164779,0.0019506386663164779,24.0
haka,7.947867119576885e-05,-6.234982322935476e-05,1.712884796641409e-05,0.0001418284944251236,0.0001418284944251236,21.0
haki,0.00023156949761347255,-0.00013624709331714845,9.53224042963241e-05,0.00036781659093062104,0.00036781659093062104,24.0
haku,-9.341676782757386e-05,0.00021985215176887533,0.00012643538394130149,-0.0003132689195964492,0.0003132689195964492,10.0
hama,-9.341676782757386e-05,0.00021985215176887533,0.00012643538394130149,-0.0003132689195964492,0.0003132689195964492,9.0
hana,-9.341676782757386e-05,0.00021985215176887533,0.00012643538394130149,-0.0003132689195964492,0.0003132689195964492,10.0
hanga,-0.0018718521852371707,0.015969284032659445,0.014097431847422274,-0.017841136217896614,0.017841136217896614,172.0
hangahanga,-9.341676782757386e-05,0.00021985215176887533,0.00012643538394130149,-0.0003132689195964492,0.0003132689195964492,9.0
hangatanga,-3.552439342420572e-05,4.180252922586344e-05,6.2781358016577234e-06,-7.732692265006915e-05,7.732692265006915e-05,9.0
hao,-9.341676782757386e-05,0.00021985215176887533,0.00012643538394130149,-0.0003132689195964492,0.0003132689195964492,22.0
hapa,-9.341676782757386e-05,0.00021985215176887533,0.00012643538394130149,-0.0003132689195964492,0.0003132689195964492,9.0
hapū,0.00023156949761347255,-0.00013624709331714845,9.53224042963241e-05,0.00036781659093062104,0.00036781659093062104,24.0
hara,-3.552439342420572e-05,4.180252922586344e-05,6.2781358016577234e-06,-7.732692265006915e-05,7.732692265006915e-05,18.0
harakeke,-9.341676782757386e-05,0.00021985215176887533,0.00012643538394130149,-0.0003132689195964492,0.0003132689195964492,10.0
harakoa,-9.341676782757386e-05,0.00021985215176887533,0.00012643538394130149,-0.0003132689195964492,0.0003132689195964492,17.0
haramai,-0.0002949700843012883,0.0004627991972546286,0.0001678291129533403,-0.000757769281555917,0.000757769281555917,261.0
haramaitanga,0.00023156949761347255,-0.00013624709331714845,9.53224042963241e-05,0.00036781659093062104,0.00036781659093062104,12.0
hararei,-9.341676782757386e-05,0.00021985215176887533,0.00012643538394130149,-0.0003132689195964492,0.0003132689195964492,14.0
hari,-0.0009507270320098455,0.008390599538216867,0.007439872506207022,-0.009341326570226714,0.009341326570226714,175.0
harihari,-9.341676782757386e-05,0.00021985215176887533,0.00012643538394130149,-0.0003132689195964492,0.0003132689195964492,13.0
harikoa,-3.552439342420572e-05,4.180252922586344e-05,6.2781358016577234e-06,-7.732692265006915e-05,7.732692265006915e-05,55.0
haringa,-9.341676782757386e-05,0.00021985215176887533,0.00012643538394130149,-0.0003132689195964492,0.0003132689195964492,9.0
harirū,-9.341676782757386e-05,0.00021985215176887533,0.00012643538394130149,-0.0003132689195964492,0.0003132689195964492,10.0
haritanga,7.947867119576885e-05,-6.234982322935476e-05,1.712884796641409e-05,0.0001418284944251236,0.0001418284944251236,10.0
harry,-0.00016907133894304485,0.0007958035486237744,0.0006267322096807296,-0.0009648748875668193,0.0009648748875668193,9.0
haruru,-9.341676782757386e-05,0.00021985215176887533,0.00012643538394130149,-0.0003132689195964492,0.0003132689195964492,18.0
hau,0.000411238531760461,-0.00019356626909783424,0.00021767226266262676,0.0006048048008582953,0.0006048048008582953,42.0
hauhake,-9.341676782757386e-05,0.00021985215176887533,0.00012643538394130149,-0.0003132689195964492,0.0003132689195964492,20.0
hauhau,-0.00016907133894304485,0.0007958035486237744,0.0006267322096807296,-0.0009648748875668193,0.0009648748875668193,12.0
haukore,-9.341676782757386e-05,0.00021985215176887533,0.00012643538394130149,-0.0003132689195964492,0.0003132689195964492,9.0
haumate,-3.552439342420572e-05,4.180252922586344e-05,6.2781358016577234e-06,-7.732692265006915e-05,7.732692265006915e-05,9.0
haumi,7.947867119576885e-05,-6.234982322935476e-05,1.712884796641409e-05,0.0001418284944251236,0.0001418284944251236,11.0
haunga,0.0006128847690843637,-0.00024039944577236664,0.0003724853233119971,0.0008532842148567304,0.0008532842148567304,19.0
hauora,-3.552439342420572e-05,4.180252922586344e-05,6.2781358016577234e-06,-7.732692265006915e-05,7.732692265006915e-05,14.0
haurangi,-9.341676782757386e-05,0.00021985215176887533,0.00012643538394130149,-0.0003132689195964492,0.0003132689195964492,9.0
hauru,-9.341676782757386e-05,0.00021985215176887533,0.00012643538394130149,-0.0003132689195964492,0.0003132689195964492,9.0
haurua,0.000411238531760461,-0.00019356626909783424,0.00021767226266262676,0.0006048048008582953,0.0006048048008582953,12.0
hautanga,-9.341676782757386e-05,0.00021985215176887533,0.00012643538394130149,-0.0003132689195964492,0.0003132689195964492,9.0
hautū,-0.0002889809971692083,0.004080622495860704,0.0037916414986914958,-0.004369603493029913,0.004369603493029913,16.0
hauwarea,-9.341676782757386e-05,0.00021985215176887533,0.00012643538394130149,-0.0003132689195964492,0.0003132689195964492,9.0
hauā,-9.341676782757386e-05,0.00021985215176887533,0.00012643538394130149,-0.0003132689195964492,0.0003132689195964492,12.0
hauāuru,-9.341676782757386e-05,0.00021985215176887533,0.00012643538394130149,-0.0003132689195964492,0.0003132689195964492,10.0
heahea,-9.341676782757386e-05,0.00021985215176887533,0.00012643538394130149,-0.0003132689195964492,0.0003132689195964492,9.0
heamana,-9.341676782757386e-05,0.00021985215176887533,0.00012643538394130149,-0.0003132689195964492,0.0003132689195964492,23.0
hei,-9.341676782757386e-05,0.00021985215176887533,0.00012643538394130149,-0.0003132689195964492,0.0003132689195964492,9.0
heihei,-9.341676782757386e-05,0.00021985215176887533,0.00012643538394130149,-0.0003132689195964492,0.0003132689195964492,10.0
heke,-0.0002480691352911813,0.000437864645043245,0.00018979550975206367,-0.0006859337803344263,0.0006859337803344263,167.0
hekeheke,-9.341676782757386e-05,0.00021985215176887533,0.00012643538394130149,-0.0003132689195964492,0.0003132689195964492,9.0
hekenga,0.000411238531760461,-0.00019356626909783424,0.00021767226266262676,0.0006048048008582953,0.0006048048008582953,15.0
heketanga,-3.552439342420572e-05,4.180252922586344e-05,6.2781358016577234e-06,-7.732692265006915e-05,7.732692265006915e-05,12.0
hemo,-9.341676782757386e-05,0.00021985215176887533,0.00012643538394130149,-0.0003132689195964492,0.0003132689195964492,18.0
hemotanga,-3.552439342420572e-05,4.180252922586344e-05,6.2781358016577234e-06,-7.732692265006915e-05,7.732692265006915e-05,9.0
here,-0.00016907133894304485,0.0007958035486237744,0.0006267322096807296,-0.0009648748875668193,0.0009648748875668193,63.0
herehere,-9.341676782757386e-05,0.00021985215176887533,0.00012643538394130149,-0.0003132689195964492,0.0003132689195964492,10.0
herenga,-9.341676782757386e-05,0.00021985215176887533,0.00012643538394130149,-0.0003132689195964492,0.0003132689195964492,12.0
heri,-0.00021332642605373733,0.0015061623803013164,0.001292835954247579,-0.0017194888063550538,0.0017194888063550538,52.0
heuheu,-9.341676782757386e-05,0.00021985215176887533,0.00012643538394130149,-0.0003132689195964492,0.0003132689195964492,9.0
hia,-3.552439342420572e-05,4.180252922586344e-05,6.2781358016577234e-06,-7.732692265006915e-05,7.732692265006915e-05,64.0
hiahia,0.00023843601358730635,-0.0001870494696880641,5.138654389924224e-05,0.00042548548327537043,0.00042548548327537043,423.0
hiahiatanga,-9.341676782757386e-05,0.00021985215176887533,0.00012643538394130149,-0.0003132689195964492,0.0003132689195964492,10.0
hiakai,-9.341676782757386e-05,0.00021985215176887533,0.00012643538394130149,-0.0003132689195964492,0.0003132689195964492,13.0
hihiko,-9.341676782757386e-05,0.00021985215176887533,0.00012643538394130149,-0.0003132689195964492,0.0003132689195964492,13.0
hihiri,-3.552439342420572e-05,4.180252922586344e-05,6.2781358016577234e-06,-7.732692265006915e-05,7.732692265006915e-05,10.0
hihī,-9.341676782757386e-05,0.00021985215176887533,0.00012643538394130149,-0.0003132689195964492,0.0003132689195964492,9.0
hika,-9.341676782757386e-05,0.00021985215176887533,0.00012643538394130149,-0.0003132689195964492,0.0003132689195964492,9.0
hika-toa,-9.341676782757386e-05,0.00021985215176887533,0.00012643538394130149,-0.0003132689195964492,0.0003132689195964492,9.0
hiki,-0.00033323608427990076,0.007058304915888019,0.006725068831608118,-0.007391541000167919,0.007391541000167919,78.0
hikipene,-9.341676782757386e-05,0.00021985215176887533,0.00012643538394130149,-0.0003132689195964492,0.0003132689195964492,9.0
hiko,-9.341676782757386e-05,0.00021985215176887533,0.00012643538394130149,-0.0003132689195964492,0.0003132689195964492,10.0
hikohiko,-9.341676782757386e-05,0.00021985215176887533,0.00012643538394130149,-0.0003132689195964492,0.0003132689195964492,11.0
hiku,7.947867119576885e-05,-6.234982322935476e-05,1.712884796641409e-05,0.0001418284944251236,0.0001418284944251236,14.0
hikuwai,7.947867119576885e-05,-6.234982322935476e-05,1.712884796641409e-05,0.0001418284944251236,0.0001418284944251236,10.0
himalayas,-9.341676782757386e-05,0.00021985215176887533,0.00012643538394130149,-0.0003132689195964492,0.0003132689195964492,9.0
hinengaro,0.0018513555234210355,-0.0003960983421428561,0.0014552571812781795,0.0022474538655638918,0.0022474538655638918,24.0
hinga,-0.00016907133894304485,0.0007958035486237744,0.0006267322096807296,-0.0009648748875668193,0.0009648748875668193,87.0
hingahinga,-9.341676782757386e-05,0.00021985215176887533,0.00012643538394130149,-0.0003132689195964492,0.0003132689195964492,14.0
hinganga,-9.341676782757386e-05,0.00021985215176887533,0.00012643538394130149,-0.0003132689195964492,0.0003132689195964492,9.0
hingatanga,0.00023156949761347255,-0.00013624709331714845,9.53224042963241e-05,0.00036781659093062104,0.00036781659093062104,11.0
hinu,-9.341676782757386e-05,0.00021985215176887533,0.00012643538394130149,-0.0003132689195964492,0.0003132689195964492,10.0
hipa,-9.341676782757386e-05,0.00021985215176887533,0.00012643538394130149,-0.0003132689195964492,0.0003132689195964492,42.0
hipi,-9.341676782757386e-05,0.00021985215176887533,0.00012643538394130149,-0.0003132689195964492,0.0003132689195964492,9.0
hira,-9.341676782757386e-05,0.00021985215176887533,0.00012643538394130149,-0.0003132689195964492,0.0003132689195964492,10.0
hiri,-9.341676782757386e-05,0.00021985215176887533,0.00012643538394130149,-0.0003132689195964492,0.0003132689195964492,9.0
hitōria,-9.341676782757386e-05,0.00021985215176887533,0.00012643538394130149,-0.0003132689195964492,0.0003132689195964492,9.0
hiwa,-9.341676782757386e-05,0.00021985215176887533,0.00012643538394130149,-0.0003132689195964492,0.0003132689195964492,10.0
hiwi,-3.552439342420572e-05,4.180252922586344e-05,6.2781358016577234e-06,-7.732692265006915e-05,7.732692265006915e-05,11.0
hiwihiwi,-9.341676782757386e-05,0.00021985215176887533,0.00012643538394130149,-0.0003132689195964492,0.0003132689195964492,9.0
hoa,-9.341676782757386e-05,0.00021985215176887533,0.00012643538394130149,-0.0003132689195964492,0.0003132689195964492,13.0
hoake,-9.341676782757386e-05,0.00021985215176887533,0.00012643538394130149,-0.0003132689195964492,0.0003132689195964492,10.0
hoariri,-9.341676782757386e-05,0.00021985215176887533,0.00012643538394130149,-0.0003132689195964492,0.0003132689195964492,9.0
hoatu,-0.00033323608427990076,0.007058304915888019,0.006725068831608118,-0.007391541000167919,0.007391541000167919,107.0
hoatuhanga,-3.552439342420572e-05,4.180252922586344e-05,6.2781358016577234e-06,-7.732692265006915e-05,7.732692265006915e-05,9.0
hoe,7.947867119576885e-05,-6.234982322935476e-05,1.712884796641409e-05,0.0001418284944251236,0.0001418284944251236,36.0
hoehoe,-9.341676782757386e-05,0.00021985215176887533,0.00012643538394130149,-0.0003132689195964492,0.0003132689195964492,9.0
hoenga,-9.341676782757386e-05,0.00021985215176887533,0.00012643538394130149,-0.0003132689195964492,0.0003132689195964492,9.0
hohoki,-9.341676782757386e-05,0.00021985215176887533,0.00012643538394130149,-0.0003132689195964492,0.0003132689195964492,9.0
hohoro,-9.341676782757386e-05,0.00021985215176887533,0.00012643538394130149,-0.0003132689195964492,0.0003132689195964492,9.0
hohou,-0.00016907133894304485,0.0007958035486237744,0.0006267322096807296,-0.0009648748875668193,0.0009648748875668193,13.0
hohounga,-3.552439342420572e-05,4.180252922586344e-05,6.2781358016577234e-06,-7.732692265006915e-05,7.732692265006915e-05,9.0
hoi,-9.341676782757386e-05,0.00021985215176887533,0.00012643538394130149,-0.0003132689195964492,0.0003132689195964492,9.0
hoki,-0.00014748504215064416,0.0002313995986273143,8.391455647667015e-05,-0.0003788846407779585,0.0003788846407779585,979.0
hokihoki,-9.341676782757386e-05,0.00021985215176887533,0.00012643538394130149,-0.0003132689195964492,0.0003132689195964492,29.0
hokinga,0.0046711369716606835,-0.0005496655141838581,0.004121471457476825,0.005220802485844542,0.005220802485844542,39.0
hokitanga,0.0018513555234210355,-0.0003960983421428561,0.0014552571812781795,0.0022474538655638918,0.0022474538655638918,18.0
hoko,-0.0009922765411647253,0.00175145858017298,0.0007591820390082547,-0.0027437351213377053,0.0027437351213377053,148.0
hokohoko,-3.552439342420572e-05,4.180252922586344e-05,6.2781358016577234e-06,-7.732692265006915e-05,7.732692265006915e-05,25.0
hokonga,-3.552439342420572e-05,4.180252922586344e-05,6.2781358016577234e-06,-7.732692265006915e-05,7.732692265006915e-05,9.0
hokotanga,-3.552439342420572e-05,4.180252922586344e-05,6.2781358016577234e-06,-7.732692265006915e-05,7.732692265006915e-05,9.0
hokowhitu,-3.552439342420572e-05,4.180252922586344e-05,6.2781358016577234e-06,-7.732692265006915e-05,7.732692265006915e-05,9.0
homai,-0.0007341777301755475,0.006911416762258789,0.006177239032083242,-0.007645594492434337,0.007645594492434337,97.0
hongohia,-3.552439342420572e-05,4.180252922586344e-05,6.2781358016577234e-06,-7.732692265006915e-05,7.732692265006915e-05,9.0
hono,-0.00018683353565514772,0.00043970430353775067,0.00025287076788260297,-0.0006265378391928984,0.0006265378391928984,37.0
honohono,-9.341676782757386e-05,0.00021985215176887533,0.00012643538394130149,-0.0003132689195964492,0.0003132689195964492,13.0
hononga,-3.552439342420572e-05,4.180252922586344e-05,6.2781358016577234e-06,-7.732692265006915e-05,7.732692265006915e-05,11.0
hopa,-9.341676782757386e-05,0.00021985215176887533,0.00012643538394130149,-0.0003132689195964492,0.0003132689195964492,9.0
hopehope,-9.341676782757386e-05,0.00021985215176887533,0.00012643538394130149,-0.0003132689195964492,0.0003132689195964492,10.0
hopu,-0.00024472591005851585,0.0023038055874195964,0.0020590796773610805,-0.0025485314974781122,0.0025485314974781122,41.0
hoputanga,-3.552439342420572e-05,4.180252922586344e-05,6.2781358016577234e-06,-7.732692265006915e-05,7.732692265006915e-05,9.0
hora,-9.341676782757386e-05,0.00021985215176887533,0.00012643538394130149,-0.0003132689195964492,0.0003132689195964492,51.0
horahora,-9.341676782757386e-05,0.00021985215176887533,0.00012643538394130149,-0.0003132689195964492,0.0003132689195964492,9.0
horatanga,0.000411238531760461,-0.00019356626909783424,0.00021767226266262676,0.0006048048008582953,0.0006048048008582953,14.0
hore,-9.341676782757386e-05,0.00021985215176887533,0.00012643538394130149,-0.0003132689195964492,0.0003132689195964492,14.0
horo,-9.341676782757386e-05,0.00021985215176887533,0.00012643538394130149,-0.0003132689195964492,0.0003132689195964492,11.0
horohoro,-9.341676782757386e-05,0.00021985215176887533,0.00012643538394130149,-0.0003132689195964492,0.0003132689195964492,9.0
horohoroi,-9.341676782757386e-05,0.00021985215176887533,0.00012643538394130149,-0.0003132689195964492,0.0003132689195964492,9.0
horoi,-0.00021332642605373733,0.0015061623803013164,0.001292835954247579,-0.0017194888063550538,0.0017194888063550538,15.0
hotu,-9.341676782757386e-05,0.00021985215176887533,0.00012643538394130149,-0.0003132689195964492,0.0003132689195964492,11.0
hotuhotu,-9.341676782757386e-05,0.00021985215176887533,0.00012643538394130149,-0.0003132689195964492,0.0003132689195964492,9.0
hou,-9.341676782757386e-05,0.00021985215176887533,0.00012643538394130149,-0.0003132689195964492,0.0003132689195964492,28.0
hua,0.0016656145067744097,-0.0005599926648954954,0.0011056218418789144,0.002225607171669905,0.002225607171669905,84.0
huaki,-9.341676782757386e-05,0.00021985215176887533,0.00012643538394130149,-0.0003132689195964492,0.0003132689195964492,18.0
huarahi,0.002424999355831583,-0.0004390097432893155,0.0019859896125422674,0.002864009099120899,0.002864009099120899,81.0
huarākau,-9.341676782757386e-05,0.00021985215176887533,0.00012643538394130149,-0.0003132689195964492,0.0003132689195964492,9.0
hue,-9.341676782757386e-05,0.00021985215176887533,0.00012643538394130149,-0.0003132689195964492,0.0003132689195964492,9.0
huhua,7.947867119576885e-05,-6.234982322935476e-05,1.712884796641409e-05,0.0001418284944251236,0.0001418284944251236,10.0
hui,0.015360223665037098,-0.00076914029665395,0.014591083368383148,0.016129363961691047,0.016129363961691047,238.0
huihui,-9.341676782757386e-05,0.00021985215176887533,0.00012643538394130149,-0.0003132689195964492,0.0003132689195964492,74.0
huihuinga,-3.552439342420572e-05,4.180252922586344e-05,6.2781358016577234e-06,-7.732692265006915e-05,7.732692265006915e-05,15.0
huinga,-3.552439342420572e-05,4.180252922586344e-05,6.2781358016577234e-06,-7.732692265006915e-05,7.732692265006915e-05,18.0
huka,-9.341676782757386e-05,0.00021985215176887533,0.00012643538394130149,-0.0003132689195964492,0.0003132689195964492,11.0
hukarere,-9.341676782757386e-05,0.00021985215176887533,0.00012643538394130149,-0.0003132689195964492,0.0003132689195964492,9.0
huke,-9.341676782757386e-05,0.00021985215176887533,0.00012643538394130149,-0.0003132689195964492,0.0003132689195964492,9.0
huna,-9.341676782757386e-05,0.00021985215176887533,0.00012643538394130149,-0.0003132689195964492,0.0003132689195964492,26.0
hunaonga,-9.341676782757386e-05,0.00021985215176887533,0.00012643538394130149,-0.0003132689195964492,0.0003132689195964492,9.0
hunga,0.001068375564150713,-0.0003142967158601603,0.0007540788482905526,0.0013826722800108734,0.0013826722800108734,101.0
hunuhunu,-3.552439342420572e-05,4.180252922586344e-05,6.2781358016577234e-06,-7.732692265006915e-05,7.732692265006915e-05,10.0
hura,-0.00027534370987653266,0.0009720135126722807,0.0006966698027957481,-0.0012473572225488133,0.0012473572225488133,19.0
hurahanga,-9.341676782757386e-05,0.00021985215176887533,0.00012643538394130149,-0.0003132689195964492,0.0003132689195964492,10.0
hurahura,-9.341676782757386e-05,0.00021985215176887533,0.00012643538394130149,-0.0003132689195964492,0.0003132689195964492,9.0
huratanga,-3.552439342420572e-05,4.180252922586344e-05,6.2781358016577234e-06,-7.732692265006915e-05,7.732692265006915e-05,9.0
huri,-0.00016907133894304485,0.0007958035486237744,0.0006267322096807296,-0.0009648748875668193,0.0009648748875668193,421.0
huri-nui,-9.341676782757386e-05,0.00021985215176887533,0.00012643538394130149,-0.0003132689195964492,0.0003132689195964492,14.0
hurihuri,7.947867119576885e-05,-6.234982322935476e-05,1.712884796641409e-05,0.0001418284944251236,0.0001418284944251236,20.0
huringa,0.001068375564150713,-0.0003142967158601603,0.0007540788482905526,0.0013826722800108734,0.0013826722800108734,15.0
huritau,0.00023156949761347255,-0.00013624709331714845,9.53224042963241e-05,0.00036781659093062104,0.00036781659093062104,12.0
hurori,-9.341676782757386e-05,0.00021985215176887533,0.00012643538394130149,-0.0003132689195964492,0.0003132689195964492,9.0
huru,-9.341676782757386e-05,0.00021985215176887533,0.00012643538394130149,-0.0003132689195964492,0.0003132689195964492,9.0
huruhuru,-9.341676782757386e-05,0.00021985215176887533,0.00012643538394130149,-0.0003132689195964492,0.0003132689195964492,12.0
huti,-0.00016907133894304485,0.0007958035486237744,0.0006267322096807296,-0.0009648748875668193,0.0009648748875668193,13.0
hā,0.000411238531760461,-0.00019356626909783424,0.00021767226266262676,0.0006048048008582953,0.0006048048008582953,31.0
hāereere,-9.341676782757386e-05,0.00021985215176887533,0.00012643538394130149,-0.0003132689195964492,0.0003132689195964492,22.0
hāhi,7.947867119576885e-05,-6.234982322935476e-05,1.712884796641409e-05,0.0001418284944251236,0.0001418284944251236,22.0
hākari,-9.341676782757386e-05,0.00021985215176887533,0.00012643538394130149,-0.0003132689195964492,0.0003132689195964492,23.0
hākinakina,-9.341676782757386e-05,0.00021985215176887533,0.00012643538394130149,-0.0003132689195964492,0.0003132689195964492,10.0
hākoakoa,-9.341676782757386e-05,0.00021985215176887533,0.00012643538394130149,-0.0003132689195964492,0.0003132689195964492,9.0
hāmama,-9.341676782757386e-05,0.00021985215176887533,0.00012643538394130149,-0.0003132689195964492,0.0003132689195964492,15.0
hāmene,-0.00024472591005851585,0.0023038055874195964,0.0020590796773610805,-0.0025485314974781122,0.0025485314974781122,38.0
hāngai,-3.552439342420572e-05,4.180252922586344e-05,6.2781358016577234e-06,-7.732692265006915e-05,7.732692265006915e-05,71.0
hāngi,-9.341676782757386e-05,0.00021985215176887533,0.00012643538394130149,-0.0003132689195964492,0.0003132689195964492,8.0
hāora,0.0018513555234210355,-0.0003960983421428561,0.0014552571812781795,0.0022474538655638918,0.0022474538655638918,24.0
hāpai,-0.0006266726582358648,0.011061343876362047,0.010434671218126182,-0.011688016534597912,0.011688016534597912,39.0
hāparangi,-9.341676782757386e-05,0.00021985215176887533,0.00012643538394130149,-0.0003132689195964492,0.0003132689195964492,11.0
hātarei,7.947867119576885e-05,-6.234982322935476e-05,1.712884796641409e-05,0.0001418284944251236,0.0001418284944251236,10.0
hāte,7.947867119576885e-05,-6.234982322935476e-05,1.712884796641409e-05,0.0001418284944251236,0.0001418284944251236,10.0
hāunga,-9.341676782757386e-05,0.00021985215176887533,0.00012643538394130149,-0.0003132689195964492,0.0003132689195964492,9.0
hāwhe,0.0006128847690843637,-0.00024039944577236664,0.0003724853233119971,0.0008532842148567304,0.0008532842148567304,16.0
hē,0.0001589573423915377,-0.00012469964645870951,3.425769593282818e-05,0.0002836569888502472,0.0002836569888502472,121.0
hēkeretari,-9.341676782757386e-05,0.00021985215176887533,0.00012643538394130149,-0.0003132689195964492,0.0003132689195964492,30.0
hī,-3.552439342420572e-05,4.180252922586344e-05,6.2781358016577234e-06,-7.732692265006915e-05,7.732692265006915e-05,17.0
hīkaka,-9.341676782757386e-05,0.00021985215176887533,0.00012643538394130149,-0.0003132689195964492,0.0003132689195964492,10.0
hīkoi,7.947867119576885e-05,-6.234982322935476e-05,1.712884796641409e-05,0.0001418284944251236,0.0001418284944251236,57.0
hīkoitanga,7.947867119576885e-05,-6.234982322935476e-05,1.712884796641409e-05,0.0001418284944251236,0.0001418284944251236,10.0
hīmene,-9.341676782757386e-05,0.00021985215176887533,0.00012643538394130149,-0.0003132689195964492,0.0003132689195964492,9.0
hīnātore,-9.341676782757386e-05,0.00021985215176887533,0.00012643538394130149,-0.0003132689195964492,0.0003132689195964492,9.0
hīpāpātanga,-9.341676782757386e-05,0.00021985215176887533,0.00012643538394130149,-0.0003132689195964492,0.0003132689195964492,9.0
hīrere,-9.341676782757386e-05,0.00021985215176887533,0.00012643538394130149,-0.0003132689195964492,0.0003132689195964492,8.0
hīri,-9.341676782757386e-05,0.00021985215176887533,0.00012643538394130149,-0.0003132689195964492,0.0003132689195964492,11.0
hītori,-3.552439342420572e-05,4.180252922586344e-05,6.2781358016577234e-06,-7.732692265006915e-05,7.732692265006915e-05,10.0
hōhipera,0.002424999355831583,-0.0004390097432893155,0.0019859896125422674,0.002864009099120899,0.002864009099120899,24.0
hōhonu,-9.341676782757386e-05,0.00021985215176887533,0.00012643538394130149,-0.0003132689195964492,0.0003132689195964492,19.0
hōhonutanga,0.0021336243915543794,-0.0004184490683153785,0.0017151753232390009,0.002552073459869758,0.002552073459869758,51.0
hōhā,-3.552439342420572e-05,4.180252922586344e-05,6.2781358016577234e-06,-7.732692265006915e-05,7.732692265006915e-05,45.0
hōiho,0.00023156949761347255,-0.00013624709331714845,9.53224042963241e-05,0.00036781659093062104,0.00036781659093062104,22.0
hōnore,7.947867119576885e-05,-6.234982322935476e-05,1.712884796641409e-05,0.0001418284944251236,0.0001418284944251236,20.0
hōnoretanga,-3.552439342420572e-05,4.180252922586344e-05,6.2781358016577234e-06,-7.732692265006915e-05,7.732692265006915e-05,11.0
hōpua,7.947867119576885e-05,-6.234982322935476e-05,1.712884796641409e-05,0.0001418284944251236,0.0001418284944251236,10.0
hōrapa,-9.341676782757386e-05,0.00021985215176887533,0.00012643538394130149,-0.0003132689195964492,0.0003132689195964492,14.0
hōreke,-9.341676782757386e-05,0.00021985215176887533,0.00012643538394130149,-0.0003132689195964492,0.0003132689195964492,9.0
hōri,-9.341676782757386e-05,0.00021985215176887533,0.00012643538394130149,-0.0003132689195964492,0.0003132689195964492,9.0
hōro,7.947867119576885e-05,-6.234982322935476e-05,1.712884796641409e-05,0.0001418284944251236,0.0001418284944251236,12.0
hōtēra,-9.341676782757386e-05,0.00021985215176887533,0.00012643538394130149,-0.0003132689195964492,0.0003132689195964492,10.0
hū,-9.341676782757386e-05,0.00021985215176887533,0.00012643538394130149,-0.0003132689195964492,0.0003132689195964492,9.0
hūmārie,7.947867119576885e-05,-6.234982322935476e-05,1.712884796641409e-05,0.0001418284944251236,0.0001418284944251236,10.0
hūmārire,-9.341676782757386e-05,0.00021985215176887533,0.00012643538394130149,-0.0003132689195964492,0.0003132689195964492,9.0
hūnuku,-9.341676782757386e-05,0.00021985215176887533,0.00012643538394130149,-0.0003132689195964492,0.0003132689195964492,18.0
hūpeke,-9.341676782757386e-05,0.00021985215176887533,0.00012643538394130149,-0.0003132689195964492,0.0003132689195964492,9.0
hūpekepeke,-9.341676782757386e-05,0.00021985215176887533,0.00012643538394130149,-0.0003132689195964492,0.0003132689195964492,10.0
hūpoki,-0.00021332642605373733,0.0015061623803013164,0.001292835954247579,-0.0017194888063550538,0.0017194888063550538,15.0
hūpē,-9.341676782757386e-05,0.00021985215176887533,0.00012643538394130149,-0.0003132689195964492,0.0003132689195964492,9.0
ia-roa,-9.341676782757386e-05,0.00021985215176887533,0.00012643538394130149,-0.0003132689195964492,0.0003132689195964492,10.0
ihi,-3.552439342420572e-05,4.180252922586344e-05,6.2781358016577234e-06,-7.732692265006915e-05,7.732692265006915e-05,13.0
ihowa,-0.00016907133894304485,0.0007958035486237744,0.0006267322096807296,-0.0009648748875668193,0.0009648748875668193,9.0
ihu,0.00023156949761347255,-0.00013624709331714845,9.53224042963241e-05,0.00036781659093062104,0.00036781659093062104,18.0
ika,-3.552439342420572e-05,4.180252922586344e-05,6.2781358016577234e-06,-7.732692265006915e-05,7.732692265006915e-05,17.0
ika-ā-māui,-9.341676782757386e-05,0.00021985215176887533,0.00012643538394130149,-0.0003132689195964492,0.0003132689195964492,9.0
ingarangi,-0.00016907133894304485,0.0007958035486237744,0.0006267322096807296,-0.0009648748875668193,0.0009648748875668193,9.0
ingoa,0.0064478045132939565,-0.0006069846899645438,0.005840819823329413,0.0070547892032585,0.0070547892032585,218.0
inoi,-0.0003381426778860897,0.0015916070972475489,0.0012534644193614591,-0.0019297497751336386,0.0019297497751336386,62.0
inu,7.947867119576885e-05,-6.234982322935476e-05,1.712884796641409e-05,0.0001418284944251236,0.0001418284944251236,20.0
io,-9.341676782757386e-05,0.00021985215176887533,0.00012643538394130149,-0.0003132689195964492,0.0003132689195964492,9.0
iri,-9.341676782757386e-05,0.00021985215176887533,0.00012643538394130149,-0.0003132689195964492,0.0003132689195964492,18.0
iria,-9.341676782757386e-05,0.00021985215176887533,0.00012643538394130149,-0.0003132689195964492,0.0003132689195964492,11.0
iriiri,-9.341676782757386e-05,0.00021985215176887533,0.00012643538394130149,-0.0003132689195964492,0.0003132689195964492,11.0
irirangi,7.947867119576885e-05,-6.234982322935476e-05,1.712884796641409e-05,0.0001418284944251236,0.0001418284944251236,11.0
irāmutu,-9.341676782757386e-05,0.00021985215176887533,0.00012643538394130149,-0.0003132689195964492,0.0003132689195964492,9.0
iti,0.001068375564150713,-0.0003142967158601603,0.0007540788482905526,0.0013826722800108734,0.0013826722800108734,32.0
itiiti,-3.552439342420572e-05,4.180252922586344e-05,6.2781358016577234e-06,-7.732692265006915e-05,7.732692265006915e-05,12.0
iuniana,-3.552439342420572e-05,4.180252922586344e-05,6.2781358016577234e-06,-7.732692265006915e-05,7.732692265006915e-05,13.0
iwa,0.003997028155324033,-0.0005226014207705968,0.003474426734553436,0.004519629576094629,0.004519629576094629,45.0
iwi,0.015360223665037098,-0.00076914029665395,0.014591083368383148,0.016129363961691047,0.016129363961691047,315.0
iwi-katea,-9.341676782757386e-05,0.00021985215176887533,0.00012643538394130149,-0.0003132689195964492,0.0003132689195964492,9.0
kaha,0.014380859169949493,-0.0012535075464516297,0.013127351623497863,0.015634366716401123,0.015634366716401123,472.0
kahawai,-9.341676782757386e-05,0.00021985215176887533,0.00012643538394130149,-0.0003132689195964492,0.0003132689195964492,9.0
kahu,7.947867119576885e-05,-6.234982322935476e-05,1.712884796641409e-05,0.0001418284944251236,0.0001418284944251236,11.0
kahungunu,-9.341676782757386e-05,0.00021985215176887533,0.00012643538394130149,-0.0003132689195964492,0.0003132689195964492,9.0
kahupene,-9.341676782757386e-05,0.00021985215176887533,0.00012643538394130149,-0.0003132689195964492,0.0003132689195964492,9.0
kahurangi,-9.341676782757386e-05,0.00021985215176887533,0.00012643538394130149,-0.0003132689195964492,0.0003132689195964492,12.0
kai,-0.00017762196712102865,0.0002090126461293173,3.139067900828865e-05,-0.00038663461325034597,0.00038663461325034597,126.0
kaiako,7.947867119576885e-05,-6.234982322935476e-05,1.712884796641409e-05,0.0001418284944251236,0.0001418284944251236,34.0
kaiarataki,-0.00016907133894304485,0.0007958035486237744,0.0006267322096807296,-0.0009648748875668193,0.0009648748875668193,12.0
kaihautū,-9.341676782757386e-05,0.00021985215176887533,0.00012643538394130149,-0.0003132689195964492,0.0003132689195964492,27.0
kaihiki,-9.341676782757386e-05,0.00021985215176887533,0.00012643538394130149,-0.0003132689195964492,0.0003132689195964492,9.0
kaihoko,-9.341676782757386e-05,0.00021985215176887533,0.00012643538394130149,-0.0003132689195964492,0.0003132689195964492,9.0
kaihopu,-9.341676782757386e-05,0.00021985215176887533,0.00012643538394130149,-0.0003132689195964492,0.0003132689195964492,9.0
kaihāpai,-9.341676782757386e-05,0.00021985215176887533,0.00012643538394130149,-0.0003132689195964492,0.0003132689195964492,9.0
kaikaranga,-9.341676782757386e-05,0.00021985215176887533,0.00012643538394130149,-0.0003132689195964492,0.0003132689195964492,9.0
kaikawe,-9.341676782757386e-05,0.00021985215176887533,0.00012643538394130149,-0.0003132689195964492,0.0003132689195964492,10.0
kaikā,-9.341676782757386e-05,0.00021985215176887533,0.00012643538394130149,-0.0003132689195964492,0.0003132689195964492,11.0
kaikōrero,0.0006128847690843637,-0.00024039944577236664,0.0003724853233119971,0.0008532842148567304,0.0008532842148567304,25.0
kaimahi,-3.552439342420572e-05,4.180252922586344e-05,6.2781358016577234e-06,-7.732692265006915e-05,7.732692265006915e-05,11.0
kaimau,-9.341676782757386e-05,0.00021985215176887533,0.00012643538394130149,-0.0003132689195964492,0.0003132689195964492,10.0
kaimoana,-3.552439342420572e-05,4.180252922586344e-05,6.2781358016577234e-06,-7.732692265006915e-05,7.732692265006915e-05,9.0
kaingākau,-9.341676782757386e-05,0.00021985215176887533,0.00012643538394130149,-0.0003132689195964492,0.0003132689195964492,17.0
kaiopeope,-9.341676782757386e-05,0.00021985215176887533,0.00012643538394130149,-0.0003132689195964492,0.0003132689195964492,9.0
kaipara,-3.552439342420572e-05,4.180252922586344e-05,6.2781358016577234e-06,-7.732692265006915e-05,7.732692265006915e-05,10.0
kaipatu,-9.341676782757386e-05,0.00021985215176887533,0.00012643538394130149,-0.0003132689195964492,0.0003132689195964492,10.0
kaipuke,7.947867119576885e-05,-6.234982322935476e-05,1.712884796641409e-05,0.0001418284944251236,0.0001418284944251236,15.0
kaipupuri,-9.341676782757386e-05,0.00021985215176887533,0.00012643538394130149,-0.0003132689195964492,0.0003132689195964492,11.0
kaipānui,-9.341676782757386e-05,0.00021985215176887533,0.00012643538394130149,-0.0003132689195964492,0.0003132689195964492,9.0
kairīhi,-9.341676782757386e-05,0.00021985215176887533,0.00012643538394130149,-0.0003132689195964492,0.0003132689195964492,9.0
kairīpoata,-9.341676782757386e-05,0.00021985215176887533,0.00012643538394130149,-0.0003132689195964492,0.0003132689195964492,10.0
kaitaraihiti,-9.341676782757386e-05,0.00021985215176887533,0.00012643538394130149,-0.0003132689195964492,0.0003132689195964492,9.0
kaitari,-9.341676782757386e-05,0.00021985215176887533,0.00012643538394130149,-0.0003132689195964492,0.0003132689195964492,9.0
kaitiaki,-0.00016907133894304485,0.0007958035486237744,0.0006267322096807296,-0.0009648748875668193,0.0009648748875668193,28.0
kaititiro,-9.341676782757386e-05,0.00021985215176887533,0.00012643538394130149,-0.0003132689195964492,0.0003132689195964492,9.0
kaitito,-9.341676782757386e-05,0.00021985215176887533,0.00012643538394130149,-0.0003132689195964492,0.0003132689195964492,9.0
kaitohutohu,-9.341676782757386e-05,0.00021985215176887533,0.00012643538394130149,-0.0003132689195964492,0.0003132689195964492,10.0
kaituhi,-9.341676782757386e-05,0.00021985215176887533,0.00012643538394130149,-0.0003132689195964492,0.0003132689195964492,9.0
kaitunu,-9.341676782757386e-05,0.00021985215176887533,0.00012643538394130149,-0.0003132689195964492,0.0003132689195964492,9.0
kaitā,-3.552439342420572e-05,4.180252922586344e-05,6.2781358016577234e-06,-7.732692265006915e-05,7.732692265006915e-05,11.0
kaitākaro,7.947867119576885e-05,-6.234982322935476e-05,1.712884796641409e-05,0.0001418284944251236,0.0001418284944251236,15.0
kaitātaki,-9.341676782757386e-05,0.00021985215176887533,0.00012643538394130149,-0.0003132689195964492,0.0003132689195964492,9.0
kaiwaiata,-9.341676782757386e-05,0.00021985215176887533,0.00012643538394130149,-0.0003132689195964492,0.0003132689195964492,9.0
kaiwero,-9.341676782757386e-05,0.00021985215176887533,0.00012643538394130149,-0.0003132689195964492,0.0003132689195964492,10.0
kaiwhakahaere,-0.00021332642605373733,0.0015061623803013164,0.001292835954247579,-0.0017194888063550538,0.0017194888063550538,39.0
kaiwhakahaeretanga,-9.341676782757386e-05,0.00021985215176887533,0.00012643538394130149,-0.0003132689195964492,0.0003132689195964492,8.0
kaiwhakahau,-9.341676782757386e-05,0.00021985215176887533,0.00012643538394130149,-0.0003132689195964492,0.0003132689195964492,10.0
kaiwhakahē,-9.341676782757386e-05,0.00021985215176887533,0.00012643538394130149,-0.0003132689195964492,0.0003132689195964492,9.0
kaiwhakairo,-9.341676782757386e-05,0.00021985215176887533,0.00012643538394130149,-0.0003132689195964492,0.0003132689195964492,9.0
kaiwhakamārama,-9.341676782757386e-05,0.00021985215176887533,0.00012643538394130149,-0.0003132689195964492,0.0003132689195964492,9.0
kaiwhakamātautau,-9.341676782757386e-05,0.00021985215176887533,0.00012643538394130149,-0.0003132689195964492,0.0003132689195964492,9.0
kaiwhakaora,-9.341676782757386e-05,0.00021985215176887533,0.00012643538394130149,-0.0003132689195964492,0.0003132689195964492,9.0
kaiwhakarite,-9.341676782757386e-05,0.00021985215176887533,0.00012643538394130149,-0.0003132689195964492,0.0003132689195964492,10.0
kaiwhakatuwhera,-9.341676782757386e-05,0.00021985215176887533,0.00012643538394130149,-0.0003132689195964492,0.0003132689195964492,10.0
kaiwhakawā,-9.341676782757386e-05,0.00021985215176887533,0.00012643538394130149,-0.0003132689195964492,0.0003132689195964492,11.0
kaiwhiriwhiri,-9.341676782757386e-05,0.00021985215176887533,0.00012643538394130149,-0.0003132689195964492,0.0003132689195964492,10.0
kaiwhāngai,-9.341676782757386e-05,0.00021985215176887533,0.00012643538394130149,-0.0003132689195964492,0.0003132689195964492,9.0
kaiārahi,-0.00014748504215064416,0.0002313995986273143,8.391455647667015e-05,-0.0003788846407779585,0.0003788846407779585,20.0
kaiāwhina,-9.341676782757386e-05,0.00021985215176887533,0.00012643538394130149,-0.0003132689195964492,0.0003132689195964492,11.0
kakai,-9.341676782757386e-05,0.00021985215176887533,0.00012643538394130149,-0.0003132689195964492,0.0003132689195964492,9.0
kakama,-9.341676782757386e-05,0.00021985215176887533,0.00012643538394130149,-0.0003132689195964492,0.0003132689195964492,10.0
kakapa,-9.341676782757386e-05,0.00021985215176887533,0.00012643538394130149,-0.0003132689195964492,0.0003132689195964492,9.0
kakara,7.947867119576885e-05,-6.234982322935476e-05,1.712884796641409e-05,0.0001418284944251236,0.0001418284944251236,15.0
kakau,-9.341676782757386e-05,0.00021985215176887533,0.00012643538394130149,-0.0003132689195964492,0.0003132689195964492,9.0
kake,-9.341676782757386e-05,0.00021985215176887533,0.00012643538394130149,-0.0003132689195964492,0.0003132689195964492,25.0
kakī,-9.341676782757386e-05,0.00021985215176887533,0.00012643538394130149,-0.0003132689195964492,0.0003132689195964492,13.0
kamakama,-9.341676782757386e-05,0.00021985215176887533,0.00012643538394130149,-0.0003132689195964492,0.0003132689195964492,12.0
kame,-9.341676782757386e-05,0.00021985215176887533,0.00012643538394130149,-0.0003132689195964492,0.0003132689195964492,9.0
kamupene,0.00023156949761347255,-0.00013624709331714845,9.53224042963241e-05,0.00036781659093062104,0.00036781659093062104,17.0
kanapa,-9.341676782757386e-05,0.00021985215176887533,0.00012643538394130149,-0.0003132689195964492,0.0003132689195964492,10.0
kanga,-9.341676782757386e-05,0.00021985215176887533,0.00012643538394130149,-0.0003132689195964492,0.0003132689195964492,11.0
kangakanga,-9.341676782757386e-05,0.00021985215176887533,0.00012643538394130149,-0.0003132689195964492,0.0003132689195964492,9.0
kani,-9.341676782757386e-05,0.00021985215176887533,0.00012643538394130149,-0.0003132689195964492,0.0003132689195964492,10.0
kanohi,0.001068375564150713,-0.0003142967158601603,0.0007540788482905526,0.0013826722800108734,0.0013826722800108734,40.0
kanohinohi,-9.341676782757386e-05,0.00021985215176887533,0.00012643538394130149,-0.0003132689195964492,0.0003132689195964492,9.0
kao,-9.341676782757386e-05,0.00021985215176887533,0.00012643538394130149,-0.0003132689195964492,0.0003132689195964492,9.0
kaokao,-3.552439342420572e-05,4.180252922586344e-05,6.2781358016577234e-06,-7.732692265006915e-05,7.732692265006915e-05,9.0
kapa,-3.552439342420572e-05,4.180252922586344e-05,6.2781358016577234e-06,-7.732692265006915e-05,7.732692265006915e-05,10.0
kape,-3.552439342420572e-05,4.180252922586344e-05,6.2781358016577234e-06,-7.732692265006915e-05,7.732692265006915e-05,14.0
kapehanga,-9.341676782757386e-05,0.00021985215176887533,0.00012643538394130149,-0.0003132689195964492,0.0003132689195964492,9.0
kapi,-0.00016907133894304485,0.0007958035486237744,0.0006267322096807296,-0.0009648748875668193,0.0009648748875668193,43.0
kapo,-0.00016907133894304485,0.0007958035486237744,0.0006267322096807296,-0.0009648748875668193,0.0009648748875668193,20.0
kaporeihana,7.947867119576885e-05,-6.234982322935476e-05,1.712884796641409e-05,0.0001418284944251236,0.0001418284944251236,11.0
kapu,0.000411238531760461,-0.00019356626909783424,0.00021767226266262676,0.0006048048008582953,0.0006048048008582953,14.0
kapu-ā-rangi,-9.341676782757386e-05,0.00021985215176887533,0.00012643538394130149,-0.0003132689195964492,0.0003132689195964492,9.0
kapua,-9.341676782757386e-05,0.00021985215176887533,0.00012643538394130149,-0.0003132689195964492,0.0003132689195964492,11.0
kara,0.00023156949761347255,-0.00013624709331714845,9.53224042963241e-05,0.00036781659093062104,0.00036781659093062104,20.0
karaehe,-9.341676782757386e-05,0.00021985215176887533,0.00012643538394130149,-0.0003132689195964492,0.0003132689195964492,11.0
karahipi,-9.341676782757386e-05,0.00021985215176887533,0.00012643538394130149,-0.0003132689195964492,0.0003132689195964492,9.0
karaipiture,7.947867119576885e-05,-6.234982322935476e-05,1.712884796641409e-05,0.0001418284944251236,0.0001418284944251236,12.0
karakia,7.947867119576885e-05,-6.234982322935476e-05,1.712884796641409e-05,0.0001418284944251236,0.0001418284944251236,45.0
karamui,-9.341676782757386e-05,0.00021985215176887533,0.00012643538394130149,-0.0003132689195964492,0.0003132689195964492,9.0
karamuimui,-9.341676782757386e-05,0.00021985215176887533,0.00012643538394130149,-0.0003132689195964492,0.0003132689195964492,13.0
karanga,0.0019871679017738615,-0.0012307131772312059,0.0007564547245426556,0.0032178810790050674,0.0032178810790050674,283.0
karangatanga,7.947867119576885e-05,-6.234982322935476e-05,1.712884796641409e-05,0.0001418284944251236,0.0001418284944251236,10.0
karapoti,-9.341676782757386e-05,0.00021985215176887533,0.00012643538394130149,-0.0003132689195964492,0.0003132689195964492,10.0
karapu,-9.341676782757386e-05,0.00021985215176887533,0.00012643538394130149,-0.0003132689195964492,0.0003132689195964492,13.0
kararehe,-9.341676782757386e-05,0.00021985215176887533,0.00012643538394130149,-0.0003132689195964492,0.0003132689195964492,9.0
karauna,0.00023156949761347255,-0.00013624709331714845,9.53224042963241e-05,0.00036781659093062104,0.00036781659093062104,32.0
karawhiu,-9.341676782757386e-05,0.00021985215176887533,0.00012643538394130149,-0.0003132689195964492,0.0003132689195964492,18.0
karawhiuwhiu,0.0006128847690843637,-0.00024039944577236664,0.0003724853233119971,0.0008532842148567304,0.0008532842148567304,14.0
kare,7.947867119576885e-05,-6.234982322935476e-05,1.712884796641409e-05,0.0001418284944251236,0.0001418284944251236,10.0
karere,0.0008328072533872049,-0.0002799963324477477,0.0005528109209394572,0.0011128035858349525,0.0011128035858349525,23.0
kari,-9.341676782757386e-05,0.00021985215176887533,0.00012643538394130149,-0.0003132689195964492,0.0003132689195964492,8.0
karikari,-9.341676782757386e-05,0.00021985215176887533,0.00012643538394130149,-0.0003132689195964492,0.0003132689195964492,11.0
karo,-9.341676782757386e-05,0.00021985215176887533,0.00012643538394130149,-0.0003132689195964492,0.0003132689195964492,13.0
karu,-3.552439342420572e-05,4.180252922586344e-05,6.2781358016577234e-06,-7.732692265006915e-05,7.732692265006915e-05,10.0
kata,-3.552439342420572e-05,4.180252922586344e-05,6.2781358016577234e-06,-7.732692265006915e-05,7.732692265006915e-05,26.0
katakata,-9.341676782757386e-05,0.00021985215176887533,0.00012643538394130149,-0.0003132689195964492,0.0003132689195964492,17.0
kati,-0.00014748504215064416,0.0002313995986273143,8.391455647667015e-05,-0.0003788846407779585,0.0003788846407779585,68.0
katikati,-9.341676782757386e-05,0.00021985215176887533,0.00012643538394130149,-0.0003132689195964492,0.0003132689195964492,9.0
katinga,0.00023156949761347255,-0.00013624709331714845,9.53224042963241e-05,0.00036781659093062104,0.00036781659093062104,11.0
kau,-3.552439342420572e-05,4.180252922586344e-05,6.2781358016577234e-06,-7.732692265006915e-05,7.732692265006915e-05,12.0
kaua,-9.341676782757386e-05,0.00021985215176887533,0.00012643538394130149,-0.0003132689195964492,0.0003132689195964492,134.0
kauae,0.000411238531760461,-0.00019356626909783424,0.00021767226266262676,0.0006048048008582953,0.0006048048008582953,12.0
kauaka,-9.341676782757386e-05,0.00021985215176887533,0.00012643538394130149,-0.0003132689195964492,0.0003132689195964492,9.0
kauhanga-nui,-9.341676782757386e-05,0.00021985215176887533,0.00012643538394130149,-0.0003132689195964492,0.0003132689195964492,9.0
kauhau,-9.341676782757386e-05,0.00021985215176887533,0.00012643538394130149,-0.0003132689195964492,0.0003132689195964492,20.0
kauhoe,-9.341676782757386e-05,0.00021985215176887533,0.00012643538394130149,-0.0003132689195964492,0.0003132689195964492,11.0
kaukau,-9.341676782757386e-05,0.00021985215176887533,0.00012643538394130149,-0.0003132689195964492,0.0003132689195964492,15.0
kaumātua,7.947867119576885e-05,-6.234982322935476e-05,1.712884796641409e-05,0.0001418284944251236,0.0001418284944251236,41.0
kaunihera,0.0015790227746756318,-0.00037161589164084617,0.0012074068830347858,0.0019506386663164779,0.0019506386663164779,52.0
kaupapa,0.03783197701492847,-0.0009471899191969617,0.03688478709573151,0.038779166934125434,0.038779166934125434,307.0
kaute,-0.00016907133894304485,0.0007958035486237744,0.0006267322096807296,-0.0009648748875668193,0.0009648748875668193,25.0
kawa,0.00023156949761347255,-0.00013624709331714845,9.53224042963241e-05,0.00036781659093062104,0.00036781659093062104,28.0
kawau,-9.341676782757386e-05,0.00021985215176887533,0.00012643538394130149,-0.0003132689195964492,0.0003132689195964492,11.0
kawe,-0.0016251396100726947,0.008499317354502973,0.006874177744430278,-0.010124456964575668,0.010124456964575668,125.0
kawenata,-9.341676782757386e-05,0.00021985215176887533,0.00012643538394130149,-0.0003132689195964492,0.0003132689195964492,17.0
kawenga,-9.341676782757386e-05,0.00021985215176887533,0.00012643538394130149,-0.0003132689195964492,0.0003132689195964492,9.0
kemokemo,-9.341676782757386e-05,0.00021985215176887533,0.00012643538394130149,-0.0003132689195964492,0.0003132689195964492,9.0
kere,-9.341676782757386e-05,0.00021985215176887533,0.00012643538394130149,-0.0003132689195964492,0.0003132689195964492,10.0
kereimi,-9.341676782757386e-05,0.00021985215176887533,0.00012643538394130149,-0.0003132689195964492,0.0003132689195964492,9.0
kererū,-9.341676782757386e-05,0.00021985215176887533,0.00012643538394130149,-0.0003132689195964492,0.0003132689195964492,9.0
keri,-9.341676782757386e-05,0.00021985215176887533,0.00012643538394130149,-0.0003132689195964492,0.0003132689195964492,11.0
kerikeri,-3.552439342420572e-05,4.180252922586344e-05,6.2781358016577234e-06,-7.732692265006915e-05,7.732692265006915e-05,13.0
kerēme,-3.552439342420572e-05,4.180252922586344e-05,6.2781358016577234e-06,-7.732692265006915e-05,7.732692265006915e-05,14.0
kerēmu,-0.00016907133894304485,0.0007958035486237744,0.0006267322096807296,-0.0009648748875668193,0.0009648748875668193,9.0
kete,-3.552439342420572e-05,4.180252922586344e-05,6.2781358016577234e-06,-7.732692265006915e-05,7.732692265006915e-05,18.0
kiki,-3.552439342420572e-05,4.180252922586344e-05,6.2781358016577234e-06,-7.732692265006915e-05,7.732692265006915e-05,13.0
kikingia,-9.341676782757386e-05,0.00021985215176887533,0.00012643538394130149,-0.0003132689195964492,0.0003132689195964492,9.0
kikino,-9.341676782757386e-05,0.00021985215176887533,0.00012643538394130149,-0.0003132689195964492,0.0003132689195964492,10.0
kikiri-o-te-rangi,-9.341676782757386e-05,0.00021985215176887533,0.00012643538394130149,-0.0003132689195964492,0.0003132689195964492,9.0
kiko,-9.341676782757386e-05,0.00021985215176887533,0.00012643538394130149,-0.0003132689195964492,0.0003132689195964492,14.0
kikokiko,-9.341676782757386e-05,0.00021985215176887533,0.00012643538394130149,-0.0003132689195964492,0.0003132689195964492,9.0
kikī,-9.341676782757386e-05,0.00021985215176887533,0.00012643538394130149,-0.0003132689195964492,0.0003132689195964492,10.0
kimi,-0.0006762853557721794,0.0031832141944950977,0.0025069288387229182,-0.0038594995502672772,0.0038594995502672772,114.0
kimihanga,-3.552439342420572e-05,4.180252922586344e-05,6.2781358016577234e-06,-7.732692265006915e-05,7.732692265006915e-05,9.0
kimikimi,7.947867119576885e-05,-6.234982322935476e-05,1.712884796641409e-05,0.0001418284944251236,0.0001418284944251236,11.0
kino,7.947867119576885e-05,-6.234982322935476e-05,1.712884796641409e-05,0.0001418284944251236,0.0001418284944251236,23.0
kinokino,-9.341676782757386e-05,0.00021985215176887533,0.00012643538394130149,-0.0003132689195964492,0.0003132689195964492,9.0
kiore,-3.552439342420572e-05,4.180252922586344e-05,6.2781358016577234e-06,-7.732692265006915e-05,7.732692265006915e-05,22.0
kiri,-0.00016907133894304485,0.0007958035486237744,0.0006267322096807296,-0.0009648748875668193,0.0009648748875668193,13.0
kirimina,-9.341676782757386e-05,0.00021985215176887533,0.00012643538394130149,-0.0003132689195964492,0.0003132689195964492,10.0
kirīmi,-9.341676782757386e-05,0.00021985215176887533,0.00012643538394130149,-0.0003132689195964492,0.0003132689195964492,12.0
kita,-9.341676782757386e-05,0.00021985215176887533,0.00012643538394130149,-0.0003132689195964492,0.0003132689195964492,10.0
kite,0.00025028660263637473,-0.0002243955185355365,2.589108410083822e-05,0.00047468212117191124,0.00047468212117191124,1410.0
kiteatangahia,0.000411238531760461,-0.00019356626909783424,0.00021767226266262676,0.0006048048008582953,0.0006048048008582953,12.0
kitekite,-9.341676782757386e-05,0.00021985215176887533,0.00012643538394130149,-0.0003132689195964492,0.0003132689195964492,19.0
kitenga,0.002424999355831583,-0.0004390097432893155,0.0019859896125422674,0.002864009099120899,0.002864009099120899,24.0
kitetanga,0.00023156949761347255,-0.00013624709331714845,9.53224042963241e-05,0.00036781659093062104,0.00036781659093062104,12.0
kitā,-9.341676782757386e-05,0.00021985215176887533,0.00012643538394130149,-0.0003132689195964492,0.0003132689195964492,8.0
kiwifruit,-9.341676782757386e-05,0.00021985215176887533,0.00012643538394130149,-0.0003132689195964492,0.0003132689195964492,10.0
koa,0.000411238531760461,-0.00019356626909783424,0.00021767226266262676,0.0006048048008582953,0.0006048048008582953,66.0
koakoa,-9.341676782757386e-05,0.00021985215176887533,0.00012643538394130149,-0.0003132689195964492,0.0003132689195964492,9.0
koata,-3.552439342420572e-05,4.180252922586344e-05,6.2781358016577234e-06,-7.732692265006915e-05,7.732692265006915e-05,11.0
koemi,-9.341676782757386e-05,0.00021985215176887533,0.00012643538394130149,-0.0003132689195964492,0.0003132689195964492,9.0
koha,-0.00018683353565514772,0.00043970430353775067,0.00025287076788260297,-0.0006265378391928984,0.0006265378391928984,14.0
kohete,-9.341676782757386e-05,0.00021985215176887533,0.00012643538394130149,-0.0003132689195964492,0.0003132689195964492,12.0
kohi,-0.00021332642605373733,0.0015061623803013164,0.001292835954247579,-0.0017194888063550538,0.0017194888063550538,31.0
kohikohi,-0.0002480691352911813,0.000437864645043245,0.00018979550975206367,-0.0006859337803344263,0.0006859337803344263,36.0
kohinga,-3.552439342420572e-05,4.180252922586344e-05,6.2781358016577234e-06,-7.732692265006915e-05,7.732692265006915e-05,10.0
kohu,7.947867119576885e-05,-6.234982322935476e-05,1.712884796641409e-05,0.0001418284944251236,0.0001418284944251236,10.0
kohukohu,-9.341676782757386e-05,0.00021985215176887533,0.00012643538394130149,-0.0003132689195964492,0.0003132689195964492,12.0
koi,-9.341676782757386e-05,0.00021985215176887533,0.00012643538394130149,-0.0003132689195964492,0.0003132689195964492,12.0
koira,-9.341676782757386e-05,0.00021985215176887533,0.00012643538394130149,-0.0003132689195964492,0.0003132689195964492,10.0
koke,-9.341676782757386e-05,0.00021985215176887533,0.00012643538394130149,-0.0003132689195964492,0.0003132689195964492,10.0
koko-hinga,-9.341676782757386e-05,0.00021985215176887533,0.00012643538394130149,-0.0003132689195964492,0.0003132689195964492,10.0
kokonga,-3.552439342420572e-05,4.180252922586344e-05,6.2781358016577234e-06,-7.732692265006915e-05,7.732692265006915e-05,9.0
komiti,0.0021336243915543794,-0.0004184490683153785,0.0017151753232390009,0.002552073459869758,0.002552073459869758,33.0
konei,-0.00024472591005851585,0.0023038055874195964,0.0020590796773610805,-0.0025485314974781122,0.0025485314974781122,11.0
konohi,-3.552439342420572e-05,4.180252922586344e-05,6.2781358016577234e-06,-7.732692265006915e-05,7.732692265006915e-05,10.0
konā,-0.00016907133894304485,0.0007958035486237744,0.0006267322096807296,-0.0009648748875668193,0.0009648748875668193,9.0
koporeihana,-9.341676782757386e-05,0.00021985215176887533,0.00012643538394130149,-0.0003132689195964492,0.0003132689195964492,12.0
kore,0.007664382874182851,-0.0010307302615428905,0.006633652612639961,0.008695113135725742,0.008695113135725742,611.0
korekore,-9.341676782757386e-05,0.00021985215176887533,0.00012643538394130149,-0.0003132689195964492,0.0003132689195964492,10.0
korenga,-9.341676782757386e-05,0.00021985215176887533,0.00012643538394130149,-0.0003132689195964492,0.0003132689195964492,8.0
koreretanga,-9.341676782757386e-05,0.00021985215176887533,0.00012643538394130149,-0.0003132689195964492,0.0003132689195964492,9.0
koretake,7.947867119576885e-05,-6.234982322935476e-05,1.712884796641409e-05,0.0001418284944251236,0.0001418284944251236,11.0
kori,-9.341676782757386e-05,0.00021985215176887533,0.00012643538394130149,-0.0003132689195964492,0.0003132689195964492,10.0
korikori,-9.341676782757386e-05,0.00021985215176887533,0.00012643538394130149,-0.0003132689195964492,0.0003132689195964492,17.0
korohuhū,-9.341676782757386e-05,0.00021985215176887533,0.00012643538394130149,-0.0003132689195964492,0.0003132689195964492,9.0
korokoro,-9.341676782757386e-05,0.00021985215176887533,0.00012643538394130149,-0.0003132689195964492,0.0003132689195964492,9.0
korokē,-9.341676782757386e-05,0.00021985215176887533,0.00012643538394130149,-0.0003132689195964492,0.0003132689195964492,9.0
koropiko,-9.341676782757386e-05,0.00021985215176887533,0.00012643538394130149,-0.0003132689195964492,0.0003132689195964492,12.0
koropupū,-9.341676782757386e-05,0.00021985215176887533,0.00012643538394130149,-0.0003132689195964492,0.0003132689195964492,9.0
koroua,0.00023156949761347255,-0.00013624709331714845,9.53224042963241e-05,0.00036781659093062104,0.00036781659093062104,41.0
korowai,-3.552439342420572e-05,4.180252922586344e-05,6.2781358016577234e-06,-7.732692265006915e-05,7.732692265006915e-05,15.0
korowhiti,-9.341676782757386e-05,0.00021985215176887533,0.00012643538394130149,-0.0003132689195964492,0.0003132689195964492,9.0
koru,-9.341676782757386e-05,0.00021985215176887533,0.00012643538394130149,-0.0003132689195964492,0.0003132689195964492,9.0
koruru,-9.341676782757386e-05,0.00021985215176887533,0.00012643538394130149,-0.0003132689195964492,0.0003132689195964492,9.0
korōria,7.947867119576885e-05,-6.234982322935476e-05,1.712884796641409e-05,0.0001418284944251236,0.0001418284944251236,12.0
kotahi,0.009910083750765948,-0.0006859686868173465,0.009224115063948601,0.010596052437583294,0.010596052437583294,110.0
kotahitanga,-9.341676782757386e-05,0.00021985215176887533,0.00012643538394130149,-0.0003132689195964492,0.0003132689195964492,13.0
koti,-9.341676782757386e-05,0.00021985215176887533,0.00012643538394130149,-0.0003132689195964492,0.0003132689195964492,12.0
kotiti,-0.00016907133894304485,0.0007958035486237744,0.0006267322096807296,-0.0009648748875668193,0.0009648748875668193,16.0
kou,-9.341676782757386e-05,0.00021985215176887533,0.00012643538394130149,-0.0003132689195964492,0.0003132689195964492,9.0
koukou,-9.341676782757386e-05,0.00021985215176887533,0.00012643538394130149,-0.0003132689195964492,0.0003132689195964492,10.0
koura,-9.341676782757386e-05,0.00021985215176887533,0.00012643538394130149,-0.0003132689195964492,0.0003132689195964492,9.0
kuaka,-9.341676782757386e-05,0.00021985215176887533,0.00012643538394130149,-0.0003132689195964492,0.0003132689195964492,9.0
kuhu,-0.00016907133894304485,0.0007958035486237744,0.0006267322096807296,-0.0009648748875668193,0.0009648748875668193,89.0
kuhukuhu,-9.341676782757386e-05,0.00021985215176887533,0.00012643538394130149,-0.0003132689195964492,0.0003132689195964492,9.0
kui,-0.00016907133894304485,0.0007958035486237744,0.0006267322096807296,-0.0009648748875668193,0.0009648748875668193,10.0
kuia,3.296567618310595e-05,-3.103329310964467e-05,1.932383073461279e-06,6.399896929275062e-05,6.399896929275062e-05,36.0
kuini,7.947867119576885e-05,-6.234982322935476e-05,1.712884796641409e-05,0.0001418284944251236,0.0001418284944251236,26.0
kuki,-9.341676782757386e-05,0.00021985215176887533,0.00012643538394130149,-0.0003132689195964492,0.0003132689195964492,11.0
kuku,-9.341676782757386e-05,0.00021985215176887533,0.00012643538394130149,-0.0003132689195964492,0.0003132689195964492,10.0
kukume,-9.341676782757386e-05,0.00021985215176887533,0.00012643538394130149,-0.0003132689195964492,0.0003132689195964492,15.0
kume,-3.552439342420572e-05,4.180252922586344e-05,6.2781358016577234e-06,-7.732692265006915e-05,7.732692265006915e-05,20.0
kumeatanga,-9.341676782757386e-05,0.00021985215176887533,0.00012643538394130149,-0.0003132689195964492,0.0003132689195964492,8.0
kumekume,-9.341676782757386e-05,0.00021985215176887533,0.00012643538394130149,-0.0003132689195964492,0.0003132689195964492,11.0
kupenga,-3.552439342420572e-05,4.180252922586344e-05,6.2781358016577234e-06,-7.732692265006915e-05,7.732692265006915e-05,13.0
kupu,0.000411238531760461,-0.00019356626909783424,0.00021767226266262676,0.0006048048008582953,0.0006048048008582953,31.0
kura,0.012529649186313909,-0.0012035903882427175,0.011326058798071192,0.013733239574556626,0.013733239574556626,118.0
kuratini,0.00023156949761347255,-0.00013624709331714845,9.53224042963241e-05,0.00036781659093062104,0.00036781659093062104,11.0
kuruwhengu,-9.341676782757386e-05,0.00021985215176887533,0.00012643538394130149,-0.0003132689195964492,0.0003132689195964492,9.0
kuruwhiku,-9.341676782757386e-05,0.00021985215176887533,0.00012643538394130149,-0.0003132689195964492,0.0003132689195964492,9.0
kurī,-9.341676782757386e-05,0.00021985215176887533,0.00012643538394130149,-0.0003132689195964492,0.0003132689195964492,12.0
kurī-ā-paoa,-9.341676782757386e-05,0.00021985215176887533,0.00012643538394130149,-0.0003132689195964492,0.0003132689195964492,9.0
kuti,-9.341676782757386e-05,0.00021985215176887533,0.00012643538394130149,-0.0003132689195964492,0.0003132689195964492,10.0
kutikuti,-9.341676782757386e-05,0.00021985215176887533,0.00012643538394130149,-0.0003132689195964492,0.0003132689195964492,9.0
kā,-9.341676782757386e-05,0.00021985215176887533,0.00012643538394130149,-0.0003132689195964492,0.0003132689195964492,17.0
kāhaki,-9.341676782757386e-05,0.00021985215176887533,0.00012643538394130149,-0.0003132689195964492,0.0003132689195964492,19.0
kāhore,-9.341676782757386e-05,0.00021985215176887533,0.00012643538394130149,-0.0003132689195964492,0.0003132689195964492,9.0
kāhui,-3.552439342420572e-05,4.180252922586344e-05,6.2781358016577234e-06,-7.732692265006915e-05,7.732692265006915e-05,11.0
kāinga,0.0013176229376227774,-0.0003445517982275848,0.0009730711393951927,0.0016621747358503622,0.0016621747358503622,48.0
kākahi,-9.341676782757386e-05,0.00021985215176887533,0.00012643538394130149,-0.0003132689195964492,0.0003132689195964492,10.0
kākahu,0.000411238531760461,-0.00019356626909783424,0.00021767226266262676,0.0006048048008582953,0.0006048048008582953,27.0
kākai,-9.341676782757386e-05,0.00021985215176887533,0.00012643538394130149,-0.0003132689195964492,0.0003132689195964492,9.0
kākano,-3.552439342420572e-05,4.180252922586344e-05,6.2781358016577234e-06,-7.732692265006915e-05,7.732692265006915e-05,20.0
kākā,-9.341676782757386e-05,0.00021985215176887533,0.00012643538394130149,-0.0003132689195964492,0.0003132689195964492,9.0
kānataraka,-9.341676782757386e-05,0.00021985215176887533,0.00012643538394130149,-0.0003132689195964492,0.0003132689195964492,11.0
kānga,-9.341676782757386e-05,0.00021985215176887533,0.00012643538394130149,-0.0003132689195964492,0.0003132689195964492,9.0
kāore,-9.341676782757386e-05,0.00021985215176887533,0.00012643538394130149,-0.0003132689195964492,0.0003132689195964492,9.0
kāpene,-9.341676782757386e-05,0.00021985215176887533,0.00012643538394130149,-0.0003132689195964492,0.0003132689195964492,15.0
kāpuapua,-9.341676782757386e-05,0.00021985215176887533,0.00012643538394130149,-0.0003132689195964492,0.0003132689195964492,9.0
kāpō,-3.552439342420572e-05,4.180252922586344e-05,6.2781358016577234e-06,-7.732692265006915e-05,7.732692265006915e-05,12.0
kārangirangi,-9.341676782757386e-05,0.00021985215176887533,0.00012643538394130149,-0.0003132689195964492,0.0003132689195964492,10.0
kāre,-9.341676782757386e-05,0.00021985215176887533,0.00012643538394130149,-0.0003132689195964492,0.0003132689195964492,10.0
kāreti,-3.552439342420572e-05,4.180252922586344e-05,6.2781358016577234e-06,-7.732692265006915e-05,7.732692265006915e-05,10.0
kārewa,-9.341676782757386e-05,0.00021985215176887533,0.00012643538394130149,-0.0003132689195964492,0.0003132689195964492,9.0
kāuta,-9.341676782757386e-05,0.00021985215176887533,0.00012643538394130149,-0.0003132689195964492,0.0003132689195964492,9.0
kāwai,-3.552439342420572e-05,4.180252922586344e-05,6.2781358016577234e-06,-7.732692265006915e-05,7.732692265006915e-05,11.0
kāwana,-7.104878684841143e-05,8.360505845172688e-05,1.2556271603315447e-05,-0.0001546538453001383,0.0001546538453001383,54.0
kāwanatanga,0.0008328072533872049,-0.0002799963324477477,0.0005528109209394572,0.0011128035858349525,0.0011128035858349525,66.0
kāwhaki,-9.341676782757386e-05,0.00021985215176887533,0.00012643538394130149,-0.0003132689195964492,0.0003132689195964492,10.0
kēkete,-9.341676782757386e-05,0.00021985215176887533,0.00012643538394130149,-0.0003132689195964492,0.0003132689195964492,9.0
kēkē,-3.552439342420572e-05,4.180252922586344e-05,6.2781358016577234e-06,-7.732692265006915e-05,7.732692265006915e-05,9.0
kēmu,0.002424999355831583,-0.0004390097432893155,0.0019859896125422674,0.002864009099120899,0.002864009099120899,31.0
kēti,-9.341676782757386e-05,0.00021985215176887533,0.00012643538394130149,-0.0003132689195964492,0.0003132689195964492,9.0
kī,-0.001480125746126314,0.022293818995751207,0.02081369324962489,-0.023773944741877523,0.023773944741877523,671.0
kīanga,7.947867119576885e-05,-6.234982322935476e-05,1.712884796641409e-05,0.0001418284944251236,0.0001418284944251236,10.0
kīhai,-9.341676782757386e-05,0.00021985215176887533,0.00012643538394130149,-0.0003132689195964492,0.0003132689195964492,9.0
kīkī,-9.341676782757386e-05,0.00021985215176887533,0.00012643538394130149,-0.0003132689195964492,0.0003132689195964492,9.0
kīnaki,-0.00016907133894304485,0.0007958035486237744,0.0006267322096807296,-0.0009648748875668193,0.0009648748875668193,12.0
kīngi,-9.341676782757386e-05,0.00021985215176887533,0.00012643538394130149,-0.0003132689195964492,0.0003132689195964492,11.0
kīngitanga,7.947867119576885e-05,-6.234982322935476e-05,1.712884796641409e-05,0.0001418284944251236,0.0001418284944251236,14.0
kō,-9.341676782757386e-05,0.00021985215176887533,0.00012643538394130149,-0.0003132689195964492,0.0003132689195964492,9.0
kōanga,7.947867119576885e-05,-6.234982322935476e-05,1.712884796641409e-05,0.0001418284944251236,0.0001418284944251236,10.0
kōauau,-9.341676782757386e-05,0.00021985215176887533,0.00012643538394130149,-0.0003132689195964492,0.0003132689195964492,9.0
kōemiemi,-9.341676782757386e-05,0.00021985215176887533,0.00012643538394130149,-0.0003132689195964492,0.0003132689195964492,9.0
kōhamo,-3.552439342420572e-05,4.180252922586344e-05,6.2781358016577234e-06,-7.732692265006915e-05,7.732692265006915e-05,10.0
kōhanga,-9.341676782757386e-05,0.00021985215176887533,0.00012643538394130149,-0.0003132689195964492,0.0003132689195964492,20.0
kōhao,-9.341676782757386e-05,0.00021985215176887533,0.00012643538394130149,-0.0003132689195964492,0.0003132689195964492,9.0
kōhatu,0.000411238531760461,-0.00019356626909783424,0.00021767226266262676,0.0006048048008582953,0.0006048048008582953,17.0
kōhue,-9.341676782757386e-05,0.00021985215176887533,0.00012643538394130149,-0.0003132689195964492,0.0003132689195964492,9.0
kōhungahunga,-9.341676782757386e-05,0.00021985215176887533,0.00012643538394130149,-0.0003132689195964492,0.0003132689195964492,9.0
kōhuru,-0.0006179874327752257,0.0025452097362963213,0.0019272223035210955,-0.003163197169071547,0.003163197169071547,18.0
kōhūhū,-9.341676782757386e-05,0.00021985215176887533,0.00012643538394130149,-0.0003132689195964492,0.0003132689195964492,10.0
kōingo,-9.341676782757386e-05,0.00021985215176887533,0.00012643538394130149,-0.0003132689195964492,0.0003132689195964492,9.0
kōkiri,-0.00024472591005851585,0.0023038055874195964,0.0020590796773610805,-0.0025485314974781122,0.0025485314974781122,40.0
kōkōtanga,7.947867119576885e-05,-6.234982322935476e-05,1.712884796641409e-05,0.0001418284944251236,0.0001418284944251236,10.0
kōmihana,0.0006128847690843637,-0.00024039944577236664,0.0003724853233119971,0.0008532842148567304,0.0008532842148567304,22.0
kōnui,-9.341676782757386e-05,0.00021985215176887533,0.00012643538394130149,-0.0003132689195964492,0.0003132689195964492,8.0
kōpaki,7.947867119576885e-05,-6.234982322935476e-05,1.712884796641409e-05,0.0001418284944251236,0.0001418284944251236,13.0
kōpū,-3.552439342420572e-05,4.180252922586344e-05,6.2781358016577234e-06,-7.732692265006915e-05,7.732692265006915e-05,9.0
kōrero,-0.0059911800879529145,0.01879996299882682,0.012808782910873905,-0.024791143086779734,0.024791143086779734,992.0
kōrerorero,-9.341676782757386e-05,0.00021985215176887533,0.00012643538394130149,-0.0003132689195964492,0.0003132689195964492,23.0
kōrerotanga,0.00023156949761347255,-0.00013624709331714845,9.53224042963241e-05,0.00036781659093062104,0.00036781659093062104,12.0
kōroiroi,-9.341676782757386e-05,0.00021985215176887533,0.00012643538394130149,-0.0003132689195964492,0.0003132689195964492,8.0
kōrorirori,-9.341676782757386e-05,0.00021985215176887533,0.00012643538394130149,-0.0003132689195964492,0.0003132689195964492,10.0
kōti,0.0018513555234210355,-0.0003960983421428561,0.0014552571812781795,0.0022474538655638918,0.0022474538655638918,30.0
kōtiro,-9.341676782757386e-05,0.00021985215176887533,0.00012643538394130149,-0.0003132689195964492,0.0003132689195964492,9.0
kōtore,-3.552439342420572e-05,4.180252922586344e-05,6.2781358016577234e-06,-7.732692265006915e-05,7.732692265006915e-05,9.0
kōura,-9.341676782757386e-05,0.00021985215176887533,0.00012643538394130149,-0.0003132689195964492,0.0003132689195964492,9.0
kōwae,-9.341676782757386e-05,0.00021985215176887533,0.00012643538394130149,-0.0003132689195964492,0.0003132689195964492,9.0
kōwhaiwhaitanga,-3.552439342420572e-05,4.180252922586344e-05,6.2781358016577234e-06,-7.732692265006915e-05,7.732692265006915e-05,9.0
kōwhaki,-9.341676782757386e-05,0.00021985215176887533,0.00012643538394130149,-0.0003132689195964492,0.0003132689195964492,11.0
kū,-9.341676782757386e-05,0.00021985215176887533,0.00012643538394130149,-0.0003132689195964492,0.0003132689195964492,9.0
kūare,0.000411238531760461,-0.00019356626909783424,0.00021767226266262676,0.0006048048008582953,0.0006048048008582953,20.0
kūaretanga,-9.341676782757386e-05,0.00021985215176887533,0.00012643538394130149,-0.0003132689195964492,0.0003132689195964492,9.0
kūkū,-9.341676782757386e-05,0.00021985215176887533,0.00012643538394130149,-0.0003132689195964492,0.0003132689195964492,9.0
kūpapa,-9.341676782757386e-05,0.00021985215176887533,0.00012643538394130149,-0.0003132689195964492,0.0003132689195964492,9.0
kūpeke,-9.341676782757386e-05,0.00021985215176887533,0.00012643538394130149,-0.0003132689195964492,0.0003132689195964492,11.0
kūrararirari,-9.341676782757386e-05,0.00021985215176887533,0.00012643538394130149,-0.0003132689195964492,0.0003132689195964492,9.0
kūrarirari,-9.341676782757386e-05,0.00021985215176887533,0.00012643538394130149,-0.0003132689195964492,0.0003132689195964492,9.0
league,-9.341676782757386e-05,0.00021985215176887533,0.00012643538394130149,-0.0003132689195964492,0.0003132689195964492,9.0
local,7.947867119576885e-05,-6.234982322935476e-05,1.712884796641409e-05,0.0001418284944251236,0.0001418284944251236,11.0
maeko,-9.341676782757386e-05,0.00021985215176887533,0.00012643538394130149,-0.0003132689195964492,0.0003132689195964492,9.0
maha,0.004267248783108759,-0.000836898136630757,0.0034303506464780018,0.005104146919739516,0.005104146919739516,142.0
mahana,7.947867119576885e-05,-6.234982322935476e-05,1.712884796641409e-05,0.0001418284944251236,0.0001418284944251236,24.0
mahanatanga,-9.341676782757386e-05,0.00021985215176887533,0.00012643538394130149,-0.0003132689195964492,0.0003132689195964492,9.0
mahara,-3.552439342420572e-05,4.180252922586344e-05,6.2781358016577234e-06,-7.732692265006915e-05,7.732692265006915e-05,95.0
maharatanga,-9.341676782757386e-05,0.00021985215176887533,0.00012643538394130149,-0.0003132689195964492,0.0003132689195964492,10.0
mahau,0.000411238531760461,-0.00019356626909783424,0.00021767226266262676,0.0006048048008582953,0.0006048048008582953,15.0
mahea,-9.341676782757386e-05,0.00021985215176887533,0.00012643538394130149,-0.0003132689195964492,0.0003132689195964492,16.0
mahi,-0.00326008945988069,0.006074041581011973,0.0028139521211312836,-0.009334131040892663,0.009334131040892663,766.0
mahinga,-3.552439342420572e-05,4.180252922586344e-05,6.2781358016577234e-06,-7.732692265006915e-05,7.732692265006915e-05,11.0
mahue,-3.552439342420572e-05,4.180252922586344e-05,6.2781358016577234e-06,-7.732692265006915e-05,7.732692265006915e-05,83.0
mahuta,-9.341676782757386e-05,0.00021985215176887533,0.00012643538394130149,-0.0003132689195964492,0.0003132689195964492,9.0
maioha,-9.341676782757386e-05,0.00021985215176887533,0.00012643538394130149,-0.0003132689195964492,0.0003132689195964492,9.0
maita,-9.341676782757386e-05,0.00021985215176887533,0.00012643538394130149,-0.0003132689195964492,0.0003132689195964492,9.0
maka,-9.341676782757386e-05,0.00021985215176887533,0.00012643538394130149,-0.0003132689195964492,0.0003132689195964492,18.0
makamaka,-9.341676782757386e-05,0.00021985215176887533,0.00012643538394130149,-0.0003132689195964492,0.0003132689195964492,10.0
makariri,-9.341676782757386e-05,0.00021985215176887533,0.00012643538394130149,-0.0003132689195964492,0.0003132689195964492,10.0
makere,-9.341676782757386e-05,0.00021985215176887533,0.00012643538394130149,-0.0003132689195964492,0.0003132689195964492,47.0
mamae,0.0006128847690843637,-0.00024039944577236664,0.0003724853233119971,0.0008532842148567304,0.0008532842148567304,41.0
mamaetanga,-9.341676782757386e-05,0.00021985215176887533,0.00012643538394130149,-0.0003132689195964492,0.0003132689195964492,13.0
mamaha,-9.341676782757386e-05,0.00021985215176887533,0.00012643538394130149,-0.0003132689195964492,0.0003132689195964492,9.0
mamao,-9.341676782757386e-05,0.00021985215176887533,0.00012643538394130149,-0.0003132689195964492,0.0003132689195964492,9.0
mana,0.056921469446683644,-0.0010304777866990368,0.05589099165998461,0.05795194723338268,0.05795194723338268,349.0
manaaki,-0.0010116164532885808,0.02222074137005218,0.0212091249167636,-0.02323235782334076,0.02323235782334076,90.0
manaakitanga,-3.552439342420572e-05,4.180252922586344e-05,6.2781358016577234e-06,-7.732692265006915e-05,7.732692265006915e-05,9.0
manahau,-9.341676782757386e-05,0.00021985215176887533,0.00012643538394130149,-0.0003132689195964492,0.0003132689195964492,10.0
manako,-9.341676782757386e-05,0.00021985215176887533,0.00012643538394130149,-0.0003132689195964492,0.0003132689195964492,14.0
manatū,-9.341676782757386e-05,0.00021985215176887533,0.00012643538394130149,-0.0003132689195964492,0.0003132689195964492,10.0
manawa,-3.552439342420572e-05,4.180252922586344e-05,6.2781358016577234e-06,-7.732692265006915e-05,7.732692265006915e-05,22.0
manawanui,-9.341676782757386e-05,0.00021985215176887533,0.00012643538394130149,-0.0003132689195964492,0.0003132689195964492,11.0
manawapā,-9.341676782757386e-05,0.00021985215176887533,0.00012643538394130149,-0.0003132689195964492,0.0003132689195964492,16.0
mane,0.00023156949761347255,-0.00013624709331714845,9.53224042963241e-05,0.00036781659093062104,0.00036781659093062104,11.0
manene,-9.341676782757386e-05,0.00021985215176887533,0.00012643538394130149,-0.0003132689195964492,0.0003132689195964492,10.0
manga,-9.341676782757386e-05,0.00021985215176887533,0.00012643538394130149,-0.0003132689195964492,0.0003132689195964492,9.0
mangungu,-3.552439342420572e-05,4.180252922586344e-05,6.2781358016577234e-06,-7.732692265006915e-05,7.732692265006915e-05,9.0
manini,-9.341676782757386e-05,0.00021985215176887533,0.00012643538394130149,-0.0003132689195964492,0.0003132689195964492,8.0
mano,7.947867119576885e-05,-6.234982322935476e-05,1.712884796641409e-05,0.0001418284944251236,0.0001418284944251236,15.0
manu,-9.341676782757386e-05,0.00021985215176887533,0.00012643538394130149,-0.0003132689195964492,0.0003132689195964492,19.0
manuhiri,0.000411238531760461,-0.00019356626909783424,0.00021767226266262676,0.0006048048008582953,0.0006048048008582953,13.0
maoa,-9.341676782757386e-05,0.00021985215176887533,0.00012643538394130149,-0.0003132689195964492,0.0003132689195964492,13.0
mara,-9.341676782757386e-05,0.00021985215176887533,0.00012643538394130149,-0.0003132689195964492,0.0003132689195964492,11.0
marae,0.03630241565716397,-0.0009388582275059384,0.03536355742965803,0.037241273884669905,0.037241273884669905,177.0
marama,0.014493016026198862,-0.0007579702190942943,0.013735045807104567,0.015250986245293157,0.015250986245293157,59.0
maramataka,-9.341676782757386e-05,0.00021985215176887533,0.00012643538394130149,-0.0003132689195964492,0.0003132689195964492,10.0
maranga,-9.341676782757386e-05,0.00021985215176887533,0.00012643538394130149,-0.0003132689195964492,0.0003132689195964492,9.0
marangai,-9.341676782757386e-05,0.00021985215176887533,0.00012643538394130149,-0.0003132689195964492,0.0003132689195964492,11.0
marara,0.00023156949761347255,-0.00013624709331714845,9.53224042963241e-05,0.00036781659093062104,0.00036781659093062104,18.0
marautanga,-9.341676782757386e-05,0.00021985215176887533,0.00012643538394130149,-0.0003132689195964492,0.0003132689195964492,9.0
maremare,-9.341676782757386e-05,0.00021985215176887533,0.00012643538394130149,-0.0003132689195964492,0.0003132689195964492,10.0
marere,-9.341676782757386e-05,0.00021985215176887533,0.00012643538394130149,-0.0003132689195964492,0.0003132689195964492,9.0
mareti,-9.341676782757386e-05,0.00021985215176887533,0.00012643538394130149,-0.0003132689195964492,0.0003132689195964492,9.0
maringi,-3.552439342420572e-05,4.180252922586344e-05,6.2781358016577234e-06,-7.732692265006915e-05,7.732692265006915e-05,15.0
marino,-9.341676782757386e-05,0.00021985215176887533,0.00012643538394130149,-0.0003132689195964492,0.0003132689195964492,17.0
maro,-9.341676782757386e-05,0.00021985215176887533,0.00012643538394130149,-0.0003132689195964492,0.0003132689195964492,10.0
maroke,-9.341676782757386e-05,0.00021985215176887533,0.00012643538394130149,-0.0003132689195964492,0.0003132689195964492,13.0
maru,0.019372425974496767,-0.0008141452000767833,0.018558280774419983,0.02018657117457355,0.02018657117457355,67.0
marumaru,0.00023156949761347255,-0.00013624709331714845,9.53224042963241e-05,0.00036781659093062104,0.00036781659093062104,11.0
marū,-9.341676782757386e-05,0.00021985215176887533,0.00012643538394130149,-0.0003132689195964492,0.0003132689195964492,9.0
mata,0.006082958489880063,-0.0005964986908583905,0.0054864597990216726,0.0066794571807384535,0.0066794571807384535,43.0
mataara,-9.341676782757386e-05,0.00021985215176887533,0.00012643538394130149,-0.0003132689195964492,0.0003132689195964492,25.0
matakite,-3.552439342420572e-05,4.180252922586344e-05,6.2781358016577234e-06,-7.732692265006915e-05,7.732692265006915e-05,10.0
mataku,-9.341676782757386e-05,0.00021985215176887533,0.00012643538394130149,-0.0003132689195964492,0.0003132689195964492,35.0
matapihi,-9.341676782757386e-05,0.00021985215176887533,0.00012643538394130149,-0.0003132689195964492,0.0003132689195964492,9.0
matapiko,-9.341676782757386e-05,0.00021985215176887533,0.00012643538394130149,-0.0003132689195964492,0.0003132689195964492,9.0
matatau,-9.341676782757386e-05,0.00021985215176887533,0.00012643538394130149,-0.0003132689195964492,0.0003132689195964492,62.0
matau,-9.341676782757386e-05,0.00021985215176887533,0.00012643538394130149,-0.0003132689195964492,0.0003132689195964492,12.0
mate,0.0015790227746756318,-0.00037161589164084617,0.0012074068830347858,0.0019506386663164779,0.0019506386663164779,185.0
matekai,-9.341676782757386e-05,0.00021985215176887533,0.00012643538394130149,-0.0003132689195964492,0.0003132689195964492,10.0
matemate,-9.341676782757386e-05,0.00021985215176887533,0.00012643538394130149,-0.0003132689195964492,0.0003132689195964492,34.0
matemateao,-9.341676782757386e-05,0.00021985215176887533,0.00012643538394130149,-0.0003132689195964492,0.0003132689195964492,9.0
matenga,0.003668914166419967,-0.0005079190642743346,0.0031609951021456324,0.004176833230694302,0.004176833230694302,29.0
matetanga,0.00023156949761347255,-0.00013624709331714845,9.53224042963241e-05,0.00036781659093062104,0.00036781659093062104,11.0
matika,-9.341676782757386e-05,0.00021985215176887533,0.00012643538394130149,-0.0003132689195964492,0.0003132689195964492,9.0
matora,-9.341676782757386e-05,0.00021985215176887533,0.00012643538394130149,-0.0003132689195964492,0.0003132689195964492,9.0
matua,-3.552439342420572e-05,4.180252922586344e-05,6.2781358016577234e-06,-7.732692265006915e-05,7.732692265006915e-05,18.0
matā,7.947867119576885e-05,-6.234982322935476e-05,1.712884796641409e-05,0.0001418284944251236,0.0001418284944251236,16.0
matū,-3.552439342420572e-05,4.180252922586344e-05,6.2781358016577234e-06,-7.732692265006915e-05,7.732692265006915e-05,9.0
mau,-0.0016520622592591959,0.005832081076033682,0.004180018816774486,-0.007484143335292878,0.007484143335292878,596.0
mauhere,-9.341676782757386e-05,0.00021985215176887533,0.00012643538394130149,-0.0003132689195964492,0.0003132689195964492,22.0
mauherehere,-9.341676782757386e-05,0.00021985215176887533,0.00012643538394130149,-0.0003132689195964492,0.0003132689195964492,9.0
maumahara,3.296567618310595e-05,-3.103329310964467e-05,1.932383073461279e-06,6.399896929275062e-05,6.399896929275062e-05,61.0
maumaharatanga,-9.341676782757386e-05,0.00021985215176887533,0.00012643538394130149,-0.0003132689195964492,0.0003132689195964492,9.0
maumau,-3.552439342420572e-05,4.180252922586344e-05,6.2781358016577234e-06,-7.732692265006915e-05,7.732692265006915e-05,11.0
maunga,0.0018513555234210355,-0.0003960983421428561,0.0014552571812781795,0.0022474538655638918,0.0022474538655638918,31.0
maunu,-9.341676782757386e-05,0.00021985215176887533,0.00012643538394130149,-0.0003132689195964492,0.0003132689195964492,12.0
mauri,0.0013176229376227774,-0.0003445517982275848,0.0009730711393951927,0.0016621747358503622,0.0016621747358503622,42.0
mautanga,0.00023156949761347255,-0.00013624709331714845,9.53224042963241e-05,0.00036781659093062104,0.00036781659093062104,12.0
mawehe,-9.341676782757386e-05,0.00021985215176887533,0.00012643538394130149,-0.0003132689195964492,0.0003132689195964492,9.0
mc,-9.341676782757386e-05,0.00021985215176887533,0.00012643538394130149,-0.0003132689195964492,0.0003132689195964492,9.0
mea,0.10717620870805022,-0.007006510433136086,0.10016969827491413,0.11418271914118631,0.11418271914118631,1116.0
meahia,-9.341676782757386e-05,0.00021985215176887533,0.00012643538394130149,-0.0003132689195964492,0.0003132689195964492,11.0
meke,-9.341676782757386e-05,0.00021985215176887533,0.00012643538394130149,-0.0003132689195964492,0.0003132689195964492,10.0
mekemeke,-9.341676782757386e-05,0.00021985215176887533,0.00012643538394130149,-0.0003132689195964492,0.0003132689195964492,9.0
mema,-0.00014748504215064416,0.0002313995986273143,8.391455647667015e-05,-0.0003788846407779585,0.0003788846407779585,27.0
memeha,-9.341676782757386e-05,0.00021985215176887533,0.00012643538394130149,-0.0003132689195964492,0.0003132689195964492,13.0
mene,-9.341676782757386e-05,0.00021985215176887533,0.00012643538394130149,-0.0003132689195964492,0.0003132689195964492,23.0
menetia,-9.341676782757386e-05,0.00021985215176887533,0.00012643538394130149,-0.0003132689195964492,0.0003132689195964492,9.0
mere,-9.341676782757386e-05,0.00021985215176887533,0.00012643538394130149,-0.0003132689195964492,0.0003132689195964492,9.0
mihi,-0.0003381426778860897,0.0015916070972475489,0.0012534644193614591,-0.0019297497751336386,0.0019297497751336386,526.0
mihimihi,-9.341676782757386e-05,0.00021985215176887533,0.00012643538394130149,-0.0003132689195964492,0.0003132689195964492,11.0
mikirapu,-9.341676782757386e-05,0.00021985215176887533,0.00012643538394130149,-0.0003132689195964492,0.0003132689195964492,9.0
mimi,-9.341676782757386e-05,0.00021985215176887533,0.00012643538394130149,-0.0003132689195964492,0.0003132689195964492,13.0
mimiti,-9.341676782757386e-05,0.00021985215176887533,0.00012643538394130149,-0.0003132689195964492,0.0003132689195964492,13.0
mince,-9.341676782757386e-05,0.00021985215176887533,0.00012643538394130149,-0.0003132689195964492,0.0003132689195964492,9.0
minenga,-9.341676782757386e-05,0.00021985215176887533,0.00012643538394130149,-0.0003132689195964492,0.0003132689195964492,10.0
minita,0.0006128847690843637,-0.00024039944577236664,0.0003724853233119971,0.0008532842148567304,0.0008532842148567304,91.0
miraka,-3.552439342420572e-05,4.180252922586344e-05,6.2781358016577234e-06,-7.732692265006915e-05,7.732692265006915e-05,13.0
miri,-9.341676782757386e-05,0.00021985215176887533,0.00012643538394130149,-0.0003132689195964492,0.0003132689195964492,10.0
mirimiri,7.947867119576885e-05,-6.234982322935476e-05,1.712884796641409e-05,0.0001418284944251236,0.0001418284944251236,15.0
miro,7.947867119576885e-05,-6.234982322935476e-05,1.712884796641409e-05,0.0001418284944251236,0.0001418284944251236,11.0
mita,0.000411238531760461,-0.00019356626909783424,0.00021767226266262676,0.0006048048008582953,0.0006048048008582953,18.0
mmp,-3.552439342420572e-05,4.180252922586344e-05,6.2781358016577234e-06,-7.732692265006915e-05,7.732692265006915e-05,9.0
moana,0.0033472242661489625,-0.0004923463384031723,0.0028548779277457904,0.0038395706045521345,0.0038395706045521345,38.0
moana-nui-ā-kiwa,7.947867119576885e-05,-6.234982322935476e-05,1.712884796641409e-05,0.0001418284944251236,0.0001418284944251236,12.0
moari,-9.341676782757386e-05,0.00021985215176887533,0.00012643538394130149,-0.0003132689195964492,0.0003132689195964492,10.0
moe,0.00010909829834140534,-9.628422258579077e-05,1.2814075755614567e-05,0.00020538252092719612,0.00020538252092719612,248.0
moemoe,-0.00016907133894304485,0.0007958035486237744,0.0006267322096807296,-0.0009648748875668193,0.0009648748875668193,16.0
moemoeā,-9.341676782757386e-05,0.00021985215176887533,0.00012643538394130149,-0.0003132689195964492,0.0003132689195964492,13.0
moenga,0.000411238531760461,-0.00019356626909783424,0.00021767226266262676,0.0006048048008582953,0.0006048048008582953,12.0
moetanga,7.947867119576885e-05,-6.234982322935476e-05,1.712884796641409e-05,0.0001418284944251236,0.0001418284944251236,10.0
moka,0.00023156949761347255,-0.00013624709331714845,9.53224042963241e-05,0.00036781659093062104,0.00036781659093062104,11.0
moke,-9.341676782757386e-05,0.00021985215176887533,0.00012643538394130149,-0.0003132689195964492,0.0003132689195964492,9.0
mokemoke,-9.341676782757386e-05,0.00021985215176887533,0.00012643538394130149,-0.0003132689195964492,0.0003132689195964492,10.0
moko,-9.341676782757386e-05,0.00021985215176887533,0.00012643538394130149,-0.0003132689195964492,0.0003132689195964492,11.0
mokopuna,0.00023156949761347255,-0.00013624709331714845,9.53224042963241e-05,0.00036781659093062104,0.00036781659093062104,26.0
momi,-9.341676782757386e-05,0.00021985215176887533,0.00012643538394130149,-0.0003132689195964492,0.0003132689195964492,11.0
momo,-9.341676782757386e-05,0.00021985215176887533,0.00012643538394130149,-0.0003132689195964492,0.0003132689195964492,9.0
momoe,-9.341676782757386e-05,0.00021985215176887533,0.00012643538394130149,-0.0003132689195964492,0.0003132689195964492,9.0
moni,-3.552439342420572e-05,4.180252922586344e-05,6.2781358016577234e-06,-7.732692265006915e-05,7.732692265006915e-05,25.0
more,-9.341676782757386e-05,0.00021985215176887533,0.00012643538394130149,-0.0003132689195964492,0.0003132689195964492,10.0
morimori,-0.00016907133894304485,0.0007958035486237744,0.0006267322096807296,-0.0009648748875668193,0.0009648748875668193,9.0
moss,-9.341676782757386e-05,0.00021985215176887533,0.00012643538394130149,-0.0003132689195964492,0.0003132689195964492,9.0
motu,0.000411238531760461,-0.00019356626909783424,0.00021767226266262676,0.0006048048008582953,0.0006048048008582953,28.0
motu-ngangara,-0.00016907133894304485,0.0007958035486237744,0.0006267322096807296,-0.0009648748875668193,0.0009648748875668193,9.0
motukā,-9.341676782757386e-05,0.00021985215176887533,0.00012643538394130149,-0.0003132689195964492,0.0003132689195964492,9.0
motumotu,-9.341676782757386e-05,0.00021985215176887533,0.00012643538394130149,-0.0003132689195964492,0.0003132689195964492,9.0
moumou,-3.552439342420572e-05,4.180252922586344e-05,6.2781358016577234e-06,-7.732692265006915e-05,7.732692265006915e-05,21.0
moutere,0.006082958489880063,-0.0005964986908583905,0.0054864597990216726,0.0066794571807384535,0.0066794571807384535,39.0
mua,-9.341676782757386e-05,0.00021985215176887533,0.00012643538394130149,-0.0003132689195964492,0.0003132689195964492,10.0
mui,-3.552439342420572e-05,4.180252922586344e-05,6.2781358016577234e-06,-7.732692265006915e-05,7.732692265006915e-05,21.0
muku,-0.00016907133894304485,0.0007958035486237744,0.0006267322096807296,-0.0009648748875668193,0.0009648748875668193,12.0
mura,0.0027247785023910035,-0.0004580459549907595,0.002266732547400244,0.003182824457381763,0.003182824457381763,26.0
muramura,-9.341676782757386e-05,0.00021985215176887533,0.00012643538394130149,-0.0003132689195964492,0.0003132689195964492,13.0
muru,-0.00042665285210747466,0.0030123247606026328,0.002585671908495158,-0.0034389776127101077,0.0034389776127101077,21.0
murunga,-3.552439342420572e-05,4.180252922586344e-05,6.2781358016577234e-06,-7.732692265006915e-05,7.732692265006915e-05,9.0
mutu,-9.341676782757386e-05,0.00021985215176887533,0.00012643538394130149,-0.0003132689195964492,0.0003132689195964492,528.0
mutumutu,-9.341676782757386e-05,0.00021985215176887533,0.00012643538394130149,-0.0003132689195964492,0.0003132689195964492,9.0
mutunga,0.024964678337383923,-0.0008640183093603583,0.024100660028023566,0.02582869664674428,0.02582869664674428,102.0
muturanga,0.0006128847690843637,-0.00024039944577236664,0.0003724853233119971,0.0008532842148567304,0.0008532842148567304,13.0
mututanga,0.0021336243915543794,-0.0004184490683153785,0.0017151753232390009,0.002552073459869758,0.002552073459869758,20.0
mā,-9.341676782757386e-05,0.00021985215176887533,0.00012643538394130149,-0.0003132689195964492,0.0003132689195964492,11.0
māeneene,-9.341676782757386e-05,0.00021985215176887533,0.00012643538394130149,-0.0003132689195964492,0.0003132689195964492,13.0
māharahara,-3.552439342420572e-05,4.180252922586344e-05,6.2781358016577234e-06,-7.732692265006915e-05,7.732692265006915e-05,37.0
māhia,0.000411238531760461,-0.00019356626909783424,0.00021767226266262676,0.0006048048008582953,0.0006048048008582953,12.0
māhita,-3.552439342420572e-05,4.180252922586344e-05,6.2781358016577234e-06,-7.732692265006915e-05,7.732692265006915e-05,11.0
māhorahora,-9.341676782757386e-05,0.00021985215176887533,0.00012643538394130149,-0.0003132689195964492,0.0003132689195964492,9.0
māhunga,-3.552439342420572e-05,4.180252922586344e-05,6.2781358016577234e-06,-7.732692265006915e-05,7.732692265006915e-05,13.0
māhū,-9.341676782757386e-05,0.00021985215176887533,0.00012643538394130149,-0.0003132689195964492,0.0003132689195964492,8.0
māia,-9.341676782757386e-05,0.00021985215176887533,0.00012643538394130149,-0.0003132689195964492,0.0003132689195964492,17.0
māiatanga,-9.341676782757386e-05,0.00021985215176887533,0.00012643538394130149,-0.0003132689195964492,0.0003132689195964492,9.0
māka,-9.341676782757386e-05,0.00021985215176887533,0.00012643538394130149,-0.0003132689195964492,0.0003132689195964492,11.0
mākū,-9.341676782757386e-05,0.00021985215176887533,0.00012643538394130149,-0.0003132689195964492,0.0003132689195964492,11.0
māminga,-9.341676782757386e-05,0.00021985215176887533,0.00012643538394130149,-0.0003132689195964492,0.0003132689195964492,10.0
māmā,-9.341676782757386e-05,0.00021985215176887533,0.00012643538394130149,-0.0003132689195964492,0.0003132689195964492,33.0
māngai,-9.341676782757386e-05,0.00021985215176887533,0.00012643538394130149,-0.0003132689195964492,0.0003132689195964492,32.0
māngere,-9.341676782757386e-05,0.00021985215176887533,0.00012643538394130149,-0.0003132689195964492,0.0003132689195964492,12.0
mānuka,-9.341676782757386e-05,0.00021985215176887533,0.00012643538394130149,-0.0003132689195964492,0.0003132689195964492,10.0
mānutanga,-9.341676782757386e-05,0.00021985215176887533,0.00012643538394130149,-0.0003132689195964492,0.0003132689195964492,9.0
māori,0.00023156949761347255,-0.00013624709331714845,9.53224042963241e-05,0.00036781659093062104,0.00036781659093062104,53.0
māoritanga,-9.341676782757386e-05,0.00021985215176887533,0.00012643538394130149,-0.0003132689195964492,0.0003132689195964492,10.0
māra,-9.341676782757386e-05,0.00021985215176887533,0.00012643538394130149,-0.0003132689195964492,0.0003132689195964492,9.0
mārakerake,-9.341676782757386e-05,0.00021985215176887533,0.00012643538394130149,-0.0003132689195964492,0.0003132689195964492,10.0
mārama,0.002424999355831583,-0.0004390097432893155,0.0019859896125422674,0.002864009099120899,0.002864009099120899,111.0
māramatanga,0.000411238531760461,-0.00019356626909783424,0.00021767226266262676,0.0006048048008582953,0.0006048048008582953,15.0
mārena,-3.552439342420572e-05,4.180252922586344e-05,6.2781358016577234e-06,-7.732692265006915e-05,7.732692265006915e-05,15.0
mārenatanga,-3.552439342420572e-05,4.180252922586344e-05,6.2781358016577234e-06,-7.732692265006915e-05,7.732692265006915e-05,9.0
māroha,-9.341676782757386e-05,0.00021985215176887533,0.00012643538394130149,-0.0003132689195964492,0.0003132689195964492,10.0
mārō,-9.341676782757386e-05,0.00021985215176887533,0.00012643538394130149,-0.0003132689195964492,0.0003132689195964492,38.0
mārōtanga,-9.341676782757386e-05,0.00021985215176887533,0.00012643538394130149,-0.0003132689195964492,0.0003132689195964492,9.0
mātai,-9.341676782757386e-05,0.00021985215176887533,0.00012643538394130149,-0.0003132689195964492,0.0003132689195964492,9.0
mātaka,-9.341676782757386e-05,0.00021985215176887533,0.00012643538394130149,-0.0003132689195964492,0.0003132689195964492,9.0
mātaki,-9.341676782757386e-05,0.00021985215176887533,0.00012643538394130149,-0.0003132689195964492,0.0003132689195964492,15.0
mātakitaki,0.0001589573423915377,-0.00012469964645870951,3.425769593282818e-05,0.0002836569888502472,0.0002836569888502472,61.0
mātao,-9.341676782757386e-05,0.00021985215176887533,0.00012643538394130149,-0.0003132689195964492,0.0003132689195964492,14.0
mātau,7.947867119576885e-05,-6.234982322935476e-05,1.712884796641409e-05,0.0001418284944251236,0.0001418284944251236,76.0
mātauranga,0.004331208960300586,-0.0005364897385898302,0.003794719221710756,0.004867698698890416,0.004867698698890416,45.0
mātenga,-3.552439342420572e-05,4.180252922586344e-05,6.2781358016577234e-06,-7.732692265006915e-05,7.732692265006915e-05,11.0
mātotoru,7.947867119576885e-05,-6.234982322935476e-05,1.712884796641409e-05,0.0001418284944251236,0.0001418284944251236,23.0
mātotorutanga,-3.552439342420572e-05,4.180252922586344e-05,6.2781358016577234e-06,-7.732692265006915e-05,7.732692265006915e-05,11.0
mātua,-0.00016907133894304485,0.0007958035486237744,0.0006267322096807296,-0.0009648748875668193,0.0009648748875668193,14.0
māturuturu,-9.341676782757386e-05,0.00021985215176887533,0.00012643538394130149,-0.0003132689195964492,0.0003132689195964492,15.0
mātāmua,-9.341676782757386e-05,0.00021985215176887533,0.00012643538394130149,-0.0003132689195964492,0.0003132689195964492,17.0
mātāpuna,-9.341676782757386e-05,0.00021985215176887533,0.00012643538394130149,-0.0003132689195964492,0.0003132689195964492,9.0
māuiui,0.000411238531760461,-0.00019356626909783424,0.00021767226266262676,0.0006048048008582953,0.0006048048008582953,27.0
māuiuitanga,-3.552439342420572e-05,4.180252922586344e-05,6.2781358016577234e-06,-7.732692265006915e-05,7.732692265006915e-05,9.0
māunu,-9.341676782757386e-05,0.00021985215176887533,0.00012643538394130149,-0.0003132689195964492,0.0003132689195964492,10.0
mīhana,-9.341676782757386e-05,0.00021985215176887533,0.00012643538394130149,-0.0003132689195964492,0.0003132689195964492,11.0
mīharo,-9.341676782757386e-05,0.00021985215176887533,0.00012643538394130149,-0.0003132689195964492,0.0003132689195964492,30.0
mīharotanga,-9.341676782757386e-05,0.00021985215176887533,0.00012643538394130149,-0.0003132689195964492,0.0003132689195964492,9.0
mīhini,-3.552439342420572e-05,4.180252922586344e-05,6.2781358016577234e-06,-7.732692265006915e-05,7.732692265006915e-05,12.0
mīti,-9.341676782757386e-05,0.00021985215176887533,0.00012643538394130149,-0.0003132689195964492,0.0003132689195964492,9.0
mītingi,-9.341676782757386e-05,0.00021985215176887533,0.00012643538394130149,-0.0003132689195964492,0.0003132689195964492,9.0
mōhio,0.005016472885141367,-0.0013492620329137335,0.003667210852227633,0.0063657349180551,0.0063657349180551,1074.0
mōhioranga,-3.552439342420572e-05,4.180252922586344e-05,6.2781358016577234e-06,-7.732692265006915e-05,7.732692265006915e-05,9.0
mōhiotanga,-9.341676782757386e-05,0.00021985215176887533,0.00012643538394130149,-0.0003132689195964492,0.0003132689195964492,11.0
mōkai,-9.341676782757386e-05,0.00021985215176887533,0.00012643538394130149,-0.0003132689195964492,0.0003132689195964492,11.0
mōmona,-9.341676782757386e-05,0.00021985215176887533,0.00012643538394130149,-0.0003132689195964492,0.0003132689195964492,16.0
mōrehu,-9.341676782757386e-05,0.00021985215176887533,0.00012643538394130149,-0.0003132689195964492,0.0003132689195964492,16.0
mōrena,-9.341676782757386e-05,0.00021985215176887533,0.00012643538394130149,-0.0003132689195964492,0.0003132689195964492,10.0
mōteatea,-9.341676782757386e-05,0.00021985215176887533,0.00012643538394130149,-0.0003132689195964492,0.0003132689195964492,10.0
mōtini,-9.341676782757386e-05,0.00021985215176887533,0.00012643538394130149,-0.0003132689195964492,0.0003132689195964492,9.0
mōwai,-9.341676782757386e-05,0.00021985215176887533,0.00012643538394130149,-0.0003132689195964492,0.0003132689195964492,9.0
nama,-3.552439342420572e-05,4.180252922586344e-05,6.2781358016577234e-06,-7.732692265006915e-05,7.732692265006915e-05,25.0
nanakia,-0.00016907133894304485,0.0007958035486237744,0.0006267322096807296,-0.0009648748875668193,0.0009648748875668193,12.0
national,-9.341676782757386e-05,0.00021985215176887533,0.00012643538394130149,-0.0003132689195964492,0.0003132689195964492,8.0
nehu,-9.341676782757386e-05,0.00021985215176887533,0.00012643538394130149,-0.0003132689195964492,0.0003132689195964492,12.0
nei,-9.341676782757386e-05,0.00021985215176887533,0.00012643538394130149,-0.0003132689195964492,0.0003132689195964492,9.0
neke,-9.341676782757386e-05,0.00021985215176887533,0.00012643538394130149,-0.0003132689195964492,0.0003132689195964492,76.0
nekeneke,-9.341676782757386e-05,0.00021985215176887533,0.00012643538394130149,-0.0003132689195964492,0.0003132689195964492,12.0
nekenga,0.0006128847690843637,-0.00024039944577236664,0.0003724853233119971,0.0008532842148567304,0.0008532842148567304,13.0
netipaoro,-9.341676782757386e-05,0.00021985215176887533,0.00012643538394130149,-0.0003132689195964492,0.0003132689195964492,10.0
new,-9.341676782757386e-05,0.00021985215176887533,0.00012643538394130149,-0.0003132689195964492,0.0003132689195964492,9.0
ngahau,-3.552439342420572e-05,4.180252922586344e-05,6.2781358016577234e-06,-7.732692265006915e-05,7.732692265006915e-05,9.0
ngahere,0.0008328072533872049,-0.0002799963324477477,0.0005528109209394572,0.0011128035858349525,0.0011128035858349525,16.0
ngahoro,-9.341676782757386e-05,0.00021985215176887533,0.00012643538394130149,-0.0003132689195964492,0.0003132689195964492,13.0
ngahorotanga,7.947867119576885e-05,-6.234982322935476e-05,1.712884796641409e-05,0.0001418284944251236,0.0001418284944251236,10.0
ngahua,-9.341676782757386e-05,0.00021985215176887533,0.00012643538394130149,-0.0003132689195964492,0.0003132689195964492,9.0
ngaki,-3.552439342420572e-05,4.180252922586344e-05,6.2781358016577234e-06,-7.732692265006915e-05,7.732692265006915e-05,12.0
ngako,-9.341676782757386e-05,0.00021985215176887533,0.00012643538394130149,-0.0003132689195964492,0.0003132689195964492,9.0
ngana,-9.341676782757386e-05,0.00021985215176887533,0.00012643538394130149,-0.0003132689195964492,0.0003132689195964492,9.0
nganga,-9.341676782757386e-05,0.00021985215176887533,0.00012643538394130149,-0.0003132689195964492,0.0003132689195964492,9.0
ngangaeore,-9.341676782757386e-05,0.00021985215176887533,0.00012643538394130149,-0.0003132689195964492,0.0003132689195964492,10.0
ngangaro,-9.341676782757386e-05,0.00021985215176887533,0.00012643538394130149,-0.0003132689195964492,0.0003132689195964492,9.0
ngapu,-9.341676782757386e-05,0.00021985215176887533,0.00012643538394130149,-0.0003132689195964492,0.0003132689195964492,9.0
ngaro,0.000411238531760461,-0.00019356626909783424,0.00021767226266262676,0.0006048048008582953,0.0006048048008582953,154.0
ngaronga,0.000411238531760461,-0.00019356626909783424,0.00021767226266262676,0.0006048048008582953,0.0006048048008582953,15.0
ngarongaro,-9.341676782757386e-05,0.00021985215176887533,0.00012643538394130149,-0.0003132689195964492,0.0003132689195964492,18.0
ngarotanga,7.947867119576885e-05,-6.234982322935476e-05,1.712884796641409e-05,0.0001418284944251236,0.0001418284944251236,11.0
ngaru,-9.341676782757386e-05,0.00021985215176887533,0.00012643538394130149,-0.0003132689195964492,0.0003132689195964492,10.0
ngatari,-9.341676782757386e-05,0.00021985215176887533,0.00012643538394130149,-0.0003132689195964492,0.0003132689195964492,11.0
ngau,-0.00018683353565514772,0.00043970430353775067,0.00025287076788260297,-0.0006265378391928984,0.0006265378391928984,26.0
ngaungau,-9.341676782757386e-05,0.00021985215176887533,0.00012643538394130149,-0.0003132689195964492,0.0003132689195964492,10.0
ngawhā,-9.341676782757386e-05,0.00021985215176887533,0.00012643538394130149,-0.0003132689195964492,0.0003132689195964492,9.0
ngenge,-9.341676782757386e-05,0.00021985215176887533,0.00012643538394130149,-0.0003132689195964492,0.0003132689195964492,16.0
ngohengohe,-9.341676782757386e-05,0.00021985215176887533,0.00012643538394130149,-0.0003132689195964492,0.0003132689195964492,10.0
ngoikore,7.947867119576885e-05,-6.234982322935476e-05,1.712884796641409e-05,0.0001418284944251236,0.0001418284944251236,24.0
ngote,-9.341676782757386e-05,0.00021985215176887533,0.00012643538394130149,-0.0003132689195964492,0.0003132689195964492,10.0
ngotengote,-9.341676782757386e-05,0.00021985215176887533,0.00012643538394130149,-0.0003132689195964492,0.0003132689195964492,9.0
nguha,-3.552439342420572e-05,4.180252922586344e-05,6.2781358016577234e-06,-7.732692265006915e-05,7.732692265006915e-05,9.0
ngunguru,-9.341676782757386e-05,0.00021985215176887533,0.00012643538394130149,-0.0003132689195964492,0.0003132689195964492,10.0
ngutu,-9.341676782757386e-05,0.00021985215176887533,0.00012643538394130149,-0.0003132689195964492,0.0003132689195964492,9.0
ngāherehere,7.947867119576885e-05,-6.234982322935476e-05,1.712884796641409e-05,0.0001418284944251236,0.0001418284944251236,10.0
ngākau,7.947867119576885e-05,-6.234982322935476e-05,1.712884796641409e-05,0.0001418284944251236,0.0001418284944251236,46.0
ngākaunui,-9.341676782757386e-05,0.00021985215176887533,0.00012643538394130149,-0.0003132689195964492,0.0003132689195964492,28.0
ngārara,-9.341676782757386e-05,0.00021985215176887533,0.00012643538394130149,-0.0003132689195964492,0.0003132689195964492,8.0
ngāruru,-9.341676782757386e-05,0.00021985215176887533,0.00012643538394130149,-0.0003132689195964492,0.0003132689195964492,9.0
ngātahi,-9.341676782757386e-05,0.00021985215176887533,0.00012643538394130149,-0.0003132689195964492,0.0003132689195964492,9.0
ngāti,-9.341676782757386e-05,0.00021985215176887533,0.00012643538394130149,-0.0003132689195964492,0.0003132689195964492,9.0
ngāwari,7.947867119576885e-05,-6.234982322935476e-05,1.712884796641409e-05,0.0001418284944251236,0.0001418284944251236,30.0
ngōki,-9.341676782757386e-05,0.00021985215176887533,0.00012643538394130149,-0.0003132689195964492,0.0003132689195964492,12.0
ngū,-9.341676782757386e-05,0.00021985215176887533,0.00012643538394130149,-0.0003132689195964492,0.0003132689195964492,9.0
night,7.947867119576885e-05,-6.234982322935476e-05,1.712884796641409e-05,0.0001418284944251236,0.0001418284944251236,10.0
niho,-3.552439342420572e-05,4.180252922586344e-05,6.2781358016577234e-06,-7.732692265006915e-05,7.732692265006915e-05,10.0
nineteen,-3.552439342420572e-05,4.180252922586344e-05,6.2781358016577234e-06,-7.732692265006915e-05,7.732692265006915e-05,9.0
niupepa,-9.341676782757386e-05,0.00021985215176887533,0.00012643538394130149,-0.0003132689195964492,0.0003132689195964492,12.0
nohinohi,-9.341676782757386e-05,0.00021985215176887533,0.00012643538394130149,-0.0003132689195964492,0.0003132689195964492,11.0
noho,0.0016209864832943078,-0.0009537296532200391,0.0006672568300742687,0.002574716136514347,0.002574716136514347,988.0
nohoanga,-9.341676782757386e-05,0.00021985215176887533,0.00012643538394130149,-0.0003132689195964492,0.0003132689195964492,14.0
nohonga,7.947867119576885e-05,-6.234982322935476e-05,1.712884796641409e-05,0.0001418284944251236,0.0001418284944251236,15.0
nohonoho,-9.341676782757386e-05,0.00021985215176887533,0.00012643538394130149,-0.0003132689195964492,0.0003132689195964492,18.0
nohopuku,-9.341676782757386e-05,0.00021985215176887533,0.00012643538394130149,-0.0003132689195964492,0.0003132689195964492,11.0
nohotanga,-9.341676782757386e-05,0.00021985215176887533,0.00012643538394130149,-0.0003132689195964492,0.0003132689195964492,10.0
nui,0.004331208960300586,-0.0005364897385898302,0.003794719221710756,0.004867698698890416,0.004867698698890416,399.0
nuinga,0.0095110852917265,-0.0006783003171410861,0.008832784974585414,0.010189385608867585,0.010189385608867585,274.0
nuku,0.0006128847690843637,-0.00024039944577236664,0.0003724853233119971,0.0008532842148567304,0.0008532842148567304,52.0
nukunuku,-9.341676782757386e-05,0.00021985215176887533,0.00012643538394130149,-0.0003132689195964492,0.0003132689195964492,11.0
nunui,-9.341676782757386e-05,0.00021985215176887533,0.00012643538394130149,-0.0003132689195964492,0.0003132689195964492,13.0
nunumi,-9.341676782757386e-05,0.00021985215176887533,0.00012643538394130149,-0.0003132689195964492,0.0003132689195964492,9.0
nz,-9.341676782757386e-05,0.00021985215176887533,0.00012643538394130149,-0.0003132689195964492,0.0003132689195964492,9.0
nzei,-3.552439342420572e-05,4.180252922586344e-05,6.2781358016577234e-06,-7.732692265006915e-05,7.732692265006915e-05,11.0
nānā,-9.341676782757386e-05,0.00021985215176887533,0.00012643538394130149,-0.0003132689195964492,0.0003132689195964492,11.0
nēra,-9.341676782757386e-05,0.00021985215176887533,0.00012643538394130149,-0.0003132689195964492,0.0003132689195964492,10.0
nīkau,-9.341676782757386e-05,0.00021985215176887533,0.00012643538394130149,-0.0003132689195964492,0.0003132689195964492,9.0
nūpepa,7.947867119576885e-05,-6.234982322935476e-05,1.712884796641409e-05,0.0001418284944251236,0.0001418284944251236,10.0
oati,-3.552439342420572e-05,4.180252922586344e-05,6.2781358016577234e-06,-7.732692265006915e-05,7.732692265006915e-05,12.0
oha,-9.341676782757386e-05,0.00021985215176887533,0.00012643538394130149,-0.0003132689195964492,0.0003132689195964492,9.0
ohia,-9.341676782757386e-05,0.00021985215176887533,0.00012643538394130149,-0.0003132689195964492,0.0003132689195964492,9.0
oho,-9.341676782757386e-05,0.00021985215176887533,0.00012643538394130149,-0.0003132689195964492,0.0003132689195964492,35.0
ohooho,-9.341676782757386e-05,0.00021985215176887533,0.00012643538394130149,-0.0003132689195964492,0.0003132689195964492,15.0
ohorere,-7.104878684841143e-05,8.360505845172688e-05,1.2556271603315447e-05,-0.0001546538453001383,0.0001546538453001383,20.0
ohoreretanga,-3.552439342420572e-05,4.180252922586344e-05,6.2781358016577234e-06,-7.732692265006915e-05,7.732692265006915e-05,9.0
ohu,-3.552439342420572e-05,4.180252922586344e-05,6.2781358016577234e-06,-7.732692265006915e-05,7.732692265006915e-05,11.0
oioi,-9.341676782757386e-05,0.00021985215176887533,0.00012643538394130149,-0.0003132689195964492,0.0003132689195964492,9.0
oka,-9.341676782757386e-05,0.00021985215176887533,0.00012643538394130149,-0.0003132689195964492,0.0003132689195964492,8.0
okioki,-9.341676782757386e-05,0.00021985215176887533,0.00012643538394130149,-0.0003132689195964492,0.0003132689195964492,20.0
oma,-9.341676782757386e-05,0.00021985215176887533,0.00012643538394130149,-0.0003132689195964492,0.0003132689195964492,29.0
omaoma,-9.341676782757386e-05,0.00021985215176887533,0.00012643538394130149,-0.0003132689195964492,0.0003132689195964492,10.0
one,-3.552439342420572e-05,4.180252922586344e-05,6.2781358016577234e-06,-7.732692265006915e-05,7.732692265006915e-05,12.0
oneone,0.00023156949761347255,-0.00013624709331714845,9.53224042963241e-05,0.00036781659093062104,0.00036781659093062104,11.0
onepū,-9.341676782757386e-05,0.00021985215176887533,0.00012643538394130149,-0.0003132689195964492,0.0003132689195964492,9.0
ono,0.0071904295849747465,-0.0006267537732258148,0.006563675811748932,0.007817183358200561,0.007817183358200561,51.0
opa,-9.341676782757386e-05,0.00021985215176887533,0.00012643538394130149,-0.0003132689195964492,0.0003132689195964492,9.0
ope,-3.552439342420572e-05,4.180252922586344e-05,6.2781358016577234e-06,-7.732692265006915e-05,7.732692265006915e-05,17.0
ora,0.000822477063520922,-0.00038713253819566847,0.0004353445253252535,0.0012096096017165906,0.0012096096017165906,731.0
oranga,0.0003032252555789079,-0.00020389341980947147,9.933183576943641e-05,0.0005071186753883793,0.0005071186753883793,38.0
ore,-9.341676782757386e-05,0.00021985215176887533,0.00012643538394130149,-0.0003132689195964492,0.0003132689195964492,10.0
oreore,-9.341676782757386e-05,0.00021985215176887533,0.00012643538394130149,-0.0003132689195964492,0.0003132689195964492,10.0
oriori,-9.341676782757386e-05,0.00021985215176887533,0.00012643538394130149,-0.0003132689195964492,0.0003132689195964492,9.0
oro,-3.552439342420572e-05,4.180252922586344e-05,6.2781358016577234e-06,-7.732692265006915e-05,7.732692265006915e-05,9.0
orokohanga,-3.552439342420572e-05,4.180252922586344e-05,6.2781358016577234e-06,-7.732692265006915e-05,7.732692265006915e-05,9.0
otaota,-3.552439342420572e-05,4.180252922586344e-05,6.2781358016577234e-06,-7.732692265006915e-05,7.732692265006915e-05,9.0
oti,-0.00024472591005851585,0.0023038055874195964,0.0020590796773610805,-0.0025485314974781122,0.0025485314974781122,342.0
otihanga,-9.341676782757386e-05,0.00021985215176887533,0.00012643538394130149,-0.0003132689195964492,0.0003132689195964492,10.0
otinga,0.00023156949761347255,-0.00013624709331714845,9.53224042963241e-05,0.00036781659093062104,0.00036781659093062104,17.0
otioti,-9.341676782757386e-05,0.00021985215176887533,0.00012643538394130149,-0.0003132689195964492,0.0003132689195964492,8.0
otitanga,-9.341676782757386e-05,0.00021985215176887533,0.00012643538394130149,-0.0003132689195964492,0.0003132689195964492,9.0
pacific,-9.341676782757386e-05,0.00021985215176887533,0.00012643538394130149,-0.0003132689195964492,0.0003132689195964492,9.0
packhouse,-9.341676782757386e-05,0.00021985215176887533,0.00012643538394130149,-0.0003132689195964492,0.0003132689195964492,10.0
pae,0.0021336243915543794,-0.0004184490683153785,0.0017151753232390009,0.002552073459869758,0.002552073459869758,20.0
paenga,-9.341676782757386e-05,0.00021985215176887533,0.00012643538394130149,-0.0003132689195964492,0.0003132689195964492,12.0
paepae,-9.341676782757386e-05,0.00021985215176887533,0.00012643538394130149,-0.0003132689195964492,0.0003132689195964492,12.0
paera,-9.341676782757386e-05,0.00021985215176887533,0.00012643538394130149,-0.0003132689195964492,0.0003132689195964492,10.0
paeroa,-9.341676782757386e-05,0.00021985215176887533,0.00012643538394130149,-0.0003132689195964492,0.0003132689195964492,10.0
pahemo,-9.341676782757386e-05,0.00021985215176887533,0.00012643538394130149,-0.0003132689195964492,0.0003132689195964492,11.0
pahi,-9.341676782757386e-05,0.00021985215176887533,0.00012643538394130149,-0.0003132689195964492,0.0003132689195964492,9.0
pahore,-9.341676782757386e-05,0.00021985215176887533,0.00012643538394130149,-0.0003132689195964492,0.0003132689195964492,10.0
pahure,-9.341676782757386e-05,0.00021985215176887533,0.00012643538394130149,-0.0003132689195964492,0.0003132689195964492,20.0
pahuretanga,-9.341676782757386e-05,0.00021985215176887533,0.00012643538394130149,-0.0003132689195964492,0.0003132689195964492,10.0
pahū,-9.341676782757386e-05,0.00021985215176887533,0.00012643538394130149,-0.0003132689195964492,0.0003132689195964492,30.0
pahūpahū,-9.341676782757386e-05,0.00021985215176887533,0.00012643538394130149,-0.0003132689195964492,0.0003132689195964492,10.0
pahūtanga,-3.552439342420572e-05,4.180252922586344e-05,6.2781358016577234e-06,-7.732692265006915e-05,7.732692265006915e-05,13.0
pai,0.008662417920601172,-0.0010729794771796603,0.007589438443421512,0.009735397397780832,0.009735397397780832,573.0
paihana,-9.341676782757386e-05,0.00021985215176887533,0.00012643538394130149,-0.0003132689195964492,0.0003132689195964492,10.0
paiheneti,-9.341676782757386e-05,0.00021985215176887533,0.00012643538394130149,-0.0003132689195964492,0.0003132689195964492,10.0
paihere,-9.341676782757386e-05,0.00021985215176887533,0.00012643538394130149,-0.0003132689195964492,0.0003132689195964492,16.0
paina,7.947867119576885e-05,-6.234982322935476e-05,1.712884796641409e-05,0.0001418284944251236,0.0001418284944251236,11.0
painga,-9.341676782757386e-05,0.00021985215176887533,0.00012643538394130149,-0.0003132689195964492,0.0003132689195964492,22.0
paipai,-9.341676782757386e-05,0.00021985215176887533,0.00012643538394130149,-0.0003132689195964492,0.0003132689195964492,9.0
paipera,-9.341676782757386e-05,0.00021985215176887533,0.00012643538394130149,-0.0003132689195964492,0.0003132689195964492,9.0
paitini,-9.341676782757386e-05,0.00021985215176887533,0.00012643538394130149,-0.0003132689195964492,0.0003132689195964492,9.0
pakanga,0.0023827864574569595,-0.0006597388834626454,0.001723047573994314,0.003042525340919605,0.003042525340919605,63.0
pakari,-9.341676782757386e-05,0.00021985215176887533,0.00012643538394130149,-0.0003132689195964492,0.0003132689195964492,60.0
pakaru,0.000411238531760461,-0.00019356626909783424,0.00021767226266262676,0.0006048048008582953,0.0006048048008582953,52.0
pakarutanga,-3.552439342420572e-05,4.180252922586344e-05,6.2781358016577234e-06,-7.732692265006915e-05,7.732692265006915e-05,10.0
pakeke,7.947867119576885e-05,-6.234982322935476e-05,1.712884796641409e-05,0.0001418284944251236,0.0001418284944251236,65.0
pakeketanga,7.947867119576885e-05,-6.234982322935476e-05,1.712884796641409e-05,0.0001418284944251236,0.0001418284944251236,11.0
pakepake,-9.341676782757386e-05,0.00021985215176887533,0.00012643538394130149,-0.0003132689195964492,0.0003132689195964492,8.0
paki,-9.341676782757386e-05,0.00021985215176887533,0.00012643538394130149,-0.0003132689195964492,0.0003132689195964492,11.0
pakinga,-3.552439342420572e-05,4.180252922586344e-05,6.2781358016577234e-06,-7.732692265006915e-05,7.732692265006915e-05,9.0
pakipaki,-9.341676782757386e-05,0.00021985215176887533,0.00012643538394130149,-0.0003132689195964492,0.0003132689195964492,11.0
pakitara,7.947867119576885e-05,-6.234982322935476e-05,1.712884796641409e-05,0.0001418284944251236,0.0001418284944251236,10.0
paku,-9.341676782757386e-05,0.00021985215176887533,0.00012643538394130149,-0.0003132689195964492,0.0003132689195964492,11.0
pakupaku,-9.341676782757386e-05,0.00021985215176887533,0.00012643538394130149,-0.0003132689195964492,0.0003132689195964492,13.0
pana,0.00023156949761347255,-0.00013624709331714845,9.53224042963241e-05,0.00036781659093062104,0.00036781659093062104,57.0
panapana,-9.341676782757386e-05,0.00021985215176887533,0.00012643538394130149,-0.0003132689195964492,0.0003132689195964492,9.0
panepane,7.947867119576885e-05,-6.234982322935476e-05,1.712884796641409e-05,0.0001418284944251236,0.0001418284944251236,10.0
panga,-0.00016907133894304485,0.0007958035486237744,0.0006267322096807296,-0.0009648748875668193,0.0009648748875668193,19.0
pangapanga,-9.341676782757386e-05,0.00021985215176887533,0.00012643538394130149,-0.0003132689195964492,0.0003132689195964492,9.0
pango,-9.341676782757386e-05,0.00021985215176887533,0.00012643538394130149,-0.0003132689195964492,0.0003132689195964492,11.0
pani,-9.341676782757386e-05,0.00021985215176887533,0.00012643538394130149,-0.0003132689195964492,0.0003132689195964492,15.0
pao,-3.552439342420572e-05,4.180252922586344e-05,6.2781358016577234e-06,-7.732692265006915e-05,7.732692265006915e-05,10.0
paoho,-9.341676782757386e-05,0.00021985215176887533,0.00012643538394130149,-0.0003132689195964492,0.0003132689195964492,24.0
paopao,-0.00016907133894304485,0.0007958035486237744,0.0006267322096807296,-0.0009648748875668193,0.0009648748875668193,9.0
paopaoa,-9.341676782757386e-05,0.00021985215176887533,0.00012643538394130149,-0.0003132689195964492,0.0003132689195964492,10.0
paoro,-9.341676782757386e-05,0.00021985215176887533,0.00012643538394130149,-0.0003132689195964492,0.0003132689195964492,12.0
papa,0.007567884996015194,-0.0006360955775337714,0.006931789418481423,0.008203980573548965,0.008203980573548965,62.0
papahoro,-9.341676782757386e-05,0.00021985215176887533,0.00012643538394130149,-0.0003132689195964492,0.0003132689195964492,10.0
papai,-9.341676782757386e-05,0.00021985215176887533,0.00012643538394130149,-0.0003132689195964492,0.0003132689195964492,12.0
papaki,-9.341676782757386e-05,0.00021985215176887533,0.00012643538394130149,-0.0003132689195964492,0.0003132689195964492,11.0
papanui,-3.552439342420572e-05,4.180252922586344e-05,6.2781358016577234e-06,-7.732692265006915e-05,7.732692265006915e-05,9.0
papaoro,-9.341676782757386e-05,0.00021985215176887533,0.00012643538394130149,-0.0003132689195964492,0.0003132689195964492,18.0
papatai,-9.341676782757386e-05,0.00021985215176887533,0.00012643538394130149,-0.0003132689195964492,0.0003132689195964492,9.0
papu,-9.341676782757386e-05,0.00021985215176887533,0.00012643538394130149,-0.0003132689195964492,0.0003132689195964492,9.0
papā,-9.341676782757386e-05,0.00021985215176887533,0.00012643538394130149,-0.0003132689195964492,0.0003132689195964492,10.0
para,-0.00024472591005851585,0.0023038055874195964,0.0020590796773610805,-0.0025485314974781122,0.0025485314974781122,15.0
parai,-9.341676782757386e-05,0.00021985215176887533,0.00012643538394130149,-0.0003132689195964492,0.0003132689195964492,9.0
paraihe,-3.552439342420572e-05,4.180252922586344e-05,6.2781358016577234e-06,-7.732692265006915e-05,7.732692265006915e-05,10.0
paraire,0.0013176229376227774,-0.0003445517982275848,0.0009730711393951927,0.0016621747358503622,0.0016621747358503622,16.0
paranihia,-9.341676782757386e-05,0.00021985215176887533,0.00012643538394130149,-0.0003132689195964492,0.0003132689195964492,8.0
pararahi,-9.341676782757386e-05,0.00021985215176887533,0.00012643538394130149,-0.0003132689195964492,0.0003132689195964492,9.0
paratī,-9.341676782757386e-05,0.00021985215176887533,0.00012643538394130149,-0.0003132689195964492,0.0003132689195964492,9.0
parau,-0.00016907133894304485,0.0007958035486237744,0.0006267322096807296,-0.0009648748875668193,0.0009648748875668193,12.0
pare,-0.00016907133894304485,0.0007958035486237744,0.0006267322096807296,-0.0009648748875668193,0.0009648748875668193,20.0
parekura,-9.341676782757386e-05,0.00021985215176887533,0.00012643538394130149,-0.0003132689195964492,0.0003132689195964492,9.0
parekuratanga,7.947867119576885e-05,-6.234982322935476e-05,1.712884796641409e-05,0.0001418284944251236,0.0001418284944251236,10.0
pari,-9.341676782757386e-05,0.00021985215176887533,0.00012643538394130149,-0.0003132689195964492,0.0003132689195964492,9.0
pari-haka,-3.552439342420572e-05,4.180252922586344e-05,6.2781358016577234e-06,-7.732692265006915e-05,7.732692265006915e-05,9.0
paru,-9.341676782757386e-05,0.00021985215176887533,0.00012643538394130149,-0.0003132689195964492,0.0003132689195964492,14.0
paruparu,-9.341676782757386e-05,0.00021985215176887533,0.00012643538394130149,-0.0003132689195964492,0.0003132689195964492,9.0
pass,-9.341676782757386e-05,0.00021985215176887533,0.00012643538394130149,-0.0003132689195964492,0.0003132689195964492,9.0
passport,-9.341676782757386e-05,0.00021985215176887533,0.00012643538394130149,-0.0003132689195964492,0.0003132689195964492,9.0
pata,-9.341676782757386e-05,0.00021985215176887533,0.00012643538394130149,-0.0003132689195964492,0.0003132689195964492,9.0
patapatai,-0.00016907133894304485,0.0007958035486237744,0.0006267322096807296,-0.0009648748875668193,0.0009648748875668193,11.0
patia,-9.341676782757386e-05,0.00021985215176887533,0.00012643538394130149,-0.0003132689195964492,0.0003132689195964492,10.0
patipati,-9.341676782757386e-05,0.00021985215176887533,0.00012643538394130149,-0.0003132689195964492,0.0003132689195964492,10.0
patu,-0.00014209757369682287,0.00016721011690345376,2.5112543206630894e-05,-0.0003093076906002766,0.0003093076906002766,76.0
patunga,-3.552439342420572e-05,4.180252922586344e-05,6.2781358016577234e-06,-7.732692265006915e-05,7.732692265006915e-05,9.0
patupatu,-9.341676782757386e-05,0.00021985215176887533,0.00012643538394130149,-0.0003132689195964492,0.0003132689195964492,11.0
patō,-9.341676782757386e-05,0.00021985215176887533,0.00012643538394130149,-0.0003132689195964492,0.0003132689195964492,9.0
pau,-9.341676782757386e-05,0.00021985215176887533,0.00012643538394130149,-0.0003132689195964492,0.0003132689195964492,102.0
paunga,0.0015790227746756318,-0.00037161589164084617,0.0012074068830347858,0.0019506386663164779,0.0019506386663164779,18.0
pea,-9.341676782757386e-05,0.00021985215176887533,0.00012643538394130149,-0.0003132689195964492,0.0003132689195964492,9.0
pei,-0.00016907133894304485,0.0007958035486237744,0.0006267322096807296,-0.0009648748875668193,0.0009648748875668193,15.0
peita,-3.552439342420572e-05,4.180252922586344e-05,6.2781358016577234e-06,-7.732692265006915e-05,7.732692265006915e-05,11.0
peka,7.947867119576885e-05,-6.234982322935476e-05,1.712884796641409e-05,0.0001418284944251236,0.0001418284944251236,33.0
pekanga,-9.341676782757386e-05,0.00021985215176887533,0.00012643538394130149,-0.0003132689195964492,0.0003132689195964492,9.0
peke,-9.341676782757386e-05,0.00021985215176887533,0.00012643538394130149,-0.0003132689195964492,0.0003132689195964492,31.0
pekehanga,-9.341676782757386e-05,0.00021985215176887533,0.00012643538394130149,-0.0003132689195964492,0.0003132689195964492,9.0
pekepeke,-9.341676782757386e-05,0.00021985215176887533,0.00012643538394130149,-0.0003132689195964492,0.0003132689195964492,10.0
pekepoho,-9.341676782757386e-05,0.00021985215176887533,0.00012643538394130149,-0.0003132689195964492,0.0003132689195964492,9.0
penu,-9.341676782757386e-05,0.00021985215176887533,0.00012643538394130149,-0.0003132689195964492,0.0003132689195964492,10.0
pepa,-3.552439342420572e-05,4.180252922586344e-05,6.2781358016577234e-06,-7.732692265006915e-05,7.732692265006915e-05,10.0
pepeha,-9.341676782757386e-05,0.00021985215176887533,0.00012643538394130149,-0.0003132689195964492,0.0003132689195964492,13.0
pere,-9.341676782757386e-05,0.00021985215176887533,0.00012643538394130149,-0.0003132689195964492,0.0003132689195964492,9.0
perehitini,7.947867119576885e-05,-6.234982322935476e-05,1.712884796641409e-05,0.0001418284944251236,0.0001418284944251236,18.0
pereki,-9.341676782757386e-05,0.00021985215176887533,0.00012643538394130149,-0.0003132689195964492,0.0003132689195964492,9.0
peruperu,-3.552439342420572e-05,4.180252922586344e-05,6.2781358016577234e-06,-7.732692265006915e-05,7.732692265006915e-05,9.0
perēhi,-9.341676782757386e-05,0.00021985215176887533,0.00012643538394130149,-0.0003132689195964492,0.0003132689195964492,9.0
peti,-9.341676782757386e-05,0.00021985215176887533,0.00012643538394130149,-0.0003132689195964492,0.0003132689195964492,9.0
petihana,-0.00016907133894304485,0.0007958035486237744,0.0006267322096807296,-0.0009648748875668193,0.0009648748875668193,10.0
piharau,-9.341676782757386e-05,0.00021985215176887533,0.00012643538394130149,-0.0003132689195964492,0.0003132689195964492,9.0
pihi,-9.341676782757386e-05,0.00021985215176887533,0.00012643538394130149,-0.0003132689195964492,0.0003132689195964492,9.0
pihinga,-3.552439342420572e-05,4.180252922586344e-05,6.2781358016577234e-06,-7.732692265006915e-05,7.732692265006915e-05,9.0
piki,-7.104878684841143e-05,8.360505845172688e-05,1.2556271603315447e-05,-0.0001546538453001383,0.0001546538453001383,133.0
pikitia,7.947867119576885e-05,-6.234982322935476e-05,1.712884796641409e-05,0.0001418284944251236,0.0001418284944251236,11.0
pinenga,-3.552439342420572e-05,4.180252922586344e-05,6.2781358016577234e-06,-7.732692265006915e-05,7.732692265006915e-05,9.0
pio,-9.341676782757386e-05,0.00021985215176887533,0.00012643538394130149,-0.0003132689195964492,0.0003132689195964492,9.0
pioi,-9.341676782757386e-05,0.00021985215176887533,0.00012643538394130149,-0.0003132689195964492,0.0003132689195964492,9.0
pirau,7.947867119576885e-05,-6.234982322935476e-05,1.712884796641409e-05,0.0001418284944251236,0.0001418284944251236,15.0
pire,-3.552439342420572e-05,4.180252922586344e-05,6.2781358016577234e-06,-7.732692265006915e-05,7.732692265006915e-05,19.0
piri,0.00023156949761347255,-0.00013624709331714845,9.53224042963241e-05,0.00036781659093062104,0.00036781659093062104,47.0
pirihimana,-9.341676782757386e-05,0.00021985215176887533,0.00012643538394130149,-0.0003132689195964492,0.0003132689195964492,12.0
pirimia,-3.552439342420572e-05,4.180252922586344e-05,6.2781358016577234e-06,-7.732692265006915e-05,7.732692265006915e-05,26.0
piringa,-9.341676782757386e-05,0.00021985215176887533,0.00012643538394130149,-0.0003132689195964492,0.0003132689195964492,11.0
piripiri,-9.341676782757386e-05,0.00021985215176887533,0.00012643538394130149,-0.0003132689195964492,0.0003132689195964492,9.0
piriti,-3.552439342420572e-05,4.180252922586344e-05,6.2781358016577234e-06,-7.732692265006915e-05,7.732692265006915e-05,11.0
piro,-9.341676782757386e-05,0.00021985215176887533,0.00012643538394130149,-0.0003132689195964492,0.0003132689195964492,12.0
pitiana,-9.341676782757386e-05,0.00021985215176887533,0.00012643538394130149,-0.0003132689195964492,0.0003132689195964492,8.0
pito,0.000411238531760461,-0.00019356626909783424,0.00021767226266262676,0.0006048048008582953,0.0006048048008582953,29.0
piu,-9.341676782757386e-05,0.00021985215176887533,0.00012643538394130149,-0.0003132689195964492,0.0003132689195964492,13.0
playground,-9.341676782757386e-05,0.00021985215176887533,0.00012643538394130149,-0.0003132689195964492,0.0003132689195964492,9.0
poai,-9.341676782757386e-05,0.00021985215176887533,0.00012643538394130149,-0.0003132689195964492,0.0003132689195964492,8.0
poari,0.005722661553060152,-0.0005855663470570044,0.005137095206003147,0.006308227900117157,0.006308227900117157,76.0
poho,0.000411238531760461,-0.00019356626909783424,0.00021767226266262676,0.0006048048008582953,0.0006048048008582953,14.0
poho-o-rāwiri,-9.341676782757386e-05,0.00021985215176887533,0.00012643538394130149,-0.0003132689195964492,0.0003132689195964492,9.0
pohū,-9.341676782757386e-05,0.00021985215176887533,0.00012643538394130149,-0.0003132689195964492,0.0003132689195964492,8.0
poipoi,-0.0003868533417835378,0.002276104750462865,0.0018892514086793274,-0.002662958092246403,0.002662958092246403,42.0
poitūkohu,-9.341676782757386e-05,0.00021985215176887533,0.00012643538394130149,-0.0003132689195964492,0.0003132689195964492,9.0
poka,-9.341676782757386e-05,0.00021985215176887533,0.00012643538394130149,-0.0003132689195964492,0.0003132689195964492,17.0
pokatanga,-9.341676782757386e-05,0.00021985215176887533,0.00012643538394130149,-0.0003132689195964492,0.0003132689195964492,9.0
poke,-9.341676782757386e-05,0.00021985215176887533,0.00012643538394130149,-0.0003132689195964492,0.0003132689195964492,11.0
poki,-9.341676782757386e-05,0.00021985215176887533,0.00012643538394130149,-0.0003132689195964492,0.0003132689195964492,9.0
poko,-9.341676782757386e-05,0.00021985215176887533,0.00012643538394130149,-0.0003132689195964492,0.0003132689195964492,9.0
policy,-3.552439342420572e-05,4.180252922586344e-05,6.2781358016577234e-06,-7.732692265006915e-05,7.732692265006915e-05,9.0
pono,-3.552439342420572e-05,4.180252922586344e-05,6.2781358016577234e-06,-7.732692265006915e-05,7.732692265006915e-05,17.0
pononga,7.947867119576885e-05,-6.234982322935476e-05,1.712884796641409e-05,0.0001418284944251236,0.0001418284944251236,11.0
popoki,-9.341676782757386e-05,0.00021985215176887533,0.00012643538394130149,-0.0003132689195964492,0.0003132689195964492,8.0
poro,-9.341676782757386e-05,0.00021985215176887533,0.00012643538394130149,-0.0003132689195964492,0.0003132689195964492,21.0
poroporo,-9.341676782757386e-05,0.00021985215176887533,0.00012643538394130149,-0.0003132689195964492,0.0003132689195964492,12.0
poroporoaki,-9.341676782757386e-05,0.00021985215176887533,0.00012643538394130149,-0.0003132689195964492,0.0003132689195964492,18.0
porotiti,-9.341676782757386e-05,0.00021985215176887533,0.00012643538394130149,-0.0003132689195964492,0.0003132689195964492,9.0
porowhiu,-9.341676782757386e-05,0.00021985215176887533,0.00012643538394130149,-0.0003132689195964492,0.0003132689195964492,11.0
poti,-3.552439342420572e-05,4.180252922586344e-05,6.2781358016577234e-06,-7.732692265006915e-05,7.732692265006915e-05,10.0
poto,-9.341676782757386e-05,0.00021985215176887533,0.00012643538394130149,-0.0003132689195964492,0.0003132689195964492,18.0
pou,7.947867119576885e-05,-6.234982322935476e-05,1.712884796641409e-05,0.0001418284944251236,0.0001418284944251236,25.0
pou-e-rua,-9.341676782757386e-05,0.00021985215176887533,0.00012643538394130149,-0.0003132689195964492,0.0003132689195964492,8.0
poua,-9.341676782757386e-05,0.00021985215176887533,0.00012643538394130149,-0.0003132689195964492,0.0003132689195964492,9.0
pouaka,0.002424999355831583,-0.0004390097432893155,0.0019859896125422674,0.002864009099120899,0.002864009099120899,39.0
pouako,-9.341676782757386e-05,0.00021985215176887533,0.00012643538394130149,-0.0003132689195964492,0.0003132689195964492,9.0
pouaru,-9.341676782757386e-05,0.00021985215176887533,0.00012643538394130149,-0.0003132689195964492,0.0003132689195964492,9.0
poukai,0.000411238531760461,-0.00019356626909783424,0.00021767226266262676,0.0006048048008582953,0.0006048048008582953,12.0
pounamu,-9.341676782757386e-05,0.00021985215176887533,0.00012643538394130149,-0.0003132689195964492,0.0003132689195964492,9.0
poupou,-9.341676782757386e-05,0.00021985215176887533,0.00012643538394130149,-0.0003132689195964492,0.0003132689195964492,11.0
poutokomanawa,-3.552439342420572e-05,4.180252922586344e-05,6.2781358016577234e-06,-7.732692265006915e-05,7.732692265006915e-05,13.0
poutāpeta,-9.341676782757386e-05,0.00021985215176887533,0.00012643538394130149,-0.0003132689195964492,0.0003132689195964492,9.0
poutūtanga,7.947867119576885e-05,-6.234982322935476e-05,1.712884796641409e-05,0.0001418284944251236,0.0001418284944251236,10.0
pouwhenua,-9.341676782757386e-05,0.00021985215176887533,0.00012643538394130149,-0.0003132689195964492,0.0003132689195964492,8.0
ppta,-3.552439342420572e-05,4.180252922586344e-05,6.2781358016577234e-06,-7.732692265006915e-05,7.732692265006915e-05,9.0
practise,-9.341676782757386e-05,0.00021985215176887533,0.00012643538394130149,-0.0003132689195964492,0.0003132689195964492,9.0
preserve,-9.341676782757386e-05,0.00021985215176887533,0.00012643538394130149,-0.0003132689195964492,0.0003132689195964492,9.0
pretty,-9.341676782757386e-05,0.00021985215176887533,0.00012643538394130149,-0.0003132689195964492,0.0003132689195964492,10.0
pua,-9.341676782757386e-05,0.00021985215176887533,0.00012643538394130149,-0.0003132689195964492,0.0003132689195964492,10.0
puaki,-9.341676782757386e-05,0.00021985215176887533,0.00012643538394130149,-0.0003132689195964492,0.0003132689195964492,11.0
puakinga,-9.341676782757386e-05,0.00021985215176887533,0.00012643538394130149,-0.0003132689195964492,0.0003132689195964492,9.0
puare,-9.341676782757386e-05,0.00021985215176887533,0.00012643538394130149,-0.0003132689195964492,0.0003132689195964492,23.0
puaretanga,0.000411238531760461,-0.00019356626909783424,0.00021767226266262676,0.0006048048008582953,0.0006048048008582953,12.0
puea,-3.552439342420572e-05,4.180252922586344e-05,6.2781358016577234e-06,-7.732692265006915e-05,7.732692265006915e-05,12.0
puehu,-9.341676782757386e-05,0.00021985215176887533,0.00012643538394130149,-0.0003132689195964492,0.0003132689195964492,17.0
puhi,-9.341676782757386e-05,0.00021985215176887533,0.00012643538394130149,-0.0003132689195964492,0.0003132689195964492,9.0
puhipuhi,-9.341676782757386e-05,0.00021985215176887533,0.00012643538394130149,-0.0003132689195964492,0.0003132689195964492,10.0
puihi,-9.341676782757386e-05,0.00021985215176887533,0.00012643538394130149,-0.0003132689195964492,0.0003132689195964492,8.0
pukapuka,0.00023156949761347255,-0.00013624709331714845,9.53224042963241e-05,0.00036781659093062104,0.00036781659093062104,19.0
puke,-3.552439342420572e-05,4.180252922586344e-05,6.2781358016577234e-06,-7.732692265006915e-05,7.732692265006915e-05,11.0
puku,0.0006128847690843637,-0.00024039944577236664,0.0003724853233119971,0.0008532842148567304,0.0008532842148567304,26.0
pukupuku,-9.341676782757386e-05,0.00021985215176887533,0.00012643538394130149,-0.0003132689195964492,0.0003132689195964492,9.0
pukuriri,-9.341676782757386e-05,0.00021985215176887533,0.00012643538394130149,-0.0003132689195964492,0.0003132689195964492,20.0
puna,7.947867119576885e-05,-6.234982322935476e-05,1.712884796641409e-05,0.0001418284944251236,0.0001418284944251236,25.0
pune,-3.552439342420572e-05,4.180252922586344e-05,6.2781358016577234e-06,-7.732692265006915e-05,7.732692265006915e-05,9.0
punga,-9.341676782757386e-05,0.00021985215176887533,0.00012643538394130149,-0.0003132689195964492,0.0003132689195964492,10.0
puni,-3.552439342420572e-05,4.180252922586344e-05,6.2781358016577234e-06,-7.732692265006915e-05,7.732692265006915e-05,10.0
puoro,-9.341676782757386e-05,0.00021985215176887533,0.00012643538394130149,-0.0003132689195964492,0.0003132689195964492,9.0
pupuhi,-3.552439342420572e-05,4.180252922586344e-05,6.2781358016577234e-06,-7.732692265006915e-05,7.732692265006915e-05,39.0
pupuri,-0.0002889809971692083,0.004080622495860704,0.0037916414986914958,-0.004369603493029913,0.004369603493029913,68.0
pupuru,-3.552439342420572e-05,4.180252922586344e-05,6.2781358016577234e-06,-7.732692265006915e-05,7.732692265006915e-05,17.0
pupū,-9.341676782757386e-05,0.00021985215176887533,0.00012643538394130149,-0.0003132689195964492,0.0003132689195964492,23.0
pura,-9.341676782757386e-05,0.00021985215176887533,0.00012643538394130149,-0.0003132689195964492,0.0003132689195964492,10.0
pure,-9.341676782757386e-05,0.00021985215176887533,0.00012643538394130149,-0.0003132689195964492,0.0003132689195964492,11.0
purei,7.947867119576885e-05,-6.234982322935476e-05,1.712884796641409e-05,0.0001418284944251236,0.0001418284944251236,41.0
pureitanga,-9.341676782757386e-05,0.00021985215176887533,0.00012643538394130149,-0.0003132689195964492,0.0003132689195964492,8.0
puri,-3.552439342420572e-05,4.180252922586344e-05,6.2781358016577234e-06,-7.732692265006915e-05,7.732692265006915e-05,38.0
puru,-9.341676782757386e-05,0.00021985215176887533,0.00012643538394130149,-0.0003132689195964492,0.0003132689195964492,61.0
puruheka,-9.341676782757386e-05,0.00021985215176887533,0.00012643538394130149,-0.0003132689195964492,0.0003132689195964492,9.0
puruma,-9.341676782757386e-05,0.00021985215176887533,0.00012643538394130149,-0.0003132689195964492,0.0003132689195964492,9.0
purutiti,-9.341676782757386e-05,0.00021985215176887533,0.00012643538394130149,-0.0003132689195964492,0.0003132689195964492,9.0
puta,0.00010909829834140534,-9.628422258579077e-05,1.2814075755614567e-05,0.00020538252092719612,0.00020538252092719612,1018.0
putahanga,-3.552439342420572e-05,4.180252922586344e-05,6.2781358016577234e-06,-7.732692265006915e-05,7.732692265006915e-05,9.0
putanga,0.0046711369716606835,-0.0005496655141838581,0.004121471457476825,0.005220802485844542,0.005220802485844542,37.0
putaputa,-9.341676782757386e-05,0.00021985215176887533,0.00012643538394130149,-0.0003132689195964492,0.0003132689195964492,22.0
putatanga,0.0008328072533872049,-0.0002799963324477477,0.0005528109209394572,0.0011128035858349525,0.0011128035858349525,14.0
puti,-9.341676782757386e-05,0.00021985215176887533,0.00012643538394130149,-0.0003132689195964492,0.0003132689195964492,9.0
putiputi,-9.341676782757386e-05,0.00021985215176887533,0.00012643538394130149,-0.0003132689195964492,0.0003132689195964492,13.0
putu,-9.341676782757386e-05,0.00021985215176887533,0.00012643538394130149,-0.0003132689195964492,0.0003132689195964492,12.0
puāwai,-3.552439342420572e-05,4.180252922586344e-05,6.2781358016577234e-06,-7.732692265006915e-05,7.732692265006915e-05,39.0
puāwaitanga,0.00023156949761347255,-0.00013624709331714845,9.53224042963241e-05,0.00036781659093062104,0.00036781659093062104,13.0
pā,-0.00018830975937035642,0.0002659071177011876,7.75973583308312e-05,-0.00045421687707154404,0.00045421687707154404,985.0
pāhi,-3.552439342420572e-05,4.180252922586344e-05,6.2781358016577234e-06,-7.732692265006915e-05,7.732692265006915e-05,15.0
pāinaina,-9.341676782757386e-05,0.00021985215176887533,0.00012643538394130149,-0.0003132689195964492,0.0003132689195964492,10.0
pākaitore,-0.00016907133894304485,0.0007958035486237744,0.0006267322096807296,-0.0009648748875668193,0.0009648748875668193,9.0
pākarukaru,-9.341676782757386e-05,0.00021985215176887533,0.00012643538394130149,-0.0003132689195964492,0.0003132689195964492,10.0
pākehā,0.000411238531760461,-0.00019356626909783424,0.00021767226266262676,0.0006048048008582953,0.0006048048008582953,39.0
pākeke,-9.341676782757386e-05,0.00021985215176887533,0.00012643538394130149,-0.0003132689195964492,0.0003132689195964492,9.0
pākihi,-9.341676782757386e-05,0.00021985215176887533,0.00012643538394130149,-0.0003132689195964492,0.0003132689195964492,9.0
pākira,-3.552439342420572e-05,4.180252922586344e-05,6.2781358016577234e-06,-7.732692265006915e-05,7.732692265006915e-05,9.0
pākoha,-9.341676782757386e-05,0.00021985215176887533,0.00012643538394130149,-0.0003132689195964492,0.0003132689195964492,9.0
pākura,-3.552439342420572e-05,4.180252922586344e-05,6.2781358016577234e-06,-7.732692265006915e-05,7.732692265006915e-05,9.0
pākōkō,7.947867119576885e-05,-6.234982322935476e-05,1.712884796641409e-05,0.0001418284944251236,0.0001418284944251236,12.0
pāmu,0.00023156949761347255,-0.00013624709331714845,9.53224042963241e-05,0.00036781659093062104,0.00036781659093062104,13.0
pāmutanga,-9.341676782757386e-05,0.00021985215176887533,0.00012643538394130149,-0.0003132689195964492,0.0003132689195964492,8.0
pānga,-9.341676782757386e-05,0.00021985215176887533,0.00012643538394130149,-0.0003132689195964492,0.0003132689195964492,13.0
pānui,-0.0002480691352911813,0.000437864645043245,0.00018979550975206367,-0.0006859337803344263,0.0006859337803344263,92.0
pānuitanga,0.00023156949761347255,-0.00013624709331714845,9.53224042963241e-05,0.00036781659093062104,0.00036781659093062104,12.0
pāoroorotanga,-9.341676782757386e-05,0.00021985215176887533,0.00012643538394130149,-0.0003132689195964492,0.0003132689195964492,9.0
pāpaku,-0.00016907133894304485,0.0007958035486237744,0.0006267322096807296,-0.0009648748875668193,0.0009648748875668193,9.0
pāpuni,-3.552439342420572e-05,4.180252922586344e-05,6.2781358016577234e-06,-7.732692265006915e-05,7.732692265006915e-05,9.0
pāpā,-3.552439342420572e-05,4.180252922586344e-05,6.2781358016577234e-06,-7.732692265006915e-05,7.732692265006915e-05,17.0
pāpāhi,-9.341676782757386e-05,0.00021985215176887533,0.00012643538394130149,-0.0003132689195964492,0.0003132689195964492,9.0
pāpōuri,-9.341676782757386e-05,0.00021985215176887533,0.00012643538394130149,-0.0003132689195964492,0.0003132689195964492,9.0
pārekareka,-9.341676782757386e-05,0.00021985215176887533,0.00012643538394130149,-0.0003132689195964492,0.0003132689195964492,9.0
pāremata,-9.341676782757386e-05,0.00021985215176887533,0.00012643538394130149,-0.0003132689195964492,0.0003132689195964492,10.0
pātai,-0.0002480691352911813,0.000437864645043245,0.00018979550975206367,-0.0006859337803344263,0.0006859337803344263,106.0
pātaitai,-9.341676782757386e-05,0.00021985215176887533,0.00012643538394130149,-0.0003132689195964492,0.0003132689195964492,13.0
pātaitanga,0.00023156949761347255,-0.00013624709331714845,9.53224042963241e-05,0.00036781659093062104,0.00036781659093062104,11.0
pātaka,-9.341676782757386e-05,0.00021985215176887533,0.00012643538394130149,-0.0003132689195964492,0.0003132689195964492,22.0
pātanga,-3.552439342420572e-05,4.180252922586344e-05,6.2781358016577234e-06,-7.732692265006915e-05,7.732692265006915e-05,9.0
pātata,-9.341676782757386e-05,0.00021985215176887533,0.00012643538394130149,-0.0003132689195964492,0.0003132689195964492,13.0
pātene,-9.341676782757386e-05,0.00021985215176887533,0.00012643538394130149,-0.0003132689195964492,0.0003132689195964492,10.0
pātere,-3.552439342420572e-05,4.180252922586344e-05,6.2781358016577234e-06,-7.732692265006915e-05,7.732692265006915e-05,11.0
pāti,7.947867119576885e-05,-6.234982322935476e-05,1.712884796641409e-05,0.0001418284944251236,0.0001418284944251236,13.0
pātiki,-9.341676782757386e-05,0.00021985215176887533,0.00012643538394130149,-0.0003132689195964492,0.0003132689195964492,9.0
pātukituki,-0.00016907133894304485,0.0007958035486237744,0.0006267322096807296,-0.0009648748875668193,0.0009648748875668193,15.0
pātū,-9.341676782757386e-05,0.00021985215176887533,0.00012643538394130149,-0.0003132689195964492,0.0003132689195964492,9.0
pāua,-9.341676782757386e-05,0.00021985215176887533,0.00012643538394130149,-0.0003132689195964492,0.0003132689195964492,9.0
pāwaha,-9.341676782757386e-05,0.00021985215176887533,0.00012643538394130149,-0.0003132689195964492,0.0003132689195964492,9.0
pēhea,-0.00016907133894304485,0.0007958035486237744,0.0006267322096807296,-0.0009648748875668193,0.0009648748875668193,220.0
pēhi,-9.341676782757386e-05,0.00021985215176887533,0.00012643538394130149,-0.0003132689195964492,0.0003132689195964492,33.0
pēke,-3.552439342420572e-05,4.180252922586344e-05,6.2781358016577234e-06,-7.732692265006915e-05,7.732692265006915e-05,13.0
pēne,-9.341676782757386e-05,0.00021985215176887533,0.00012643538394130149,-0.0003132689195964492,0.0003132689195964492,9.0
pēnei,-9.341676782757386e-05,0.00021985215176887533,0.00012643538394130149,-0.0003132689195964492,0.0003132689195964492,91.0
pēneki,-9.341676782757386e-05,0.00021985215176887533,0.00012643538394130149,-0.0003132689195964492,0.0003132689195964492,11.0
pēnā,-9.341676782757386e-05,0.00021985215176887533,0.00012643538394130149,-0.0003132689195964492,0.0003132689195964492,22.0
pēpi,-3.552439342420572e-05,4.180252922586344e-05,6.2781358016577234e-06,-7.732692265006915e-05,7.732692265006915e-05,12.0
pēpē,-9.341676782757386e-05,0.00021985215176887533,0.00012643538394130149,-0.0003132689195964492,0.0003132689195964492,9.0
pēraka,-9.341676782757386e-05,0.00021985215176887533,0.00012643538394130149,-0.0003132689195964492,0.0003132689195964492,9.0
pērā,3.296567618310595e-05,-3.103329310964467e-05,1.932383073461279e-06,6.399896929275062e-05,6.399896929275062e-05,100.0
pēwhea,-9.341676782757386e-05,0.00021985215176887533,0.00012643538394130149,-0.0003132689195964492,0.0003132689195964492,14.0
pēwheatanga,-9.341676782757386e-05,0.00021985215176887533,0.00012643538394130149,-0.0003132689195964492,0.0003132689195964492,9.0
pīata,-3.552439342420572e-05,4.180252922586344e-05,6.2781358016577234e-06,-7.732692265006915e-05,7.732692265006915e-05,11.0
pīhau,-9.341676782757386e-05,0.00021985215176887533,0.00012643538394130149,-0.0003132689195964492,0.0003132689195964492,9.0
pīhopa,7.947867119576885e-05,-6.234982322935476e-05,1.712884796641409e-05,0.0001418284944251236,0.0001418284944251236,41.0
pīhopatanga,-9.341676782757386e-05,0.00021985215176887533,0.00012643538394130149,-0.0003132689195964492,0.0003132689195964492,11.0
pīkau,-0.00024472591005851585,0.0023038055874195964,0.0020590796773610805,-0.0025485314974781122,0.0025485314974781122,22.0
pīra,-0.00018683353565514772,0.00043970430353775067,0.00025287076788260297,-0.0006265378391928984,0.0006265378391928984,19.0
pīrangi,0.000411238531760461,-0.00019356626909783424,0.00021767226266262676,0.0006048048008582953,0.0006048048008582953,121.0
pō,0.01112598111491986,-0.0007076890536367821,0.010418292061283078,0.011833670168556642,0.011833670168556642,67.0
pōhara,-3.552439342420572e-05,4.180252922586344e-05,6.2781358016577234e-06,-7.732692265006915e-05,7.732692265006915e-05,14.0
pōharatanga,-9.341676782757386e-05,0.00021985215176887533,0.00012643538394130149,-0.0003132689195964492,0.0003132689195964492,9.0
pōhatu,-3.552439342420572e-05,4.180252922586344e-05,6.2781358016577234e-06,-7.732692265006915e-05,7.732692265006915e-05,10.0
pōhiri,-0.0005506874197530653,0.0019440270253445614,0.0013933396055914962,-0.0024947144450976266,0.0024947144450976266,44.0
pōhā,-9.341676782757386e-05,0.00021985215176887533,0.00012643538394130149,-0.0003132689195964492,0.0003132689195964492,9.0
pōhēhē,-9.341676782757386e-05,0.00021985215176887533,0.00012643538394130149,-0.0003132689195964492,0.0003132689195964492,30.0
pōka,-9.341676782757386e-05,0.00021985215176887533,0.00012643538394130149,-0.0003132689195964492,0.0003132689195964492,9.0
pōkai,-9.341676782757386e-05,0.00021985215176887533,0.00012643538394130149,-0.0003132689195964492,0.0003132689195964492,9.0
pōkaikaha,-9.341676782757386e-05,0.00021985215176887533,0.00012643538394130149,-0.0003132689195964492,0.0003132689195964492,11.0
pōneke,-9.341676782757386e-05,0.00021985215176887533,0.00012643538394130149,-0.0003132689195964492,0.0003132689195964492,9.0
pōnānā,-9.341676782757386e-05,0.00021985215176887533,0.00012643538394130149,-0.0003132689195964492,0.0003132689195964492,9.0
pōrangi,-9.341676782757386e-05,0.00021985215176887533,0.00012643538394130149,-0.0003132689195964492,0.0003132689195964492,9.0
pōrearea,-9.341676782757386e-05,0.00021985215176887533,0.00012643538394130149,-0.0003132689195964492,0.0003132689195964492,10.0
pōro,-9.341676782757386e-05,0.00021985215176887533,0.00012643538394130149,-0.0003132689195964492,0.0003132689195964492,9.0
pōtae,7.947867119576885e-05,-6.234982322935476e-05,1.712884796641409e-05,0.0001418284944251236,0.0001418284944251236,14.0
pōtete,-9.341676782757386e-05,0.00021985215176887533,0.00012643538394130149,-0.0003132689195964492,0.0003132689195964492,10.0
pōti,-3.552439342420572e-05,4.180252922586344e-05,6.2781358016577234e-06,-7.732692265006915e-05,7.732692265006915e-05,26.0
pōtiki,-9.341676782757386e-05,0.00021985215176887533,0.00012643538394130149,-0.0003132689195964492,0.0003132689195964492,11.0
pōtitanga,7.947867119576885e-05,-6.234982322935476e-05,1.712884796641409e-05,0.0001418284944251236,0.0001418284944251236,10.0
pōuri,-3.552439342420572e-05,4.180252922586344e-05,6.2781358016577234e-06,-7.732692265006915e-05,7.732692265006915e-05,37.0
pōuritanga,7.947867119576885e-05,-6.234982322935476e-05,1.712884796641409e-05,0.0001418284944251236,0.0001418284944251236,10.0
pōwhiri,-0.0005361423520042364,0.0010815315905609662,0.0005453892385567298,-0.0016176739425652026,0.0016176739425652026,39.0
pū,-3.552439342420572e-05,4.180252922586344e-05,6.2781358016577234e-06,-7.732692265006915e-05,7.732692265006915e-05,17.0
pū-o-rei,-9.341676782757386e-05,0.00021985215176887533,0.00012643538394130149,-0.0003132689195964492,0.0003132689195964492,10.0
pūaha,-3.552439342420572e-05,4.180252922586344e-05,6.2781358016577234e-06,-7.732692265006915e-05,7.732692265006915e-05,9.0
pūareare,-3.552439342420572e-05,4.180252922586344e-05,6.2781358016577234e-06,-7.732692265006915e-05,7.732692265006915e-05,10.0
pūhae,-9.341676782757386e-05,0.00021985215176887533,0.00012643538394130149,-0.0003132689195964492,0.0003132689195964492,9.0
pūhaehae,-9.341676782757386e-05,0.00021985215176887533,0.00012643538394130149,-0.0003132689195964492,0.0003132689195964492,12.0
pūhiatanga,7.947867119576885e-05,-6.234982322935476e-05,1.712884796641409e-05,0.0001418284944251236,0.0001418284944251236,10.0
pūhā,-9.341676782757386e-05,0.00021985215176887533,0.00012643538394130149,-0.0003132689195964492,0.0003132689195964492,8.0
pūkana,-9.341676782757386e-05,0.00021985215176887533,0.00012643538394130149,-0.0003132689195964492,0.0003132689195964492,11.0
pūkenga,-9.341676782757386e-05,0.00021985215176887533,0.00012643538394130149,-0.0003132689195964492,0.0003132689195964492,9.0
pūkoro,-3.552439342420572e-05,4.180252922586344e-05,6.2781358016577234e-06,-7.732692265006915e-05,7.732692265006915e-05,9.0
pūkōrero,-9.341676782757386e-05,0.00021985215176887533,0.00012643538394130149,-0.0003132689195964492,0.0003132689195964492,9.0
pūmanawa,-9.341676782757386e-05,0.00021985215176887533,0.00012643538394130149,-0.0003132689195964492,0.0003132689195964492,9.0
pūmau,-3.552439342420572e-05,4.180252922586344e-05,6.2781358016577234e-06,-7.732692265006915e-05,7.732692265006915e-05,21.0
pūremu,-0.00016907133894304485,0.0007958035486237744,0.0006267322096807296,-0.0009648748875668193,0.0009648748875668193,9.0
pūrena,-9.341676782757386e-05,0.00021985215176887533,0.00012643538394130149,-0.0003132689195964492,0.0003132689195964492,10.0
pūrere,-9.341676782757386e-05,0.00021985215176887533,0.00012643538394130149,-0.0003132689195964492,0.0003132689195964492,10.0
pūrerehua,-9.341676782757386e-05,0.00021985215176887533,0.00012643538394130149,-0.0003132689195964492,0.0003132689195964492,8.0
pūrongo,-3.552439342420572e-05,4.180252922586344e-05,6.2781358016577234e-06,-7.732692265006915e-05,7.732692265006915e-05,15.0
pūru,-9.341676782757386e-05,0.00021985215176887533,0.00012643538394130149,-0.0003132689195964492,0.0003132689195964492,13.0
pūrutoiha,-9.341676782757386e-05,0.00021985215176887533,0.00012643538394130149,-0.0003132689195964492,0.0003132689195964492,10.0
pūrākau,-3.552439342420572e-05,4.180252922586344e-05,6.2781358016577234e-06,-7.732692265006915e-05,7.732692265006915e-05,9.0
pūtahitanga,7.947867119576885e-05,-6.234982322935476e-05,1.712884796641409e-05,0.0001418284944251236,0.0001418284944251236,10.0
pūtake,0.0013176229376227774,-0.0003445517982275848,0.0009730711393951927,0.0016621747358503622,0.0016621747358503622,65.0
pūtaketanga,-9.341676782757386e-05,0.00021985215176887533,0.00012643538394130149,-0.0003132689195964492,0.0003132689195964492,11.0
pūtea,0.00023156949761347255,-0.00013624709331714845,9.53224042963241e-05,0.00036781659093062104,0.00036781659093062104,40.0
pūtiki,-9.341676782757386e-05,0.00021985215176887533,0.00012643538394130149,-0.0003132689195964492,0.0003132689195964492,10.0
pūtātara,-9.341676782757386e-05,0.00021985215176887533,0.00012643538394130149,-0.0003132689195964492,0.0003132689195964492,9.0
pūwaha,7.947867119576885e-05,-6.234982322935476e-05,1.712884796641409e-05,0.0001418284944251236,0.0001418284944251236,10.0
pūwahatanga,-9.341676782757386e-05,0.00021985215176887533,0.00012643538394130149,-0.0003132689195964492,0.0003132689195964492,9.0
pūwherowhero,-9.341676782757386e-05,0.00021985215176887533,0.00012643538394130149,-0.0003132689195964492,0.0003132689195964492,9.0
quota,-9.341676782757386e-05,0.00021985215176887533,0.00012643538394130149,-0.0003132689195964492,0.0003132689195964492,9.0
rahi,0.000411238531760461,-0.00019356626909783424,0.00021767226266262676,0.0006048048008582953,0.0006048048008582953,104.0
rahinga,-3.552439342420572e-05,4.180252922586344e-05,6.2781358016577234e-06,-7.732692265006915e-05,7.732692265006915e-05,18.0
raiti,-9.341676782757386e-05,0.00021985215176887533,0.00012643538394130149,-0.0003132689195964492,0.0003132689195964492,9.0
raiwhara,-9.341676782757386e-05,0.00021985215176887533,0.00012643538394130149,-0.0003132689195964492,0.0003132689195964492,9.0
raka,-9.341676782757386e-05,0.00021985215176887533,0.00012643538394130149,-0.0003132689195964492,0.0003132689195964492,11.0
rakaraka,-9.341676782757386e-05,0.00021985215176887533,0.00012643538394130149,-0.0003132689195964492,0.0003132689195964492,9.0
rake,-9.341676782757386e-05,0.00021985215176887533,0.00012643538394130149,-0.0003132689195964492,0.0003132689195964492,9.0
raki,0.0006128847690843637,-0.00024039944577236664,0.0003724853233119971,0.0008532842148567304,0.0008532842148567304,14.0
raki-paewhenua,-9.341676782757386e-05,0.00021985215176887533,0.00012643538394130149,-0.0003132689195964492,0.0003132689195964492,9.0
rakiraki,-9.341676782757386e-05,0.00021985215176887533,0.00012643538394130149,-0.0003132689195964492,0.0003132689195964492,10.0
rakuraku,-9.341676782757386e-05,0.00021985215176887533,0.00012643538394130149,-0.0003132689195964492,0.0003132689195964492,10.0
rama,-9.341676782757386e-05,0.00021985215176887533,0.00012643538394130149,-0.0003132689195964492,0.0003132689195964492,10.0
ranea,-9.341676782757386e-05,0.00021985215176887533,0.00012643538394130149,-0.0003132689195964492,0.0003132689195964492,8.0
ranga,-9.341676782757386e-05,0.00021985215176887533,0.00012643538394130149,-0.0003132689195964492,0.0003132689195964492,10.0
rangahau,-0.00021332642605373733,0.0015061623803013164,0.001292835954247579,-0.0017194888063550538,0.0017194888063550538,35.0
rangahautanga,-3.552439342420572e-05,4.180252922586344e-05,6.2781358016577234e-06,-7.732692265006915e-05,7.732692265006915e-05,9.0
rangatahi,-3.552439342420572e-05,4.180252922586344e-05,6.2781358016577234e-06,-7.732692265006915e-05,7.732692265006915e-05,17.0
rangatira,-3.552439342420572e-05,4.180252922586344e-05,6.2781358016577234e-06,-7.732692265006915e-05,7.732692265006915e-05,69.0
rangatiratanga,-3.552439342420572e-05,4.180252922586344e-05,6.2781358016577234e-06,-7.732692265006915e-05,7.732692265006915e-05,19.0
rangi,0.002424999355831583,-0.0004390097432893155,0.0019859896125422674,0.002864009099120899,0.002864009099120899,35.0
rangi-ātea,-9.341676782757386e-05,0.00021985215176887533,0.00012643538394130149,-0.0003132689195964492,0.0003132689195964492,10.0
rangimārie,-9.341676782757386e-05,0.00021985215176887533,0.00012643538394130149,-0.0003132689195964492,0.0003132689195964492,20.0
rangirua,-9.341676782757386e-05,0.00021985215176887533,0.00012643538394130149,-0.0003132689195964492,0.0003132689195964492,13.0
rapa,-9.341676782757386e-05,0.00021985215176887533,0.00012643538394130149,-0.0003132689195964492,0.0003132689195964492,18.0
rapirapi,-9.341676782757386e-05,0.00021985215176887533,0.00012643538394130149,-0.0003132689195964492,0.0003132689195964492,11.0
rapu,-0.0009574461233834626,0.004131061529533012,0.0031736154061495496,-0.005088507652916475,0.005088507652916475,125.0
rapuhanga,-3.552439342420572e-05,4.180252922586344e-05,6.2781358016577234e-06,-7.732692265006915e-05,7.732692265006915e-05,9.0
rapunga,-3.552439342420572e-05,4.180252922586344e-05,6.2781358016577234e-06,-7.732692265006915e-05,7.732692265006915e-05,11.0
rapurapu,-9.341676782757386e-05,0.00021985215176887533,0.00012643538394130149,-0.0003132689195964492,0.0003132689195964492,10.0
rarata,-9.341676782757386e-05,0.00021985215176887533,0.00012643538394130149,-0.0003132689195964492,0.0003132689195964492,13.0
rarau,-9.341676782757386e-05,0.00021985215176887533,0.00012643538394130149,-0.0003132689195964492,0.0003132689195964492,11.0
rarawa,-3.552439342420572e-05,4.180252922586344e-05,6.2781358016577234e-06,-7.732692265006915e-05,7.732692265006915e-05,12.0
raru,-0.00014748504215064416,0.0002313995986273143,8.391455647667015e-05,-0.0003788846407779585,0.0003788846407779585,40.0
raruraru,0.000411238531760461,-0.00019356626909783424,0.00021767226266262676,0.0006048048008582953,0.0006048048008582953,39.0
rarutanga,-3.552439342420572e-05,4.180252922586344e-05,6.2781358016577234e-06,-7.732692265006915e-05,7.732692265006915e-05,9.0
rata,0.000411238531760461,-0.00019356626909783424,0.00021767226266262676,0.0006048048008582953,0.0006048048008582953,17.0
ratarata,-9.341676782757386e-05,0.00021985215176887533,0.00012643538394130149,-0.0003132689195964492,0.0003132689195964492,9.0
rau,0.0033472242661489625,-0.0004923463384031723,0.0028548779277457904,0.0038395706045521345,0.0038395706045521345,41.0
rauemi,-9.341676782757386e-05,0.00021985215176887533,0.00012643538394130149,-0.0003132689195964492,0.0003132689195964492,10.0
rauhī,-9.341676782757386e-05,0.00021985215176887533,0.00012643538394130149,-0.0003132689195964492,0.0003132689195964492,9.0
rauparaha,-9.341676782757386e-05,0.00021985215176887533,0.00012643538394130149,-0.0003132689195964492,0.0003132689195964492,9.0
raupatu,-0.00021332642605373733,0.0015061623803013164,0.001292835954247579,-0.0017194888063550538,0.0017194888063550538,12.0
raupā,-9.341676782757386e-05,0.00021985215176887533,0.00012643538394130149,-0.0003132689195964492,0.0003132689195964492,10.0
rawe,-3.552439342420572e-05,4.180252922586344e-05,6.2781358016577234e-06,-7.732692265006915e-05,7.732692265006915e-05,29.0
raweke,-0.00021332642605373733,0.0015061623803013164,0.001292835954247579,-0.0017194888063550538,0.0017194888063550538,19.0
rawerawe,-3.552439342420572e-05,4.180252922586344e-05,6.2781358016577234e-06,-7.732692265006915e-05,7.732692265006915e-05,9.0
reanga,-3.552439342420572e-05,4.180252922586344e-05,6.2781358016577234e-06,-7.732692265006915e-05,7.732692265006915e-05,10.0
regional,-9.341676782757386e-05,0.00021985215176887533,0.00012643538394130149,-0.0003132689195964492,0.0003132689195964492,9.0
rehu,-9.341676782757386e-05,0.00021985215176887533,0.00012643538394130149,-0.0003132689195964492,0.0003132689195964492,9.0
reihi,-9.341676782757386e-05,0.00021985215176887533,0.00012643538394130149,-0.0003132689195964492,0.0003132689195964492,9.0
reka,0.001068375564150713,-0.0003142967158601603,0.0007540788482905526,0.0013826722800108734,0.0013826722800108734,30.0
rekareka,-3.552439342420572e-05,4.180252922586344e-05,6.2781358016577234e-06,-7.732692265006915e-05,7.732692265006915e-05,17.0
reo,0.051840811409063284,-0.001742928751714938,0.050097882657348346,0.05358374016077822,0.05358374016077822,287.0
rere,-0.0002480691352911813,0.000437864645043245,0.00018979550975206367,-0.0006859337803344263,0.0006859337803344263,162.0
rerekē,7.947867119576885e-05,-6.234982322935476e-05,1.712884796641409e-05,0.0001418284944251236,0.0001418284944251236,66.0
rerekētanga,7.947867119576885e-05,-6.234982322935476e-05,1.712884796641409e-05,0.0001418284944251236,0.0001418284944251236,35.0
rerenga,7.947867119576885e-05,-6.234982322935476e-05,1.712884796641409e-05,0.0001418284944251236,0.0001418284944251236,13.0
rererangi,-9.341676782757386e-05,0.00021985215176887533,0.00012643538394130149,-0.0003132689195964492,0.0003132689195964492,8.0
rererere,-9.341676782757386e-05,0.00021985215176887533,0.00012643538394130149,-0.0003132689195964492,0.0003132689195964492,9.0
reri,-9.341676782757386e-05,0.00021985215176887533,0.00012643538394130149,-0.0003132689195964492,0.0003132689195964492,24.0
reta,-3.552439342420572e-05,4.180252922586344e-05,6.2781358016577234e-06,-7.732692265006915e-05,7.732692265006915e-05,12.0
reti,-3.552439342420572e-05,4.180252922586344e-05,6.2781358016577234e-06,-7.732692265006915e-05,7.732692265006915e-05,10.0
retireti,-9.341676782757386e-05,0.00021985215176887533,0.00012643538394130149,-0.0003132689195964492,0.0003132689195964492,11.0
rewa,-9.341676782757386e-05,0.00021985215176887533,0.00012643538394130149,-0.0003132689195964492,0.0003132689195964492,21.0
rewherī,-0.00016907133894304485,0.0007958035486237744,0.0006267322096807296,-0.0009648748875668193,0.0009648748875668193,9.0
ria,-9.341676782757386e-05,0.00021985215176887533,0.00012643538394130149,-0.0003132689195964492,0.0003132689195964492,9.0
rihi,-9.341676782757386e-05,0.00021985215176887533,0.00012643538394130149,-0.0003132689195964492,0.0003132689195964492,9.0
rika,-9.341676782757386e-05,0.00021985215176887533,0.00012643538394130149,-0.0003132689195964492,0.0003132689195964492,14.0
rikarika,-9.341676782757386e-05,0.00021985215176887533,0.00012643538394130149,-0.0003132689195964492,0.0003132689195964492,22.0
rima,0.007567884996015194,-0.0006360955775337714,0.006931789418481423,0.008203980573548965,0.008203980573548965,66.0
ringa,0.001068375564150713,-0.0003142967158601603,0.0007540788482905526,0.0013826722800108734,0.0013826722800108734,26.0
ringa-tū,-3.552439342420572e-05,4.180252922586344e-05,6.2781358016577234e-06,-7.732692265006915e-05,7.732692265006915e-05,10.0
ringaringa,-3.552439342420572e-05,4.180252922586344e-05,6.2781358016577234e-06,-7.732692265006915e-05,7.732692265006915e-05,11.0
ringi,-9.341676782757386e-05,0.00021985215176887533,0.00012643538394130149,-0.0003132689195964492,0.0003132689195964492,12.0
riri,0.00023156949761347255,-0.00013624709331714845,9.53224042963241e-05,0.00036781659093062104,0.00036781659093062104,40.0
riririri,-9.341676782757386e-05,0.00021985215176887533,0.00012643538394130149,-0.0003132689195964492,0.0003132689195964492,9.0
riro,-0.00016907133894304485,0.0007958035486237744,0.0006267322096807296,-0.0009648748875668193,0.0009648748875668193,464.0
rirohanga,-9.341676782757386e-05,0.00021985215176887533,0.00012643538394130149,-0.0003132689195964492,0.0003132689195964492,9.0
rironga,7.947867119576885e-05,-6.234982322935476e-05,1.712884796641409e-05,0.0001418284944251236,0.0001418284944251236,10.0
rite,-3.552439342420572e-05,4.180252922586344e-05,6.2781358016577234e-06,-7.732692265006915e-05,7.732692265006915e-05,75.0
riterite,-9.341676782757386e-05,0.00021985215176887533,0.00012643538394130149,-0.0003132689195964492,0.0003132689195964492,9.0
rito,-9.341676782757386e-05,0.00021985215176887533,0.00012643538394130149,-0.0003132689195964492,0.0003132689195964492,12.0
riu,0.0008328072533872049,-0.0002799963324477477,0.0005528109209394572,0.0011128035858349525,0.0011128035858349525,17.0
roa,0.001068375564150713,-0.0003142967158601603,0.0007540788482905526,0.0013826722800108734,0.0013826722800108734,281.0
roanga,0.000411238531760461,-0.00019356626909783424,0.00021767226266262676,0.0006048048008582953,0.0006048048008582953,22.0
rohe,0.04881472229596236,-0.0009989847679237138,0.047815737528038645,0.04981370706388607,0.04981370706388607,150.0
rohenga,-9.341676782757386e-05,0.00021985215176887533,0.00012643538394130149,-0.0003132689195964492,0.0003132689195964492,9.0
roko,-9.341676782757386e-05,0.00021985215176887533,0.00012643538394130149,-0.0003132689195964492,0.0003132689195964492,10.0
rokohanga,-9.341676782757386e-05,0.00021985215176887533,0.00012643538394130149,-0.0003132689195964492,0.0003132689195964492,9.0
rongo,0.0046711369716606835,-0.0005496655141838581,0.004121471457476825,0.005220802485844542,0.005220802485844542,549.0
rongo-mai-te-aru,-3.552439342420572e-05,4.180252922586344e-05,6.2781358016577234e-06,-7.732692265006915e-05,7.732692265006915e-05,9.0
rongohanga,7.947867119576885e-05,-6.234982322935476e-05,1.712884796641409e-05,0.0001418284944251236,0.0001418284944251236,11.0
rongonga,-3.552439342420572e-05,4.180252922586344e-05,6.2781358016577234e-06,-7.732692265006915e-05,7.732692265006915e-05,9.0
rongonui,-9.341676782757386e-05,0.00021985215176887533,0.00012643538394130149,-0.0003132689195964492,0.0003132689195964492,15.0
rongopai,0.00023156949761347255,-0.00013624709331714845,9.53224042963241e-05,0.00036781659093062104,0.00036781659093062104,17.0
rongotanga,0.0013176229376227774,-0.0003445517982275848,0.0009730711393951927,0.0016621747358503622,0.0016621747358503622,16.0
rongoā,-0.00016907133894304485,0.0007958035486237744,0.0006267322096807296,-0.0009648748875668193,0.0009648748875668193,14.0
rori,0.000411238531760461,-0.00019356626909783424,0.00021767226266262676,0.0006048048008582953,0.0006048048008582953,15.0
rorirori,-9.341676782757386e-05,0.00021985215176887533,0.00012643538394130149,-0.0003132689195964492,0.0003132689195964492,10.0
roro,-3.552439342420572e-05,4.180252922586344e-05,6.2781358016577234e-06,-7.732692265006915e-05,7.732692265006915e-05,14.0
roroa,-9.341676782757386e-05,0.00021985215176887533,0.00012643538394130149,-0.0003132689195964492,0.0003132689195964492,9.0
roto,7.947867119576885e-05,-6.234982322935476e-05,1.712884796641409e-05,0.0001418284944251236,0.0001418284944251236,12.0
rsa,-3.552439342420572e-05,4.180252922586344e-05,6.2781358016577234e-06,-7.732692265006915e-05,7.732692265006915e-05,9.0
rua,0.023465089494043693,-0.0019264196615071923,0.0215386698325365,0.025391509155550884,0.025391509155550884,167.0
ruaki,-9.341676782757386e-05,0.00021985215176887533,0.00012643538394130149,-0.0003132689195964492,0.0003132689195964492,12.0
ruarua,-9.341676782757386e-05,0.00021985215176887533,0.00012643538394130149,-0.0003132689195964492,0.0003132689195964492,10.0
rui,-0.00027534370987653266,0.0009720135126722807,0.0006966698027957481,-0.0012473572225488133,0.0012473572225488133,18.0
ruihi,-9.341676782757386e-05,0.00021985215176887533,0.00012643538394130149,-0.0003132689195964492,0.0003132689195964492,16.0
ruirui,-9.341676782757386e-05,0.00021985215176887533,0.00012643538394130149,-0.0003132689195964492,0.0003132689195964492,12.0
ruke,-0.00016907133894304485,0.0007958035486237744,0.0006267322096807296,-0.0009648748875668193,0.0009648748875668193,17.0
ruku,-9.341676782757386e-05,0.00021985215176887533,0.00012643538394130149,-0.0003132689195964492,0.0003132689195964492,17.0
rukurukutanga,-9.341676782757386e-05,0.00021985215176887533,0.00012643538394130149,-0.0003132689195964492,0.0003132689195964492,10.0
runga,-9.341676782757386e-05,0.00021985215176887533,0.00012643538394130149,-0.0003132689195964492,0.0003132689195964492,9.0
rure,-9.341676782757386e-05,0.00021985215176887533,0.00012643538394130149,-0.0003132689195964492,0.0003132689195964492,10.0
rā,0.03227738081420109,-0.0009152212126792617,0.031362159601521826,0.033192602026880354,0.033192602026880354,140.0
rāhoroi,0.0008328072533872049,-0.0002799963324477477,0.0005528109209394572,0.0011128035858349525,0.0011128035858349525,16.0
rāhui,-0.00016907133894304485,0.0007958035486237744,0.0006267322096807296,-0.0009648748875668193,0.0009648748875668193,41.0
rāhuihui,-9.341676782757386e-05,0.00021985215176887533,0.00012643538394130149,-0.0003132689195964492,0.0003132689195964492,21.0
rākai,-9.341676782757386e-05,0.00021985215176887533,0.00012643538394130149,-0.0003132689195964492,0.0003132689195964492,11.0
rākau,0.0013176229376227774,-0.0003445517982275848,0.0009730711393951927,0.0016621747358503622,0.0016621747358503622,31.0
rākārepe,-9.341676782757386e-05,0.00021985215176887533,0.00012643538394130149,-0.0003132689195964492,0.0003132689195964492,8.0
rāpaki,-9.341676782757386e-05,0.00021985215176887533,0.00012643538394130149,-0.0003132689195964492,0.0003132689195964492,9.0
rāpopoto,-9.341676782757386e-05,0.00021985215176887533,0.00012643538394130149,-0.0003132689195964492,0.0003132689195964492,18.0
rārangi,-3.552439342420572e-05,4.180252922586344e-05,6.2781358016577234e-06,-7.732692265006915e-05,7.732692265006915e-05,16.0
rātapu,0.00023156949761347255,-0.00013624709331714845,9.53224042963241e-05,0.00036781659093062104,0.00036781659093062104,16.0
rātou,-9.341676782757386e-05,0.00021985215176887533,0.00012643538394130149,-0.0003132689195964492,0.0003132689195964492,9.0
rāwhara,-9.341676782757386e-05,0.00021985215176887533,0.00012643538394130149,-0.0003132689195964492,0.0003132689195964492,9.0
rāwhiti,7.947867119576885e-05,-6.234982322935476e-05,1.712884796641409e-05,0.0001418284944251236,0.0001418284944251236,10.0
rēhi,-9.341676782757386e-05,0.00021985215176887533,0.00012643538394130149,-0.0003132689195964492,0.0003132689195964492,9.0
rēhita,-9.341676782757386e-05,0.00021985215176887533,0.00012643538394130149,-0.0003132689195964492,0.0003132689195964492,27.0
rēmana,7.947867119576885e-05,-6.234982322935476e-05,1.712884796641409e-05,0.0001418284944251236,0.0001418284944251236,10.0
rērere,-9.341676782757386e-05,0.00021985215176887533,0.00012643538394130149,-0.0003132689195964492,0.0003132689195964492,10.0
rēwara,-9.341676782757386e-05,0.00021985215176887533,0.00012643538394130149,-0.0003132689195964492,0.0003132689195964492,11.0
rīhaina,-9.341676782757386e-05,0.00021985215176887533,0.00012643538394130149,-0.0003132689195964492,0.0003132689195964492,12.0
rīhainatanga,-3.552439342420572e-05,4.180252922586344e-05,6.2781358016577234e-06,-7.732692265006915e-05,7.732692265006915e-05,9.0
rīhi,-9.341676782757386e-05,0.00021985215176887533,0.00012643538394130149,-0.0003132689195964492,0.0003132689195964492,29.0
rīketa,-3.552439342420572e-05,4.180252922586344e-05,6.2781358016577234e-06,-7.732692265006915e-05,7.732692265006915e-05,13.0
rīki,-3.552439342420572e-05,4.180252922586344e-05,6.2781358016577234e-06,-7.732692265006915e-05,7.732692265006915e-05,10.0
rīngi,-9.341676782757386e-05,0.00021985215176887533,0.00012643538394130149,-0.0003132689195964492,0.0003132689195964492,13.0
rīpeka,-9.341676782757386e-05,0.00021985215176887533,0.00012643538394130149,-0.0003132689195964492,0.0003132689195964492,10.0
rīpene,0.00023156949761347255,-0.00013624709331714845,9.53224042963241e-05,0.00036781659093062104,0.00036781659093062104,12.0
rīpoata,0.002424999355831583,-0.0004390097432893155,0.0019859896125422674,0.002864009099120899,0.002864009099120899,40.0
rītaia,-9.341676782757386e-05,0.00021985215176887533,0.00012643538394130149,-0.0003132689195964492,0.0003132689195964492,12.0
rīti,-9.341676782757386e-05,0.00021985215176887533,0.00012643538394130149,-0.0003132689195964492,0.0003132689195964492,8.0
rīwai,-3.552439342420572e-05,4.180252922586344e-05,6.2781358016577234e-06,-7.732692265006915e-05,7.732692265006915e-05,10.0
rō,-0.00016907133894304485,0.0007958035486237744,0.0006267322096807296,-0.0009648748875668193,0.0009648748875668193,9.0
rōha,-9.341676782757386e-05,0.00021985215176887533,0.00012643538394130149,-0.0003132689195964492,0.0003132689195964492,9.0
rōia,-9.341676782757386e-05,0.00021985215176887533,0.00012643538394130149,-0.0003132689195964492,0.0003132689195964492,10.0
rōpū,0.012788167783736206,-0.0007340579604079312,0.012054109823328274,0.013522225744144137,0.013522225744144137,131.0
rū,-9.341676782757386e-05,0.00021985215176887533,0.00012643538394130149,-0.0003132689195964492,0.0003132689195964492,9.0
rūkahu,-0.00018683353565514772,0.00043970430353775067,0.00025287076788260297,-0.0006265378391928984,0.0006265378391928984,11.0
rūma,-9.341676782757386e-05,0.00021985215176887533,0.00012643538394130149,-0.0003132689195964492,0.0003132689195964492,9.0
rūmene,-9.341676782757386e-05,0.00021985215176887533,0.00012643538394130149,-0.0003132689195964492,0.0003132689195964492,9.0
rūnanga,0.0033472242661489625,-0.0004923463384031723,0.0028548779277457904,0.0038395706045521345,0.0038395706045521345,58.0
rūnā,-9.341676782757386e-05,0.00021985215176887533,0.00012643538394130149,-0.0003132689195964492,0.0003132689195964492,9.0
rūpeke,-9.341676782757386e-05,0.00021985215176887533,0.00012643538394130149,-0.0003132689195964492,0.0003132689195964492,13.0
rūri,-9.341676782757386e-05,0.00021985215176887533,0.00012643538394130149,-0.0003132689195964492,0.0003132689195964492,12.0
rūruhi,-9.341676782757386e-05,0.00021985215176887533,0.00012643538394130149,-0.0003132689195964492,0.0003132689195964492,8.0
rūrū,-0.00016907133894304485,0.0007958035486237744,0.0006267322096807296,-0.0009648748875668193,0.0009648748875668193,10.0
rūātoki,-0.00016907133894304485,0.0007958035486237744,0.0006267322096807296,-0.0009648748875668193,0.0009648748875668193,9.0
saxophone,-3.552439342420572e-05,4.180252922586344e-05,6.2781358016577234e-06,-7.732692265006915e-05,7.732692265006915e-05,9.0
shopping,-9.341676782757386e-05,0.00021985215176887533,0.00012643538394130149,-0.0003132689195964492,0.0003132689195964492,9.0
sixty,-9.341676782757386e-05,0.00021985215176887533,0.00012643538394130149,-0.0003132689195964492,0.0003132689195964492,9.0
sky,-9.341676782757386e-05,0.00021985215176887533,0.00012643538394130149,-0.0003132689195964492,0.0003132689195964492,9.0
speaker,-9.341676782757386e-05,0.00021985215176887533,0.00012643538394130149,-0.0003132689195964492,0.0003132689195964492,9.0
stockade,-3.552439342420572e-05,4.180252922586344e-05,6.2781358016577234e-06,-7.732692265006915e-05,7.732692265006915e-05,9.0
stratford,-0.00016907133894304485,0.0007958035486237744,0.0006267322096807296,-0.0009648748875668193,0.0009648748875668193,9.0
super,-9.341676782757386e-05,0.00021985215176887533,0.00012643538394130149,-0.0003132689195964492,0.0003132689195964492,10.0
tae,-0.0007277077681958351,0.0038534117101138047,0.0031257039419179695,-0.00458111947830964,0.00458111947830964,1338.0
taehanga,-3.552439342420572e-05,4.180252922586344e-05,6.2781358016577234e-06,-7.732692265006915e-05,7.732692265006915e-05,11.0
taenga,0.023072682167376138,-0.0008484455834891961,0.02222423658388694,0.023921127750865336,0.023921127750865336,81.0
taetanga,0.0021336243915543794,-0.0004184490683153785,0.0017151753232390009,0.002552073459869758,0.002552073459869758,24.0
taha,0.0875426156802212,-0.00111971521468604,0.08642290046553516,0.08866233089490724,0.08866233089490724,259.0
tahanga,-9.341676782757386e-05,0.00021985215176887533,0.00012643538394130149,-0.0003132689195964492,0.0003132689195964492,9.0
tahi,0.000411238531760461,-0.00019356626909783424,0.00021767226266262676,0.0006048048008582953,0.0006048048008582953,26.0
tahitahi,-0.00016907133894304485,0.0007958035486237744,0.0006267322096807296,-0.0009648748875668193,0.0009648748875668193,11.0
tahu,-0.0002802503034827216,0.000659556455306626,0.0003793061518239044,-0.0009398067587893476,0.0009398067587893476,38.0
tahuri,-9.341676782757386e-05,0.00021985215176887533,0.00012643538394130149,-0.0003132689195964492,0.0003132689195964492,101.0
tahuritanga,7.947867119576885e-05,-6.234982322935476e-05,1.712884796641409e-05,0.0001418284944251236,0.0001418284944251236,10.0
tahutahu,-9.341676782757386e-05,0.00021985215176887533,0.00012643538394130149,-0.0003132689195964492,0.0003132689195964492,9.0
tahuti,-9.341676782757386e-05,0.00021985215176887533,0.00012643538394130149,-0.0003132689195964492,0.0003132689195964492,11.0
tai,0.002424999355831583,-0.0004390097432893155,0.0019859896125422674,0.002864009099120899,0.002864009099120899,27.0
taiapa,-3.552439342420572e-05,4.180252922586344e-05,6.2781358016577234e-06,-7.732692265006915e-05,7.732692265006915e-05,12.0
taiepa,-9.341676782757386e-05,0.00021985215176887533,0.00012643538394130149,-0.0003132689195964492,0.0003132689195964492,9.0
taikaha,-9.341676782757386e-05,0.00021985215176887533,0.00012643538394130149,-0.0003132689195964492,0.0003132689195964492,16.0
taimaha,-3.552439342420572e-05,4.180252922586344e-05,6.2781358016577234e-06,-7.732692265006915e-05,7.732692265006915e-05,10.0
taimahatanga,-9.341676782757386e-05,0.00021985215176887533,0.00012643538394130149,-0.0003132689195964492,0.0003132689195964492,8.0
taina,-9.341676782757386e-05,0.00021985215176887533,0.00012643538394130149,-0.0003132689195964492,0.0003132689195964492,10.0
taitama,-9.341676782757386e-05,0.00021985215176887533,0.00012643538394130149,-0.0003132689195964492,0.0003132689195964492,9.0
taitamariki,-9.341676782757386e-05,0.00021985215176887533,0.00012643538394130149,-0.0003132689195964492,0.0003132689195964492,9.0
taitara,-9.341676782757386e-05,0.00021985215176887533,0.00012643538394130149,-0.0003132689195964492,0.0003132689195964492,17.0
taiāwhio,7.947867119576885e-05,-6.234982322935476e-05,1.712884796641409e-05,0.0001418284944251236,0.0001418284944251236,12.0
taka,7.947867119576885e-05,-6.234982322935476e-05,1.712884796641409e-05,0.0001418284944251236,0.0001418284944251236,118.0
taka-hue,-0.00016907133894304485,0.0007958035486237744,0.0006267322096807296,-0.0009648748875668193,0.0009648748875668193,9.0
takahi,-0.0003447358131227109,0.00811320195178597,0.007768466138663259,-0.00845793776490868,0.00845793776490868,60.0
takahitanga,7.947867119576885e-05,-6.234982322935476e-05,1.712884796641409e-05,0.0001418284944251236,0.0001418284944251236,12.0
takahuri,-9.341676782757386e-05,0.00021985215176887533,0.00012643538394130149,-0.0003132689195964492,0.0003132689195964492,26.0
takai,-0.00016907133894304485,0.0007958035486237744,0.0006267322096807296,-0.0009648748875668193,0.0009648748875668193,14.0
takanga,7.947867119576885e-05,-6.234982322935476e-05,1.712884796641409e-05,0.0001418284944251236,0.0001418284944251236,11.0
takapakari,-9.341676782757386e-05,0.00021985215176887533,0.00012643538394130149,-0.0003132689195964492,0.0003132689195964492,9.0
takariri,-9.341676782757386e-05,0.00021985215176887533,0.00012643538394130149,-0.0003132689195964492,0.0003132689195964492,10.0
takaroa,-3.552439342420572e-05,4.180252922586344e-05,6.2781358016577234e-06,-7.732692265006915e-05,7.732692265006915e-05,10.0
takataka,-9.341676782757386e-05,0.00021985215176887533,0.00012643538394130149,-0.0003132689195964492,0.0003132689195964492,13.0
takatakahi,-0.00024472591005851585,0.0023038055874195964,0.0020590796773610805,-0.0025485314974781122,0.0025485314974781122,17.0
takatakoto,-9.341676782757386e-05,0.00021985215176887533,0.00012643538394130149,-0.0003132689195964492,0.0003132689195964492,9.0
takatū,-9.341676782757386e-05,0.00021985215176887533,0.00012643538394130149,-0.0003132689195964492,0.0003132689195964492,12.0
takawaenga,-0.00016907133894304485,0.0007958035486237744,0.0006267322096807296,-0.0009648748875668193,0.0009648748875668193,10.0
takaware,7.947867119576885e-05,-6.234982322935476e-05,1.712884796641409e-05,0.0001418284944251236,0.0001418284944251236,12.0
take,0.0015790227746756318,-0.00037161589164084617,0.0012074068830347858,0.0019506386663164779,0.0019506386663164779,119.0
takenga,-3.552439342420572e-05,4.180252922586344e-05,6.2781358016577234e-06,-7.732692265006915e-05,7.732692265006915e-05,9.0
taketake,-9.341676782757386e-05,0.00021985215176887533,0.00012643538394130149,-0.0003132689195964492,0.0003132689195964492,10.0
taki,-0.00021332642605373733,0.0015061623803013164,0.001292835954247579,-0.0017194888063550538,0.0017194888063550538,21.0
takinoho,-9.341676782757386e-05,0.00021985215176887533,0.00012643538394130149,-0.0003132689195964492,0.0003132689195964492,9.0
takitaki,-9.341676782757386e-05,0.00021985215176887533,0.00012643538394130149,-0.0003132689195964492,0.0003132689195964492,11.0
takitoru,-9.341676782757386e-05,0.00021985215176887533,0.00012643538394130149,-0.0003132689195964492,0.0003132689195964492,9.0
takiwā,0.0006128847690843637,-0.00024039944577236664,0.0003724853233119971,0.0008532842148567304,0.0008532842148567304,18.0
takoha,-0.00016907133894304485,0.0007958035486237744,0.0006267322096807296,-0.0009648748875668193,0.0009648748875668193,12.0
takoto,-9.341676782757386e-05,0.00021985215176887533,0.00012643538394130149,-0.0003132689195964492,0.0003132689195964492,122.0
takotoranga,-3.552439342420572e-05,4.180252922586344e-05,6.2781358016577234e-06,-7.732692265006915e-05,7.732692265006915e-05,14.0
takutai,7.947867119576885e-05,-6.234982322935476e-05,1.712884796641409e-05,0.0001418284944251236,0.0001418284944251236,10.0
takutaku,-0.00016907133894304485,0.0007958035486237744,0.0006267322096807296,-0.0009648748875668193,0.0009648748875668193,9.0
tama,-9.341676782757386e-05,0.00021985215176887533,0.00012643538394130149,-0.0003132689195964492,0.0003132689195964492,14.0
tamaiti,7.947867119576885e-05,-6.234982322935476e-05,1.712884796641409e-05,0.0001418284944251236,0.0001418284944251236,26.0
tamariki,-9.341676782757386e-05,0.00021985215176887533,0.00012643538394130149,-0.0003132689195964492,0.0003132689195964492,20.0
tamāhine,-3.552439342420572e-05,4.180252922586344e-05,6.2781358016577234e-06,-7.732692265006915e-05,7.732692265006915e-05,13.0
tangata,0.003997028155324033,-0.0005226014207705968,0.003474426734553436,0.004519629576094629,0.004519629576094629,205.0
tangi,-0.0014072533423801217,0.01854668088573475,0.017139427543354627,-0.01995393422811487,0.01995393422811487,166.0
tangitanga,-3.552439342420572e-05,4.180252922586344e-05,6.2781358016577234e-06,-7.732692265006915e-05,7.732692265006915e-05,9.0
tango,-0.0006744784646896424,0.005291182201803668,0.004616703737114025,-0.00596566066649331,0.00596566066649331,87.0
tangotanga,-9.341676782757386e-05,0.00021985215176887533,0.00012643538394130149,-0.0003132689195964492,0.0003132689195964492,8.0
tangotango,-3.552439342420572e-05,4.180252922586344e-05,6.2781358016577234e-06,-7.732692265006915e-05,7.732692265006915e-05,12.0
tanu,-9.341676782757386e-05,0.00021985215176887533,0.00012643538394130149,-0.0003132689195964492,0.0003132689195964492,19.0
tao,-0.00016907133894304485,0.0007958035486237744,0.0006267322096807296,-0.0009648748875668193,0.0009648748875668193,11.0
taonga,0.0004631389952269451,-0.0002724941866342969,0.0001906448085926482,0.0007356331818612421,0.0007356331818612421,50.0
tapa,-0.00021332642605373733,0.0015061623803013164,0.001292835954247579,-0.0017194888063550538,0.0017194888063550538,28.0
tapahi,-0.00016907133894304485,0.0007958035486237744,0.0006267322096807296,-0.0009648748875668193,0.0009648748875668193,44.0
tapatapahi,-9.341676782757386e-05,0.00021985215176887533,0.00012643538394130149,-0.0003132689195964492,0.0003132689195964492,12.0
tapu,0.002424999355831583,-0.0004390097432893155,0.0019859896125422674,0.002864009099120899,0.002864009099120899,40.0
taputapu,-9.341676782757386e-05,0.00021985215176887533,0.00012643538394130149,-0.0003132689195964492,0.0003132689195964492,8.0
tara,-9.341676782757386e-05,0.00021985215176887533,0.00012643538394130149,-0.0003132689195964492,0.0003132689195964492,10.0
tarai,-0.00021332642605373733,0.0015061623803013164,0.001292835954247579,-0.0017194888063550538,0.0017194888063550538,28.0
taraipiunara,0.000411238531760461,-0.00019356626909783424,0.00021767226266262676,0.0006048048008582953,0.0006048048008582953,23.0
taraiwa,-9.341676782757386e-05,0.00021985215176887533,0.00012643538394130149,-0.0003132689195964492,0.0003132689195964492,13.0
tare,-9.341676782757386e-05,0.00021985215176887533,0.00012643538394130149,-0.0003132689195964492,0.0003132689195964492,15.0
tareka,-9.341676782757386e-05,0.00021985215176887533,0.00012643538394130149,-0.0003132689195964492,0.0003132689195964492,8.0
taretare,-9.341676782757386e-05,0.00021985215176887533,0.00012643538394130149,-0.0003132689195964492,0.0003132689195964492,9.0
tari,0.006064720937347669,-0.0009515364881921285,0.005113184449155541,0.0070162574255397975,0.0070162574255397975,116.0
taringa,-9.341676782757386e-05,0.00021985215176887533,0.00012643538394130149,-0.0003132689195964492,0.0003132689195964492,10.0
tata,-3.552439342420572e-05,4.180252922586344e-05,6.2781358016577234e-06,-7.732692265006915e-05,7.732692265006915e-05,141.0
tatae,-9.341676782757386e-05,0.00021985215176887533,0.00012643538394130149,-0.0003132689195964492,0.0003132689195964492,9.0
tatanga,-3.552439342420572e-05,4.180252922586344e-05,6.2781358016577234e-06,-7.732692265006915e-05,7.732692265006915e-05,9.0
tatangi,-9.341676782757386e-05,0.00021985215176887533,0.00012643538394130149,-0.0003132689195964492,0.0003132689195964492,10.0
tatari,-3.552439342420572e-05,4.180252922586344e-05,6.2781358016577234e-06,-7.732692265006915e-05,7.732692265006915e-05,92.0
tatau,0.00023156949761347255,-0.00013624709331714845,9.53224042963241e-05,0.00036781659093062104,0.00036781659093062104,18.0
tatū,7.947867119576885e-05,-6.234982322935476e-05,1.712884796641409e-05,0.0001418284944251236,0.0001418284944251236,87.0
tatūtanga,-3.552439342420572e-05,4.180252922586344e-05,6.2781358016577234e-06,-7.732692265006915e-05,7.732692265006915e-05,9.0
tau,0.028986032052397723,-0.0015159404381885886,0.027470091614209134,0.030501972490586313,0.030501972490586313,485.0
taua,-9.341676782757386e-05,0.00021985215176887533,0.00012643538394130149,-0.0003132689195964492,0.0003132689195964492,8.0
tauhou,-9.341676782757386e-05,0.00021985215176887533,0.00012643538394130149,-0.0003132689195964492,0.0003132689195964492,11.0
tauihu,-9.341676782757386e-05,0.00021985215176887533,0.00012643538394130149,-0.0003132689195964492,0.0003132689195964492,12.0
tauira,-0.00016907133894304485,0.0007958035486237744,0.0006267322096807296,-0.0009648748875668193,0.0009648748875668193,21.0
tauiwi,-9.341676782757386e-05,0.00021985215176887533,0.00012643538394130149,-0.0003132689195964492,0.0003132689195964492,9.0
taukume,-9.341676782757386e-05,0.00021985215176887533,0.00012643538394130149,-0.0003132689195964492,0.0003132689195964492,9.0
taukumekume,-9.341676782757386e-05,0.00021985215176887533,0.00012643538394130149,-0.0003132689195964492,0.0003132689195964492,15.0
taumaha,-3.552439342420572e-05,4.180252922586344e-05,6.2781358016577234e-06,-7.732692265006915e-05,7.732692265006915e-05,34.0
taumahatanga,-3.552439342420572e-05,4.180252922586344e-05,6.2781358016577234e-06,-7.732692265006915e-05,7.732692265006915e-05,14.0
taumata,0.00023156949761347255,-0.00013624709331714845,9.53224042963241e-05,0.00036781659093062104,0.00036781659093062104,27.0
taumau,-9.341676782757386e-05,0.00021985215176887533,0.00012643538394130149,-0.0003132689195964492,0.0003132689195964492,9.0
taunaha,-9.341676782757386e-05,0.00021985215176887533,0.00012643538394130149,-0.0003132689195964492,0.0003132689195964492,9.0
taunga,0.0003032252555789079,-0.00020389341980947147,9.933183576943641e-05,0.0005071186753883793,0.0005071186753883793,26.0
taunu,-9.341676782757386e-05,0.00021985215176887533,0.00012643538394130149,-0.0003132689195964492,0.0003132689195964492,11.0
tauparapara,-9.341676782757386e-05,0.00021985215176887533,0.00012643538394130149,-0.0003132689195964492,0.0003132689195964492,9.0
taupatu,-9.341676782757386e-05,0.00021985215176887533,0.00012643538394130149,-0.0003132689195964492,0.0003132689195964492,10.0
taupatupatu,-9.341676782757386e-05,0.00021985215176887533,0.00012643538394130149,-0.0003132689195964492,0.0003132689195964492,10.0
taupoki,-9.341676782757386e-05,0.00021985215176887533,0.00012643538394130149,-0.0003132689195964492,0.0003132689195964492,11.0
taupā,-9.341676782757386e-05,0.00021985215176887533,0.00012643538394130149,-0.0003132689195964492,0.0003132689195964492,9.0
taura,-9.341676782757386e-05,0.00021985215176887533,0.00012643538394130149,-0.0003132689195964492,0.0003132689195964492,22.0
taurite,-9.341676782757386e-05,0.00021985215176887533,0.00012643538394130149,-0.0003132689195964492,0.0003132689195964492,10.0
taurua,-9.341676782757386e-05,0.00021985215176887533,0.00012643538394130149,-0.0003132689195964492,0.0003132689195964492,9.0
tautau,-9.341676782757386e-05,0.00021985215176887533,0.00012643538394130149,-0.0003132689195964492,0.0003132689195964492,9.0
tautohe,-7.104878684841143e-05,8.360505845172688e-05,1.2556271603315447e-05,-0.0001546538453001383,0.0001546538453001383,23.0
tautohetohe,-0.00016907133894304485,0.0007958035486237744,0.0006267322096807296,-0.0009648748875668193,0.0009648748875668193,16.0
tautoko,-0.0017228772183558244,0.006419963618823213,0.004697086400467389,-0.008142840837179038,0.008142840837179038,321.0
tautokotanga,-3.552439342420572e-05,4.180252922586344e-05,6.2781358016577234e-06,-7.732692265006915e-05,7.732692265006915e-05,9.0
tawhiti,0.00023156949761347255,-0.00013624709331714845,9.53224042963241e-05,0.00036781659093062104,0.00036781659093062104,25.0
tawhito,-9.341676782757386e-05,0.00021985215176887533,0.00012643538394130149,-0.0003132689195964492,0.0003132689195964492,11.0
teihana,0.000411238531760461,-0.00019356626909783424,0.00021767226266262676,0.0006048048008582953,0.0006048048008582953,15.0
teina,-9.341676782757386e-05,0.00021985215176887533,0.00012643538394130149,-0.0003132689195964492,0.0003132689195964492,10.0
teitei,-9.341676782757386e-05,0.00021985215176887533,0.00012643538394130149,-0.0003132689195964492,0.0003132689195964492,15.0
teiteitanga,-9.341676782757386e-05,0.00021985215176887533,0.00012643538394130149,-0.0003132689195964492,0.0003132689195964492,10.0
teka,-0.00016907133894304485,0.0007958035486237744,0.0006267322096807296,-0.0009648748875668193,0.0009648748875668193,9.0
tekau,0.025920405704531642,-0.000871464375857469,0.025048941328674173,0.02679187008038911,0.02679187008038911,124.0
teko,-3.552439342420572e-05,4.180252922586344e-05,6.2781358016577234e-06,-7.732692265006915e-05,7.732692265006915e-05,9.0
tekoteko,-3.552439342420572e-05,4.180252922586344e-05,6.2781358016577234e-06,-7.732692265006915e-05,7.732692265006915e-05,11.0
tera,-9.341676782757386e-05,0.00021985215176887533,0.00012643538394130149,-0.0003132689195964492,0.0003132689195964492,9.0
tere,3.296567618310595e-05,-3.103329310964467e-05,1.932383073461279e-06,6.399896929275062e-05,6.399896929275062e-05,85.0
tereina,7.947867119576885e-05,-6.234982322935476e-05,1.712884796641409e-05,0.0001418284944251236,0.0001418284944251236,12.0
teretere,-9.341676782757386e-05,0.00021985215176887533,0.00012643538394130149,-0.0003132689195964492,0.0003132689195964492,10.0
the,-9.341676782757386e-05,0.00021985215176887533,0.00012643538394130149,-0.0003132689195964492,0.0003132689195964492,9.0
three,-9.341676782757386e-05,0.00021985215176887533,0.00012643538394130149,-0.0003132689195964492,0.0003132689195964492,10.0
tia,-0.00016907133894304485,0.0007958035486237744,0.0006267322096807296,-0.0009648748875668193,0.0009648748875668193,11.0
tiaho,-9.341676782757386e-05,0.00021985215176887533,0.00012643538394130149,-0.0003132689195964492,0.0003132689195964492,10.0
tiainamana,-9.341676782757386e-05,0.00021985215176887533,0.00012643538394130149,-0.0003132689195964492,0.0003132689195964492,9.0
tiaki,-0.0006539948898346437,0.013082753669574246,0.012428758779739603,-0.013736748559408889,0.013736748559408889,75.0
tiamana,-9.341676782757386e-05,0.00021985215176887533,0.00012643538394130149,-0.0003132689195964492,0.0003132689195964492,23.0
tiati,-9.341676782757386e-05,0.00021985215176887533,0.00012643538394130149,-0.0003132689195964492,0.0003132689195964492,10.0
tihi,7.947867119576885e-05,-6.234982322935476e-05,1.712884796641409e-05,0.0001418284944251236,0.0001418284944251236,10.0
tika,0.006817017560665413,-0.0006170593658323273,0.006199958194833086,0.007434076926497741,0.007434076926497741,409.0
tikanga,0.0018513555234210355,-0.0003960983421428561,0.0014552571812781795,0.0022474538655638918,0.0022474538655638918,139.0
tiki,-0.0006762853557721794,0.0031832141944950977,0.0025069288387229182,-0.0038594995502672772,0.0038594995502672772,93.0
tikitiki,-0.00016907133894304485,0.0007958035486237744,0.0006267322096807296,-0.0009648748875668193,0.0009648748875668193,11.0
tiko,-9.341676782757386e-05,0.00021985215176887533,0.00012643538394130149,-0.0003132689195964492,0.0003132689195964492,10.0
timu,-9.341676782757386e-05,0.00021985215176887533,0.00012643538394130149,-0.0003132689195964492,0.0003132689195964492,12.0
tina,7.947867119576885e-05,-6.234982322935476e-05,1.712884796641409e-05,0.0001418284944251236,0.0001418284944251236,12.0
tinana,-9.341676782757386e-05,0.00021985215176887533,0.00012643538394130149,-0.0003132689195964492,0.0003132689195964492,27.0
tinei,-9.341676782757386e-05,0.00021985215176887533,0.00012643538394130149,-0.0003132689195964492,0.0003132689195964492,16.0
tini,0.0027247785023910035,-0.0004580459549907595,0.002266732547400244,0.003182824457381763,0.003182824457381763,57.0
tini-o-maru,0.00023156949761347255,-0.00013624709331714845,9.53224042963241e-05,0.00036781659093062104,0.00036781659093062104,11.0
tinihanga,-0.00024472591005851585,0.0023038055874195964,0.0020590796773610805,-0.0025485314974781122,0.0025485314974781122,18.0
tino,0.009724469728407414,-0.0014608149649671595,0.008263654763440254,0.011185284693374573,0.011185284693374573,404.0
tiotio,-9.341676782757386e-05,0.00021985215176887533,0.00012643538394130149,-0.0003132689195964492,0.0003132689195964492,10.0
tipitipi,-9.341676782757386e-05,0.00021985215176887533,0.00012643538394130149,-0.0003132689195964492,0.0003132689195964492,9.0
tipu,0.000411238531760461,-0.00019356626909783424,0.00021767226266262676,0.0006048048008582953,0.0006048048008582953,58.0
tipua,-9.341676782757386e-05,0.00021985215176887533,0.00012643538394130149,-0.0003132689195964492,0.0003132689195964492,10.0
tipuna,7.947867119576885e-05,-6.234982322935476e-05,1.712884796641409e-05,0.0001418284944251236,0.0001418284944251236,19.0
tipuranga,-9.341676782757386e-05,0.00021985215176887533,0.00012643538394130149,-0.0003132689195964492,0.0003132689195964492,9.0
tira,0.00023156949761347255,-0.00013624709331714845,9.53224042963241e-05,0.00036781659093062104,0.00036781659093062104,25.0
tiri,-9.341676782757386e-05,0.00021985215176887533,0.00012643538394130149,-0.0003132689195964492,0.0003132689195964492,10.0
tiriti,0.026882370861923955,-0.0008787006658566204,0.026003670196067336,0.027761071527780574,0.027761071527780574,108.0
tiro,-0.00014748504215064416,0.0002313995986273143,8.391455647667015e-05,-0.0003788846407779585,0.0003788846407779585,59.0
tirohanga,0.0013176229376227774,-0.0003445517982275848,0.0009730711393951927,0.0016621747358503622,0.0016621747358503622,21.0
tirotiro,-0.0006179874327752257,0.0025452097362963213,0.0019272223035210955,-0.003163197169071547,0.003163197169071547,48.0
titi,-9.341676782757386e-05,0.00021985215176887533,0.00012643538394130149,-0.0003132689195964492,0.0003132689195964492,14.0
titiro,-0.0018432586223219118,0.009977459965255772,0.00813420134293386,-0.011820718587577684,0.011820718587577684,671.0
tito,-0.00016907133894304485,0.0007958035486237744,0.0006267322096807296,-0.0009648748875668193,0.0009648748875668193,25.0
tiwhikete,-3.552439342420572e-05,4.180252922586344e-05,6.2781358016577234e-06,-7.732692265006915e-05,7.732692265006915e-05,10.0
toa,0.0001589573423915377,-0.00012469964645870951,3.425769593282818e-05,0.0002836569888502472,0.0002836569888502472,68.0
toe,-3.552439342420572e-05,4.180252922586344e-05,6.2781358016577234e-06,-7.732692265006915e-05,7.732692265006915e-05,28.0
toenga,-9.341676782757386e-05,0.00021985215176887533,0.00012643538394130149,-0.0003132689195964492,0.0003132689195964492,12.0
toha,-0.00021332642605373733,0.0015061623803013164,0.001292835954247579,-0.0017194888063550538,0.0017194888063550538,28.0
tohatoha,-0.00024472591005851585,0.0023038055874195964,0.0020590796773610805,-0.0025485314974781122,0.0025485314974781122,20.0
tohe,-0.00014748504215064416,0.0002313995986273143,8.391455647667015e-05,-0.0003788846407779585,0.0003788846407779585,23.0
tohetohe,-0.00016907133894304485,0.0007958035486237744,0.0006267322096807296,-0.0009648748875668193,0.0009648748875668193,11.0
tohi,-0.00021332642605373733,0.0015061623803013164,0.001292835954247579,-0.0017194888063550538,0.0017194888063550538,14.0
tohorā,-9.341676782757386e-05,0.00021985215176887533,0.00012643538394130149,-0.0003132689195964492,0.0003132689195964492,9.0
tohu,-0.0009264260636787544,0.003114717109619738,0.002188291045940984,-0.004041143173298492,0.004041143173298492,221.0
tohuatanga,-3.552439342420572e-05,4.180252922586344e-05,6.2781358016577234e-06,-7.732692265006915e-05,7.732692265006915e-05,9.0
tohunga,-9.341676782757386e-05,0.00021985215176887533,0.00012643538394130149,-0.0003132689195964492,0.0003132689195964492,38.0
tohungatanga,-9.341676782757386e-05,0.00021985215176887533,0.00012643538394130149,-0.0003132689195964492,0.0003132689195964492,10.0
tohutohu,-0.0005381624840144799,0.00633270572635585,0.00579454324234137,-0.006870868210370329,0.006870868210370329,35.0
toi,-3.552439342420572e-05,4.180252922586344e-05,6.2781358016577234e-06,-7.732692265006915e-05,7.732692265006915e-05,46.0
toimaha,-9.341676782757386e-05,0.00021985215176887533,0.00012643538394130149,-0.0003132689195964492,0.0003132689195964492,9.0
toitū,-9.341676782757386e-05,0.00021985215176887533,0.00012643538394130149,-0.0003132689195964492,0.0003132689195964492,14.0
toka,-9.341676782757386e-05,0.00021985215176887533,0.00012643538394130149,-0.0003132689195964492,0.0003132689195964492,12.0
tokanga-nui-ā-noho,-9.341676782757386e-05,0.00021985215176887533,0.00012643538394130149,-0.0003132689195964492,0.0003132689195964492,9.0
toki,-9.341676782757386e-05,0.00021985215176887533,0.00012643538394130149,-0.0003132689195964492,0.0003132689195964492,12.0
toko,-9.341676782757386e-05,0.00021985215176887533,0.00012643538394130149,-0.0003132689195964492,0.0003132689195964492,9.0
tokoiti,7.947867119576885e-05,-6.234982322935476e-05,1.712884796641409e-05,0.0001418284944251236,0.0001418284944251236,12.0
tokomaha,0.003997028155324033,-0.0005226014207705968,0.003474426734553436,0.004519629576094629,0.004519629576094629,61.0
tokorima,-9.341676782757386e-05,0.00021985215176887533,0.00012643538394130149,-0.0003132689195964492,0.0003132689195964492,9.0
tokorua,-9.341676782757386e-05,0.00021985215176887533,0.00012643538394130149,-0.0003132689195964492,0.0003132689195964492,11.0
tokotoko,-9.341676782757386e-05,0.00021985215176887533,0.00012643538394130149,-0.0003132689195964492,0.0003132689195964492,9.0
tokotoru,-3.552439342420572e-05,4.180252922586344e-05,6.2781358016577234e-06,-7.732692265006915e-05,7.732692265006915e-05,11.0
tokowhā,0.00023156949761347255,-0.00013624709331714845,9.53224042963241e-05,0.00036781659093062104,0.00036781659093062104,13.0
tomo,-9.341676782757386e-05,0.00021985215176887533,0.00012643538394130149,-0.0003132689195964492,0.0003132689195964492,27.0
tomotomo,-9.341676782757386e-05,0.00021985215176887533,0.00012643538394130149,-0.0003132689195964492,0.0003132689195964492,9.0
tonga,0.003668914166419967,-0.0005079190642743346,0.0031609951021456324,0.004176833230694302,0.004176833230694302,28.0
tono,-0.0014774156293985504,0.002814739446152946,0.0013373238167543955,-0.004292155075551496,0.004292155075551496,289.0
tononga,7.947867119576885e-05,-6.234982322935476e-05,1.712884796641409e-05,0.0001418284944251236,0.0001418284944251236,10.0
tonotono,-0.00016907133894304485,0.0007958035486237744,0.0006267322096807296,-0.0009648748875668193,0.0009648748875668193,11.0
tope,-0.00016907133894304485,0.0007958035486237744,0.0006267322096807296,-0.0009648748875668193,0.0009648748875668193,11.0
toremi,-9.341676782757386e-05,0.00021985215176887533,0.00012643538394130149,-0.0003132689195964492,0.0003132689195964492,10.0
toro,7.947867119576885e-05,-6.234982322935476e-05,1.712884796641409e-05,0.0001418284944251236,0.0001418284944251236,28.0
toromi,-9.341676782757386e-05,0.00021985215176887533,0.00012643538394130149,-0.0003132689195964492,0.0003132689195964492,10.0
torotanga,-3.552439342420572e-05,4.180252922586344e-05,6.2781358016577234e-06,-7.732692265006915e-05,7.732692265006915e-05,9.0
torotoro,-9.341676782757386e-05,0.00021985215176887533,0.00012643538394130149,-0.0003132689195964492,0.0003132689195964492,13.0
toru,0.018466206010184928,-0.0008048033957688268,0.0176614026144161,0.019271009405953755,0.019271009405953755,110.0
torutoru,-9.341676782757386e-05,0.00021985215176887533,0.00012643538394130149,-0.0003132689195964492,0.0003132689195964492,19.0
toto,-9.341676782757386e-05,0.00021985215176887533,0.00012643538394130149,-0.0003132689195964492,0.0003132689195964492,11.0
totohe,-9.341676782757386e-05,0.00021985215176887533,0.00012643538394130149,-0.0003132689195964492,0.0003132689195964492,17.0
totohu,-9.341676782757386e-05,0.00021985215176887533,0.00012643538394130149,-0.0003132689195964492,0.0003132689195964492,11.0
totoro,-9.341676782757386e-05,0.00021985215176887533,0.00012643538394130149,-0.0003132689195964492,0.0003132689195964492,21.0
totō,-9.341676782757386e-05,0.00021985215176887533,0.00012643538394130149,-0.0003132689195964492,0.0003132689195964492,9.0
tou,-3.552439342420572e-05,4.180252922586344e-05,6.2781358016577234e-06,-7.732692265006915e-05,7.732692265006915e-05,9.0
tourism,-9.341676782757386e-05,0.00021985215176887533,0.00012643538394130149,-0.0003132689195964492,0.0003132689195964492,9.0
train,-9.341676782757386e-05,0.00021985215176887533,0.00012643538394130149,-0.0003132689195964492,0.0003132689195964492,9.0
tribunal,-9.341676782757386e-05,0.00021985215176887533,0.00012643538394130149,-0.0003132689195964492,0.0003132689195964492,9.0
tua,-3.552439342420572e-05,4.180252922586344e-05,6.2781358016577234e-06,-7.732692265006915e-05,7.732692265006915e-05,10.0
tuahine,-9.341676782757386e-05,0.00021985215176887533,0.00012643538394130149,-0.0003132689195964492,0.0003132689195964492,19.0
tuaiwa,-3.552439342420572e-05,4.180252922586344e-05,6.2781358016577234e-06,-7.732692265006915e-05,7.732692265006915e-05,9.0
tuakana,-9.341676782757386e-05,0.00021985215176887533,0.00012643538394130149,-0.0003132689195964492,0.0003132689195964492,11.0
tuaki,-9.341676782757386e-05,0.00021985215176887533,0.00012643538394130149,-0.0003132689195964492,0.0003132689195964492,10.0
tuanui,0.001068375564150713,-0.0003142967158601603,0.0007540788482905526,0.0013826722800108734,0.0013826722800108734,17.0
tuaono,-9.341676782757386e-05,0.00021985215176887533,0.00012643538394130149,-0.0003132689195964492,0.0003132689195964492,10.0
tuapu,-9.341676782757386e-05,0.00021985215176887533,0.00012643538394130149,-0.0003132689195964492,0.0003132689195964492,8.0
tuarima,-9.341676782757386e-05,0.00021985215176887533,0.00012643538394130149,-0.0003132689195964492,0.0003132689195964492,15.0
tuarongo,-3.552439342420572e-05,4.180252922586344e-05,6.2781358016577234e-06,-7.732692265006915e-05,7.732692265006915e-05,10.0
tuarua,-7.104878684841143e-05,8.360505845172688e-05,1.2556271603315447e-05,-0.0001546538453001383,0.0001546538453001383,26.0
tuarā,0.00023156949761347255,-0.00013624709331714845,9.53224042963241e-05,0.00036781659093062104,0.00036781659093062104,17.0
tuatahi,0.0030323604686738346,-0.0004757682440960643,0.0025565922245777703,0.0035081287127698988,0.0035081287127698988,59.0
tuatahitanga,-3.552439342420572e-05,4.180252922586344e-05,6.2781358016577234e-06,-7.732692265006915e-05,7.732692265006915e-05,12.0
tuatoru,-9.341676782757386e-05,0.00021985215176887533,0.00012643538394130149,-0.0003132689195964492,0.0003132689195964492,15.0
tuawaru,-9.341676782757386e-05,0.00021985215176887533,0.00012643538394130149,-0.0003132689195964492,0.0003132689195964492,10.0
tuawhā,-3.552439342420572e-05,4.180252922586344e-05,6.2781358016577234e-06,-7.732692265006915e-05,7.732692265006915e-05,15.0
tuha,-9.341676782757386e-05,0.00021985215176887533,0.00012643538394130149,-0.0003132689195964492,0.0003132689195964492,10.0
tuhi,-0.0003203804811739868,0.006032008155183288,0.005711627674009302,-0.006352388636357275,0.006352388636357275,62.0
tuhinga,-3.552439342420572e-05,4.180252922586344e-05,6.2781358016577234e-06,-7.732692265006915e-05,7.732692265006915e-05,9.0
tuhituhi,-0.0003868533417835378,0.002276104750462865,0.0018892514086793274,-0.002662958092246403,0.002662958092246403,45.0
tuitui,-0.00016907133894304485,0.0007958035486237744,0.0006267322096807296,-0.0009648748875668193,0.0009648748875668193,12.0
tuki,3.296567618310595e-05,-3.103329310964467e-05,1.932383073461279e-06,6.399896929275062e-05,6.399896929275062e-05,40.0
tukituki,-0.00016907133894304485,0.0007958035486237744,0.0006267322096807296,-0.0009648748875668193,0.0009648748875668193,11.0
tuku,-0.0023465906865911107,0.01656778618331448,0.014221195496723368,-0.01891437686990559,0.01891437686990559,455.0
tukunga,7.947867119576885e-05,-6.234982322935476e-05,1.712884796641409e-05,0.0001418284944251236,0.0001418284944251236,10.0
tukutanga,-9.341676782757386e-05,0.00021985215176887533,0.00012643538394130149,-0.0003132689195964492,0.0003132689195964492,9.0
tukutuku,-9.341676782757386e-05,0.00021985215176887533,0.00012643538394130149,-0.0003132689195964492,0.0003132689195964492,19.0
tumeke,7.947867119576885e-05,-6.234982322935476e-05,1.712884796641409e-05,0.0001418284944251236,0.0001418284944251236,15.0
tumu,-3.552439342420572e-05,4.180252922586344e-05,6.2781358016577234e-06,-7.732692265006915e-05,7.732692265006915e-05,9.0
tumuaki,0.0006128847690843637,-0.00024039944577236664,0.0003724853233119971,0.0008532842148567304,0.0008532842148567304,71.0
tuna,-9.341676782757386e-05,0.00021985215176887533,0.00012643538394130149,-0.0003132689195964492,0.0003132689195964492,9.0
tungou,-9.341676782757386e-05,0.00021985215176887533,0.00012643538394130149,-0.0003132689195964492,0.0003132689195964492,9.0
tungāne,-9.341676782757386e-05,0.00021985215176887533,0.00012643538394130149,-0.0003132689195964492,0.0003132689195964492,9.0
tunu,-0.00024472591005851585,0.0023038055874195964,0.0020590796773610805,-0.0025485314974781122,0.0025485314974781122,14.0
tuohu,-9.341676782757386e-05,0.00021985215176887533,0.00012643538394130149,-0.0003132689195964492,0.0003132689195964492,17.0
tupu,-9.341676782757386e-05,0.00021985215176887533,0.00012643538394130149,-0.0003132689195964492,0.0003132689195964492,37.0
tupuna,7.947867119576885e-05,-6.234982322935476e-05,1.712884796641409e-05,0.0001418284944251236,0.0001418284944251236,18.0
tuputupu,-9.341676782757386e-05,0.00021985215176887533,0.00012643538394130149,-0.0003132689195964492,0.0003132689195964492,9.0
turaki,-0.0003381426778860897,0.0015916070972475489,0.0012534644193614591,-0.0019297497751336386,0.0019297497751336386,21.0
ture,0.0046711369716606835,-0.0005496655141838581,0.004121471457476825,0.005220802485844542,0.005220802485844542,54.0
turi,-3.552439342420572e-05,4.180252922586344e-05,6.2781358016577234e-06,-7.732692265006915e-05,7.732692265006915e-05,12.0
turituri,-9.341676782757386e-05,0.00021985215176887533,0.00012643538394130149,-0.0003132689195964492,0.0003132689195964492,8.0
turu,-9.341676782757386e-05,0.00021985215176887533,0.00012643538394130149,-0.0003132689195964492,0.0003132689195964492,10.0
tutu,7.947867119576885e-05,-6.234982322935476e-05,1.712884796641409e-05,0.0001418284944251236,0.0001418284944251236,10.0
tutuki,3.296567618310595e-05,-3.103329310964467e-05,1.932383073461279e-06,6.399896929275062e-05,6.399896929275062e-05,161.0
tutukitanga,0.00023156949761347255,-0.00013624709331714845,9.53224042963241e-05,0.00036781659093062104,0.00036781659093062104,14.0
tutuku,-9.341676782757386e-05,0.00021985215176887533,0.00012643538394130149,-0.0003132689195964492,0.0003132689195964492,8.0
tutū,-9.341676782757386e-05,0.00021985215176887533,0.00012643538394130149,-0.0003132689195964492,0.0003132689195964492,29.0
tuwhera,-0.00021332642605373733,0.0015061623803013164,0.001292835954247579,-0.0017194888063550538,0.0017194888063550538,55.0
tuwheratanga,0.001068375564150713,-0.0003142967158601603,0.0007540788482905526,0.0013826722800108734,0.0013826722800108734,17.0
tv,-9.341676782757386e-05,0.00021985215176887533,0.00012643538394130149,-0.0003132689195964492,0.0003132689195964492,9.0
tā,-0.00034530717939424907,0.0006501319039527582,0.00030482472455850915,-0.0009954390833470073,0.0009954390833470073,37.0
tāhae,-0.0003381426778860897,0.0015916070972475489,0.0012534644193614591,-0.0019297497751336386,0.0019297497751336386,25.0
tāhina,-9.341676782757386e-05,0.00021985215176887533,0.00012643538394130149,-0.0003132689195964492,0.0003132689195964492,9.0
tāhinga,-9.341676782757386e-05,0.00021985215176887533,0.00012643538394130149,-0.0003132689195964492,0.0003132689195964492,9.0
tāhoro,-9.341676782757386e-05,0.00021985215176887533,0.00012643538394130149,-0.0003132689195964492,0.0003132689195964492,9.0
tāhuhu,0.0013176229376227774,-0.0003445517982275848,0.0009730711393951927,0.0016621747358503622,0.0016621747358503622,30.0
tāhurihuri,-9.341676782757386e-05,0.00021985215176887533,0.00012643538394130149,-0.0003132689195964492,0.0003132689195964492,11.0
tāhū,-9.341676782757386e-05,0.00021985215176887533,0.00012643538394130149,-0.0003132689195964492,0.0003132689195964492,9.0
tāima,0.0046711369716606835,-0.0005496655141838581,0.004121471457476825,0.005220802485844542,0.005220802485844542,41.0
tāinga,-9.341676782757386e-05,0.00021985215176887533,0.00012643538394130149,-0.0003132689195964492,0.0003132689195964492,10.0
tāite,0.0013176229376227774,-0.0003445517982275848,0.0009730711393951927,0.0016621747358503622,0.0016621747358503622,16.0
tākaikai,-9.341676782757386e-05,0.00021985215176887533,0.00012643538394130149,-0.0003132689195964492,0.0003132689195964492,9.0
tākaro,0.00023156949761347255,-0.00013624709331714845,9.53224042963241e-05,0.00036781659093062104,0.00036781659093062104,55.0
tāke,-9.341676782757386e-05,0.00021985215176887533,0.00012643538394130149,-0.0003132689195964492,0.0003132689195964492,9.0
tākete,-9.341676782757386e-05,0.00021985215176887533,0.00012643538394130149,-0.0003132689195964492,0.0003132689195964492,13.0
tāki,-9.341676782757386e-05,0.00021985215176887533,0.00012643538394130149,-0.0003132689195964492,0.0003132689195964492,11.0
tākiri,-0.00021332642605373733,0.0015061623803013164,0.001292835954247579,-0.0017194888063550538,0.0017194888063550538,14.0
tāku,-9.341676782757386e-05,0.00021985215176887533,0.00012643538394130149,-0.0003132689195964492,0.0003132689195964492,9.0
tākuta,-9.341676782757386e-05,0.00021985215176887533,0.00012643538394130149,-0.0003132689195964492,0.0003132689195964492,9.0
tāmi,-0.00016907133894304485,0.0007958035486237744,0.0006267322096807296,-0.0009648748875668193,0.0009648748875668193,24.0
tāne,-9.341676782757386e-05,0.00021985215176887533,0.00012643538394130149,-0.0003132689195964492,0.0003132689195964492,18.0
tāngata,-3.552439342420572e-05,4.180252922586344e-05,6.2781358016577234e-06,-7.732692265006915e-05,7.732692265006915e-05,9.0
tāone,0.0046711369716606835,-0.0005496655141838581,0.004121471457476825,0.005220802485844542,0.005220802485844542,34.0
tāpae,-9.341676782757386e-05,0.00021985215176887533,0.00012643538394130149,-0.0003132689195964492,0.0003132689195964492,13.0
tāpai,-9.341676782757386e-05,0.00021985215176887533,0.00012643538394130149,-0.0003132689195964492,0.0003132689195964492,13.0
tāpiri,7.947867119576885e-05,-6.234982322935476e-05,1.712884796641409e-05,0.0001418284944251236,0.0001418284944251236,33.0
tāpu,-9.341676782757386e-05,0.00021985215176887533,0.00012643538394130149,-0.0003132689195964492,0.0003132689195964492,12.0
tāpuke,-9.341676782757386e-05,0.00021985215176887533,0.00012643538394130149,-0.0003132689195964492,0.0003132689195964492,12.0
tāra,-9.341676782757386e-05,0.00021985215176887533,0.00012643538394130149,-0.0003132689195964492,0.0003132689195964492,9.0
tārai,-0.00021332642605373733,0.0015061623803013164,0.001292835954247579,-0.0017194888063550538,0.0017194888063550538,11.0
tārei,-9.341676782757386e-05,0.00021985215176887533,0.00012643538394130149,-0.0003132689195964492,0.0003132689195964492,9.0
tārewa,-9.341676782757386e-05,0.00021985215176887533,0.00012643538394130149,-0.0003132689195964492,0.0003132689195964492,27.0
tāroa,-3.552439342420572e-05,4.180252922586344e-05,6.2781358016577234e-06,-7.732692265006915e-05,7.732692265006915e-05,9.0
tātahitahi,-9.341676782757386e-05,0.00021985215176887533,0.00012643538394130149,-0.0003132689195964492,0.0003132689195964492,10.0
tātai,-3.552439342420572e-05,4.180252922586344e-05,6.2781358016577234e-06,-7.732692265006915e-05,7.732692265006915e-05,13.0
tātaitanga,-9.341676782757386e-05,0.00021985215176887533,0.00012643538394130149,-0.0003132689195964492,0.0003132689195964492,10.0
tātaki,-0.00016907133894304485,0.0007958035486237744,0.0006267322096807296,-0.0009648748875668193,0.0009648748875668193,11.0
tātaraheke,-9.341676782757386e-05,0.00021985215176887533,0.00012643538394130149,-0.0003132689195964492,0.0003132689195964492,9.0
tātari,-0.00021332642605373733,0.0015061623803013164,0.001292835954247579,-0.0017194888063550538,0.0017194888063550538,13.0
tātata,-9.341676782757386e-05,0.00021985215176887533,0.00012643538394130149,-0.0003132689195964492,0.0003132689195964492,9.0
tāti,-9.341676782757386e-05,0.00021985215176887533,0.00012643538394130149,-0.0003132689195964492,0.0003132689195964492,19.0
tātā,-3.552439342420572e-05,4.180252922586344e-05,6.2781358016577234e-06,-7.732692265006915e-05,7.732692265006915e-05,18.0
tātānga,-3.552439342420572e-05,4.180252922586344e-05,6.2781358016577234e-06,-7.732692265006915e-05,7.732692265006915e-05,9.0
tāua,-0.00016907133894304485,0.0007958035486237744,0.0006267322096807296,-0.0009648748875668193,0.0009648748875668193,10.0
tāwai,-9.341676782757386e-05,0.00021985215176887533,0.00012643538394130149,-0.0003132689195964492,0.0003132689195964492,11.0
tāwhaowhao,-9.341676782757386e-05,0.00021985215176887533,0.00012643538394130149,-0.0003132689195964492,0.0003132689195964492,9.0
tāwēwē,-9.341676782757386e-05,0.00021985215176887533,0.00012643538394130149,-0.0003132689195964492,0.0003132689195964492,11.0
tēhi,-9.341676782757386e-05,0.00021985215176887533,0.00012643538394130149,-0.0003132689195964492,0.0003132689195964492,9.0
tēnei,-0.00021332642605373733,0.0015061623803013164,0.001292835954247579,-0.0017194888063550538,0.0017194888063550538,10.0
tēnā,-9.341676782757386e-05,0.00021985215176887533,0.00012643538394130149,-0.0003132689195964492,0.0003132689195964492,9.0
tētahi,-0.00021332642605373733,0.0015061623803013164,0.001292835954247579,-0.0017194888063550538,0.0017194888063550538,10.0
tētē,-9.341676782757386e-05,0.00021985215176887533,0.00012643538394130149,-0.0003132689195964492,0.0003132689195964492,9.0
tīhaehae,-9.341676782757386e-05,0.00021985215176887533,0.00012643538394130149,-0.0003132689195964492,0.0003132689195964492,10.0
tīkai,-0.00016907133894304485,0.0007958035486237744,0.0006267322096807296,-0.0009648748875668193,0.0009648748875668193,9.0
tīkapa,-3.552439342420572e-05,4.180252922586344e-05,6.2781358016577234e-06,-7.732692265006915e-05,7.732692265006915e-05,9.0
tīkape,-9.341676782757386e-05,0.00021985215176887533,0.00012643538394130149,-0.0003132689195964492,0.0003132689195964492,9.0
tīkaro,-9.341676782757386e-05,0.00021985215176887533,0.00012643538394130149,-0.0003132689195964492,0.0003132689195964492,9.0
tīkiti,-9.341676782757386e-05,0.00021985215176887533,0.00012643538394130149,-0.0003132689195964492,0.0003132689195964492,11.0
tīma,0.011951474738315126,-0.0007212117182875456,0.011230263020027581,0.012672686456602671,0.012672686456602671,135.0
tīmata,-0.0009611414435219606,0.018096024465549865,0.017134883022027904,-0.019057165909071826,0.019057165909071826,541.0
tīmatanga,0.03178001039894103,-0.0009121075829509429,0.030867902815990087,0.03269211798189197,0.03269211798189197,129.0
tīmatatanga,0.008723115706954415,-0.0006622406312994899,0.008060875075654925,0.009385356338253905,0.009385356338253905,60.0
tīni,-0.00016907133894304485,0.0007958035486237744,0.0006267322096807296,-0.0009648748875668193,0.0009648748875668193,23.0
tīpoko,-9.341676782757386e-05,0.00021985215176887533,0.00012643538394130149,-0.0003132689195964492,0.0003132689195964492,9.0
tīpuna,-3.552439342420572e-05,4.180252922586344e-05,6.2781358016577234e-06,-7.732692265006915e-05,7.732692265006915e-05,10.0
tīpā,-9.341676782757386e-05,0.00021985215176887533,0.00012643538394130149,-0.0003132689195964492,0.0003132689195964492,10.0
tīraha,-9.341676782757386e-05,0.00021985215176887533,0.00012643538394130149,-0.0003132689195964492,0.0003132689195964492,10.0
tītaha,-9.341676782757386e-05,0.00021985215176887533,0.00012643538394130149,-0.0003132689195964492,0.0003132689195964492,14.0
tītoretore,-9.341676782757386e-05,0.00021985215176887533,0.00012643538394130149,-0.0003132689195964492,0.0003132689195964492,8.0
tītī,-9.341676782757386e-05,0.00021985215176887533,0.00012643538394130149,-0.0003132689195964492,0.0003132689195964492,11.0
tīwaha,-9.341676782757386e-05,0.00021985215176887533,0.00012643538394130149,-0.0003132689195964492,0.0003132689195964492,11.0
tīwahawaha,-9.341676782757386e-05,0.00021985215176887533,0.00012643538394130149,-0.0003132689195964492,0.0003132689195964492,9.0
tō,-0.00026908124200723994,0.003166352863177925,0.002897271621170685,-0.0034354341051851646,0.0034354341051851646,42.0
tōhi,-9.341676782757386e-05,0.00021985215176887533,0.00012643538394130149,-0.0003132689195964492,0.0003132689195964492,9.0
tōmairangi,-9.341676782757386e-05,0.00021985215176887533,0.00012643538394130149,-0.0003132689195964492,0.0003132689195964492,9.0
tōmuri,-9.341676782757386e-05,0.00021985215176887533,0.00012643538394130149,-0.0003132689195964492,0.0003132689195964492,14.0
tōnga,0.000411238531760461,-0.00019356626909783424,0.00021767226266262676,0.0006048048008582953,0.0006048048008582953,12.0
tōpū,-9.341676782757386e-05,0.00021985215176887533,0.00012643538394130149,-0.0003132689195964492,0.0003132689195964492,13.0
tōrangapū,0.00023156949761347255,-0.00013624709331714845,9.53224042963241e-05,0.00036781659093062104,0.00036781659093062104,20.0
tōtanga,7.947867119576885e-05,-6.234982322935476e-05,1.712884796641409e-05,0.0001418284944251236,0.0001418284944251236,10.0
tōtika,7.947867119576885e-05,-6.234982322935476e-05,1.712884796641409e-05,0.0001418284944251236,0.0001418284944251236,22.0
tū,-0.0002802503034827216,0.000659556455306626,0.0003793061518239044,-0.0009398067587893476,0.0009398067587893476,977.0
tūhanga,-3.552439342420572e-05,4.180252922586344e-05,6.2781358016577234e-06,-7.732692265006915e-05,7.732692265006915e-05,9.0
tūhono,-9.341676782757386e-05,0.00021985215176887533,0.00012643538394130149,-0.0003132689195964492,0.0003132689195964492,21.0
tūhonohono,-9.341676782757386e-05,0.00021985215176887533,0.00012643538394130149,-0.0003132689195964492,0.0003132689195964492,10.0
tūhonohonotanga,-9.341676782757386e-05,0.00021985215176887533,0.00012643538394130149,-0.0003132689195964492,0.0003132689195964492,11.0
tūhonotanga,-9.341676782757386e-05,0.00021985215176887533,0.00012643538394130149,-0.0003132689195964492,0.0003132689195964492,9.0
tūkaha,-9.341676782757386e-05,0.00021985215176887533,0.00012643538394130149,-0.0003132689195964492,0.0003132689195964492,9.0
tūkino,-0.00021332642605373733,0.0015061623803013164,0.001292835954247579,-0.0017194888063550538,0.0017194888063550538,23.0
tūmanako,-0.00018683353565514772,0.00043970430353775067,0.00025287076788260297,-0.0006265378391928984,0.0006265378391928984,72.0
tūmekemeke,-9.341676782757386e-05,0.00021985215176887533,0.00012643538394130149,-0.0003132689195964492,0.0003132689195964492,9.0
tūnga,0.0008328072533872049,-0.0002799963324477477,0.0005528109209394572,0.0011128035858349525,0.0011128035858349525,28.0
tūpato,-9.341676782757386e-05,0.00021985215176887533,0.00012643538394130149,-0.0003132689195964492,0.0003132689195964492,54.0
tūpono,-9.341676782757386e-05,0.00021985215176887533,0.00012643538394130149,-0.0003132689195964492,0.0003132689195964492,17.0
tūpou,-9.341676782757386e-05,0.00021985215176887533,0.00012643538394130149,-0.0003132689195964492,0.0003132689195964492,9.0
tūpuhi,-9.341676782757386e-05,0.00021985215176887533,0.00012643538394130149,-0.0003132689195964492,0.0003132689195964492,10.0
tūranga,7.947867119576885e-05,-6.234982322935476e-05,1.712884796641409e-05,0.0001418284944251236,0.0001418284944251236,17.0
tūrangawaewae,7.947867119576885e-05,-6.234982322935476e-05,1.712884796641409e-05,0.0001418284944251236,0.0001418284944251236,13.0
tūrei,0.0013176229376227774,-0.0003445517982275848,0.0009730711393951927,0.0016621747358503622,0.0016621747358503622,16.0
tūreiti,-9.341676782757386e-05,0.00021985215176887533,0.00012643538394130149,-0.0003132689195964492,0.0003132689195964492,15.0
tūroro,-9.341676782757386e-05,0.00021985215176887533,0.00012643538394130149,-0.0003132689195964492,0.0003132689195964492,9.0
tūru,0.0015790227746756318,-0.00037161589164084617,0.0012074068830347858,0.0019506386663164779,0.0019506386663164779,21.0
tūtaki,-0.00014748504215064416,0.0002313995986273143,8.391455647667015e-05,-0.0003788846407779585,0.0003788846407779585,123.0
tūtakitaki,-9.341676782757386e-05,0.00021985215176887533,0.00012643538394130149,-0.0003132689195964492,0.0003132689195964492,13.0
tūtakitanga,-9.341676782757386e-05,0.00021985215176887533,0.00012643538394130149,-0.0003132689195964492,0.0003132689195964492,9.0
tūtanga,0.00023156949761347255,-0.00013624709331714845,9.53224042963241e-05,0.00036781659093062104,0.00036781659093062104,11.0
tūtehu,-9.341676782757386e-05,0.00021985215176887533,0.00012643538394130149,-0.0003132689195964492,0.0003132689195964492,22.0
tūtohu,-9.341676782757386e-05,0.00021985215176887533,0.00012643538394130149,-0.0003132689195964492,0.0003132689195964492,9.0
tūtuki,-9.341676782757386e-05,0.00021985215176887533,0.00012643538394130149,-0.0003132689195964492,0.0003132689195964492,16.0
tūturi,-9.341676782757386e-05,0.00021985215176887533,0.00012643538394130149,-0.0003132689195964492,0.0003132689195964492,9.0
tūturu,-9.341676782757386e-05,0.00021985215176887533,0.00012643538394130149,-0.0003132689195964492,0.0003132689195964492,18.0
tūturutanga,-3.552439342420572e-05,4.180252922586344e-05,6.2781358016577234e-06,-7.732692265006915e-05,7.732692265006915e-05,13.0
tūtū,-9.341676782757386e-05,0.00021985215176887533,0.00012643538394130149,-0.0003132689195964492,0.0003132689195964492,27.0
ua,-9.341676782757386e-05,0.00021985215176887533,0.00012643538394130149,-0.0003132689195964492,0.0003132689195964492,9.0
uaua,0.000411238531760461,-0.00019356626909783424,0.00021767226266262676,0.0006048048008582953,0.0006048048008582953,24.0
uauatanga,-9.341676782757386e-05,0.00021985215176887533,0.00012643538394130149,-0.0003132689195964492,0.0003132689195964492,11.0
uhi,-3.552439342420572e-05,4.180252922586344e-05,6.2781358016577234e-06,-7.732692265006915e-05,7.732692265006915e-05,24.0
ui,-0.00016907133894304485,0.0007958035486237744,0.0006267322096807296,-0.0009648748875668193,0.0009648748875668193,15.0
um,-3.552439342420572e-05,4.180252922586344e-05,6.2781358016577234e-06,-7.732692265006915e-05,7.732692265006915e-05,12.0
uma,-3.552439342420572e-05,4.180252922586344e-05,6.2781358016577234e-06,-7.732692265006915e-05,7.732692265006915e-05,9.0
uniana,-9.341676782757386e-05,0.00021985215176887533,0.00012643538394130149,-0.0003132689195964492,0.0003132689195964492,11.0
unit,-9.341676782757386e-05,0.00021985215176887533,0.00012643538394130149,-0.0003132689195964492,0.0003132689195964492,9.0
unu,-9.341676782757386e-05,0.00021985215176887533,0.00012643538394130149,-0.0003132689195964492,0.0003132689195964492,28.0
upoko,-3.552439342420572e-05,4.180252922586344e-05,6.2781358016577234e-06,-7.732692265006915e-05,7.732692265006915e-05,19.0
upoko-o-te-ika,-9.341676782757386e-05,0.00021985215176887533,0.00012643538394130149,-0.0003132689195964492,0.0003132689195964492,14.0
upoko-rehe,-9.341676782757386e-05,0.00021985215176887533,0.00012643538394130149,-0.0003132689195964492,0.0003132689195964492,9.0
uri,-3.552439342420572e-05,4.180252922586344e-05,6.2781358016577234e-06,-7.732692265006915e-05,7.732692265006915e-05,22.0
uru,-3.552439342420572e-05,4.180252922586344e-05,6.2781358016577234e-06,-7.732692265006915e-05,7.732692265006915e-05,327.0
urunga,0.0013176229376227774,-0.0003445517982275848,0.0009730711393951927,0.0016621747358503622,0.0016621747358503622,19.0
urupā,7.947867119576885e-05,-6.234982322935476e-05,1.712884796641409e-05,0.0001418284944251236,0.0001418284944251236,13.0
ururoa,7.947867119576885e-05,-6.234982322935476e-05,1.712884796641409e-05,0.0001418284944251236,0.0001418284944251236,12.0
ururua,-9.341676782757386e-05,0.00021985215176887533,0.00012643538394130149,-0.0003132689195964492,0.0003132689195964492,10.0
urutanga,-3.552439342420572e-05,4.180252922586344e-05,6.2781358016577234e-06,-7.732692265006915e-05,7.732692265006915e-05,10.0
uruuru,-9.341676782757386e-05,0.00021985215176887533,0.00012643538394130149,-0.0003132689195964492,0.0003132689195964492,10.0
uta,-9.341676782757386e-05,0.00021985215176887533,0.00012643538394130149,-0.0003132689195964492,0.0003132689195964492,37.0
utu,-0.0010657243498125334,0.004299658651638076,0.003233934301825542,-0.005365383001450609,0.005365383001450609,126.0
uwhi,-9.341676782757386e-05,0.00021985215176887533,0.00012643538394130149,-0.0003132689195964492,0.0003132689195964492,18.0
vc,-9.341676782757386e-05,0.00021985215176887533,0.00012643538394130149,-0.0003132689195964492,0.0003132689195964492,9.0
vice,-9.341676782757386e-05,0.00021985215176887533,0.00012643538394130149,-0.0003132689195964492,0.0003132689195964492,8.0
waea,-0.00014748504215064416,0.0002313995986273143,8.391455647667015e-05,-0.0003788846407779585,0.0003788846407779585,48.0
waenganui,0.000411238531760461,-0.00019356626909783424,0.00021767226266262676,0.0006048048008582953,0.0006048048008582953,14.0
waerea,-9.341676782757386e-05,0.00021985215176887533,0.00012643538394130149,-0.0003132689195964492,0.0003132689195964492,9.0
waewae,-9.341676782757386e-05,0.00021985215176887533,0.00012643538394130149,-0.0003132689195964492,0.0003132689195964492,19.0
waha,7.947867119576885e-05,-6.234982322935476e-05,1.712884796641409e-05,0.0001418284944251236,0.0001418284944251236,24.0
wahangū,7.947867119576885e-05,-6.234982322935476e-05,1.712884796641409e-05,0.0001418284944251236,0.0001418284944251236,14.0
wahapū,0.0013176229376227774,-0.0003445517982275848,0.0009730711393951927,0.0016621747358503622,0.0016621747358503622,16.0
waharoa,0.00023156949761347255,-0.00013624709331714845,9.53224042963241e-05,0.00036781659093062104,0.00036781659093062104,11.0
wahawaha,-9.341676782757386e-05,0.00021985215176887533,0.00012643538394130149,-0.0003132689195964492,0.0003132689195964492,11.0
wahine,0.000411238531760461,-0.00019356626909783424,0.00021767226266262676,0.0006048048008582953,0.0006048048008582953,66.0
wai,0.003997028155324033,-0.0005226014207705968,0.003474426734553436,0.004519629576094629,0.004519629576094629,51.0
wai-hua,-9.341676782757386e-05,0.00021985215176887533,0.00012643538394130149,-0.0003132689195964492,0.0003132689195964492,9.0
wai-pounamu,7.947867119576885e-05,-6.234982322935476e-05,1.712884796641409e-05,0.0001418284944251236,0.0001418284944251236,13.0
wai-roa,-3.552439342420572e-05,4.180252922586344e-05,6.2781358016577234e-06,-7.732692265006915e-05,7.732692265006915e-05,9.0
waia,-9.341676782757386e-05,0.00021985215176887533,0.00012643538394130149,-0.0003132689195964492,0.0003132689195964492,12.0
waiariki,-9.341676782757386e-05,0.00021985215176887533,0.00012643538394130149,-0.0003132689195964492,0.0003132689195964492,11.0
waiata,-0.00046708383913786935,0.0010992607588443768,0.0006321769197065075,-0.001566344597982246,0.001566344597982246,56.0
waihanga,-0.00047108839910519164,0.0013858566377478057,0.0009147682386426141,-0.0018569450368529973,0.0018569450368529973,43.0
waiho,-0.0003381426778860897,0.0015916070972475489,0.0012534644193614591,-0.0019297497751336386,0.0019297497751336386,101.0
waikura,-9.341676782757386e-05,0.00021985215176887533,0.00012643538394130149,-0.0003132689195964492,0.0003132689195964492,9.0
waimarie,-9.341676782757386e-05,0.00021985215176887533,0.00012643538394130149,-0.0003132689195964492,0.0003132689195964492,42.0
waimate,-3.552439342420572e-05,4.180252922586344e-05,6.2781358016577234e-06,-7.732692265006915e-05,7.732692265006915e-05,9.0
waiora,-9.341676782757386e-05,0.00021985215176887533,0.00012643538394130149,-0.0003132689195964492,0.0003132689195964492,26.0
waipiro,-3.552439342420572e-05,4.180252922586344e-05,6.2781358016577234e-06,-7.732692265006915e-05,7.732692265006915e-05,10.0
waipuke,-9.341676782757386e-05,0.00021985215176887533,0.00012643538394130149,-0.0003132689195964492,0.0003132689195964492,20.0
wairua,0.01801610966993475,-0.0008000019231224994,0.01721610774681225,0.01881611159305725,0.01881611159305725,127.0
wairuatanga,-3.552439342420572e-05,4.180252922586344e-05,6.2781358016577234e-06,-7.732692265006915e-05,7.732692265006915e-05,10.0
waiwai,-9.341676782757386e-05,0.00021985215176887533,0.00012643538394130149,-0.0003132689195964492,0.0003132689195964492,9.0
waka,0.0095110852917265,-0.0006783003171410861,0.008832784974585414,0.010189385608867585,0.010189385608867585,109.0
waka-o-māui,-3.552439342420572e-05,4.180252922586344e-05,6.2781358016577234e-06,-7.732692265006915e-05,7.732692265006915e-05,9.0
wana,-9.341676782757386e-05,0.00021985215176887533,0.00012643538394130149,-0.0003132689195964492,0.0003132689195964492,9.0
wao,0.0013176229376227774,-0.0003445517982275848,0.0009730711393951927,0.0016621747358503622,0.0016621747358503622,17.0
ware,-9.341676782757386e-05,0.00021985215176887533,0.00012643538394130149,-0.0003132689195964492,0.0003132689195964492,19.0
wareware,-9.341676782757386e-05,0.00021985215176887533,0.00012643538394130149,-0.0003132689195964492,0.0003132689195964492,63.0
waro,-9.341676782757386e-05,0.00021985215176887533,0.00012643538394130149,-0.0003132689195964492,0.0003132689195964492,9.0
waru,0.0046711369716606835,-0.0005496655141838581,0.004121471457476825,0.005220802485844542,0.005220802485844542,43.0
watershed,-9.341676782757386e-05,0.00021985215176887533,0.00012643538394130149,-0.0003132689195964492,0.0003132689195964492,9.0
wawao,-9.341676782757386e-05,0.00021985215176887533,0.00012643538394130149,-0.0003132689195964492,0.0003132689195964492,9.0
wawata,-0.00014748504215064416,0.0002313995986273143,8.391455647667015e-05,-0.0003788846407779585,0.0003788846407779585,29.0
wawe,-9.341676782757386e-05,0.00021985215176887533,0.00012643538394130149,-0.0003132689195964492,0.0003132689195964492,13.0
wehe,-9.341676782757386e-05,0.00021985215176887533,0.00012643538394130149,-0.0003132689195964492,0.0003132689195964492,89.0
wehenga,0.0015790227746756318,-0.00037161589164084617,0.0012074068830347858,0.0019506386663164779,0.0019506386663164779,18.0
weheruatanga,-3.552439342420572e-05,4.180252922586344e-05,6.2781358016577234e-06,-7.732692265006915e-05,7.732692265006915e-05,9.0
wehetanga,0.000411238531760461,-0.00019356626909783424,0.00021767226266262676,0.0006048048008582953,0.0006048048008582953,14.0
wehewehe,-3.552439342420572e-05,4.180252922586344e-05,6.2781358016577234e-06,-7.732692265006915e-05,7.732692265006915e-05,25.0
wehi,7.947867119576885e-05,-6.234982322935476e-05,1.712884796641409e-05,0.0001418284944251236,0.0001418284944251236,34.0
wenerei,0.003997028155324033,-0.0005226014207705968,0.003474426734553436,0.004519629576094629,0.004519629576094629,25.0
wepu,7.947867119576885e-05,-6.234982322935476e-05,1.712884796641409e-05,0.0001418284944251236,0.0001418284944251236,19.0
wera,0.00023156949761347255,-0.00013624709331714845,9.53224042963241e-05,0.00036781659093062104,0.00036781659093062104,16.0
weranga,-9.341676782757386e-05,0.00021985215176887533,0.00012643538394130149,-0.0003132689195964492,0.0003132689195964492,9.0
werawera,-9.341676782757386e-05,0.00021985215176887533,0.00012643538394130149,-0.0003132689195964492,0.0003132689195964492,11.0
weri,-9.341676782757386e-05,0.00021985215176887533,0.00012643538394130149,-0.0003132689195964492,0.0003132689195964492,8.0
weriweri,-9.341676782757386e-05,0.00021985215176887533,0.00012643538394130149,-0.0003132689195964492,0.0003132689195964492,8.0
wero,-0.0004475147513432293,0.0017553429881867744,0.001307828236843545,-0.0022028577395300035,0.0022028577395300035,40.0
werowero,-9.341676782757386e-05,0.00021985215176887533,0.00012643538394130149,-0.0003132689195964492,0.0003132689195964492,15.0
wete,-9.341676782757386e-05,0.00021985215176887533,0.00012643538394130149,-0.0003132689195964492,0.0003132689195964492,9.0
wetewete,-9.341676782757386e-05,0.00021985215176887533,0.00012643538394130149,-0.0003132689195964492,0.0003132689195964492,11.0
weti,-9.341676782757386e-05,0.00021985215176887533,0.00012643538394130149,-0.0003132689195964492,0.0003132689195964492,9.0
weto,-9.341676782757386e-05,0.00021985215176887533,0.00012643538394130149,-0.0003132689195964492,0.0003132689195964492,10.0
weu,-3.552439342420572e-05,4.180252922586344e-05,6.2781358016577234e-06,-7.732692265006915e-05,7.732692265006915e-05,9.0
wewehe,-9.341676782757386e-05,0.00021985215176887533,0.00012643538394130149,-0.0003132689195964492,0.0003132689195964492,9.0
whaea,-3.552439342420572e-05,4.180252922586344e-05,6.2781358016577234e-06,-7.732692265006915e-05,7.732692265006915e-05,18.0
whai,-0.0009418054413508264,0.001564585869719032,0.0006227804283682057,-0.0025063913110698584,0.0025063913110698584,572.0
whaikōrero,-9.341676782757386e-05,0.00021985215176887533,0.00012643538394130149,-0.0003132689195964492,0.0003132689195964492,11.0
whaina,-9.341676782757386e-05,0.00021985215176887533,0.00012643538394130149,-0.0003132689195964492,0.0003132689195964492,13.0
whaiwhai,-0.0002802503034827216,0.000659556455306626,0.0003793061518239044,-0.0009398067587893476,0.0009398067587893476,57.0
whaka-,-0.0002889809971692083,0.004080622495860704,0.0037916414986914958,-0.004369603493029913,0.004369603493029913,13.0
whakaae,-0.0006614506264986837,0.0018161432691097944,0.0011546926426111107,-0.002477593895608478,0.002477593895608478,298.0
whakaaehanga,-9.341676782757386e-05,0.00021985215176887533,0.00012643538394130149,-0.0003132689195964492,0.0003132689195964492,9.0
whakaaetanga,-3.552439342420572e-05,4.180252922586344e-05,6.2781358016577234e-06,-7.732692265006915e-05,7.732692265006915e-05,9.0
whakaahua,-0.0002802503034827216,0.000659556455306626,0.0003793061518239044,-0.0009398067587893476,0.0009398067587893476,16.0
whakaahuatanga,-9.341676782757386e-05,0.00021985215176887533,0.00012643538394130149,-0.0003132689195964492,0.0003132689195964492,9.0
whakaako,-0.00026908124200723994,0.003166352863177925,0.002897271621170685,-0.0034354341051851646,0.0034354341051851646,48.0
whakaakoako,-9.341676782757386e-05,0.00021985215176887533,0.00012643538394130149,-0.0003132689195964492,0.0003132689195964492,10.0
whakaakoranga,-9.341676782757386e-05,0.00021985215176887533,0.00012643538394130149,-0.0003132689195964492,0.0003132689195964492,10.0
whakaara,-0.00026908124200723994,0.003166352863177925,0.002897271621170685,-0.0034354341051851646,0.0034354341051851646,37.0
whakaaraara,-9.341676782757386e-05,0.00021985215176887533,0.00012643538394130149,-0.0003132689195964492,0.0003132689195964492,10.0
whakaari,-0.00016907133894304485,0.0007958035486237744,0.0006267322096807296,-0.0009648748875668193,0.0009648748875668193,10.0
whakaaro,0.0004768720271746127,-0.0003740989393761282,0.00010277308779848448,0.0008509709665507409,0.0008509709665507409,434.0
whakaaroaro,-9.341676782757386e-05,0.00021985215176887533,0.00012643538394130149,-0.0003132689195964492,0.0003132689195964492,15.0
whakaata,-0.00016907133894304485,0.0007958035486237744,0.0006267322096807296,-0.0009648748875668193,0.0009648748875668193,15.0
whakaataata,-9.341676782757386e-05,0.00021985215176887533,0.00012643538394130149,-0.0003132689195964492,0.0003132689195964492,10.0
whakaatu,-0.0007846527399421679,0.008617675969423921,0.007833023229481753,-0.00940232870936609,0.00940232870936609,89.0
whakaaturanga,-9.341676782757386e-05,0.00021985215176887533,0.00012643538394130149,-0.0003132689195964492,0.0003132689195964492,12.0
whakaatutanga,-9.341676782757386e-05,0.00021985215176887533,0.00012643538394130149,-0.0003132689195964492,0.0003132689195964492,10.0
whakaawatea,-9.341676782757386e-05,0.00021985215176887533,0.00012643538394130149,-0.0003132689195964492,0.0003132689195964492,8.0
whakaeke,-7.104878684841143e-05,8.360505845172688e-05,1.2556271603315447e-05,-0.0001546538453001383,0.0001546538453001383,42.0
whakaeketanga,0.0006128847690843637,-0.00024039944577236664,0.0003724853233119971,0.0008532842148567304,0.0008532842148567304,13.0
whakaemi,-9.341676782757386e-05,0.00021985215176887533,0.00012643538394130149,-0.0003132689195964492,0.0003132689195964492,21.0
whakahaere,-0.0014205543329555129,0.0367753164099467,0.03535476207699118,-0.03819587074290221,0.03819587074290221,183.0
whakahakiri,-9.341676782757386e-05,0.00021985215176887533,0.00012643538394130149,-0.0003132689195964492,0.0003132689195964492,9.0
whakaharuru,-9.341676782757386e-05,0.00021985215176887533,0.00012643538394130149,-0.0003132689195964492,0.0003132689195964492,9.0
whakahau,-0.00042665285210747466,0.0030123247606026328,0.002585671908495158,-0.0034389776127101077,0.0034389776127101077,59.0
whakahauora,-9.341676782757386e-05,0.00021985215176887533,0.00012643538394130149,-0.0003132689195964492,0.0003132689195964492,10.0
whakaheke,-9.341676782757386e-05,0.00021985215176887533,0.00012643538394130149,-0.0003132689195964492,0.0003132689195964492,14.0
whakahere,-9.341676782757386e-05,0.00021985215176887533,0.00012643538394130149,-0.0003132689195964492,0.0003132689195964492,9.0
whakahiahia,-9.341676782757386e-05,0.00021985215176887533,0.00012643538394130149,-0.0003132689195964492,0.0003132689195964492,9.0
whakahiato,-9.341676782757386e-05,0.00021985215176887533,0.00012643538394130149,-0.0003132689195964492,0.0003132689195964492,10.0
whakahihiko,-0.00016907133894304485,0.0007958035486237744,0.0006267322096807296,-0.0009648748875668193,0.0009648748875668193,9.0
whakahirahira,-9.341676782757386e-05,0.00021985215176887533,0.00012643538394130149,-0.0003132689195964492,0.0003132689195964492,10.0
whakahoahoa,-9.341676782757386e-05,0.00021985215176887533,0.00012643538394130149,-0.0003132689195964492,0.0003132689195964492,10.0
whakahoki,-0.0005072140168291346,0.0023874106458713234,0.0018801966290421888,-0.002894624662700458,0.002894624662700458,281.0
whakahokinga,-3.552439342420572e-05,4.180252922586344e-05,6.2781358016577234e-06,-7.732692265006915e-05,7.732692265006915e-05,11.0
whakahokitanga,0.000411238531760461,-0.00019356626909783424,0.00021767226266262676,0.0006048048008582953,0.0006048048008582953,16.0
whakahoko,-9.341676782757386e-05,0.00021985215176887533,0.00012643538394130149,-0.0003132689195964492,0.0003132689195964492,8.0
whakahokohoko,-9.341676782757386e-05,0.00021985215176887533,0.00012643538394130149,-0.0003132689195964492,0.0003132689195964492,9.0
whakahono,-3.552439342420572e-05,4.180252922586344e-05,6.2781358016577234e-06,-7.732692265006915e-05,7.732692265006915e-05,18.0
whakahonohono,-9.341676782757386e-05,0.00021985215176887533,0.00012643538394130149,-0.0003132689195964492,0.0003132689195964492,11.0
whakahora,-0.00016907133894304485,0.0007958035486237744,0.0006267322096807296,-0.0009648748875668193,0.0009648748875668193,10.0
whakahoro,-9.341676782757386e-05,0.00021985215176887533,0.00012643538394130149,-0.0003132689195964492,0.0003132689195964492,9.0
whakahou,7.947867119576885e-05,-6.234982322935476e-05,1.712884796641409e-05,0.0001418284944251236,0.0001418284944251236,21.0
whakahua,-3.552439342420572e-05,4.180252922586344e-05,6.2781358016577234e-06,-7.732692265006915e-05,7.732692265006915e-05,24.0
whakahuahua,-3.552439342420572e-05,4.180252922586344e-05,6.2781358016577234e-06,-7.732692265006915e-05,7.732692265006915e-05,13.0
whakahui,-9.341676782757386e-05,0.00021985215176887533,0.00012643538394130149,-0.0003132689195964492,0.0003132689195964492,11.0
whakahuihui,-0.00024472591005851585,0.0023038055874195964,0.0020590796773610805,-0.0025485314974781122,0.0025485314974781122,25.0
whakahuri,-9.341676782757386e-05,0.00021985215176887533,0.00012643538394130149,-0.0003132689195964492,0.0003132689195964492,12.0
whakahāereere,-9.341676782757386e-05,0.00021985215176887533,0.00012643538394130149,-0.0003132689195964492,0.0003132689195964492,9.0
whakahāwea,-3.552439342420572e-05,4.180252922586344e-05,6.2781358016577234e-06,-7.732692265006915e-05,7.732692265006915e-05,16.0
whakahē,-0.0002949700843012883,0.0004627991972546286,0.0001678291129533403,-0.000757769281555917,0.000757769281555917,127.0
whakahī,-9.341676782757386e-05,0.00021985215176887533,0.00012643538394130149,-0.0003132689195964492,0.0003132689195964492,9.0
whakahīhī,-9.341676782757386e-05,0.00021985215176887533,0.00012643538394130149,-0.0003132689195964492,0.0003132689195964492,11.0
whakahōhā,-9.341676782757386e-05,0.00021985215176887533,0.00012643538394130149,-0.0003132689195964492,0.0003132689195964492,10.0
whakahōnore,-9.341676782757386e-05,0.00021985215176887533,0.00012643538394130149,-0.0003132689195964492,0.0003132689195964492,19.0
whakaingoa,-0.00018683353565514772,0.00043970430353775067,0.00025287076788260297,-0.0006265378391928984,0.0006265378391928984,37.0
whakaingoatanga,-9.341676782757386e-05,0.00021985215176887533,0.00012643538394130149,-0.0003132689195964492,0.0003132689195964492,11.0
whakainu,-9.341676782757386e-05,0.00021985215176887533,0.00012643538394130149,-0.0003132689195964492,0.0003132689195964492,10.0
whakairi,-0.00021332642605373733,0.0015061623803013164,0.001292835954247579,-0.0017194888063550538,0.0017194888063550538,37.0
whakairiiri,-9.341676782757386e-05,0.00021985215176887533,0.00012643538394130149,-0.0003132689195964492,0.0003132689195964492,9.0
whakairo,-0.0003551385832388782,0.009193829102486674,0.008838690519247796,-0.009548967685725553,0.009548967685725553,25.0
whakaiti,-0.00016907133894304485,0.0007958035486237744,0.0006267322096807296,-0.0009648748875668193,0.0009648748875668193,29.0
whakakaha,-9.341676782757386e-05,0.00021985215176887533,0.00012643538394130149,-0.0003132689195964492,0.0003132689195964492,14.0
whakakaingākau,-0.00016907133894304485,0.0007958035486237744,0.0006267322096807296,-0.0009648748875668193,0.0009648748875668193,9.0
whakakake,-9.341676782757386e-05,0.00021985215176887533,0.00012643538394130149,-0.0003132689195964492,0.0003132689195964492,9.0
whakakamakama,-0.00016907133894304485,0.0007958035486237744,0.0006267322096807296,-0.0009648748875668193,0.0009648748875668193,10.0
whakakapi,-0.00016907133894304485,0.0007958035486237744,0.0006267322096807296,-0.0009648748875668193,0.0009648748875668193,11.0
whakakatakata,-9.341676782757386e-05,0.00021985215176887533,0.00012643538394130149,-0.0003132689195964492,0.0003132689195964492,11.0
whakakaupapa,-0.00016907133894304485,0.0007958035486237744,0.0006267322096807296,-0.0009648748875668193,0.0009648748875668193,13.0
whakakawa,-9.341676782757386e-05,0.00021985215176887533,0.00012643538394130149,-0.0003132689195964492,0.0003132689195964492,9.0
whakakawe,-0.00016907133894304485,0.0007958035486237744,0.0006267322096807296,-0.0009648748875668193,0.0009648748875668193,9.0
whakakawenata,-9.341676782757386e-05,0.00021985215176887533,0.00012643538394130149,-0.0003132689195964492,0.0003132689195964492,9.0
whakakeokeo,-0.00021332642605373733,0.0015061623803013164,0.001292835954247579,-0.0017194888063550538,0.0017194888063550538,10.0
whakakikī,-9.341676782757386e-05,0.00021985215176887533,0.00012643538394130149,-0.0003132689195964492,0.0003132689195964492,11.0
whakakino,-9.341676782757386e-05,0.00021985215176887533,0.00012643538394130149,-0.0003132689195964492,0.0003132689195964492,10.0
whakakite,-0.00016907133894304485,0.0007958035486237744,0.0006267322096807296,-0.0009648748875668193,0.0009648748875668193,13.0
whakakitenga,-3.552439342420572e-05,4.180252922586344e-05,6.2781358016577234e-06,-7.732692265006915e-05,7.732692265006915e-05,9.0
whakakoakoa,-9.341676782757386e-05,0.00021985215176887533,0.00012643538394130149,-0.0003132689195964492,0.0003132689195964492,8.0
whakakoi,-9.341676782757386e-05,0.00021985215176887533,0.00012643538394130149,-0.0003132689195964492,0.0003132689195964492,16.0
whakakopi,-0.00024472591005851585,0.0023038055874195964,0.0020590796773610805,-0.0025485314974781122,0.0025485314974781122,11.0
whakakore,-0.00024472591005851585,0.0023038055874195964,0.0020590796773610805,-0.0025485314974781122,0.0025485314974781122,57.0
whakakoretake,7.947867119576885e-05,-6.234982322935476e-05,1.712884796641409e-05,0.0001418284944251236,0.0001418284944251236,11.0
whakakorikori,-9.341676782757386e-05,0.00021985215176887533,0.00012643538394130149,-0.0003132689195964492,0.0003132689195964492,12.0
whakakotahi,-0.00014748504215064416,0.0002313995986273143,8.391455647667015e-05,-0.0003788846407779585,0.0003788846407779585,45.0
whakakotahitanga,7.947867119576885e-05,-6.234982322935476e-05,1.712884796641409e-05,0.0001418284944251236,0.0001418284944251236,10.0
whakakotiti,-0.00016907133894304485,0.0007958035486237744,0.0006267322096807296,-0.0009648748875668193,0.0009648748875668193,11.0
whakakuia,-9.341676782757386e-05,0.00021985215176887533,0.00012643538394130149,-0.0003132689195964492,0.0003132689195964492,10.0
whakakā,-9.341676782757386e-05,0.00021985215176887533,0.00012643538394130149,-0.0003132689195964492,0.0003132689195964492,10.0
whakakāhore,-3.552439342420572e-05,4.180252922586344e-05,6.2781358016577234e-06,-7.732692265006915e-05,7.732692265006915e-05,21.0
whakakākahu,-9.341676782757386e-05,0.00021985215176887533,0.00012643538394130149,-0.0003132689195964492,0.0003132689195964492,9.0
whakakāti,-9.341676782757386e-05,0.00021985215176887533,0.00012643538394130149,-0.0003132689195964492,0.0003132689195964492,10.0
whakakātu,-9.341676782757386e-05,0.00021985215176887533,0.00012643538394130149,-0.0003132689195964492,0.0003132689195964492,9.0
whakakī,-9.341676782757386e-05,0.00021985215176887533,0.00012643538394130149,-0.0003132689195964492,0.0003132689195964492,17.0
whakakīkī,-9.341676782757386e-05,0.00021985215176887533,0.00012643538394130149,-0.0003132689195964492,0.0003132689195964492,15.0
whakakōpani,-9.341676782757386e-05,0.00021985215176887533,0.00012643538394130149,-0.0003132689195964492,0.0003132689195964492,9.0
whakamahana,-0.00016907133894304485,0.0007958035486237744,0.0006267322096807296,-0.0009648748875668193,0.0009648748875668193,11.0
whakamahara,-9.341676782757386e-05,0.00021985215176887533,0.00012643538394130149,-0.0003132689195964492,0.0003132689195964492,14.0
whakamaharatanga,-3.552439342420572e-05,4.180252922586344e-05,6.2781358016577234e-06,-7.732692265006915e-05,7.732692265006915e-05,9.0
whakamahi,-0.00027534370987653266,0.0009720135126722807,0.0006966698027957481,-0.0012473572225488133,0.0012473572225488133,67.0
whakamamae,-3.552439342420572e-05,4.180252922586344e-05,6.2781358016577234e-06,-7.732692265006915e-05,7.732692265006915e-05,10.0
whakamana,-0.0004894518201170317,0.004607611174839193,0.004118159354722161,-0.0050970629949562245,0.0050970629949562245,76.0
whakamanatanga,0.00023156949761347255,-0.00013624709331714845,9.53224042963241e-05,0.00036781659093062104,0.00036781659093062104,12.0
whakamanuhiri,-0.00016907133894304485,0.0007958035486237744,0.0006267322096807296,-0.0009648748875668193,0.0009648748875668193,9.0
whakamaoa,-9.341676782757386e-05,0.00021985215176887533,0.00012643538394130149,-0.0003132689195964492,0.0003132689195964492,10.0
whakamaroke,-9.341676782757386e-05,0.00021985215176887533,0.00012643538394130149,-0.0003132689195964492,0.0003132689195964492,10.0
whakamataku,-9.341676782757386e-05,0.00021985215176887533,0.00012643538394130149,-0.0003132689195964492,0.0003132689195964492,11.0
whakamatatau,-9.341676782757386e-05,0.00021985215176887533,0.00012643538394130149,-0.0003132689195964492,0.0003132689195964492,10.0
whakamate,-9.341676782757386e-05,0.00021985215176887533,0.00012643538394130149,-0.0003132689195964492,0.0003132689195964492,9.0
whakamatemate,-9.341676782757386e-05,0.00021985215176887533,0.00012643538394130149,-0.0003132689195964492,0.0003132689195964492,9.0
whakamau,-0.00027534370987653266,0.0009720135126722807,0.0006966698027957481,-0.0012473572225488133,0.0012473572225488133,33.0
whakamaumahara,-9.341676782757386e-05,0.00021985215176887533,0.00012643538394130149,-0.0003132689195964492,0.0003132689195964492,11.0
whakamauru,-9.341676782757386e-05,0.00021985215176887533,0.00012643538394130149,-0.0003132689195964492,0.0003132689195964492,9.0
whakamawehe,-0.00016907133894304485,0.0007958035486237744,0.0006267322096807296,-0.0009648748875668193,0.0009648748875668193,9.0
whakamihi,-9.341676782757386e-05,0.00021985215176887533,0.00012643538394130149,-0.0003132689195964492,0.0003132689195964492,14.0
whakaminamina,-9.341676782757386e-05,0.00021985215176887533,0.00012643538394130149,-0.0003132689195964492,0.0003132689195964492,9.0
whakaminita,-9.341676782757386e-05,0.00021985215176887533,0.00012643538394130149,-0.0003132689195964492,0.0003132689195964492,10.0
whakamoe,-9.341676782757386e-05,0.00021985215176887533,0.00012643538394130149,-0.0003132689195964492,0.0003132689195964492,23.0
whakamoemiti,-3.552439342420572e-05,4.180252922586344e-05,6.2781358016577234e-06,-7.732692265006915e-05,7.732692265006915e-05,13.0
whakamoemoe,-9.341676782757386e-05,0.00021985215176887533,0.00012643538394130149,-0.0003132689195964492,0.0003132689195964492,10.0
whakamomori,-9.341676782757386e-05,0.00021985215176887533,0.00012643538394130149,-0.0003132689195964492,0.0003132689195964492,15.0
whakamua,-9.341676782757386e-05,0.00021985215176887533,0.00012643538394130149,-0.0003132689195964492,0.0003132689195964492,8.0
whakamuri,-9.341676782757386e-05,0.00021985215176887533,0.00012643538394130149,-0.0003132689195964492,0.0003132689195964492,9.0
whakamutu,-0.0002889809971692083,0.004080622495860704,0.0037916414986914958,-0.004369603493029913,0.004369603493029913,30.0
whakamutunga,0.0021336243915543794,-0.0004184490683153785,0.0017151753232390009,0.002552073459869758,0.002552073459869758,31.0
whakamā,-9.341676782757386e-05,0.00021985215176887533,0.00012643538394130149,-0.0003132689195964492,0.0003132689195964492,20.0
whakamākū,-9.341676782757386e-05,0.00021985215176887533,0.00012643538394130149,-0.0003132689195964492,0.0003132689195964492,9.0
whakamāminga,-9.341676782757386e-05,0.00021985215176887533,0.00012643538394130149,-0.0003132689195964492,0.0003132689195964492,9.0
whakamāmā,-0.00016907133894304485,0.0007958035486237744,0.0006267322096807296,-0.0009648748875668193,0.0009648748875668193,17.0
whakamāori,-0.00016907133894304485,0.0007958035486237744,0.0006267322096807296,-0.0009648748875668193,0.0009648748875668193,20.0
whakamārama,-0.0011153780531915098,0.006124981253821755,0.0050096032006302455,-0.007240359307013265,0.007240359307013265,106.0
whakamāramatanga,0.00023156949761347255,-0.00013624709331714845,9.53224042963241e-05,0.00036781659093062104,0.00036781659093062104,13.0
whakamārō,-9.341676782757386e-05,0.00021985215176887533,0.00012643538394130149,-0.0003132689195964492,0.0003132689195964492,10.0
whakamātau,-9.341676782757386e-05,0.00021985215176887533,0.00012643538394130149,-0.0003132689195964492,0.0003132689195964492,20.0
whakamātautau,-0.00016907133894304485,0.0007958035486237744,0.0006267322096807296,-0.0009648748875668193,0.0009648748875668193,31.0
whakamīharo,-9.341676782757386e-05,0.00021985215176887533,0.00012643538394130149,-0.0003132689195964492,0.0003132689195964492,14.0
whakamōhio,-9.341676782757386e-05,0.00021985215176887533,0.00012643538394130149,-0.0003132689195964492,0.0003132689195964492,22.0
whakananakia,-9.341676782757386e-05,0.00021985215176887533,0.00012643538394130149,-0.0003132689195964492,0.0003132689195964492,9.0
whakaneke,-3.552439342420572e-05,4.180252922586344e-05,6.2781358016577234e-06,-7.732692265006915e-05,7.732692265006915e-05,12.0
whakanekeneke,-9.341676782757386e-05,0.00021985215176887533,0.00012643538394130149,-0.0003132689195964492,0.0003132689195964492,9.0
whakangahau,7.947867119576885e-05,-6.234982322935476e-05,1.712884796641409e-05,0.0001418284944251236,0.0001418284944251236,12.0
whakangaro,-9.341676782757386e-05,0.00021985215176887533,0.00012643538394130149,-0.0003132689195964492,0.0003132689195964492,15.0
whakangarotanga,-9.341676782757386e-05,0.00021985215176887533,0.00012643538394130149,-0.0003132689195964492,0.0003132689195964492,9.0
whakangoikore,-0.00016907133894304485,0.0007958035486237744,0.0006267322096807296,-0.0009648748875668193,0.0009648748875668193,9.0
whakangungu,-9.341676782757386e-05,0.00021985215176887533,0.00012643538394130149,-0.0003132689195964492,0.0003132689195964492,10.0
whakangā,-9.341676782757386e-05,0.00021985215176887533,0.00012643538394130149,-0.0003132689195964492,0.0003132689195964492,9.0
whakangāwari,-0.00024472591005851585,0.0023038055874195964,0.0020590796773610805,-0.0025485314974781122,0.0025485314974781122,16.0
whakanoa,-0.00016907133894304485,0.0007958035486237744,0.0006267322096807296,-0.0009648748875668193,0.0009648748875668193,13.0
whakanoho,-9.341676782757386e-05,0.00021985215176887533,0.00012643538394130149,-0.0003132689195964492,0.0003132689195964492,20.0
whakanohonoho,-3.552439342420572e-05,4.180252922586344e-05,6.2781358016577234e-06,-7.732692265006915e-05,7.732692265006915e-05,12.0
whakanui,-7.104878684841143e-05,8.360505845172688e-05,1.2556271603315447e-05,-0.0001546538453001383,0.0001546538453001383,85.0
whakanuitanga,0.000411238531760461,-0.00019356626909783424,0.00021767226266262676,0.0006048048008582953,0.0006048048008582953,12.0
whakanuku,-9.341676782757386e-05,0.00021985215176887533,0.00012643538394130149,-0.0003132689195964492,0.0003132689195964492,9.0
whakanānā,-9.341676782757386e-05,0.00021985215176887533,0.00012643538394130149,-0.0003132689195964492,0.0003132689195964492,9.0
whakaoho,-0.00016907133894304485,0.0007958035486237744,0.0006267322096807296,-0.0009648748875668193,0.0009648748875668193,11.0
whakaohooho,-3.552439342420572e-05,4.180252922586344e-05,6.2781358016577234e-06,-7.732692265006915e-05,7.732692265006915e-05,13.0
whakaohorere,-9.341676782757386e-05,0.00021985215176887533,0.00012643538394130149,-0.0003132689195964492,0.0003132689195964492,9.0
whakaora,-0.00024472591005851585,0.0023038055874195964,0.0020590796773610805,-0.0025485314974781122,0.0025485314974781122,24.0
whakaoratanga,-9.341676782757386e-05,0.00021985215176887533,0.00012643538394130149,-0.0003132689195964492,0.0003132689195964492,9.0
whakaoti,-0.0003203804811739868,0.006032008155183288,0.005711627674009302,-0.006352388636357275,0.006352388636357275,30.0
whakaotinga,-9.341676782757386e-05,0.00021985215176887533,0.00012643538394130149,-0.0003132689195964492,0.0003132689195964492,11.0
whakaotitanga,-9.341676782757386e-05,0.00021985215176887533,0.00012643538394130149,-0.0003132689195964492,0.0003132689195964492,10.0
whakapae,-3.552439342420572e-05,4.180252922586344e-05,6.2781358016577234e-06,-7.732692265006915e-05,7.732692265006915e-05,67.0
whakapaera,-9.341676782757386e-05,0.00021985215176887533,0.00012643538394130149,-0.0003132689195964492,0.0003132689195964492,9.0
whakapahore,-9.341676782757386e-05,0.00021985215176887533,0.00012643538394130149,-0.0003132689195964492,0.0003132689195964492,9.0
whakapahū,-0.00027534370987653266,0.0009720135126722807,0.0006966698027957481,-0.0012473572225488133,0.0012473572225488133,16.0
whakapai,-0.0005072140168291346,0.0023874106458713234,0.0018801966290421888,-0.002894624662700458,0.002894624662700458,29.0
whakapaipai,-3.552439342420572e-05,4.180252922586344e-05,6.2781358016577234e-06,-7.732692265006915e-05,7.732692265006915e-05,16.0
whakapakari,-3.552439342420572e-05,4.180252922586344e-05,6.2781358016577234e-06,-7.732692265006915e-05,7.732692265006915e-05,30.0
whakapakipaki,-9.341676782757386e-05,0.00021985215176887533,0.00012643538394130149,-0.0003132689195964492,0.0003132689195964492,9.0
whakapaoho,-3.552439342420572e-05,4.180252922586344e-05,6.2781358016577234e-06,-7.732692265006915e-05,7.732692265006915e-05,48.0
whakapapa,7.947867119576885e-05,-6.234982322935476e-05,1.712884796641409e-05,0.0001418284944251236,0.0001418284944251236,30.0
whakaparahako,-9.341676782757386e-05,0.00021985215176887533,0.00012643538394130149,-0.0003132689195964492,0.0003132689195964492,9.0
whakaparahanga,-9.341676782757386e-05,0.00021985215176887533,0.00012643538394130149,-0.0003132689195964492,0.0003132689195964492,9.0
whakaparu,-9.341676782757386e-05,0.00021985215176887533,0.00012643538394130149,-0.0003132689195964492,0.0003132689195964492,9.0
whakapati,-9.341676782757386e-05,0.00021985215176887533,0.00012643538394130149,-0.0003132689195964492,0.0003132689195964492,18.0
whakapau,-0.00010657318027261717,0.00012540758767759036,1.883440740497319e-05,-0.00023198076795020753,0.00023198076795020753,53.0
whakapaunga,0.00023156949761347255,-0.00013624709331714845,9.53224042963241e-05,0.00036781659093062104,0.00036781659093062104,11.0
whakapiki,-9.341676782757386e-05,0.00021985215176887533,0.00012643538394130149,-0.0003132689195964492,0.0003132689195964492,15.0
whakapiri,-0.00014748504215064416,0.0002313995986273143,8.391455647667015e-05,-0.0003788846407779585,0.0003788846407779585,28.0
whakapiripiri,-9.341676782757386e-05,0.00021985215176887533,0.00012643538394130149,-0.0003132689195964492,0.0003132689195964492,9.0
whakapiripiritanga,-3.552439342420572e-05,4.180252922586344e-05,6.2781358016577234e-06,-7.732692265006915e-05,7.732692265006915e-05,9.0
whakapohane,-9.341676782757386e-05,0.00021985215176887533,0.00012643538394130149,-0.0003132689195964492,0.0003132689195964492,9.0
whakapono,0.000411238531760461,-0.00019356626909783424,0.00021767226266262676,0.0006048048008582953,0.0006048048008582953,69.0
whakaponotanga,-9.341676782757386e-05,0.00021985215176887533,0.00012643538394130149,-0.0003132689195964492,0.0003132689195964492,9.0
whakapoto,-9.341676782757386e-05,0.00021985215176887533,0.00012643538394130149,-0.0003132689195964492,0.0003132689195964492,9.0
whakapotopoto,-9.341676782757386e-05,0.00021985215176887533,0.00012643538394130149,-0.0003132689195964492,0.0003132689195964492,9.0
whakapuaki,-0.00018683353565514772,0.00043970430353775067,0.00025287076788260297,-0.0006265378391928984,0.0006265378391928984,20.0
whakapuare,-0.00016907133894304485,0.0007958035486237744,0.0006267322096807296,-0.0009648748875668193,0.0009648748875668193,13.0
whakapuaretanga,7.947867119576885e-05,-6.234982322935476e-05,1.712884796641409e-05,0.0001418284944251236,0.0001418284944251236,10.0
whakapungarehu,-9.341676782757386e-05,0.00021985215176887533,0.00012643538394130149,-0.0003132689195964492,0.0003132689195964492,9.0
whakapupū,-0.00016907133894304485,0.0007958035486237744,0.0006267322096807296,-0.0009648748875668193,0.0009648748875668193,9.0
whakaputa,-0.0007878580505011737,0.003337539128087633,0.002549681077586459,-0.004125397178588806,0.004125397178588806,88.0
whakaputaputa,-9.341676782757386e-05,0.00021985215176887533,0.00012643538394130149,-0.0003132689195964492,0.0003132689195964492,9.0
whakapā,-9.341676782757386e-05,0.00021985215176887533,0.00012643538394130149,-0.0003132689195964492,0.0003132689195964492,21.0
whakapākehā,-9.341676782757386e-05,0.00021985215176887533,0.00012643538394130149,-0.0003132689195964492,0.0003132689195964492,11.0
whakapākehātanga,-3.552439342420572e-05,4.180252922586344e-05,6.2781358016577234e-06,-7.732692265006915e-05,7.732692265006915e-05,10.0
whakapānga,-3.552439342420572e-05,4.180252922586344e-05,6.2781358016577234e-06,-7.732692265006915e-05,7.732692265006915e-05,9.0
whakapēhi,-9.341676782757386e-05,0.00021985215176887533,0.00012643538394130149,-0.0003132689195964492,0.0003132689195964492,9.0
whakapēnei,-9.341676782757386e-05,0.00021985215176887533,0.00012643538394130149,-0.0003132689195964492,0.0003132689195964492,10.0
whakapīataata,-0.00016907133894304485,0.0007958035486237744,0.0006267322096807296,-0.0009648748875668193,0.0009648748875668193,9.0
whakapōrearea,0.00023156949761347255,-0.00013624709331714845,9.53224042963241e-05,0.00036781659093062104,0.00036781659093062104,14.0
whakapōtae,-9.341676782757386e-05,0.00021985215176887533,0.00012643538394130149,-0.0003132689195964492,0.0003132689195964492,11.0
whakapōtaetanga,-9.341676782757386e-05,0.00021985215176887533,0.00012643538394130149,-0.0003132689195964492,0.0003132689195964492,9.0
whakapūmau,-9.341676782757386e-05,0.00021985215176887533,0.00012643538394130149,-0.0003132689195964492,0.0003132689195964492,11.0
whakapūpū,-9.341676782757386e-05,0.00021985215176887533,0.00012643538394130149,-0.0003132689195964492,0.0003132689195964492,9.0
whakarahi,-0.00016907133894304485,0.0007958035486237744,0.0006267322096807296,-0.0009648748875668193,0.0009648748875668193,26.0
whakarangatira,-0.0003058060004247484,0.0050379044518984875,0.004732098451473739,-0.005343710452323236,0.005343710452323236,19.0
whakarapu,-9.341676782757386e-05,0.00021985215176887533,0.00012643538394130149,-0.0003132689195964492,0.0003132689195964492,10.0
whakararata,-0.00021332642605373733,0.0015061623803013164,0.001292835954247579,-0.0017194888063550538,0.0017194888063550538,10.0
whakararu,-9.341676782757386e-05,0.00021985215176887533,0.00012643538394130149,-0.0003132689195964492,0.0003132689195964492,28.0
whakararuraru,-9.341676782757386e-05,0.00021985215176887533,0.00012643538394130149,-0.0003132689195964492,0.0003132689195964492,14.0
whakarauhī,-9.341676782757386e-05,0.00021985215176887533,0.00012643538394130149,-0.0003132689195964492,0.0003132689195964492,10.0
whakarauika,-9.341676782757386e-05,0.00021985215176887533,0.00012643538394130149,-0.0003132689195964492,0.0003132689195964492,11.0
whakareanga,-9.341676782757386e-05,0.00021985215176887533,0.00012643538394130149,-0.0003132689195964492,0.0003132689195964492,10.0
whakarearea,-9.341676782757386e-05,0.00021985215176887533,0.00012643538394130149,-0.0003132689195964492,0.0003132689195964492,9.0
whakarei,-0.00016907133894304485,0.0007958035486237744,0.0006267322096807296,-0.0009648748875668193,0.0009648748875668193,9.0
whakareka,-0.00016907133894304485,0.0007958035486237744,0.0006267322096807296,-0.0009648748875668193,0.0009648748875668193,9.0
whakarekareka,-9.341676782757386e-05,0.00021985215176887533,0.00012643538394130149,-0.0003132689195964492,0.0003132689195964492,9.0
whakarere,-9.341676782757386e-05,0.00021985215176887533,0.00012643538394130149,-0.0003132689195964492,0.0003132689195964492,25.0
whakarerekē,-9.341676782757386e-05,0.00021985215176887533,0.00012643538394130149,-0.0003132689195964492,0.0003132689195964492,21.0
whakarerekētanga,-9.341676782757386e-05,0.00021985215176887533,0.00012643538394130149,-0.0003132689195964492,0.0003132689195964492,9.0
whakareretanga,-9.341676782757386e-05,0.00021985215176887533,0.00012643538394130149,-0.0003132689195964492,0.0003132689195964492,10.0
whakareri,-9.341676782757386e-05,0.00021985215176887533,0.00012643538394130149,-0.0003132689195964492,0.0003132689195964492,29.0
whakarerireri,-9.341676782757386e-05,0.00021985215176887533,0.00012643538394130149,-0.0003132689195964492,0.0003132689195964492,11.0
whakarewa,-9.341676782757386e-05,0.00021985215176887533,0.00012643538394130149,-0.0003132689195964492,0.0003132689195964492,12.0
whakarite,-0.0006664721685598015,0.014116609831776037,0.013450137663216236,-0.014783082000335838,0.014783082000335838,150.0
whakaritenga,-9.341676782757386e-05,0.00021985215176887533,0.00012643538394130149,-0.0003132689195964492,0.0003132689195964492,9.0
whakariterite,-0.00016907133894304485,0.0007958035486237744,0.0006267322096807296,-0.0009648748875668193,0.0009648748875668193,11.0
whakaroa,-9.341676782757386e-05,0.00021985215176887533,0.00012643538394130149,-0.0003132689195964492,0.0003132689195964492,13.0
whakarongo,0.001068375564150713,-0.0003142967158601603,0.0007540788482905526,0.0013826722800108734,0.0013826722800108734,355.0
whakarongotanga,7.947867119576885e-05,-6.234982322935476e-05,1.712884796641409e-05,0.0001418284944251236,0.0001418284944251236,10.0
whakarāhui,-0.00016907133894304485,0.0007958035486237744,0.0006267322096807296,-0.0009648748875668193,0.0009648748875668193,10.0
whakarāhuitanga,-9.341676782757386e-05,0.00021985215176887533,0.00012643538394130149,-0.0003132689195964492,0.0003132689195964492,10.0
whakarāpopoto,-0.00016907133894304485,0.0007958035486237744,0.0006267322096807296,-0.0009648748875668193,0.0009648748875668193,23.0
whakarāpopototanga,-3.552439342420572e-05,4.180252922586344e-05,6.2781358016577234e-06,-7.732692265006915e-05,7.732692265006915e-05,10.0
whakarāpotopoto,-9.341676782757386e-05,0.00021985215176887533,0.00012643538394130149,-0.0003132689195964492,0.0003132689195964492,11.0
whakarārangi,-0.00016907133894304485,0.0007958035486237744,0.0006267322096807296,-0.0009648748875668193,0.0009648748875668193,12.0
whakarū,-3.552439342420572e-05,4.180252922586344e-05,6.2781358016577234e-06,-7.732692265006915e-05,7.732692265006915e-05,9.0
whakataetae,7.947867119576885e-05,-6.234982322935476e-05,1.712884796641409e-05,0.0001418284944251236,0.0001418284944251236,40.0
whakataha,-9.341676782757386e-05,0.00021985215176887533,0.00012643538394130149,-0.0003132689195964492,0.0003132689195964492,12.0
whakatairanga,-9.341676782757386e-05,0.00021985215176887533,0.00012643538394130149,-0.0003132689195964492,0.0003132689195964492,9.0
whakataka,-9.341676782757386e-05,0.00021985215176887533,0.00012643538394130149,-0.0003132689195964492,0.0003132689195964492,15.0
whakatakahuri,-9.341676782757386e-05,0.00021985215176887533,0.00012643538394130149,-0.0003132689195964492,0.0003132689195964492,8.0
whakatakariri,-9.341676782757386e-05,0.00021985215176887533,0.00012643538394130149,-0.0003132689195964492,0.0003132689195964492,20.0
whakatakataka,-9.341676782757386e-05,0.00021985215176887533,0.00012643538394130149,-0.0003132689195964492,0.0003132689195964492,8.0
whakatakiri,-9.341676782757386e-05,0.00021985215176887533,0.00012643538394130149,-0.0003132689195964492,0.0003132689195964492,9.0
whakatakoto,-0.0016907133894304488,0.007958035486237745,0.006267322096807296,-0.009648748875668193,0.009648748875668193,121.0
whakatakototanga,7.947867119576885e-05,-6.234982322935476e-05,1.712884796641409e-05,0.0001418284944251236,0.0001418284944251236,12.0
whakatamariki,-9.341676782757386e-05,0.00021985215176887533,0.00012643538394130149,-0.0003132689195964492,0.0003132689195964492,9.0
whakatangi,-0.00024472591005851585,0.0023038055874195964,0.0020590796773610805,-0.0025485314974781122,0.0025485314974781122,37.0
whakatangitangi,-9.341676782757386e-05,0.00021985215176887533,0.00012643538394130149,-0.0003132689195964492,0.0003132689195964492,11.0
whakatango,-9.341676782757386e-05,0.00021985215176887533,0.00012643538394130149,-0.0003132689195964492,0.0003132689195964492,9.0
whakatapu,-0.00021332642605373733,0.0015061623803013164,0.001292835954247579,-0.0017194888063550538,0.0017194888063550538,16.0
whakatare,-9.341676782757386e-05,0.00021985215176887533,0.00012643538394130149,-0.0003132689195964492,0.0003132689195964492,10.0
whakatata,-9.341676782757386e-05,0.00021985215176887533,0.00012643538394130149,-0.0003132689195964492,0.0003132689195964492,13.0
whakatatanga,-9.341676782757386e-05,0.00021985215176887533,0.00012643538394130149,-0.0003132689195964492,0.0003132689195964492,11.0
whakatatū,-0.00026908124200723994,0.003166352863177925,0.002897271621170685,-0.0034354341051851646,0.0034354341051851646,18.0
whakatatūtanga,7.947867119576885e-05,-6.234982322935476e-05,1.712884796641409e-05,0.0001418284944251236,0.0001418284944251236,10.0
whakatau,-0.0017439661335577484,0.008619125919054147,0.0068751597854963984,-0.010363092052611895,0.010363092052611895,145.0
whakatauira,-0.00016907133894304485,0.0007958035486237744,0.0006267322096807296,-0.0009648748875668193,0.0009648748875668193,13.0
whakataukī,-9.341676782757386e-05,0.00021985215176887533,0.00012643538394130149,-0.0003132689195964492,0.0003132689195964492,16.0
whakataumaha,-9.341676782757386e-05,0.00021985215176887533,0.00012643538394130149,-0.0003132689195964492,0.0003132689195964492,11.0
whakataunga,7.947867119576885e-05,-6.234982322935476e-05,1.712884796641409e-05,0.0001418284944251236,0.0001418284944251236,14.0
whakataupatupatu,-9.341676782757386e-05,0.00021985215176887533,0.00012643538394130149,-0.0003132689195964492,0.0003132689195964492,9.0
whakatautanga,-3.552439342420572e-05,4.180252922586344e-05,6.2781358016577234e-06,-7.732692265006915e-05,7.732692265006915e-05,9.0
whakatautau,-9.341676782757386e-05,0.00021985215176887533,0.00012643538394130149,-0.0003132689195964492,0.0003132689195964492,9.0
whakatauākī,-9.341676782757386e-05,0.00021985215176887533,0.00012643538394130149,-0.0003132689195964492,0.0003132689195964492,10.0
whakatawhiti,-9.341676782757386e-05,0.00021985215176887533,0.00012643538394130149,-0.0003132689195964492,0.0003132689195964492,9.0
whakateka,-9.341676782757386e-05,0.00021985215176887533,0.00012643538394130149,-0.0003132689195964492,0.0003132689195964492,9.0
whakatenetene,0.00023156949761347255,-0.00013624709331714845,9.53224042963241e-05,0.00036781659093062104,0.00036781659093062104,15.0
whakatere,-0.0004475147513432293,0.0017553429881867744,0.001307828236843545,-0.0022028577395300035,0.0022028577395300035,22.0
whakatika,-0.00033323608427990076,0.007058304915888019,0.006725068831608118,-0.007391541000167919,0.007391541000167919,78.0
whakatikatika,-0.0008973705452960609,0.004646226472952869,0.0037488559276568087,-0.00554359701824893,0.00554359701824893,56.0
whakatiki,-9.341676782757386e-05,0.00021985215176887533,0.00012643538394130149,-0.0003132689195964492,0.0003132689195964492,9.0
whakatinana,-0.00047108839910519164,0.0013858566377478057,0.0009147682386426141,-0.0018569450368529973,0.0018569450368529973,30.0
whakatinanatanga,-9.341676782757386e-05,0.00021985215176887533,0.00012643538394130149,-0.0003132689195964492,0.0003132689195964492,12.0
whakatipu,-0.00024472591005851585,0.0023038055874195964,0.0020590796773610805,-0.0025485314974781122,0.0025485314974781122,22.0
whakatipuranga,-9.341676782757386e-05,0.00021985215176887533,0.00012643538394130149,-0.0003132689195964492,0.0003132689195964492,9.0
whakatiwhikete,-9.341676782757386e-05,0.00021985215176887533,0.00012643538394130149,-0.0003132689195964492,0.0003132689195964492,10.0
whakatoi,-9.341676782757386e-05,0.00021985215176887533,0.00012643538394130149,-0.0003132689195964492,0.0003132689195964492,11.0
whakatokomaha,-9.341676782757386e-05,0.00021985215176887533,0.00012643538394130149,-0.0003132689195964492,0.0003132689195964492,9.0
whakatono,-9.341676782757386e-05,0.00021985215176887533,0.00012643538394130149,-0.0003132689195964492,0.0003132689195964492,10.0
whakatumatuma,-9.341676782757386e-05,0.00021985215176887533,0.00012643538394130149,-0.0003132689195964492,0.0003132689195964492,9.0
whakatupu,-9.341676782757386e-05,0.00021985215176887533,0.00012643538394130149,-0.0003132689195964492,0.0003132689195964492,15.0
whakatupuranga,-9.341676782757386e-05,0.00021985215176887533,0.00012643538394130149,-0.0003132689195964492,0.0003132689195964492,9.0
whakature,-9.341676782757386e-05,0.00021985215176887533,0.00012643538394130149,-0.0003132689195964492,0.0003132689195964492,19.0
whakaturituri,-9.341676782757386e-05,0.00021985215176887533,0.00012643538394130149,-0.0003132689195964492,0.0003132689195964492,11.0
whakatutuki,-0.00024472591005851585,0.0023038055874195964,0.0020590796773610805,-0.0025485314974781122,0.0025485314974781122,34.0
whakatutukitanga,7.947867119576885e-05,-6.234982322935476e-05,1.712884796641409e-05,0.0001418284944251236,0.0001418284944251236,11.0
whakatutū,-0.00024472591005851585,0.0023038055874195964,0.0020590796773610805,-0.0025485314974781122,0.0025485314974781122,11.0
whakatuwhera,-0.0003733719476421926,0.01142328260875186,0.011049910661109667,-0.011796654556394053,0.011796654556394053,43.0
whakatuwheratanga,0.0021336243915543794,-0.0004184490683153785,0.0017151753232390009,0.002552073459869758,0.002552073459869758,22.0
whakatā,-0.00018683353565514772,0.00043970430353775067,0.00025287076788260297,-0.0006265378391928984,0.0006265378391928984,23.0
whakatāpiri,-9.341676782757386e-05,0.00021985215176887533,0.00012643538394130149,-0.0003132689195964492,0.0003132689195964492,11.0
whakatārewa,-9.341676782757386e-05,0.00021985215176887533,0.00012643538394130149,-0.0003132689195964492,0.0003132689195964492,18.0
whakatātā,-9.341676782757386e-05,0.00021985215176887533,0.00012643538394130149,-0.0003132689195964492,0.0003132689195964492,9.0
whakatīmata,-0.00016907133894304485,0.0007958035486237744,0.0006267322096807296,-0.0009648748875668193,0.0009648748875668193,11.0
whakatō,-0.0003203804811739868,0.006032008155183288,0.005711627674009302,-0.006352388636357275,0.006352388636357275,32.0
whakatōmuri,-0.00016907133894304485,0.0007958035486237744,0.0006267322096807296,-0.0009648748875668193,0.0009648748875668193,9.0
whakatōnga,-3.552439342420572e-05,4.180252922586344e-05,6.2781358016577234e-06,-7.732692265006915e-05,7.732692265006915e-05,9.0
whakatōpū,7.947867119576885e-05,-6.234982322935476e-05,1.712884796641409e-05,0.0001418284944251236,0.0001418284944251236,22.0
whakatū,-0.0009206057172371098,0.007583114188194809,0.006662508470957699,-0.008503719905431919,0.008503719905431919,271.0
whakatūhanga,-3.552439342420572e-05,4.180252922586344e-05,6.2781358016577234e-06,-7.732692265006915e-05,7.732692265006915e-05,9.0
whakatūhono,-9.341676782757386e-05,0.00021985215176887533,0.00012643538394130149,-0.0003132689195964492,0.0003132689195964492,9.0
whakatūpato,-9.341676782757386e-05,0.00021985215176887533,0.00012643538394130149,-0.0003132689195964492,0.0003132689195964492,17.0
whakatūpeke,-9.341676782757386e-05,0.00021985215176887533,0.00012643538394130149,-0.0003132689195964492,0.0003132689195964492,9.0
whakatūtanga,0.0006128847690843637,-0.00024039944577236664,0.0003724853233119971,0.0008532842148567304,0.0008532842148567304,13.0
whakatūtuki,-9.341676782757386e-05,0.00021985215176887533,0.00012643538394130149,-0.0003132689195964492,0.0003132689195964492,9.0
whakatūtū,-9.341676782757386e-05,0.00021985215176887533,0.00012643538394130149,-0.0003132689195964492,0.0003132689195964492,21.0
whakauaua,-9.341676782757386e-05,0.00021985215176887533,0.00012643538394130149,-0.0003132689195964492,0.0003132689195964492,9.0
whakaui,-9.341676782757386e-05,0.00021985215176887533,0.00012643538394130149,-0.0003132689195964492,0.0003132689195964492,9.0
whakauru,-0.00042665285210747466,0.0030123247606026328,0.002585671908495158,-0.0034389776127101077,0.0034389776127101077,58.0
whakauruuru,-9.341676782757386e-05,0.00021985215176887533,0.00012643538394130149,-0.0003132689195964492,0.0003132689195964492,13.0
whakautu,-0.0005072140168291346,0.0023874106458713234,0.0018801966290421888,-0.002894624662700458,0.002894624662700458,67.0
whakaututanga,-3.552439342420572e-05,4.180252922586344e-05,6.2781358016577234e-06,-7.732692265006915e-05,7.732692265006915e-05,11.0
whakawahanga,-9.341676782757386e-05,0.00021985215176887533,0.00012643538394130149,-0.0003132689195964492,0.0003132689195964492,9.0
whakawai,-9.341676782757386e-05,0.00021985215176887533,0.00012643538394130149,-0.0003132689195964492,0.0003132689195964492,10.0
whakawaiata,-9.341676782757386e-05,0.00021985215176887533,0.00012643538394130149,-0.0003132689195964492,0.0003132689195964492,9.0
whakawaiho,-9.341676782757386e-05,0.00021985215176887533,0.00012643538394130149,-0.0003132689195964492,0.0003132689195964492,9.0
whakawaimehameha,-9.341676782757386e-05,0.00021985215176887533,0.00012643538394130149,-0.0003132689195964492,0.0003132689195964492,11.0
whakawaiwai,-0.00016907133894304485,0.0007958035486237744,0.0006267322096807296,-0.0009648748875668193,0.0009648748875668193,9.0
whakaware,-9.341676782757386e-05,0.00021985215176887533,0.00012643538394130149,-0.0003132689195964492,0.0003132689195964492,9.0
whakawehe,-3.552439342420572e-05,4.180252922586344e-05,6.2781358016577234e-06,-7.732692265006915e-05,7.732692265006915e-05,19.0
whakawehewehe,-3.552439342420572e-05,4.180252922586344e-05,6.2781358016577234e-06,-7.732692265006915e-05,7.732692265006915e-05,16.0
whakawhanake,-9.341676782757386e-05,0.00021985215176887533,0.00012643538394130149,-0.0003132689195964492,0.0003132689195964492,9.0
whakawhanaunga,-9.341676782757386e-05,0.00021985215176887533,0.00012643538394130149,-0.0003132689195964492,0.0003132689195964492,15.0
whakawhanaungatanga,-9.341676782757386e-05,0.00021985215176887533,0.00012643538394130149,-0.0003132689195964492,0.0003132689195964492,10.0
whakawhawhai,-0.00016907133894304485,0.0007958035486237744,0.0006267322096807296,-0.0009648748875668193,0.0009648748875668193,9.0
whakawhetai,-3.552439342420572e-05,4.180252922586344e-05,6.2781358016577234e-06,-7.732692265006915e-05,7.732692265006915e-05,14.0
whakawhirinaki,-9.341676782757386e-05,0.00021985215176887533,0.00012643538394130149,-0.0003132689195964492,0.0003132689195964492,10.0
whakawhiriwhiri,-0.00016907133894304485,0.0007958035486237744,0.0006267322096807296,-0.0009648748875668193,0.0009648748875668193,10.0
whakawhiti,-0.00018683353565514772,0.00043970430353775067,0.00025287076788260297,-0.0006265378391928984,0.0006265378391928984,128.0
whakawhitihanga,-3.552439342420572e-05,4.180252922586344e-05,6.2781358016577234e-06,-7.732692265006915e-05,7.732692265006915e-05,9.0
whakawhitinga,-3.552439342420572e-05,4.180252922586344e-05,6.2781358016577234e-06,-7.732692265006915e-05,7.732692265006915e-05,10.0
whakawhititanga,-3.552439342420572e-05,4.180252922586344e-05,6.2781358016577234e-06,-7.732692265006915e-05,7.732692265006915e-05,9.0
whakawhitiwhiti,-0.00018683353565514772,0.00043970430353775067,0.00025287076788260297,-0.0006265378391928984,0.0006265378391928984,27.0
whakawhiu,-9.341676782757386e-05,0.00021985215176887533,0.00012643538394130149,-0.0003132689195964492,0.0003132689195964492,10.0
whakawhiwhi,-9.341676782757386e-05,0.00021985215176887533,0.00012643538394130149,-0.0003132689195964492,0.0003132689195964492,40.0
whakawhiwhinga,7.947867119576885e-05,-6.234982322935476e-05,1.712884796641409e-05,0.0001418284944251236,0.0001418284944251236,11.0
whakawhāiti,-9.341676782757386e-05,0.00021985215176887533,0.00012643538394130149,-0.0003132689195964492,0.0003132689195964492,21.0
whakawhānau,-9.341676782757386e-05,0.00021985215176887533,0.00012643538394130149,-0.0003132689195964492,0.0003132689195964492,9.0
whakawhānautanga,-9.341676782757386e-05,0.00021985215176887533,0.00012643538394130149,-0.0003132689195964492,0.0003132689195964492,9.0
whakawhānui,-9.341676782757386e-05,0.00021985215176887533,0.00012643538394130149,-0.0003132689195964492,0.0003132689195964492,24.0
whakawhāriki,-9.341676782757386e-05,0.00021985215176887533,0.00012643538394130149,-0.0003132689195964492,0.0003132689195964492,10.0
whakawiriwiri,-3.552439342420572e-05,4.180252922586344e-05,6.2781358016577234e-06,-7.732692265006915e-05,7.732692265006915e-05,9.0
whakawā,-0.0003203804811739868,0.006032008155183288,0.005711627674009302,-0.006352388636357275,0.006352388636357275,53.0
whakawāhihi,-9.341676782757386e-05,0.00021985215176887533,0.00012643538394130149,-0.0003132689195964492,0.0003132689195964492,10.0
whakawānga,7.947867119576885e-05,-6.234982322935476e-05,1.712884796641409e-05,0.0001418284944251236,0.0001418284944251236,10.0
whakawātea,-0.0005381624840144799,0.00633270572635585,0.00579454324234137,-0.006870868210370329,0.006870868210370329,61.0
whakawāwā,-0.00016907133894304485,0.0007958035486237744,0.0006267322096807296,-0.0009648748875668193,0.0009648748875668193,9.0
whakaāhuru,-9.341676782757386e-05,0.00021985215176887533,0.00012643538394130149,-0.0003132689195964492,0.0003132689195964492,9.0
whakaātaahua,-9.341676782757386e-05,0.00021985215176887533,0.00012643538394130149,-0.0003132689195964492,0.0003132689195964492,9.0
whakaōrite,-9.341676782757386e-05,0.00021985215176887533,0.00012643538394130149,-0.0003132689195964492,0.0003132689195964492,9.0
whakaū,-9.341676782757386e-05,0.00021985215176887533,0.00012643538394130149,-0.0003132689195964492,0.0003132689195964492,14.0
whanaunga,-3.552439342420572e-05,4.180252922586344e-05,6.2781358016577234e-06,-7.732692265006915e-05,7.732692265006915e-05,11.0
whanaungatanga,7.947867119576885e-05,-6.234982322935476e-05,1.712884796641409e-05,0.0001418284944251236,0.0001418284944251236,15.0
whanawhana,-3.552439342420572e-05,4.180252922586344e-05,6.2781358016577234e-06,-7.732692265006915e-05,7.732692265006915e-05,10.0
whanga,7.947867119576885e-05,-6.234982322935476e-05,1.712884796641409e-05,0.0001418284944251236,0.0001418284944251236,18.0
whanga-nui-ā-tara,0.002424999355831583,-0.0004390097432893155,0.0019859896125422674,0.002864009099120899,0.002864009099120899,25.0
whao,-0.00016907133894304485,0.0007958035486237744,0.0006267322096807296,-0.0009648748875668193,0.0009648748875668193,9.0
whaona,-9.341676782757386e-05,0.00021985215176887533,0.00012643538394130149,-0.0003132689195964492,0.0003132689195964492,10.0
whara,-9.341676782757386e-05,0.00021985215176887533,0.00012643538394130149,-0.0003132689195964492,0.0003132689195964492,26.0
wharatanga,0.00023156949761347255,-0.00013624709331714845,9.53224042963241e-05,0.00036781659093062104,0.00036781659093062104,11.0
whare,0.04092213227627002,-0.0009630839350505676,0.03995904834121945,0.04188521621132059,0.04188521621132059,191.0
wharekai,7.947867119576885e-05,-6.234982322935476e-05,1.712884796641409e-05,0.0001418284944251236,0.0001418284944251236,14.0
wharekura,-3.552439342420572e-05,4.180252922586344e-05,6.2781358016577234e-06,-7.732692265006915e-05,7.732692265006915e-05,12.0
wharenui,-3.552439342420572e-05,4.180252922586344e-05,6.2781358016577234e-06,-7.732692265006915e-05,7.732692265006915e-05,10.0
whata-mangō,-0.00016907133894304485,0.0007958035486237744,0.0006267322096807296,-0.0009648748875668193,0.0009648748875668193,9.0
whati,-0.00016907133894304485,0.0007958035486237744,0.0006267322096807296,-0.0009648748875668193,0.0009648748875668193,18.0
whatitoka,-3.552439342420572e-05,4.180252922586344e-05,6.2781358016577234e-06,-7.732692265006915e-05,7.732692265006915e-05,9.0
whatiwhati,-9.341676782757386e-05,0.00021985215176887533,0.00012643538394130149,-0.0003132689195964492,0.0003132689195964492,10.0
whatu,-9.341676782757386e-05,0.00021985215176887533,0.00012643538394130149,-0.0003132689195964492,0.0003132689195964492,10.0
whatumanawa,7.947867119576885e-05,-6.234982322935476e-05,1.712884796641409e-05,0.0001418284944251236,0.0001418284944251236,10.0
whawhai,-0.00018683353565514772,0.00043970430353775067,0.00025287076788260297,-0.0006265378391928984,0.0006265378391928984,57.0
whei,-3.552439342420572e-05,4.180252922586344e-05,6.2781358016577234e-06,-7.732692265006915e-05,7.732692265006915e-05,9.0
wheke,-9.341676782757386e-05,0.00021985215176887533,0.00012643538394130149,-0.0003132689195964492,0.0003132689195964492,10.0
wheketere,-9.341676782757386e-05,0.00021985215176887533,0.00012643538394130149,-0.0003132689195964492,0.0003132689195964492,9.0
whenua,0.006817017560665413,-0.0006170593658323273,0.006199958194833086,0.007434076926497741,0.007434076926497741,82.0
wherawhera,-9.341676782757386e-05,0.00021985215176887533,0.00012643538394130149,-0.0003132689195964492,0.0003132689195964492,22.0
whero,-9.341676782757386e-05,0.00021985215176887533,0.00012643538394130149,-0.0003132689195964492,0.0003132689195964492,11.0
whetereihana,-9.341676782757386e-05,0.00021985215176887533,0.00012643538394130149,-0.0003132689195964492,0.0003132689195964492,9.0
whetū,-3.552439342420572e-05,4.180252922586344e-05,6.2781358016577234e-06,-7.732692265006915e-05,7.732692265006915e-05,12.0
whetū-mārama,-9.341676782757386e-05,0.00021985215176887533,0.00012643538394130149,-0.0003132689195964492,0.0003132689195964492,9.0
whetūrangi,-9.341676782757386e-05,0.00021985215176887533,0.00012643538394130149,-0.0003132689195964492,0.0003132689195964492,13.0
wheua,-9.341676782757386e-05,0.00021985215176887533,0.00012643538394130149,-0.0003132689195964492,0.0003132689195964492,10.0
whewhera,-9.341676782757386e-05,0.00021985215176887533,0.00012643538394130149,-0.0003132689195964492,0.0003132689195964492,11.0
whiore,0.000411238531760461,-0.00019356626909783424,0.00021767226266262676,0.0006048048008582953,0.0006048048008582953,12.0
whiri,-0.00016907133894304485,0.0007958035486237744,0.0006267322096807296,-0.0009648748875668193,0.0009648748875668193,17.0
whirinaki,-9.341676782757386e-05,0.00021985215176887533,0.00012643538394130149,-0.0003132689195964492,0.0003132689195964492,18.0
whiriwhiri,-0.0008846467312817821,0.013185849275457665,0.012301202544175882,-0.014070496006739448,0.014070496006739448,109.0
whiti,-9.341676782757386e-05,0.00021985215176887533,0.00012643538394130149,-0.0003132689195964492,0.0003132689195964492,45.0
whitinga,0.0006128847690843637,-0.00024039944577236664,0.0003724853233119971,0.0008532842148567304,0.0008532842148567304,15.0
whititanga,-9.341676782757386e-05,0.00021985215176887533,0.00012643538394130149,-0.0003132689195964492,0.0003132689195964492,9.0
whitiwhiti,-9.341676782757386e-05,0.00021985215176887533,0.00012643538394130149,-0.0003132689195964492,0.0003132689195964492,10.0
whitu,0.005722661553060152,-0.0005855663470570044,0.005137095206003147,0.006308227900117157,0.006308227900117157,39.0
whiu,-0.00034530717939424907,0.0006501319039527582,0.00030482472455850915,-0.0009954390833470073,0.0009954390833470073,76.0
whiutanga,-3.552439342420572e-05,4.180252922586344e-05,6.2781358016577234e-06,-7.732692265006915e-05,7.732692265006915e-05,9.0
whiwhi,-0.00021332642605373733,0.0015061623803013164,0.001292835954247579,-0.0017194888063550538,0.0017194888063550538,138.0
whiwhinga,-3.552439342420572e-05,4.180252922586344e-05,6.2781358016577234e-06,-7.732692265006915e-05,7.732692265006915e-05,9.0
whoatu,-0.00014748504215064416,0.0002313995986273143,8.391455647667015e-05,-0.0003788846407779585,0.0003788846407779585,26.0
whui,-9.341676782757386e-05,0.00021985215176887533,0.00012643538394130149,-0.0003132689195964492,0.0003132689195964492,9.0
whutupaoro,-3.552439342420572e-05,4.180252922586344e-05,6.2781358016577234e-06,-7.732692265006915e-05,7.732692265006915e-05,10.0
whā,0.004267248783108759,-0.000836898136630757,0.0034303506464780018,0.005104146919739516,0.005104146919739516,57.0
whāiatanga,-3.552439342420572e-05,4.180252922586344e-05,6.2781358016577234e-06,-7.732692265006915e-05,7.732692265006915e-05,9.0
whāinga,-9.341676782757386e-05,0.00021985215176887533,0.00012643538394130149,-0.0003132689195964492,0.0003132689195964492,11.0
whāinu,-9.341676782757386e-05,0.00021985215176887533,0.00012643538394130149,-0.0003132689195964492,0.0003132689195964492,10.0
whāiti,-3.552439342420572e-05,4.180252922586344e-05,6.2781358016577234e-06,-7.732692265006915e-05,7.732692265006915e-05,21.0
whākanakana,-9.341676782757386e-05,0.00021985215176887533,0.00012643538394130149,-0.0003132689195964492,0.0003132689195964492,9.0
whākau,-9.341676782757386e-05,0.00021985215176887533,0.00012643538394130149,-0.0003132689195964492,0.0003132689195964492,10.0
whāki,-0.00021332642605373733,0.0015061623803013164,0.001292835954247579,-0.0017194888063550538,0.0017194888063550538,15.0
whākīkī,-9.341676782757386e-05,0.00021985215176887533,0.00012643538394130149,-0.0003132689195964492,0.0003132689195964492,9.0
whānako,-0.0003381426778860897,0.0015916070972475489,0.0012534644193614591,-0.0019297497751336386,0.0019297497751336386,15.0
whānau,0.0030323604686738346,-0.0004757682440960643,0.0025565922245777703,0.0035081287127698988,0.0035081287127698988,93.0
whānau-ā-rua-taupare,-3.552439342420572e-05,4.180252922586344e-05,6.2781358016577234e-06,-7.732692265006915e-05,7.732692265006915e-05,10.0
whānau-ā-tū-whakairi-ora,-9.341676782757386e-05,0.00021985215176887533,0.00012643538394130149,-0.0003132689195964492,0.0003132689195964492,9.0
whānautanga,0.0013176229376227774,-0.0003445517982275848,0.0009730711393951927,0.0016621747358503622,0.0016621747358503622,22.0
whāngai,-0.00073818229014287,0.021715984273982063,0.020977801983839195,-0.022454166564124932,0.022454166564124932,87.0
whāngaitanga,-3.552439342420572e-05,4.180252922586344e-05,6.2781358016577234e-06,-7.732692265006915e-05,7.732692265006915e-05,9.0
whānui,0.00023156949761347255,-0.00013624709331714845,9.53224042963241e-05,0.00036781659093062104,0.00036781659093062104,38.0
whānuihanga,-9.341676782757386e-05,0.00021985215176887533,0.00012643538394130149,-0.0003132689195964492,0.0003132689195964492,9.0
whānuitanga,0.001068375564150713,-0.0003142967158601603,0.0007540788482905526,0.0013826722800108734,0.0013826722800108734,21.0
whāoti,-9.341676782757386e-05,0.00021985215176887533,0.00012643538394130149,-0.0003132689195964492,0.0003132689195964492,9.0
whāriki,-0.00016907133894304485,0.0007958035486237744,0.0006267322096807296,-0.0009648748875668193,0.0009648748875668193,38.0
whārua,0.0015790227746756318,-0.00037161589164084617,0.0012074068830347858,0.0019506386663164779,0.0019506386663164779,17.0
whārōrō,-9.341676782757386e-05,0.00021985215176887533,0.00012643538394130149,-0.0003132689195964492,0.0003132689195964492,10.0
whātero,-9.341676782757386e-05,0.00021985215176887533,0.00012643538394130149,-0.0003132689195964492,0.0003132689195964492,9.0
whāterotero,-9.341676782757386e-05,0.00021985215176887533,0.00012643538394130149,-0.0003132689195964492,0.0003132689195964492,9.0
whātoro,-9.341676782757386e-05,0.00021985215176887533,0.00012643538394130149,-0.0003132689195964492,0.0003132689195964492,9.0
whātui-āpiti,-3.552439342420572e-05,4.180252922586344e-05,6.2781358016577234e-06,-7.732692265006915e-05,7.732692265006915e-05,9.0
whāwhai,-9.341676782757386e-05,0.00021985215176887533,0.00012643538394130149,-0.0003132689195964492,0.0003132689195964492,9.0
whāwhā,-3.552439342420572e-05,4.180252922586344e-05,6.2781358016577234e-06,-7.732692265006915e-05,7.732692265006915e-05,22.0
whēnei,-9.341676782757386e-05,0.00021985215176887533,0.00012643538394130149,-0.0003132689195964492,0.0003132689195964492,10.0
whēterotero,-9.341676782757386e-05,0.00021985215176887533,0.00012643538394130149,-0.0003132689195964492,0.0003132689195964492,10.0
whītiki,-0.00016907133894304485,0.0007958035486237744,0.0006267322096807296,-0.0009648748875668193,0.0009648748875668193,11.0
whīwhiwhi,-9.341676782757386e-05,0.00021985215176887533,0.00012643538394130149,-0.0003132689195964492,0.0003132689195964492,9.0
wiki,0.005016524582911049,-0.0005621983074459777,0.0044543262754650715,0.005578722890357026,0.005578722890357026,34.0
wikitōria,-0.00018683353565514772,0.00043970430353775067,0.00025287076788260297,-0.0006265378391928984,0.0006265378391928984,56.0
wini,-9.341676782757386e-05,0.00021985215176887533,0.00012643538394130149,-0.0003132689195964492,0.0003132689195964492,18.0
wira,-9.341676782757386e-05,0.00021985215176887533,0.00012643538394130149,-0.0003132689195964492,0.0003132689195964492,9.0
wiri,-9.341676782757386e-05,0.00021985215176887533,0.00012643538394130149,-0.0003132689195964492,0.0003132689195964492,13.0
wiriwiri,-9.341676782757386e-05,0.00021985215176887533,0.00012643538394130149,-0.0003132689195964492,0.0003132689195964492,12.0
wā,0.19633531808819904,-0.0012906880450974745,0.19504463004310157,0.1976260061332965,0.1976260061332965,492.0
wāhanga,0.03579494345279011,-0.0009360198416373062,0.0348589236111528,0.03673096329442741,0.03673096329442741,280.0
wāhi,0.0034277785894861568,-0.0007682973698059317,0.002659481219680225,0.004196075959292088,0.004196075959292088,121.0
wāhinga,-9.341676782757386e-05,0.00021985215176887533,0.00012643538394130149,-0.0003132689195964492,0.0003132689195964492,9.0
wānanga,-0.00018830975937035642,0.0002659071177011876,7.75973583308312e-05,-0.00045421687707154404,0.00045421687707154404,37.0
wāriu,0.001068375564150713,-0.0003142967158601603,0.0007540788482905526,0.0013826722800108734,0.0013826722800108734,45.0
wātea,0.0013176229376227774,-0.0003445517982275848,0.0009730711393951927,0.0016621747358503622,0.0016621747358503622,103.0
wāwāhi,-3.552439342420572e-05,4.180252922586344e-05,6.2781358016577234e-06,-7.732692265006915e-05,7.732692265006915e-05,21.0
wētahi,-0.00016907133894304485,0.0007958035486237744,0.0006267322096807296,-0.0009648748875668193,0.0009648748875668193,9.0
wīwī,-9.341676782757386e-05,0.00021985215176887533,0.00012643538394130149,-0.0003132689195964492,0.0003132689195964492,9.0
{unclear,-0.00018683353565514772,0.00043970430353775067,0.00025287076788260297,-0.0006265378391928984,0.0006265378391928984,16.0
{unclear},-9.341676782757386e-05,0.00021985215176887533,0.00012643538394130149,-0.0003132689195964492,0.0003132689195964492,13.0
āhei,-0.00021332642605373733,0.0015061623803013164,0.001292835954247579,-0.0017194888063550538,0.0017194888063550538,146.0
āhua,0.03585442421494537,-0.0021636351548626367,0.033690789060082736,0.038018059369808004,0.038018059369808004,615.0
āhuaranga,0.003668914166419967,-0.0005079190642743346,0.0031609951021456324,0.004176833230694302,0.004176833230694302,52.0
āhuatanga,0.03128397107124348,-0.0009089557482240449,0.030375015323019432,0.032192926819467525,0.032192926819467525,183.0
āhurutanga,-3.552439342420572e-05,4.180252922586344e-05,6.2781358016577234e-06,-7.732692265006915e-05,7.732692265006915e-05,10.0
ākau,-3.552439342420572e-05,4.180252922586344e-05,6.2781358016577234e-06,-7.732692265006915e-05,7.732692265006915e-05,9.0
āki,0.00023156949761347255,-0.00013624709331714845,9.53224042963241e-05,0.00036781659093062104,0.00036781659093062104,27.0
ākonga,-3.552439342420572e-05,4.180252922586344e-05,6.2781358016577234e-06,-7.732692265006915e-05,7.732692265006915e-05,9.0
ākuhata,-3.552439342420572e-05,4.180252922586344e-05,6.2781358016577234e-06,-7.732692265006915e-05,7.732692265006915e-05,9.0
āmene,-9.341676782757386e-05,0.00021985215176887533,0.00012643538394130149,-0.0003132689195964492,0.0003132689195964492,14.0
āmine,-9.341676782757386e-05,0.00021985215176887533,0.00012643538394130149,-0.0003132689195964492,0.0003132689195964492,11.0
ānini,-9.341676782757386e-05,0.00021985215176887533,0.00012643538394130149,-0.0003132689195964492,0.0003132689195964492,11.0
āpiha,-9.341676782757386e-05,0.00021985215176887533,0.00012643538394130149,-0.0003132689195964492,0.0003132689195964492,12.0
āpiti,-9.341676782757386e-05,0.00021985215176887533,0.00012643538394130149,-0.0003132689195964492,0.0003132689195964492,18.0
āporo,-9.341676782757386e-05,0.00021985215176887533,0.00012643538394130149,-0.0003132689195964492,0.0003132689195964492,13.0
āporotī,-9.341676782757386e-05,0.00021985215176887533,0.00012643538394130149,-0.0003132689195964492,0.0003132689195964492,9.0
āpōtoro,-9.341676782757386e-05,0.00021985215176887533,0.00012643538394130149,-0.0003132689195964492,0.0003132689195964492,9.0
ārahi,-0.0007846527399421679,0.008617675969423921,0.007833023229481753,-0.00940232870936609,0.00940232870936609,41.0
ārai,-9.341676782757386e-05,0.00021985215176887533,0.00012643538394130149,-0.0003132689195964492,0.0003132689195964492,15.0
āta,-0.0012362116734536018,0.006234360951257881,0.004998149277804279,-0.007470572624711483,0.007470572624711483,139.0
ātaahua,0.001068375564150713,-0.0003142967158601603,0.0007540788482905526,0.0013826722800108734,0.0013826722800108734,39.0
āti,-9.341676782757386e-05,0.00021985215176887533,0.00012643538394130149,-0.0003132689195964492,0.0003132689195964492,11.0
āwanga,-9.341676782757386e-05,0.00021985215176887533,0.00012643538394130149,-0.0003132689195964492,0.0003132689195964492,14.0
āwangawanga,7.947867119576885e-05,-6.234982322935476e-05,1.712884796641409e-05,0.0001418284944251236,0.0001418284944251236,59.0
āwherika,-0.00016907133894304485,0.0007958035486237744,0.0006267322096807296,-0.0009648748875668193,0.0009648748875668193,9.0
āwhina,-0.001173746295823856,0.01726474371040677,0.016090997414582916,-0.018438490006230625,0.018438490006230625,110.0
ēhutu,-9.341676782757386e-05,0.00021985215176887533,0.00012643538394130149,-0.0003132689195964492,0.0003132689195964492,9.0
ētahi,-0.00016907133894304485,0.0007958035486237744,0.0006267322096807296,-0.0009648748875668193,0.0009648748875668193,9.0
ētita,-9.341676782757386e-05,0.00021985215176887533,0.00012643538394130149,-0.0003132689195964492,0.0003132689195964492,9.0
īnia,-0.00016907133894304485,0.0007958035486237744,0.0006267322096807296,-0.0009648748875668193,0.0009648748875668193,9.0
ōhākī,-9.341676782757386e-05,0.00021985215176887533,0.00012643538394130149,-0.0003132689195964492,0.0003132689195964492,10.0
ōi,-9.341676782757386e-05,0.00021985215176887533,0.00012643538394130149,-0.0003132689195964492,0.0003132689195964492,9.0
ōrite,-7.104878684841143e-05,8.360505845172688e-05,1.2556271603315447e-05,-0.0001546538453001383,0.0001546538453001383,54.0
ū,0.00023843601358730635,-0.0001870494696880641,5.138654389924224e-05,0.00042548548327537043,0.00042548548327537043,102.0
ūkui,-9.341676782757386e-05,0.00021985215176887533,0.00012643538394130149,-0.0003132689195964492,0.0003132689195964492,15.0
ūkuikui,-9.341676782757386e-05,0.00021985215176887533,0.00012643538394130149,-0.0003132689195964492,0.0003132689195964492,9.0
ūmere,-9.341676782757386e-05,0.00021985215176887533,0.00012643538394130149,-0.0003132689195964492,0.0003132689195964492,12.0
ūnga,-3.552439342420572e-05,4.180252922586344e-05,6.2781358016577234e-06,-7.732692265006915e-05,7.732692265006915e-05,10.0
ūtanga,0.0008328072533872049,-0.0002799963324477477,0.0005528109209394572,0.0011128035858349525,0.0011128035858349525,15.0
