SubHead,ka,AE,Key,Diff,DiffAbs,Count
ae,-9.016030772664425e-05,0.0001859599771104778,9.579966938383354e-05,-0.000276120284837122,0.000276120284837122,9.0
afraid,-8.824269079338908e-05,0.00036400959965348967,0.00027576690886010056,-0.0004522522904468788,0.0004522522904468788,9.0
aha,0.0006718266962339304,-0.00025194089425824176,0.0004198858019756886,0.0009237675904921721,0.0009237675904921721,78.0
ahakia,-9.016030772664425e-05,0.0001859599771104778,9.579966938383354e-05,-0.000276120284837122,0.000276120284837122,9.0
ahakoa,-9.016030772664425e-05,0.0001859599771104778,9.579966938383354e-05,-0.000276120284837122,0.000276120284837122,9.0
ahi,-8.824269079338908e-05,0.00036400959965348967,0.00027576690886010056,-0.0004522522904468788,0.0004522522904468788,27.0
ahiahi,-8.824269079338908e-05,0.00036400959965348967,0.00027576690886010056,-0.0004522522904468788,0.0004522522904468788,30.0
aho,-8.824269079338908e-05,0.00036400959965348967,0.00027576690886010056,-0.0004522522904468788,0.0004522522904468788,15.0
ahorangi,-8.824269079338908e-05,0.00036400959965348967,0.00027576690886010056,-0.0004522522904468788,0.0004522522904468788,13.0
ahu,0.00333913841984412,-0.0004919381296491571,0.002847200290194963,0.0038310765494932774,0.0038310765494932774,103.0
ahurei,-8.824269079338908e-05,0.00036400959965348967,0.00027576690886010056,-0.0004522522904468788,0.0004522522904468788,14.0
aihikirīmi,-8.824269079338908e-05,0.00036400959965348967,0.00027576690886010056,-0.0004522522904468788,0.0004522522904468788,9.0
airport,-8.824269079338908e-05,0.00036400959965348967,0.00027576690886010056,-0.0004522522904468788,0.0004522522904468788,9.0
aitanga,-8.824269079338908e-05,0.00036400959965348967,0.00027576690886010056,-0.0004522522904468788,0.0004522522904468788,9.0
aituā,-0.00011899012993944538,0.00016361524931051918,4.4625119371073804e-05,-0.00028260537924996456,0.00028260537924996456,19.0
aka,-8.824269079338908e-05,0.00036400959965348967,0.00027576690886010056,-0.0004522522904468788,0.0004522522904468788,10.0
akiaki,-8.824269079338908e-05,0.00036400959965348967,0.00027576690886010056,-0.0004522522904468788,0.0004522522904468788,8.0
ako,-0.0021509176269718464,0.006802435841642609,0.004651518214670762,-0.008953353468614455,0.008953353468614455,230.0
akoako,-8.824269079338908e-05,0.00036400959965348967,0.00027576690886010056,-0.0004522522904468788,0.0004522522904468788,10.0
akoranga,-8.824269079338908e-05,0.00036400959965348967,0.00027576690886010056,-0.0004522522904468788,0.0004522522904468788,10.0
amo,-9.016030772664425e-05,0.0001859599771104778,9.579966938383354e-05,-0.000276120284837122,0.000276120284837122,12.0
amokapua,-8.824269079338908e-05,0.00036400959965348967,0.00027576690886010056,-0.0004522522904468788,0.0004522522904468788,10.0
amorangi,-8.824269079338908e-05,0.00036400959965348967,0.00027576690886010056,-0.0004522522904468788,0.0004522522904468788,9.0
amuamu,-8.824269079338908e-05,0.00036400959965348967,0.00027576690886010056,-0.0004522522904468788,0.0004522522904468788,11.0
ana,-8.824269079338908e-05,0.00036400959965348967,0.00027576690886010056,-0.0004522522904468788,0.0004522522904468788,10.0
anahera,-8.824269079338908e-05,0.00036400959965348967,0.00027576690886010056,-0.0004522522904468788,0.0004522522904468788,9.0
anga,0.00043721382732216557,-0.00020039435034297046,0.0002368194769791951,0.0006376081776651361,0.0006376081776651361,36.0
anini,-8.824269079338908e-05,0.00036400959965348967,0.00027576690886010056,-0.0004522522904468788,0.0004522522904468788,9.0
anthropology,-8.824269079338908e-05,0.00036400959965348967,0.00027576690886010056,-0.0004522522904468788,0.0004522522904468788,8.0
anu,-8.824269079338908e-05,0.00036400959965348967,0.00027576690886010056,-0.0004522522904468788,0.0004522522904468788,11.0
ao,-9.016030772664425e-05,0.0001859599771104778,9.579966938383354e-05,-0.000276120284837122,0.000276120284837122,68.0
aoaketanga,-8.824269079338908e-05,0.00036400959965348967,0.00027576690886010056,-0.0004522522904468788,0.0004522522904468788,10.0
aorangi,-8.824269079338908e-05,0.00036400959965348967,0.00027576690886010056,-0.0004522522904468788,0.0004522522904468788,9.0
aotearoa,-8.824269079338908e-05,0.00036400959965348967,0.00027576690886010056,-0.0004522522904468788,0.0004522522904468788,9.0
apology,-8.824269079338908e-05,0.00036400959965348967,0.00027576690886010056,-0.0004522522904468788,0.0004522522904468788,9.0
apu,-9.016030772664425e-05,0.0001859599771104778,9.579966938383354e-05,-0.000276120284837122,0.000276120284837122,9.0
ara,0.0016513533193855364,-0.0003784439728859824,0.001272909346499554,0.002029797292271519,0.002029797292271519,76.0
araara,-8.824269079338908e-05,0.00036400959965348967,0.00027576690886010056,-0.0004522522904468788,0.0004522522904468788,11.0
aranga,-8.824269079338908e-05,0.00036400959965348967,0.00027576690886010056,-0.0004522522904468788,0.0004522522904468788,9.0
arataki,-0.0003325054287248774,0.004800659229289705,0.004468153800564828,-0.005133164658014582,0.005133164658014582,18.0
arawa,-8.824269079338908e-05,0.00036400959965348967,0.00027576690886010056,-0.0004522522904468788,0.0004522522904468788,16.0
arero,-8.824269079338908e-05,0.00036400959965348967,0.00027576690886010056,-0.0004522522904468788,0.0004522522904468788,10.0
ariki,-8.824269079338908e-05,0.00036400959965348967,0.00027576690886010056,-0.0004522522904468788,0.0004522522904468788,14.0
arikitanga,-8.824269079338908e-05,0.00036400959965348967,0.00027576690886010056,-0.0004522522904468788,0.0004522522904468788,10.0
aro,0.0009292097775787111,-0.00029485229540470115,0.00063435748217401,0.0012240620729834122,0.0012240620729834122,59.0
aro-atua,-8.824269079338908e-05,0.00036400959965348967,0.00027576690886010056,-0.0004522522904468788,0.0004522522904468788,9.0
aroaro,-8.824269079338908e-05,0.00036400959965348967,0.00027576690886010056,-0.0004522522904468788,0.0004522522904468788,62.0
aroaro-whaki,-8.824269079338908e-05,0.00036400959965348967,0.00027576690886010056,-0.0004522522904468788,0.0004522522904468788,11.0
aroha,0.007768023021287474,-0.0006408768646229414,0.007127146156664533,0.008408899885910415,0.008408899885910415,200.0
aronga,-8.824269079338908e-05,0.00036400959965348967,0.00027576690886010056,-0.0004522522904468788,0.0004522522904468788,9.0
aronui,-9.016030772664425e-05,0.0001859599771104778,9.579966938383354e-05,-0.000276120284837122,0.000276120284837122,14.0
arotake,-8.824269079338908e-05,0.00036400959965348967,0.00027576690886010056,-0.0004522522904468788,0.0004522522904468788,9.0
aru,-8.824269079338908e-05,0.00036400959965348967,0.00027576690886010056,-0.0004522522904468788,0.0004522522904468788,14.0
ata,-8.824269079338908e-05,0.00036400959965348967,0.00027576690886010056,-0.0004522522904468788,0.0004522522904468788,51.0
atairangikaahu,-8.824269079338908e-05,0.00036400959965348967,0.00027576690886010056,-0.0004522522904468788,0.0004522522904468788,17.0
atamira,-8.824269079338908e-05,0.00036400959965348967,0.00027576690886010056,-0.0004522522904468788,0.0004522522904468788,16.0
atapō,-8.824269079338908e-05,0.00036400959965348967,0.00027576690886010056,-0.0004522522904468788,0.0004522522904468788,10.0
atatū,-8.824269079338908e-05,0.00036400959965348967,0.00027576690886010056,-0.0004522522904468788,0.0004522522904468788,11.0
atawhai,-0.00018846299793792487,0.003887140102600996,0.0036986771046630712,-0.004075603100538921,0.004075603100538921,23.0
ate,-8.824269079338908e-05,0.00036400959965348967,0.00027576690886010056,-0.0004522522904468788,0.0004522522904468788,10.0
atua,-8.824269079338908e-05,0.00036400959965348967,0.00027576690886010056,-0.0004522522904468788,0.0004522522904468788,20.0
au,-8.824269079338908e-05,0.00036400959965348967,0.00027576690886010056,-0.0004522522904468788,0.0004522522904468788,9.0
aukati,-0.00031847028655012445,0.0017516274789651334,0.0014331571924150088,-0.002070097765515258,0.002070097765515258,49.0
aumihi,-8.824269079338908e-05,0.00036400959965348967,0.00027576690886010056,-0.0004522522904468788,0.0004522522904468788,10.0
aupōuri,-8.824269079338908e-05,0.00036400959965348967,0.00027576690886010056,-0.0004522522904468788,0.0004522522904468788,10.0
aurere,-8.824269079338908e-05,0.00036400959965348967,0.00027576690886010056,-0.0004522522904468788,0.0004522522904468788,12.0
autaia,-8.824269079338908e-05,0.00036400959965348967,0.00027576690886010056,-0.0004522522904468788,0.0004522522904468788,9.0
auē,-7.670467733020651e-06,7.910354567465878e-06,2.398868344452271e-07,-1.558082230048653e-05,1.558082230048653e-05,16.0
auēauē,-9.016030772664425e-05,0.0001859599771104778,9.579966938383354e-05,-0.000276120284837122,0.000276120284837122,9.0
awa,-8.824269079338908e-05,0.00036400959965348967,0.00027576690886010056,-0.0004522522904468788,0.0004522522904468788,55.0
awa-kairangi,-8.824269079338908e-05,0.00036400959965348967,0.00027576690886010056,-0.0004522522904468788,0.0004522522904468788,9.0
awaawa,-8.824269079338908e-05,0.00036400959965348967,0.00027576690886010056,-0.0004522522904468788,0.0004522522904468788,9.0
awatea,-8.824269079338908e-05,0.00036400959965348967,0.00027576690886010056,-0.0004522522904468788,0.0004522522904468788,10.0
awe,-8.824269079338908e-05,0.00036400959965348967,0.00027576690886010056,-0.0004522522904468788,0.0004522522904468788,24.0
awhi,-0.0006242219429457483,0.004634956159049162,0.004010734216103413,-0.0052591781019949106,0.0052591781019949106,54.0
awhiawhi,-8.824269079338908e-05,0.00036400959965348967,0.00027576690886010056,-0.0004522522904468788,0.0004522522904468788,10.0
b,-8.824269079338908e-05,0.00036400959965348967,0.00027576690886010056,-0.0004522522904468788,0.0004522522904468788,9.0
bay,-8.824269079338908e-05,0.00036400959965348967,0.00027576690886010056,-0.0004522522904468788,0.0004522522904468788,9.0
bhp,-8.824269079338908e-05,0.00036400959965348967,0.00027576690886010056,-0.0004522522904468788,0.0004522522904468788,9.0
big,-8.824269079338908e-05,0.00036400959965348967,0.00027576690886010056,-0.0004522522904468788,0.0004522522904468788,10.0
brother,-8.824269079338908e-05,0.00036400959965348967,0.00027576690886010056,-0.0004522522904468788,0.0004522522904468788,9.0
cancer,-8.824269079338908e-05,0.00036400959965348967,0.00027576690886010056,-0.0004522522904468788,0.0004522522904468788,9.0
ceo,-8.824269079338908e-05,0.00036400959965348967,0.00027576690886010056,-0.0004522522904468788,0.0004522522904468788,11.0
cereal,-8.824269079338908e-05,0.00036400959965348967,0.00027576690886010056,-0.0004522522904468788,0.0004522522904468788,9.0
chief,-8.824269079338908e-05,0.00036400959965348967,0.00027576690886010056,-0.0004522522904468788,0.0004522522904468788,9.0
children's,-8.824269079338908e-05,0.00036400959965348967,0.00027576690886010056,-0.0004522522904468788,0.0004522522904468788,10.0
community,-8.824269079338908e-05,0.00036400959965348967,0.00027576690886010056,-0.0004522522904468788,0.0004522522904468788,9.0
conciliator,-8.824269079338908e-05,0.00036400959965348967,0.00027576690886010056,-0.0004522522904468788,0.0004522522904468788,9.0
congress,-8.824269079338908e-05,0.00036400959965348967,0.00027576690886010056,-0.0004522522904468788,0.0004522522904468788,9.0
cooking,-8.824269079338908e-05,0.00036400959965348967,0.00027576690886010056,-0.0004522522904468788,0.0004522522904468788,10.0
copyright,-8.824269079338908e-05,0.00036400959965348967,0.00027576690886010056,-0.0004522522904468788,0.0004522522904468788,10.0
domain,-8.824269079338908e-05,0.00036400959965348967,0.00027576690886010056,-0.0004522522904468788,0.0004522522904468788,9.0
dominion,-8.824269079338908e-05,0.00036400959965348967,0.00027576690886010056,-0.0004522522904468788,0.0004522522904468788,9.0
donut,-8.824269079338908e-05,0.00036400959965348967,0.00027576690886010056,-0.0004522522904468788,0.0004522522904468788,9.0
ea,0.0007979206264427162,-0.0002742916204307642,0.0005236290060119521,0.0010722122468734803,0.0010722122468734803,57.0
east,-8.824269079338908e-05,0.00036400959965348967,0.00027576690886010056,-0.0004522522904468788,0.0004522522904468788,9.0
eka,-8.824269079338908e-05,0.00036400959965348967,0.00027576690886010056,-0.0004522522904468788,0.0004522522904468788,9.0
eke,0.008931467614124701,-0.0010836224778654642,0.007847845136259237,0.010015090091990165,0.010015090091990165,316.0
ekenga,-8.824269079338908e-05,0.00036400959965348967,0.00027576690886010056,-0.0004522522904468788,0.0004522522904468788,15.0
eketanga,-8.824269079338908e-05,0.00036400959965348967,0.00027576690886010056,-0.0004522522904468788,0.0004522522904468788,10.0
endeavour,-8.824269079338908e-05,0.00036400959965348967,0.00027576690886010056,-0.0004522522904468788,0.0004522522904468788,10.0
epa,-8.824269079338908e-05,0.00036400959965348967,0.00027576690886010056,-0.0004522522904468788,0.0004522522904468788,9.0
fiscal,-8.824269079338908e-05,0.00036400959965348967,0.00027576690886010056,-0.0004522522904468788,0.0004522522904468788,9.0
haehae,-0.00013140522772345602,0.001084118444393003,0.0009527132166695471,-0.001215523672116459,0.001215523672116459,9.0
haere,0.15777584812752696,-0.0065411112719517325,0.15123473685557523,0.16431695939947868,0.16431695939947868,1895.0
haeremaitanga,-8.824269079338908e-05,0.00036400959965348967,0.00027576690886010056,-0.0004522522904468788,0.0004522522904468788,11.0
haerenga,-8.824269079338908e-05,0.00036400959965348967,0.00027576690886010056,-0.0004522522904468788,0.0004522522904468788,46.0
haeretanga,-8.824269079338908e-05,0.00036400959965348967,0.00027576690886010056,-0.0004522522904468788,0.0004522522904468788,17.0
haggis,-8.824269079338908e-05,0.00036400959965348967,0.00027576690886010056,-0.0004522522904468788,0.0004522522904468788,9.0
haha,-9.016030772664425e-05,0.0001859599771104778,9.579966938383354e-05,-0.000276120284837122,0.000276120284837122,9.0
hahae,-8.824269079338908e-05,0.00036400959965348967,0.00027576690886010056,-0.0004522522904468788,0.0004522522904468788,11.0
hahana,-8.824269079338908e-05,0.00036400959965348967,0.00027576690886010056,-0.0004522522904468788,0.0004522522904468788,10.0
hahau,-0.00013140522772345602,0.001084118444393003,0.0009527132166695471,-0.001215523672116459,0.001215523672116459,13.0
hahaunga,-8.824269079338908e-05,0.00036400959965348967,0.00027576690886010056,-0.0004522522904468788,0.0004522522904468788,9.0
hahautanga,-8.824269079338908e-05,0.00036400959965348967,0.00027576690886010056,-0.0004522522904468788,0.0004522522904468788,9.0
hahia,5.988808175573361e-05,-4.940882121321992e-05,1.047926054251369e-05,0.00010929690296895353,0.00010929690296895353,12.0
hahu,-9.016030772664425e-05,0.0001859599771104778,9.579966938383354e-05,-0.000276120284837122,0.000276120284837122,9.0
hahunga,-9.016030772664425e-05,0.0001859599771104778,9.579966938383354e-05,-0.000276120284837122,0.000276120284837122,9.0
haika,-8.824269079338908e-05,0.00036400959965348967,0.00027576690886010056,-0.0004522522904468788,0.0004522522904468788,10.0
haina,0.00016688770691293217,-0.00014493218247676814,2.1955524436164026e-05,0.0003118198893897003,0.0003118198893897003,52.0
hainamana,-8.824269079338908e-05,0.00036400959965348967,0.00027576690886010056,-0.0004522522904468788,0.0004522522904468788,9.0
hainatanga,-8.824269079338908e-05,0.00036400959965348967,0.00027576690886010056,-0.0004522522904468788,0.0004522522904468788,24.0
haka,-7.670467733020651e-06,7.910354567465878e-06,2.398868344452271e-07,-1.558082230048653e-05,1.558082230048653e-05,21.0
haki,-8.824269079338908e-05,0.00036400959965348967,0.00027576690886010056,-0.0004522522904468788,0.0004522522904468788,24.0
haku,-9.016030772664425e-05,0.0001859599771104778,9.579966938383354e-05,-0.000276120284837122,0.000276120284837122,10.0
hama,-9.016030772664425e-05,0.0001859599771104778,9.579966938383354e-05,-0.000276120284837122,0.000276120284837122,9.0
hana,-8.824269079338908e-05,0.00036400959965348967,0.00027576690886010056,-0.0004522522904468788,0.0004522522904468788,10.0
hanga,-0.0027136411722412787,0.008542813308405494,0.005829172136164215,-0.011256454480646771,0.011256454480646771,172.0
hangahanga,-8.824269079338908e-05,0.00036400959965348967,0.00027576690886010056,-0.0004522522904468788,0.0004522522904468788,9.0
hangatanga,-8.824269079338908e-05,0.00036400959965348967,0.00027576690886010056,-0.0004522522904468788,0.0004522522904468788,9.0
hao,0.00043721382732216557,-0.00020039435034297046,0.0002368194769791951,0.0006376081776651361,0.0006376081776651361,22.0
hapa,-8.824269079338908e-05,0.00036400959965348967,0.00027576690886010056,-0.0004522522904468788,0.0004522522904468788,9.0
hapū,-8.824269079338908e-05,0.00036400959965348967,0.00027576690886010056,-0.0004522522904468788,0.0004522522904468788,24.0
hara,-5.949506496972269e-05,8.180762465525959e-05,2.2312559685536902e-05,-0.00014130268962498228,0.00014130268962498228,18.0
harakeke,-8.824269079338908e-05,0.00036400959965348967,0.00027576690886010056,-0.0004522522904468788,0.0004522522904468788,10.0
harakoa,-8.824269079338908e-05,0.00036400959965348967,0.00027576690886010056,-0.0004522522904468788,0.0004522522904468788,17.0
haramai,0.01747662451142151,-0.0021520226739069974,0.015324601837514511,0.019628647185328505,0.019628647185328505,261.0
haramaitanga,-8.824269079338908e-05,0.00036400959965348967,0.00027576690886010056,-0.0004522522904468788,0.0004522522904468788,12.0
hararei,-8.824269079338908e-05,0.00036400959965348967,0.00027576690886010056,-0.0004522522904468788,0.0004522522904468788,14.0
hari,0.0016805836686375893,-0.0012233946208723523,0.00045718904776523707,0.002903978289509942,0.002903978289509942,175.0
harihari,-7.670467733020651e-06,7.910354567465878e-06,2.398868344452271e-07,-1.558082230048653e-05,1.558082230048653e-05,13.0
harikoa,-5.949506496972269e-05,8.180762465525959e-05,2.2312559685536902e-05,-0.00014130268962498228,0.00014130268962498228,55.0
haringa,-8.824269079338908e-05,0.00036400959965348967,0.00027576690886010056,-0.0004522522904468788,0.0004522522904468788,9.0
harirū,-8.824269079338908e-05,0.00036400959965348967,0.00027576690886010056,-0.0004522522904468788,0.0004522522904468788,10.0
haritanga,-8.824269079338908e-05,0.00036400959965348967,0.00027576690886010056,-0.0004522522904468788,0.0004522522904468788,10.0
harry,-0.00013140522772345602,0.001084118444393003,0.0009527132166695471,-0.001215523672116459,0.001215523672116459,9.0
haruru,-7.670467733020651e-06,7.910354567465878e-06,2.398868344452271e-07,-1.558082230048653e-05,1.558082230048653e-05,18.0
hau,0.00013998509164095635,-9.62419978877523e-05,4.3743093753204044e-05,0.00023622708952870865,0.00023622708952870865,42.0
hauhake,-9.016030772664425e-05,0.0001859599771104778,9.579966938383354e-05,-0.000276120284837122,0.000276120284837122,20.0
hauhau,-0.0001803206154532885,0.0003719199542209556,0.00019159933876766708,-0.000552240569674244,0.000552240569674244,12.0
haukore,-8.824269079338908e-05,0.00036400959965348967,0.00027576690886010056,-0.0004522522904468788,0.0004522522904468788,9.0
haumate,-8.824269079338908e-05,0.00036400959965348967,0.00027576690886010056,-0.0004522522904468788,0.0004522522904468788,9.0
haumi,-8.824269079338908e-05,0.00036400959965348967,0.00027576690886010056,-0.0004522522904468788,0.0004522522904468788,11.0
haunga,-5.949506496972269e-05,8.180762465525959e-05,2.2312559685536902e-05,-0.00014130268962498228,0.00014130268962498228,19.0
hauora,-8.824269079338908e-05,0.00036400959965348967,0.00027576690886010056,-0.0004522522904468788,0.0004522522904468788,14.0
haurangi,-8.824269079338908e-05,0.00036400959965348967,0.00027576690886010056,-0.0004522522904468788,0.0004522522904468788,9.0
hauru,-9.016030772664425e-05,0.0001859599771104778,9.579966938383354e-05,-0.000276120284837122,0.000276120284837122,9.0
haurua,-8.824269079338908e-05,0.00036400959965348967,0.00027576690886010056,-0.0004522522904468788,0.0004522522904468788,12.0
hautanga,-8.824269079338908e-05,0.00036400959965348967,0.00027576690886010056,-0.0004522522904468788,0.0004522522904468788,9.0
hautū,-0.00019981623019360424,0.004945567183168391,0.004745750952974787,-0.005145383413361995,0.005145383413361995,16.0
hauwarea,-9.016030772664425e-05,0.0001859599771104778,9.579966938383354e-05,-0.000276120284837122,0.000276120284837122,9.0
hauā,-5.949506496972269e-05,8.180762465525959e-05,2.2312559685536902e-05,-0.00014130268962498228,0.00014130268962498228,12.0
hauāuru,-8.824269079338908e-05,0.00036400959965348967,0.00027576690886010056,-0.0004522522904468788,0.0004522522904468788,10.0
heahea,-8.824269079338908e-05,0.00036400959965348967,0.00027576690886010056,-0.0004522522904468788,0.0004522522904468788,9.0
heamana,-8.824269079338908e-05,0.00036400959965348967,0.00027576690886010056,-0.0004522522904468788,0.0004522522904468788,23.0
hei,-8.824269079338908e-05,0.00036400959965348967,0.00027576690886010056,-0.0004522522904468788,0.0004522522904468788,9.0
heihei,-8.824269079338908e-05,0.00036400959965348967,0.00027576690886010056,-0.0004522522904468788,0.0004522522904468788,10.0
heke,0.007723734566378611,-0.0013462457361331907,0.00637748883024542,0.009069980302511802,0.009069980302511802,167.0
hekeheke,-9.016030772664425e-05,0.0001859599771104778,9.579966938383354e-05,-0.000276120284837122,0.000276120284837122,9.0
hekenga,-8.824269079338908e-05,0.00036400959965348967,0.00027576690886010056,-0.0004522522904468788,0.0004522522904468788,15.0
heketanga,-8.824269079338908e-05,0.00036400959965348967,0.00027576690886010056,-0.0004522522904468788,0.0004522522904468788,12.0
hemo,5.988808175573361e-05,-4.940882121321992e-05,1.047926054251369e-05,0.00010929690296895353,0.00010929690296895353,18.0
hemotanga,-8.824269079338908e-05,0.00036400959965348967,0.00027576690886010056,-0.0004522522904468788,0.0004522522904468788,9.0
here,0.0012217450401619833,-0.00047998247403670296,0.0007417625661252803,0.0017017275141986863,0.0017017275141986863,63.0
herehere,-9.016030772664425e-05,0.0001859599771104778,9.579966938383354e-05,-0.000276120284837122,0.000276120284837122,10.0
herenga,-9.016030772664425e-05,0.0001859599771104778,9.579966938383354e-05,-0.000276120284837122,0.000276120284837122,12.0
heri,0.000597833754822649,-0.0003699182739030409,0.00022791548091960815,0.0009677520287256899,0.0009677520287256899,52.0
heuheu,-8.824269079338908e-05,0.00036400959965348967,0.00027576690886010056,-0.0004522522904468788,0.0004522522904468788,9.0
hia,0.0038933827027870633,-0.0005180831834148758,0.0033752995193721876,0.004411465886201939,0.004411465886201939,64.0
hiahia,0.002015480088701791,-0.0007558226827747254,0.0012596574059270658,0.0027713027714765166,0.0027713027714765166,423.0
hiahiatanga,-8.824269079338908e-05,0.00036400959965348967,0.00027576690886010056,-0.0004522522904468788,0.0004522522904468788,10.0
hiakai,-9.016030772664425e-05,0.0001859599771104778,9.579966938383354e-05,-0.000276120284837122,0.000276120284837122,13.0
hihiko,-9.016030772664425e-05,0.0001859599771104778,9.579966938383354e-05,-0.000276120284837122,0.000276120284837122,13.0
hihiri,-8.824269079338908e-05,0.00036400959965348967,0.00027576690886010056,-0.0004522522904468788,0.0004522522904468788,10.0
hihī,-9.016030772664425e-05,0.0001859599771104778,9.579966938383354e-05,-0.000276120284837122,0.000276120284837122,9.0
hika,-9.016030772664425e-05,0.0001859599771104778,9.579966938383354e-05,-0.000276120284837122,0.000276120284837122,9.0
hika-toa,-8.824269079338908e-05,0.00036400959965348967,0.00027576690886010056,-0.0004522522904468788,0.0004522522904468788,9.0
hiki,-0.0003480994503621244,0.00041688689923426007,6.878744887213565e-05,-0.0007649863495963844,0.0007649863495963844,78.0
hikipene,-8.824269079338908e-05,0.00036400959965348967,0.00027576690886010056,-0.0004522522904468788,0.0004522522904468788,9.0
hiko,-8.824269079338908e-05,0.00036400959965348967,0.00027576690886010056,-0.0004522522904468788,0.0004522522904468788,10.0
hikohiko,-7.670467733020651e-06,7.910354567465878e-06,2.398868344452271e-07,-1.558082230048653e-05,1.558082230048653e-05,11.0
hiku,-8.824269079338908e-05,0.00036400959965348967,0.00027576690886010056,-0.0004522522904468788,0.0004522522904468788,14.0
hikuwai,-8.824269079338908e-05,0.00036400959965348967,0.00027576690886010056,-0.0004522522904468788,0.0004522522904468788,10.0
himalayas,-8.824269079338908e-05,0.00036400959965348967,0.00027576690886010056,-0.0004522522904468788,0.0004522522904468788,9.0
hinengaro,-8.824269079338908e-05,0.00036400959965348967,0.00027576690886010056,-0.0004522522904468788,0.0004522522904468788,24.0
hinga,0.0034575758355707095,-0.0007709639664183117,0.002686611869152398,0.004228539801989021,0.004228539801989021,87.0
hingahinga,-8.824269079338908e-05,0.00036400959965348967,0.00027576690886010056,-0.0004522522904468788,0.0004522522904468788,14.0
hinganga,-8.824269079338908e-05,0.00036400959965348967,0.00027576690886010056,-0.0004522522904468788,0.0004522522904468788,9.0
hingatanga,-8.824269079338908e-05,0.00036400959965348967,0.00027576690886010056,-0.0004522522904468788,0.0004522522904468788,11.0
hinu,-8.824269079338908e-05,0.00036400959965348967,0.00027576690886010056,-0.0004522522904468788,0.0004522522904468788,10.0
hipa,0.00023050908794009254,-0.00013583888456313335,9.46702033769592e-05,0.0003663479725032259,0.0003663479725032259,42.0
hipi,-8.824269079338908e-05,0.00036400959965348967,0.00027576690886010056,-0.0004522522904468788,0.0004522522904468788,9.0
hira,-8.824269079338908e-05,0.00036400959965348967,0.00027576690886010056,-0.0004522522904468788,0.0004522522904468788,10.0
hiri,-8.824269079338908e-05,0.00036400959965348967,0.00027576690886010056,-0.0004522522904468788,0.0004522522904468788,9.0
hitōria,-8.824269079338908e-05,0.00036400959965348967,0.00027576690886010056,-0.0004522522904468788,0.0004522522904468788,9.0
hiwa,-8.824269079338908e-05,0.00036400959965348967,0.00027576690886010056,-0.0004522522904468788,0.0004522522904468788,10.0
hiwi,-5.949506496972269e-05,8.180762465525959e-05,2.2312559685536902e-05,-0.00014130268962498228,0.00014130268962498228,11.0
hiwihiwi,-8.824269079338908e-05,0.00036400959965348967,0.00027576690886010056,-0.0004522522904468788,0.0004522522904468788,9.0
hoa,-8.824269079338908e-05,0.00036400959965348967,0.00027576690886010056,-0.0004522522904468788,0.0004522522904468788,13.0
hoake,-8.824269079338908e-05,0.00036400959965348967,0.00027576690886010056,-0.0004522522904468788,0.0004522522904468788,10.0
hoariri,-8.824269079338908e-05,0.00036400959965348967,0.00027576690886010056,-0.0004522522904468788,0.0004522522904468788,9.0
hoatu,0.0010909986941463972,-0.0007789283144483832,0.00031207037969801404,0.0018699270085947802,0.0018699270085947802,107.0
hoatuhanga,-8.824269079338908e-05,0.00036400959965348967,0.00027576690886010056,-0.0004522522904468788,0.0004522522904468788,9.0
hoe,-7.670467733020651e-06,7.910354567465878e-06,2.398868344452271e-07,-1.558082230048653e-05,1.558082230048653e-05,36.0
hoehoe,-8.824269079338908e-05,0.00036400959965348967,0.00027576690886010056,-0.0004522522904468788,0.0004522522904468788,9.0
hoenga,-8.824269079338908e-05,0.00036400959965348967,0.00027576690886010056,-0.0004522522904468788,0.0004522522904468788,9.0
hohoki,-8.824269079338908e-05,0.00036400959965348967,0.00027576690886010056,-0.0004522522904468788,0.0004522522904468788,9.0
hohoro,-8.824269079338908e-05,0.00036400959965348967,0.00027576690886010056,-0.0004522522904468788,0.0004522522904468788,9.0
hohou,-0.00015592460289460118,0.0002572816026595839,0.00010135699976498273,-0.00041320620555418506,0.00041320620555418506,13.0
hohounga,-8.824269079338908e-05,0.00036400959965348967,0.00027576690886010056,-0.0004522522904468788,0.0004522522904468788,9.0
hoi,-9.016030772664425e-05,0.0001859599771104778,9.579966938383354e-05,-0.000276120284837122,0.000276120284837122,9.0
hoki,0.12051326551120874,-0.0020843976053826663,0.11842886790582607,0.1225976631165914,0.1225976631165914,979.0
hokihoki,0.0003299593599744944,-0.00017013926797554603,0.00015982009199894836,0.0005000986279500404,0.0005000986279500404,29.0
hokinga,-8.824269079338908e-05,0.00036400959965348967,0.00027576690886010056,-0.0004522522904468788,0.0004522522904468788,39.0
hokitanga,-8.824269079338908e-05,0.00036400959965348967,0.00027576690886010056,-0.0004522522904468788,0.0004522522904468788,18.0
hoko,-0.001081923692719731,0.0022315197253257335,0.0011495960326060024,-0.0033134434180454647,0.0033134434180454647,148.0
hokohoko,-7.670467733020651e-06,7.910354567465878e-06,2.398868344452271e-07,-1.558082230048653e-05,1.558082230048653e-05,25.0
hokonga,-8.824269079338908e-05,0.00036400959965348967,0.00027576690886010056,-0.0004522522904468788,0.0004522522904468788,9.0
hokotanga,-8.824269079338908e-05,0.00036400959965348967,0.00027576690886010056,-0.0004522522904468788,0.0004522522904468788,9.0
hokowhitu,-8.824269079338908e-05,0.00036400959965348967,0.00027576690886010056,-0.0004522522904468788,0.0004522522904468788,9.0
homai,-0.0011109644743368726,0.0024997284393960023,0.0013887639650591297,-0.003610692913732875,0.003610692913732875,97.0
hongohia,-8.824269079338908e-05,0.00036400959965348967,0.00027576690886010056,-0.0004522522904468788,0.0004522522904468788,9.0
hono,4.87509949515629e-05,-4.468945559991716e-05,4.061539351645743e-06,9.344045055148006e-05,9.344045055148006e-05,37.0
honohono,-9.016030772664425e-05,0.0001859599771104778,9.579966938383354e-05,-0.000276120284837122,0.000276120284837122,13.0
hononga,-8.824269079338908e-05,0.00036400959965348967,0.00027576690886010056,-0.0004522522904468788,0.0004522522904468788,11.0
hopa,-8.824269079338908e-05,0.00036400959965348967,0.00027576690886010056,-0.0004522522904468788,0.0004522522904468788,9.0
hopehope,-8.824269079338908e-05,0.00036400959965348967,0.00027576690886010056,-0.0004522522904468788,0.0004522522904468788,10.0
hopu,-0.00037796535151984716,0.001039428988793086,0.0006614636372732389,-0.0014173943403129332,0.0014173943403129332,41.0
hoputanga,-8.824269079338908e-05,0.00036400959965348967,0.00027576690886010056,-0.0004522522904468788,0.0004522522904468788,9.0
hora,0.0012058292823194235,-0.00033161079621145,0.0008742184861079735,0.0015374400785308736,0.0015374400785308736,51.0
horahora,-8.824269079338908e-05,0.00036400959965348967,0.00027576690886010056,-0.0004522522904468788,0.0004522522904468788,9.0
horatanga,-8.824269079338908e-05,0.00036400959965348967,0.00027576690886010056,-0.0004522522904468788,0.0004522522904468788,14.0
hore,-5.949506496972269e-05,8.180762465525959e-05,2.2312559685536902e-05,-0.00014130268962498228,0.00014130268962498228,14.0
horo,-8.824269079338908e-05,0.00036400959965348967,0.00027576690886010056,-0.0004522522904468788,0.0004522522904468788,11.0
horohoro,-8.824269079338908e-05,0.00036400959965348967,0.00027576690886010056,-0.0004522522904468788,0.0004522522904468788,9.0
horohoroi,-9.016030772664425e-05,0.0001859599771104778,9.579966938383354e-05,-0.000276120284837122,0.000276120284837122,9.0
horoi,-0.00015665369326353727,0.0019386347239551593,0.0017819810306916222,-0.0020952884172186965,0.0020952884172186965,15.0
hotu,-5.949506496972269e-05,8.180762465525959e-05,2.2312559685536902e-05,-0.00014130268962498228,0.00014130268962498228,11.0
hotuhotu,-8.824269079338908e-05,0.00036400959965348967,0.00027576690886010056,-0.0004522522904468788,0.0004522522904468788,9.0
hou,-7.670467733020651e-06,7.910354567465878e-06,2.398868344452271e-07,-1.558082230048653e-05,1.558082230048653e-05,28.0
hua,0.0007653406479088987,-0.0003714239876934167,0.000393916660215482,0.0011367646356023153,0.0011367646356023153,84.0
huaki,5.988808175573361e-05,-4.940882121321992e-05,1.047926054251369e-05,0.00010929690296895353,0.00010929690296895353,18.0
huarahi,-8.824269079338908e-05,0.00036400959965348967,0.00027576690886010056,-0.0004522522904468788,0.0004522522904468788,81.0
huarākau,-8.824269079338908e-05,0.00036400959965348967,0.00027576690886010056,-0.0004522522904468788,0.0004522522904468788,9.0
hue,-8.824269079338908e-05,0.00036400959965348967,0.00027576690886010056,-0.0004522522904468788,0.0004522522904468788,9.0
huhua,-8.824269079338908e-05,0.00036400959965348967,0.00027576690886010056,-0.0004522522904468788,0.0004522522904468788,10.0
hui,0.007335286051057293,-0.000630390865516788,0.006704895185540505,0.00796567691657408,0.00796567691657408,238.0
huihui,0.004273043170216682,-0.0005341428692564719,0.0037389003009602097,0.004807186039473154,0.004807186039473154,74.0
huihuinga,-8.824269079338908e-05,0.00036400959965348967,0.00027576690886010056,-0.0004522522904468788,0.0004522522904468788,15.0
huinga,-8.824269079338908e-05,0.00036400959965348967,0.00027576690886010056,-0.0004522522904468788,0.0004522522904468788,18.0
huka,-8.824269079338908e-05,0.00036400959965348967,0.00027576690886010056,-0.0004522522904468788,0.0004522522904468788,11.0
hukarere,-8.824269079338908e-05,0.00036400959965348967,0.00027576690886010056,-0.0004522522904468788,0.0004522522904468788,9.0
huke,-9.016030772664425e-05,0.0001859599771104778,9.579966938383354e-05,-0.000276120284837122,0.000276120284837122,9.0
huna,5.988808175573361e-05,-4.940882121321992e-05,1.047926054251369e-05,0.00010929690296895353,0.00010929690296895353,26.0
hunaonga,-8.824269079338908e-05,0.00036400959965348967,0.00027576690886010056,-0.0004522522904468788,0.0004522522904468788,9.0
hunga,-8.824269079338908e-05,0.00036400959965348967,0.00027576690886010056,-0.0004522522904468788,0.0004522522904468788,101.0
hunuhunu,-8.824269079338908e-05,0.00036400959965348967,0.00027576690886010056,-0.0004522522904468788,0.0004522522904468788,10.0
hura,-0.00021732865978669113,0.00033618812106805224,0.00011885946128136111,-0.0005535167808547434,0.0005535167808547434,19.0
hurahanga,-8.824269079338908e-05,0.00036400959965348967,0.00027576690886010056,-0.0004522522904468788,0.0004522522904468788,10.0
hurahura,-8.824269079338908e-05,0.00036400959965348967,0.00027576690886010056,-0.0004522522904468788,0.0004522522904468788,9.0
huratanga,-8.824269079338908e-05,0.00036400959965348967,0.00027576690886010056,-0.0004522522904468788,0.0004522522904468788,9.0
huri,0.033539046638818244,-0.001572179523774555,0.03196686711504369,0.035111226162592796,0.035111226162592796,421.0
huri-nui,-8.824269079338908e-05,0.00036400959965348967,0.00027576690886010056,-0.0004522522904468788,0.0004522522904468788,14.0
hurihuri,-9.016030772664425e-05,0.0001859599771104778,9.579966938383354e-05,-0.000276120284837122,0.000276120284837122,20.0
huringa,-8.824269079338908e-05,0.00036400959965348967,0.00027576690886010056,-0.0004522522904468788,0.0004522522904468788,15.0
huritau,-8.824269079338908e-05,0.00036400959965348967,0.00027576690886010056,-0.0004522522904468788,0.0004522522904468788,12.0
hurori,-8.824269079338908e-05,0.00036400959965348967,0.00027576690886010056,-0.0004522522904468788,0.0004522522904468788,9.0
huru,-9.016030772664425e-05,0.0001859599771104778,9.579966938383354e-05,-0.000276120284837122,0.000276120284837122,9.0
huruhuru,-8.824269079338908e-05,0.00036400959965348967,0.00027576690886010056,-0.0004522522904468788,0.0004522522904468788,12.0
huti,-0.00017648538158677817,0.0007280191993069793,0.0005515338177202011,-0.0009045045808937576,0.0009045045808937576,13.0
hā,-8.824269079338908e-05,0.00036400959965348967,0.00027576690886010056,-0.0004522522904468788,0.0004522522904468788,31.0
hāereere,0.00013998509164095635,-9.62419978877523e-05,4.3743093753204044e-05,0.00023622708952870865,0.00023622708952870865,22.0
hāhi,-8.824269079338908e-05,0.00036400959965348967,0.00027576690886010056,-0.0004522522904468788,0.0004522522904468788,22.0
hākari,-7.670467733020651e-06,7.910354567465878e-06,2.398868344452271e-07,-1.558082230048653e-05,1.558082230048653e-05,23.0
hākinakina,-9.016030772664425e-05,0.0001859599771104778,9.579966938383354e-05,-0.000276120284837122,0.000276120284837122,10.0
hākoakoa,-8.824269079338908e-05,0.00036400959965348967,0.00027576690886010056,-0.0004522522904468788,0.0004522522904468788,9.0
hāmama,-7.670467733020651e-06,7.910354567465878e-06,2.398868344452271e-07,-1.558082230048653e-05,1.558082230048653e-05,15.0
hāmene,-0.00035297076317355634,0.0014560383986139587,0.0011030676354404022,-0.0018090091617875151,0.0018090091617875151,38.0
hāngai,0.0003299593599744944,-0.00017013926797554603,0.00015982009199894836,0.0005000986279500404,0.0005000986279500404,71.0
hāngi,-8.824269079338908e-05,0.00036400959965348967,0.00027576690886010056,-0.0004522522904468788,0.0004522522904468788,8.0
hāora,-8.824269079338908e-05,0.00036400959965348967,0.00027576690886010056,-0.0004522522904468788,0.0004522522904468788,24.0
hāpai,-0.0005653889938137747,0.011661420307802988,0.011096031313989214,-0.012226809301616763,0.012226809301616763,39.0
hāparangi,-9.016030772664425e-05,0.0001859599771104778,9.579966938383354e-05,-0.000276120284837122,0.000276120284837122,11.0
hātarei,-8.824269079338908e-05,0.00036400959965348967,0.00027576690886010056,-0.0004522522904468788,0.0004522522904468788,10.0
hāte,-8.824269079338908e-05,0.00036400959965348967,0.00027576690886010056,-0.0004522522904468788,0.0004522522904468788,10.0
hāunga,-9.016030772664425e-05,0.0001859599771104778,9.579966938383354e-05,-0.000276120284837122,0.000276120284837122,9.0
hāwhe,-8.824269079338908e-05,0.00036400959965348967,0.00027576690886010056,-0.0004522522904468788,0.0004522522904468788,16.0
hē,-7.162867057037615e-05,8.442147595975712e-05,1.2792805389380969e-05,-0.00015605014653013327,0.00015605014653013327,121.0
hēkeretari,-8.824269079338908e-05,0.00036400959965348967,0.00027576690886010056,-0.0004522522904468788,0.0004522522904468788,30.0
hī,0.00023050908794009254,-0.00013583888456313335,9.46702033769592e-05,0.0003663479725032259,0.0003663479725032259,17.0
hīkaka,-8.824269079338908e-05,0.00036400959965348967,0.00027576690886010056,-0.0004522522904468788,0.0004522522904468788,10.0
hīkoi,0.0014991037757200371,-0.00036376161638972023,0.0011353421593303169,0.0018628653921097574,0.0018628653921097574,57.0
hīkoitanga,-8.824269079338908e-05,0.00036400959965348967,0.00027576690886010056,-0.0004522522904468788,0.0004522522904468788,10.0
hīmene,-8.824269079338908e-05,0.00036400959965348967,0.00027576690886010056,-0.0004522522904468788,0.0004522522904468788,9.0
hīnātore,-8.824269079338908e-05,0.00036400959965348967,0.00027576690886010056,-0.0004522522904468788,0.0004522522904468788,9.0
hīpāpātanga,-8.824269079338908e-05,0.00036400959965348967,0.00027576690886010056,-0.0004522522904468788,0.0004522522904468788,9.0
hīrere,-8.824269079338908e-05,0.00036400959965348967,0.00027576690886010056,-0.0004522522904468788,0.0004522522904468788,8.0
hīri,-8.824269079338908e-05,0.00036400959965348967,0.00027576690886010056,-0.0004522522904468788,0.0004522522904468788,11.0
hītori,-8.824269079338908e-05,0.00036400959965348967,0.00027576690886010056,-0.0004522522904468788,0.0004522522904468788,10.0
hōhipera,-8.824269079338908e-05,0.00036400959965348967,0.00027576690886010056,-0.0004522522904468788,0.0004522522904468788,24.0
hōhonu,-5.949506496972269e-05,8.180762465525959e-05,2.2312559685536902e-05,-0.00014130268962498228,0.00014130268962498228,19.0
hōhonutanga,-8.824269079338908e-05,0.00036400959965348967,0.00027576690886010056,-0.0004522522904468788,0.0004522522904468788,51.0
hōhā,-7.670467733020651e-06,7.910354567465878e-06,2.398868344452271e-07,-1.558082230048653e-05,1.558082230048653e-05,45.0
hōiho,-8.824269079338908e-05,0.00036400959965348967,0.00027576690886010056,-0.0004522522904468788,0.0004522522904468788,22.0
hōnore,-5.949506496972269e-05,8.180762465525959e-05,2.2312559685536902e-05,-0.00014130268962498228,0.00014130268962498228,20.0
hōnoretanga,-8.824269079338908e-05,0.00036400959965348967,0.00027576690886010056,-0.0004522522904468788,0.0004522522904468788,11.0
hōpua,-8.824269079338908e-05,0.00036400959965348967,0.00027576690886010056,-0.0004522522904468788,0.0004522522904468788,10.0
hōrapa,5.988808175573361e-05,-4.940882121321992e-05,1.047926054251369e-05,0.00010929690296895353,0.00010929690296895353,14.0
hōreke,-8.824269079338908e-05,0.00036400959965348967,0.00027576690886010056,-0.0004522522904468788,0.0004522522904468788,9.0
hōri,-9.016030772664425e-05,0.0001859599771104778,9.579966938383354e-05,-0.000276120284837122,0.000276120284837122,9.0
hōro,-8.824269079338908e-05,0.00036400959965348967,0.00027576690886010056,-0.0004522522904468788,0.0004522522904468788,12.0
hōtēra,-8.824269079338908e-05,0.00036400959965348967,0.00027576690886010056,-0.0004522522904468788,0.0004522522904468788,10.0
hū,-9.016030772664425e-05,0.0001859599771104778,9.579966938383354e-05,-0.000276120284837122,0.000276120284837122,9.0
hūmārie,-8.824269079338908e-05,0.00036400959965348967,0.00027576690886010056,-0.0004522522904468788,0.0004522522904468788,10.0
hūmārire,-8.824269079338908e-05,0.00036400959965348967,0.00027576690886010056,-0.0004522522904468788,0.0004522522904468788,9.0
hūnuku,0.00023050908794009254,-0.00013583888456313335,9.46702033769592e-05,0.0003663479725032259,0.0003663479725032259,18.0
hūpeke,-8.824269079338908e-05,0.00036400959965348967,0.00027576690886010056,-0.0004522522904468788,0.0004522522904468788,9.0
hūpekepeke,-8.824269079338908e-05,0.00036400959965348967,0.00027576690886010056,-0.0004522522904468788,0.0004522522904468788,10.0
hūpoki,-0.0002813144776136134,0.0008703369886970878,0.0005890225110834744,-0.0011516514663107013,0.0011516514663107013,15.0
hūpē,-8.824269079338908e-05,0.00036400959965348967,0.00027576690886010056,-0.0004522522904468788,0.0004522522904468788,9.0
ia-roa,-8.824269079338908e-05,0.00036400959965348967,0.00027576690886010056,-0.0004522522904468788,0.0004522522904468788,10.0
ihi,-8.824269079338908e-05,0.00036400959965348967,0.00027576690886010056,-0.0004522522904468788,0.0004522522904468788,13.0
ihowa,-0.00013140522772345602,0.001084118444393003,0.0009527132166695471,-0.001215523672116459,0.001215523672116459,9.0
ihu,-8.824269079338908e-05,0.00036400959965348967,0.00027576690886010056,-0.0004522522904468788,0.0004522522904468788,18.0
ika,-8.824269079338908e-05,0.00036400959965348967,0.00027576690886010056,-0.0004522522904468788,0.0004522522904468788,17.0
ika-ā-māui,-8.824269079338908e-05,0.00036400959965348967,0.00027576690886010056,-0.0004522522904468788,0.0004522522904468788,9.0
ingarangi,-0.00013140522772345602,0.001084118444393003,0.0009527132166695471,-0.001215523672116459,0.001215523672116459,9.0
ingoa,-9.016030772664425e-05,0.0001859599771104778,9.579966938383354e-05,-0.000276120284837122,0.000276120284837122,218.0
inoi,-8.904682558258527e-05,9.79537954982952e-05,8.906969915709921e-06,-0.00018700062108088046,0.00018700062108088046,62.0
inu,0.00013998509164095635,-9.62419978877523e-05,4.3743093753204044e-05,0.00023622708952870865,0.00023622708952870865,20.0
io,-9.016030772664425e-05,0.0001859599771104778,9.579966938383354e-05,-0.000276120284837122,0.000276120284837122,9.0
iri,-7.670467733020651e-06,7.910354567465878e-06,2.398868344452271e-07,-1.558082230048653e-05,1.558082230048653e-05,18.0
iria,-9.016030772664425e-05,0.0001859599771104778,9.579966938383354e-05,-0.000276120284837122,0.000276120284837122,11.0
iriiri,-5.949506496972269e-05,8.180762465525959e-05,2.2312559685536902e-05,-0.00014130268962498228,0.00014130268962498228,11.0
irirangi,-8.824269079338908e-05,0.00036400959965348967,0.00027576690886010056,-0.0004522522904468788,0.0004522522904468788,11.0
irāmutu,-8.824269079338908e-05,0.00036400959965348967,0.00027576690886010056,-0.0004522522904468788,0.0004522522904468788,9.0
iti,-8.824269079338908e-05,0.00036400959965348967,0.00027576690886010056,-0.0004522522904468788,0.0004522522904468788,32.0
itiiti,-8.824269079338908e-05,0.00036400959965348967,0.00027576690886010056,-0.0004522522904468788,0.0004522522904468788,12.0
iuniana,-8.824269079338908e-05,0.00036400959965348967,0.00027576690886010056,-0.0004522522904468788,0.0004522522904468788,13.0
iwa,-9.016030772664425e-05,0.0001859599771104778,9.579966938383354e-05,-0.000276120284837122,0.000276120284837122,45.0
iwi,-8.824269079338908e-05,0.00036400959965348967,0.00027576690886010056,-0.0004522522904468788,0.0004522522904468788,315.0
iwi-katea,-8.824269079338908e-05,0.00036400959965348967,0.00027576690886010056,-0.0004522522904468788,0.0004522522904468788,9.0
kaha,0.0021305873858022454,-0.0006277770142122905,0.0015028103715899548,0.002758364400014536,0.002758364400014536,472.0
kahawai,-8.824269079338908e-05,0.00036400959965348967,0.00027576690886010056,-0.0004522522904468788,0.0004522522904468788,9.0
kahu,-8.824269079338908e-05,0.00036400959965348967,0.00027576690886010056,-0.0004522522904468788,0.0004522522904468788,11.0
kahungunu,-8.824269079338908e-05,0.00036400959965348967,0.00027576690886010056,-0.0004522522904468788,0.0004522522904468788,9.0
kahupene,-8.824269079338908e-05,0.00036400959965348967,0.00027576690886010056,-0.0004522522904468788,0.0004522522904468788,9.0
kahurangi,-8.824269079338908e-05,0.00036400959965348967,0.00027576690886010056,-0.0004522522904468788,0.0004522522904468788,12.0
kai,0.0006153737989251395,-0.00043766830991695153,0.00017770548900818795,0.001053042108842091,0.001053042108842091,126.0
kaiako,-8.824269079338908e-05,0.00036400959965348967,0.00027576690886010056,-0.0004522522904468788,0.0004522522904468788,34.0
kaiarataki,-0.00013140522772345602,0.001084118444393003,0.0009527132166695471,-0.001215523672116459,0.001215523672116459,12.0
kaihautū,-8.824269079338908e-05,0.00036400959965348967,0.00027576690886010056,-0.0004522522904468788,0.0004522522904468788,27.0
kaihiki,-8.824269079338908e-05,0.00036400959965348967,0.00027576690886010056,-0.0004522522904468788,0.0004522522904468788,9.0
kaihoko,-8.824269079338908e-05,0.00036400959965348967,0.00027576690886010056,-0.0004522522904468788,0.0004522522904468788,9.0
kaihopu,-8.824269079338908e-05,0.00036400959965348967,0.00027576690886010056,-0.0004522522904468788,0.0004522522904468788,9.0
kaihāpai,-8.824269079338908e-05,0.00036400959965348967,0.00027576690886010056,-0.0004522522904468788,0.0004522522904468788,9.0
kaikaranga,-8.824269079338908e-05,0.00036400959965348967,0.00027576690886010056,-0.0004522522904468788,0.0004522522904468788,9.0
kaikawe,-8.824269079338908e-05,0.00036400959965348967,0.00027576690886010056,-0.0004522522904468788,0.0004522522904468788,10.0
kaikā,-8.824269079338908e-05,0.00036400959965348967,0.00027576690886010056,-0.0004522522904468788,0.0004522522904468788,11.0
kaikōrero,-8.824269079338908e-05,0.00036400959965348967,0.00027576690886010056,-0.0004522522904468788,0.0004522522904468788,25.0
kaimahi,-8.824269079338908e-05,0.00036400959965348967,0.00027576690886010056,-0.0004522522904468788,0.0004522522904468788,11.0
kaimau,-8.824269079338908e-05,0.00036400959965348967,0.00027576690886010056,-0.0004522522904468788,0.0004522522904468788,10.0
kaimoana,-8.824269079338908e-05,0.00036400959965348967,0.00027576690886010056,-0.0004522522904468788,0.0004522522904468788,9.0
kaingākau,-8.824269079338908e-05,0.00036400959965348967,0.00027576690886010056,-0.0004522522904468788,0.0004522522904468788,17.0
kaiopeope,-8.824269079338908e-05,0.00036400959965348967,0.00027576690886010056,-0.0004522522904468788,0.0004522522904468788,9.0
kaipara,-8.824269079338908e-05,0.00036400959965348967,0.00027576690886010056,-0.0004522522904468788,0.0004522522904468788,10.0
kaipatu,-8.824269079338908e-05,0.00036400959965348967,0.00027576690886010056,-0.0004522522904468788,0.0004522522904468788,10.0
kaipuke,-8.824269079338908e-05,0.00036400959965348967,0.00027576690886010056,-0.0004522522904468788,0.0004522522904468788,15.0
kaipupuri,-8.824269079338908e-05,0.00036400959965348967,0.00027576690886010056,-0.0004522522904468788,0.0004522522904468788,11.0
kaipānui,-8.824269079338908e-05,0.00036400959965348967,0.00027576690886010056,-0.0004522522904468788,0.0004522522904468788,9.0
kairīhi,-8.824269079338908e-05,0.00036400959965348967,0.00027576690886010056,-0.0004522522904468788,0.0004522522904468788,9.0
kairīpoata,-8.824269079338908e-05,0.00036400959965348967,0.00027576690886010056,-0.0004522522904468788,0.0004522522904468788,10.0
kaitaraihiti,-8.824269079338908e-05,0.00036400959965348967,0.00027576690886010056,-0.0004522522904468788,0.0004522522904468788,9.0
kaitari,-8.824269079338908e-05,0.00036400959965348967,0.00027576690886010056,-0.0004522522904468788,0.0004522522904468788,9.0
kaitiaki,-0.00013140522772345602,0.001084118444393003,0.0009527132166695471,-0.001215523672116459,0.001215523672116459,28.0
kaititiro,-8.824269079338908e-05,0.00036400959965348967,0.00027576690886010056,-0.0004522522904468788,0.0004522522904468788,9.0
kaitito,-8.824269079338908e-05,0.00036400959965348967,0.00027576690886010056,-0.0004522522904468788,0.0004522522904468788,9.0
kaitohutohu,-8.824269079338908e-05,0.00036400959965348967,0.00027576690886010056,-0.0004522522904468788,0.0004522522904468788,10.0
kaituhi,-8.824269079338908e-05,0.00036400959965348967,0.00027576690886010056,-0.0004522522904468788,0.0004522522904468788,9.0
kaitunu,-8.824269079338908e-05,0.00036400959965348967,0.00027576690886010056,-0.0004522522904468788,0.0004522522904468788,9.0
kaitā,-8.824269079338908e-05,0.00036400959965348967,0.00027576690886010056,-0.0004522522904468788,0.0004522522904468788,11.0
kaitākaro,-8.824269079338908e-05,0.00036400959965348967,0.00027576690886010056,-0.0004522522904468788,0.0004522522904468788,15.0
kaitātaki,-8.824269079338908e-05,0.00036400959965348967,0.00027576690886010056,-0.0004522522904468788,0.0004522522904468788,9.0
kaiwaiata,-8.824269079338908e-05,0.00036400959965348967,0.00027576690886010056,-0.0004522522904468788,0.0004522522904468788,9.0
kaiwero,-8.824269079338908e-05,0.00036400959965348967,0.00027576690886010056,-0.0004522522904468788,0.0004522522904468788,10.0
kaiwhakahaere,-0.00015665369326353727,0.0019386347239551593,0.0017819810306916222,-0.0020952884172186965,0.0020952884172186965,39.0
kaiwhakahaeretanga,-8.824269079338908e-05,0.00036400959965348967,0.00027576690886010056,-0.0004522522904468788,0.0004522522904468788,8.0
kaiwhakahau,-8.824269079338908e-05,0.00036400959965348967,0.00027576690886010056,-0.0004522522904468788,0.0004522522904468788,10.0
kaiwhakahē,-8.824269079338908e-05,0.00036400959965348967,0.00027576690886010056,-0.0004522522904468788,0.0004522522904468788,9.0
kaiwhakairo,-8.824269079338908e-05,0.00036400959965348967,0.00027576690886010056,-0.0004522522904468788,0.0004522522904468788,9.0
kaiwhakamārama,-8.824269079338908e-05,0.00036400959965348967,0.00027576690886010056,-0.0004522522904468788,0.0004522522904468788,9.0
kaiwhakamātautau,-8.824269079338908e-05,0.00036400959965348967,0.00027576690886010056,-0.0004522522904468788,0.0004522522904468788,9.0
kaiwhakaora,-8.824269079338908e-05,0.00036400959965348967,0.00027576690886010056,-0.0004522522904468788,0.0004522522904468788,9.0
kaiwhakarite,-8.824269079338908e-05,0.00036400959965348967,0.00027576690886010056,-0.0004522522904468788,0.0004522522904468788,10.0
kaiwhakatuwhera,-8.824269079338908e-05,0.00036400959965348967,0.00027576690886010056,-0.0004522522904468788,0.0004522522904468788,10.0
kaiwhakawā,-8.824269079338908e-05,0.00036400959965348967,0.00027576690886010056,-0.0004522522904468788,0.0004522522904468788,11.0
kaiwhiriwhiri,-8.824269079338908e-05,0.00036400959965348967,0.00027576690886010056,-0.0004522522904468788,0.0004522522904468788,10.0
kaiwhāngai,-8.824269079338908e-05,0.00036400959965348967,0.00027576690886010056,-0.0004522522904468788,0.0004522522904468788,9.0
kaiārahi,-0.00013140522772345602,0.001084118444393003,0.0009527132166695471,-0.001215523672116459,0.001215523672116459,20.0
kaiāwhina,-8.824269079338908e-05,0.00036400959965348967,0.00027576690886010056,-0.0004522522904468788,0.0004522522904468788,11.0
kakai,-8.824269079338908e-05,0.00036400959965348967,0.00027576690886010056,-0.0004522522904468788,0.0004522522904468788,9.0
kakama,-8.824269079338908e-05,0.00036400959965348967,0.00027576690886010056,-0.0004522522904468788,0.0004522522904468788,10.0
kakapa,-8.824269079338908e-05,0.00036400959965348967,0.00027576690886010056,-0.0004522522904468788,0.0004522522904468788,9.0
kakara,-8.824269079338908e-05,0.00036400959965348967,0.00027576690886010056,-0.0004522522904468788,0.0004522522904468788,15.0
kakau,-8.824269079338908e-05,0.00036400959965348967,0.00027576690886010056,-0.0004522522904468788,0.0004522522904468788,9.0
kake,0.0003299593599744944,-0.00017013926797554603,0.00015982009199894836,0.0005000986279500404,0.0005000986279500404,25.0
kakī,-8.824269079338908e-05,0.00036400959965348967,0.00027576690886010056,-0.0004522522904468788,0.0004522522904468788,13.0
kamakama,-9.016030772664425e-05,0.0001859599771104778,9.579966938383354e-05,-0.000276120284837122,0.000276120284837122,12.0
kame,-8.824269079338908e-05,0.00036400959965348967,0.00027576690886010056,-0.0004522522904468788,0.0004522522904468788,9.0
kamupene,-8.824269079338908e-05,0.00036400959965348967,0.00027576690886010056,-0.0004522522904468788,0.0004522522904468788,17.0
kanapa,-8.824269079338908e-05,0.00036400959965348967,0.00027576690886010056,-0.0004522522904468788,0.0004522522904468788,10.0
kanga,-8.824269079338908e-05,0.00036400959965348967,0.00027576690886010056,-0.0004522522904468788,0.0004522522904468788,11.0
kangakanga,-9.016030772664425e-05,0.0001859599771104778,9.579966938383354e-05,-0.000276120284837122,0.000276120284837122,9.0
kani,-8.824269079338908e-05,0.00036400959965348967,0.00027576690886010056,-0.0004522522904468788,0.0004522522904468788,10.0
kanohi,-8.824269079338908e-05,0.00036400959965348967,0.00027576690886010056,-0.0004522522904468788,0.0004522522904468788,40.0
kanohinohi,-8.824269079338908e-05,0.00036400959965348967,0.00027576690886010056,-0.0004522522904468788,0.0004522522904468788,9.0
kao,-8.824269079338908e-05,0.00036400959965348967,0.00027576690886010056,-0.0004522522904468788,0.0004522522904468788,9.0
kaokao,-8.824269079338908e-05,0.00036400959965348967,0.00027576690886010056,-0.0004522522904468788,0.0004522522904468788,9.0
kapa,-8.824269079338908e-05,0.00036400959965348967,0.00027576690886010056,-0.0004522522904468788,0.0004522522904468788,10.0
kape,-9.016030772664425e-05,0.0001859599771104778,9.579966938383354e-05,-0.000276120284837122,0.000276120284837122,14.0
kapehanga,-8.824269079338908e-05,0.00036400959965348967,0.00027576690886010056,-0.0004522522904468788,0.0004522522904468788,9.0
kapi,-7.162867057037615e-05,8.442147595975712e-05,1.2792805389380969e-05,-0.00015605014653013327,0.00015605014653013327,43.0
kapo,-0.00018898267575992358,0.000519714494396543,0.00033073181863661945,-0.0007086971701564666,0.0007086971701564666,20.0
kaporeihana,-8.824269079338908e-05,0.00036400959965348967,0.00027576690886010056,-0.0004522522904468788,0.0004522522904468788,11.0
kapu,-8.824269079338908e-05,0.00036400959965348967,0.00027576690886010056,-0.0004522522904468788,0.0004522522904468788,14.0
kapu-ā-rangi,-8.824269079338908e-05,0.00036400959965348967,0.00027576690886010056,-0.0004522522904468788,0.0004522522904468788,9.0
kapua,-8.824269079338908e-05,0.00036400959965348967,0.00027576690886010056,-0.0004522522904468788,0.0004522522904468788,11.0
kara,-8.824269079338908e-05,0.00036400959965348967,0.00027576690886010056,-0.0004522522904468788,0.0004522522904468788,20.0
karaehe,-8.824269079338908e-05,0.00036400959965348967,0.00027576690886010056,-0.0004522522904468788,0.0004522522904468788,11.0
karahipi,-8.824269079338908e-05,0.00036400959965348967,0.00027576690886010056,-0.0004522522904468788,0.0004522522904468788,9.0
karaipiture,-8.824269079338908e-05,0.00036400959965348967,0.00027576690886010056,-0.0004522522904468788,0.0004522522904468788,12.0
karakia,0.0012058292823194235,-0.00033161079621145,0.0008742184861079735,0.0015374400785308736,0.0015374400785308736,45.0
karamui,-9.016030772664425e-05,0.0001859599771104778,9.579966938383354e-05,-0.000276120284837122,0.000276120284837122,9.0
karamuimui,0.00013998509164095635,-9.62419978877523e-05,4.3743093753204044e-05,0.00023622708952870865,0.00023622708952870865,13.0
karanga,0.0019315460688940002,-0.0012072444838976233,0.000724301584996377,0.0031387905527916235,0.0031387905527916235,283.0
karangatanga,-8.824269079338908e-05,0.00036400959965348967,0.00027576690886010056,-0.0004522522904468788,0.0004522522904468788,10.0
karapoti,-9.016030772664425e-05,0.0001859599771104778,9.579966938383354e-05,-0.000276120284837122,0.000276120284837122,10.0
karapu,-8.824269079338908e-05,0.00036400959965348967,0.00027576690886010056,-0.0004522522904468788,0.0004522522904468788,13.0
kararehe,-8.824269079338908e-05,0.00036400959965348967,0.00027576690886010056,-0.0004522522904468788,0.0004522522904468788,9.0
karauna,-8.824269079338908e-05,0.00036400959965348967,0.00027576690886010056,-0.0004522522904468788,0.0004522522904468788,32.0
karawhiu,0.00013998509164095635,-9.62419978877523e-05,4.3743093753204044e-05,0.00023622708952870865,0.00023622708952870865,18.0
karawhiuwhiu,-8.824269079338908e-05,0.00036400959965348967,0.00027576690886010056,-0.0004522522904468788,0.0004522522904468788,14.0
kare,-8.824269079338908e-05,0.00036400959965348967,0.00027576690886010056,-0.0004522522904468788,0.0004522522904468788,10.0
karere,-8.824269079338908e-05,0.00036400959965348967,0.00027576690886010056,-0.0004522522904468788,0.0004522522904468788,23.0
kari,-8.824269079338908e-05,0.00036400959965348967,0.00027576690886010056,-0.0004522522904468788,0.0004522522904468788,8.0
karikari,-7.670467733020651e-06,7.910354567465878e-06,2.398868344452271e-07,-1.558082230048653e-05,1.558082230048653e-05,11.0
karo,-9.016030772664425e-05,0.0001859599771104778,9.579966938383354e-05,-0.000276120284837122,0.000276120284837122,13.0
karu,-8.824269079338908e-05,0.00036400959965348967,0.00027576690886010056,-0.0004522522904468788,0.0004522522904468788,10.0
kata,0.0014991037757200371,-0.00036376161638972023,0.0011353421593303169,0.0018628653921097574,0.0018628653921097574,26.0
katakata,5.988808175573361e-05,-4.940882121321992e-05,1.047926054251369e-05,0.00010929690296895353,0.00010929690296895353,17.0
kati,0.0037723194887993,-0.0007980092957198386,0.0029743101930794617,0.004570328784519139,0.004570328784519139,68.0
katikati,-8.824269079338908e-05,0.00036400959965348967,0.00027576690886010056,-0.0004522522904468788,0.0004522522904468788,9.0
katinga,-8.824269079338908e-05,0.00036400959965348967,0.00027576690886010056,-0.0004522522904468788,0.0004522522904468788,11.0
kau,-9.016030772664425e-05,0.0001859599771104778,9.579966938383354e-05,-0.000276120284837122,0.000276120284837122,12.0
kaua,-8.824269079338908e-05,0.00036400959965348967,0.00027576690886010056,-0.0004522522904468788,0.0004522522904468788,134.0
kauae,-8.824269079338908e-05,0.00036400959965348967,0.00027576690886010056,-0.0004522522904468788,0.0004522522904468788,12.0
kauaka,-8.824269079338908e-05,0.00036400959965348967,0.00027576690886010056,-0.0004522522904468788,0.0004522522904468788,9.0
kauhanga-nui,-8.824269079338908e-05,0.00036400959965348967,0.00027576690886010056,-0.0004522522904468788,0.0004522522904468788,9.0
kauhau,-8.824269079338908e-05,0.00036400959965348967,0.00027576690886010056,-0.0004522522904468788,0.0004522522904468788,20.0
kauhoe,-5.949506496972269e-05,8.180762465525959e-05,2.2312559685536902e-05,-0.00014130268962498228,0.00014130268962498228,11.0
kaukau,-7.670467733020651e-06,7.910354567465878e-06,2.398868344452271e-07,-1.558082230048653e-05,1.558082230048653e-05,15.0
kaumātua,-5.949506496972269e-05,8.180762465525959e-05,2.2312559685536902e-05,-0.00014130268962498228,0.00014130268962498228,41.0
kaunihera,-8.824269079338908e-05,0.00036400959965348967,0.00027576690886010056,-0.0004522522904468788,0.0004522522904468788,52.0
kaupapa,-8.824269079338908e-05,0.00036400959965348967,0.00027576690886010056,-0.0004522522904468788,0.0004522522904468788,307.0
kaute,-0.0001803206154532885,0.0003719199542209556,0.00019159933876766708,-0.000552240569674244,0.000552240569674244,25.0
kawa,5.988808175573361e-05,-4.940882121321992e-05,1.047926054251369e-05,0.00010929690296895353,0.00010929690296895353,28.0
kawau,-8.824269079338908e-05,0.00036400959965348967,0.00027576690886010056,-0.0004522522904468788,0.0004522522904468788,11.0
kawe,-0.0018768091470964198,0.004554128540400025,0.0026773193933036054,-0.006430937687496445,0.006430937687496445,125.0
kawenata,-8.824269079338908e-05,0.00036400959965348967,0.00027576690886010056,-0.0004522522904468788,0.0004522522904468788,17.0
kawenga,-8.824269079338908e-05,0.00036400959965348967,0.00027576690886010056,-0.0004522522904468788,0.0004522522904468788,9.0
kemokemo,-8.824269079338908e-05,0.00036400959965348967,0.00027576690886010056,-0.0004522522904468788,0.0004522522904468788,9.0
kere,-8.824269079338908e-05,0.00036400959965348967,0.00027576690886010056,-0.0004522522904468788,0.0004522522904468788,10.0
kereimi,-8.824269079338908e-05,0.00036400959965348967,0.00027576690886010056,-0.0004522522904468788,0.0004522522904468788,9.0
kererū,-8.824269079338908e-05,0.00036400959965348967,0.00027576690886010056,-0.0004522522904468788,0.0004522522904468788,9.0
keri,-9.016030772664425e-05,0.0001859599771104778,9.579966938383354e-05,-0.000276120284837122,0.000276120284837122,11.0
kerikeri,-5.949506496972269e-05,8.180762465525959e-05,2.2312559685536902e-05,-0.00014130268962498228,0.00014130268962498228,13.0
kerēme,-8.824269079338908e-05,0.00036400959965348967,0.00027576690886010056,-0.0004522522904468788,0.0004522522904468788,14.0
kerēmu,-0.00013140522772345602,0.001084118444393003,0.0009527132166695471,-0.001215523672116459,0.001215523672116459,9.0
kete,-8.824269079338908e-05,0.00036400959965348967,0.00027576690886010056,-0.0004522522904468788,0.0004522522904468788,18.0
kiki,-5.949506496972269e-05,8.180762465525959e-05,2.2312559685536902e-05,-0.00014130268962498228,0.00014130268962498228,13.0
kikingia,-8.824269079338908e-05,0.00036400959965348967,0.00027576690886010056,-0.0004522522904468788,0.0004522522904468788,9.0
kikino,-8.824269079338908e-05,0.00036400959965348967,0.00027576690886010056,-0.0004522522904468788,0.0004522522904468788,10.0
kikiri-o-te-rangi,-8.824269079338908e-05,0.00036400959965348967,0.00027576690886010056,-0.0004522522904468788,0.0004522522904468788,9.0
kiko,-8.824269079338908e-05,0.00036400959965348967,0.00027576690886010056,-0.0004522522904468788,0.0004522522904468788,14.0
kikokiko,-9.016030772664425e-05,0.0001859599771104778,9.579966938383354e-05,-0.000276120284837122,0.000276120284837122,9.0
kikī,-8.824269079338908e-05,0.00036400959965348967,0.00027576690886010056,-0.0004522522904468788,0.0004522522904468788,10.0
kimi,-0.0005170835067961637,0.0007419197476531649,0.0002248362408570012,-0.0012590032544493287,0.0012590032544493287,114.0
kimihanga,-8.824269079338908e-05,0.00036400959965348967,0.00027576690886010056,-0.0004522522904468788,0.0004522522904468788,9.0
kimikimi,-8.824269079338908e-05,0.00036400959965348967,0.00027576690886010056,-0.0004522522904468788,0.0004522522904468788,11.0
kino,0.00013998509164095635,-9.62419978877523e-05,4.3743093753204044e-05,0.00023622708952870865,0.00023622708952870865,23.0
kinokino,-8.824269079338908e-05,0.00036400959965348967,0.00027576690886010056,-0.0004522522904468788,0.0004522522904468788,9.0
kiore,-8.824269079338908e-05,0.00036400959965348967,0.00027576690886010056,-0.0004522522904468788,0.0004522522904468788,22.0
kiri,-0.00013140522772345602,0.001084118444393003,0.0009527132166695471,-0.001215523672116459,0.001215523672116459,13.0
kirimina,-8.824269079338908e-05,0.00036400959965348967,0.00027576690886010056,-0.0004522522904468788,0.0004522522904468788,10.0
kirīmi,-8.824269079338908e-05,0.00036400959965348967,0.00027576690886010056,-0.0004522522904468788,0.0004522522904468788,12.0
kita,-8.824269079338908e-05,0.00036400959965348967,0.00027576690886010056,-0.0004522522904468788,0.0004522522904468788,10.0
kite,0.10232626554631208,-0.005872774986214188,0.09645349056009789,0.10819904053252627,0.10819904053252627,1410.0
kiteatangahia,-8.824269079338908e-05,0.00036400959965348967,0.00027576690886010056,-0.0004522522904468788,0.0004522522904468788,12.0
kitekite,-9.016030772664425e-05,0.0001859599771104778,9.579966938383354e-05,-0.000276120284837122,0.000276120284837122,19.0
kitenga,-8.824269079338908e-05,0.00036400959965348967,0.00027576690886010056,-0.0004522522904468788,0.0004522522904468788,24.0
kitetanga,-8.824269079338908e-05,0.00036400959965348967,0.00027576690886010056,-0.0004522522904468788,0.0004522522904468788,12.0
kitā,-8.824269079338908e-05,0.00036400959965348967,0.00027576690886010056,-0.0004522522904468788,0.0004522522904468788,8.0
kiwifruit,-8.824269079338908e-05,0.00036400959965348967,0.00027576690886010056,-0.0004522522904468788,0.0004522522904468788,10.0
koa,0.0014991037757200371,-0.00036376161638972023,0.0011353421593303169,0.0018628653921097574,0.0018628653921097574,66.0
koakoa,-8.824269079338908e-05,0.00036400959965348967,0.00027576690886010056,-0.0004522522904468788,0.0004522522904468788,9.0
koata,-8.824269079338908e-05,0.00036400959965348967,0.00027576690886010056,-0.0004522522904468788,0.0004522522904468788,11.0
koemi,-8.824269079338908e-05,0.00036400959965348967,0.00027576690886010056,-0.0004522522904468788,0.0004522522904468788,9.0
koha,-0.00013140522772345602,0.001084118444393003,0.0009527132166695471,-0.001215523672116459,0.001215523672116459,14.0
kohete,-8.824269079338908e-05,0.00036400959965348967,0.00027576690886010056,-0.0004522522904468788,0.0004522522904468788,12.0
kohi,-0.00027048092317993275,0.0005578799313314334,0.0002873990081515006,-0.0008283608545113662,0.0008283608545113662,31.0
kohikohi,-0.00017848519490916813,0.0002454228739657789,6.693767905661076e-05,-0.00042390806887494705,0.00042390806887494705,36.0
kohinga,-8.824269079338908e-05,0.00036400959965348967,0.00027576690886010056,-0.0004522522904468788,0.0004522522904468788,10.0
kohu,-8.824269079338908e-05,0.00036400959965348967,0.00027576690886010056,-0.0004522522904468788,0.0004522522904468788,10.0
kohukohu,-5.949506496972269e-05,8.180762465525959e-05,2.2312559685536902e-05,-0.00014130268962498228,0.00014130268962498228,12.0
koi,-9.016030772664425e-05,0.0001859599771104778,9.579966938383354e-05,-0.000276120284837122,0.000276120284837122,12.0
koira,-8.824269079338908e-05,0.00036400959965348967,0.00027576690886010056,-0.0004522522904468788,0.0004522522904468788,10.0
koke,-8.824269079338908e-05,0.00036400959965348967,0.00027576690886010056,-0.0004522522904468788,0.0004522522904468788,10.0
koko-hinga,-8.824269079338908e-05,0.00036400959965348967,0.00027576690886010056,-0.0004522522904468788,0.0004522522904468788,10.0
kokonga,-8.824269079338908e-05,0.00036400959965348967,0.00027576690886010056,-0.0004522522904468788,0.0004522522904468788,9.0
komiti,-8.824269079338908e-05,0.00036400959965348967,0.00027576690886010056,-0.0004522522904468788,0.0004522522904468788,33.0
konei,-0.000174567764653523,0.002880435378958054,0.002705867614304531,-0.0030550031436115768,0.0030550031436115768,11.0
konohi,-8.824269079338908e-05,0.00036400959965348967,0.00027576690886010056,-0.0004522522904468788,0.0004522522904468788,10.0
konā,-0.00013140522772345602,0.001084118444393003,0.0009527132166695471,-0.001215523672116459,0.001215523672116459,9.0
koporeihana,-8.824269079338908e-05,0.00036400959965348967,0.00027576690886010056,-0.0004522522904468788,0.0004522522904468788,12.0
kore,0.012345429346830035,-0.0011982608294268356,0.011147168517403199,0.01354369017625687,0.01354369017625687,611.0
korekore,-8.824269079338908e-05,0.00036400959965348967,0.00027576690886010056,-0.0004522522904468788,0.0004522522904468788,10.0
korenga,-8.824269079338908e-05,0.00036400959965348967,0.00027576690886010056,-0.0004522522904468788,0.0004522522904468788,8.0
koreretanga,-8.824269079338908e-05,0.00036400959965348967,0.00027576690886010056,-0.0004522522904468788,0.0004522522904468788,9.0
koretake,-8.824269079338908e-05,0.00036400959965348967,0.00027576690886010056,-0.0004522522904468788,0.0004522522904468788,11.0
kori,-8.824269079338908e-05,0.00036400959965348967,0.00027576690886010056,-0.0004522522904468788,0.0004522522904468788,10.0
korikori,-8.824269079338908e-05,0.00036400959965348967,0.00027576690886010056,-0.0004522522904468788,0.0004522522904468788,17.0
korohuhū,-8.824269079338908e-05,0.00036400959965348967,0.00027576690886010056,-0.0004522522904468788,0.0004522522904468788,9.0
korokoro,-8.824269079338908e-05,0.00036400959965348967,0.00027576690886010056,-0.0004522522904468788,0.0004522522904468788,9.0
korokē,-8.824269079338908e-05,0.00036400959965348967,0.00027576690886010056,-0.0004522522904468788,0.0004522522904468788,9.0
koropiko,-9.016030772664425e-05,0.0001859599771104778,9.579966938383354e-05,-0.000276120284837122,0.000276120284837122,12.0
koropupū,-8.824269079338908e-05,0.00036400959965348967,0.00027576690886010056,-0.0004522522904468788,0.0004522522904468788,9.0
koroua,-8.824269079338908e-05,0.00036400959965348967,0.00027576690886010056,-0.0004522522904468788,0.0004522522904468788,41.0
korowai,-8.824269079338908e-05,0.00036400959965348967,0.00027576690886010056,-0.0004522522904468788,0.0004522522904468788,15.0
korowhiti,-8.824269079338908e-05,0.00036400959965348967,0.00027576690886010056,-0.0004522522904468788,0.0004522522904468788,9.0
koru,-8.824269079338908e-05,0.00036400959965348967,0.00027576690886010056,-0.0004522522904468788,0.0004522522904468788,9.0
koruru,-8.824269079338908e-05,0.00036400959965348967,0.00027576690886010056,-0.0004522522904468788,0.0004522522904468788,9.0
korōria,-8.824269079338908e-05,0.00036400959965348967,0.00027576690886010056,-0.0004522522904468788,0.0004522522904468788,12.0
kotahi,5.988808175573361e-05,-4.940882121321992e-05,1.047926054251369e-05,0.00010929690296895353,0.00010929690296895353,110.0
kotahitanga,-8.824269079338908e-05,0.00036400959965348967,0.00027576690886010056,-0.0004522522904468788,0.0004522522904468788,13.0
koti,-7.670467733020651e-06,7.910354567465878e-06,2.398868344452271e-07,-1.558082230048653e-05,1.558082230048653e-05,12.0
kotiti,-0.00018898267575992358,0.000519714494396543,0.00033073181863661945,-0.0007086971701564666,0.0007086971701564666,16.0
kou,-8.824269079338908e-05,0.00036400959965348967,0.00027576690886010056,-0.0004522522904468788,0.0004522522904468788,9.0
koukou,-9.016030772664425e-05,0.0001859599771104778,9.579966938383354e-05,-0.000276120284837122,0.000276120284837122,10.0
koura,-8.824269079338908e-05,0.00036400959965348967,0.00027576690886010056,-0.0004522522904468788,0.0004522522904468788,9.0
kuaka,-8.824269079338908e-05,0.00036400959965348967,0.00027576690886010056,-0.0004522522904468788,0.0004522522904468788,9.0
kuhu,0.0018584195551574222,-0.0005897045908094023,0.00126871496434802,0.0024481241459668244,0.0024481241459668244,89.0
kuhukuhu,-8.824269079338908e-05,0.00036400959965348967,0.00027576690886010056,-0.0004522522904468788,0.0004522522904468788,9.0
kui,-0.00013140522772345602,0.001084118444393003,0.0009527132166695471,-0.001215523672116459,0.001215523672116459,10.0
kuia,-0.00013140522772345602,0.001084118444393003,0.0009527132166695471,-0.001215523672116459,0.001215523672116459,36.0
kuini,-8.824269079338908e-05,0.00036400959965348967,0.00027576690886010056,-0.0004522522904468788,0.0004522522904468788,26.0
kuki,-8.824269079338908e-05,0.00036400959965348967,0.00027576690886010056,-0.0004522522904468788,0.0004522522904468788,11.0
kuku,-9.016030772664425e-05,0.0001859599771104778,9.579966938383354e-05,-0.000276120284837122,0.000276120284837122,10.0
kukume,-9.016030772664425e-05,0.0001859599771104778,9.579966938383354e-05,-0.000276120284837122,0.000276120284837122,15.0
kume,0.00023050908794009254,-0.00013583888456313335,9.46702033769592e-05,0.0003663479725032259,0.0003663479725032259,20.0
kumeatanga,-8.824269079338908e-05,0.00036400959965348967,0.00027576690886010056,-0.0004522522904468788,0.0004522522904468788,8.0
kumekume,-5.949506496972269e-05,8.180762465525959e-05,2.2312559685536902e-05,-0.00014130268962498228,0.00014130268962498228,11.0
kupenga,-8.824269079338908e-05,0.00036400959965348967,0.00027576690886010056,-0.0004522522904468788,0.0004522522904468788,13.0
kupu,-8.824269079338908e-05,0.00036400959965348967,0.00027576690886010056,-0.0004522522904468788,0.0004522522904468788,31.0
kura,-0.00015592460289460118,0.0002572816026595839,0.00010135699976498273,-0.00041320620555418506,0.00041320620555418506,118.0
kuratini,-8.824269079338908e-05,0.00036400959965348967,0.00027576690886010056,-0.0004522522904468788,0.0004522522904468788,11.0
kuruwhengu,-9.016030772664425e-05,0.0001859599771104778,9.579966938383354e-05,-0.000276120284837122,0.000276120284837122,9.0
kuruwhiku,-9.016030772664425e-05,0.0001859599771104778,9.579966938383354e-05,-0.000276120284837122,0.000276120284837122,9.0
kurī,-8.824269079338908e-05,0.00036400959965348967,0.00027576690886010056,-0.0004522522904468788,0.0004522522904468788,12.0
kurī-ā-paoa,-8.824269079338908e-05,0.00036400959965348967,0.00027576690886010056,-0.0004522522904468788,0.0004522522904468788,9.0
kuti,-8.824269079338908e-05,0.00036400959965348967,0.00027576690886010056,-0.0004522522904468788,0.0004522522904468788,10.0
kutikuti,-8.824269079338908e-05,0.00036400959965348967,0.00027576690886010056,-0.0004522522904468788,0.0004522522904468788,9.0
kā,-8.824269079338908e-05,0.00036400959965348967,0.00027576690886010056,-0.0004522522904468788,0.0004522522904468788,17.0
kāhaki,-7.670467733020651e-06,7.910354567465878e-06,2.398868344452271e-07,-1.558082230048653e-05,1.558082230048653e-05,19.0
kāhore,-8.824269079338908e-05,0.00036400959965348967,0.00027576690886010056,-0.0004522522904468788,0.0004522522904468788,9.0
kāhui,-8.824269079338908e-05,0.00036400959965348967,0.00027576690886010056,-0.0004522522904468788,0.0004522522904468788,11.0
kāinga,-8.824269079338908e-05,0.00036400959965348967,0.00027576690886010056,-0.0004522522904468788,0.0004522522904468788,48.0
kākahi,-5.949506496972269e-05,8.180762465525959e-05,2.2312559685536902e-05,-0.00014130268962498228,0.00014130268962498228,10.0
kākahu,-8.824269079338908e-05,0.00036400959965348967,0.00027576690886010056,-0.0004522522904468788,0.0004522522904468788,27.0
kākai,-8.824269079338908e-05,0.00036400959965348967,0.00027576690886010056,-0.0004522522904468788,0.0004522522904468788,9.0
kākano,-8.824269079338908e-05,0.00036400959965348967,0.00027576690886010056,-0.0004522522904468788,0.0004522522904468788,20.0
kākā,-8.824269079338908e-05,0.00036400959965348967,0.00027576690886010056,-0.0004522522904468788,0.0004522522904468788,9.0
kānataraka,-8.824269079338908e-05,0.00036400959965348967,0.00027576690886010056,-0.0004522522904468788,0.0004522522904468788,11.0
kānga,-8.824269079338908e-05,0.00036400959965348967,0.00027576690886010056,-0.0004522522904468788,0.0004522522904468788,9.0
kāore,-8.824269079338908e-05,0.00036400959965348967,0.00027576690886010056,-0.0004522522904468788,0.0004522522904468788,9.0
kāpene,-8.824269079338908e-05,0.00036400959965348967,0.00027576690886010056,-0.0004522522904468788,0.0004522522904468788,15.0
kāpuapua,-8.824269079338908e-05,0.00036400959965348967,0.00027576690886010056,-0.0004522522904468788,0.0004522522904468788,9.0
kāpō,-8.824269079338908e-05,0.00036400959965348967,0.00027576690886010056,-0.0004522522904468788,0.0004522522904468788,12.0
kārangirangi,-8.824269079338908e-05,0.00036400959965348967,0.00027576690886010056,-0.0004522522904468788,0.0004522522904468788,10.0
kāre,-9.016030772664425e-05,0.0001859599771104778,9.579966938383354e-05,-0.000276120284837122,0.000276120284837122,10.0
kāreti,-8.824269079338908e-05,0.00036400959965348967,0.00027576690886010056,-0.0004522522904468788,0.0004522522904468788,10.0
kārewa,-9.016030772664425e-05,0.0001859599771104778,9.579966938383354e-05,-0.000276120284837122,0.000276120284837122,9.0
kāuta,-8.824269079338908e-05,0.00036400959965348967,0.00027576690886010056,-0.0004522522904468788,0.0004522522904468788,9.0
kāwai,-8.824269079338908e-05,0.00036400959965348967,0.00027576690886010056,-0.0004522522904468788,0.0004522522904468788,11.0
kāwana,-0.00013140522772345602,0.001084118444393003,0.0009527132166695471,-0.001215523672116459,0.001215523672116459,54.0
kāwanatanga,-8.824269079338908e-05,0.00036400959965348967,0.00027576690886010056,-0.0004522522904468788,0.0004522522904468788,66.0
kāwhaki,-5.949506496972269e-05,8.180762465525959e-05,2.2312559685536902e-05,-0.00014130268962498228,0.00014130268962498228,10.0
kēkete,-8.824269079338908e-05,0.00036400959965348967,0.00027576690886010056,-0.0004522522904468788,0.0004522522904468788,9.0
kēkē,-8.824269079338908e-05,0.00036400959965348967,0.00027576690886010056,-0.0004522522904468788,0.0004522522904468788,9.0
kēmu,-8.824269079338908e-05,0.00036400959965348967,0.00027576690886010056,-0.0004522522904468788,0.0004522522904468788,31.0
kēti,-8.824269079338908e-05,0.00036400959965348967,0.00027576690886010056,-0.0004522522904468788,0.0004522522904468788,9.0
kī,0.009942020729987617,-0.005249509528786927,0.00469251120120069,0.015191530258774543,0.015191530258774543,671.0
kīanga,-8.824269079338908e-05,0.00036400959965348967,0.00027576690886010056,-0.0004522522904468788,0.0004522522904468788,10.0
kīhai,-9.016030772664425e-05,0.0001859599771104778,9.579966938383354e-05,-0.000276120284837122,0.000276120284837122,9.0
kīkī,-8.824269079338908e-05,0.00036400959965348967,0.00027576690886010056,-0.0004522522904468788,0.0004522522904468788,9.0
kīnaki,-0.00013140522772345602,0.001084118444393003,0.0009527132166695471,-0.001215523672116459,0.001215523672116459,12.0
kīngi,-8.824269079338908e-05,0.00036400959965348967,0.00027576690886010056,-0.0004522522904468788,0.0004522522904468788,11.0
kīngitanga,-8.824269079338908e-05,0.00036400959965348967,0.00027576690886010056,-0.0004522522904468788,0.0004522522904468788,14.0
kō,-8.824269079338908e-05,0.00036400959965348967,0.00027576690886010056,-0.0004522522904468788,0.0004522522904468788,9.0
kōanga,-8.824269079338908e-05,0.00036400959965348967,0.00027576690886010056,-0.0004522522904468788,0.0004522522904468788,10.0
kōauau,-8.824269079338908e-05,0.00036400959965348967,0.00027576690886010056,-0.0004522522904468788,0.0004522522904468788,9.0
kōemiemi,-8.824269079338908e-05,0.00036400959965348967,0.00027576690886010056,-0.0004522522904468788,0.0004522522904468788,9.0
kōhamo,-8.824269079338908e-05,0.00036400959965348967,0.00027576690886010056,-0.0004522522904468788,0.0004522522904468788,10.0
kōhanga,-8.824269079338908e-05,0.00036400959965348967,0.00027576690886010056,-0.0004522522904468788,0.0004522522904468788,20.0
kōhao,-8.824269079338908e-05,0.00036400959965348967,0.00027576690886010056,-0.0004522522904468788,0.0004522522904468788,9.0
kōhatu,-9.016030772664425e-05,0.0001859599771104778,9.579966938383354e-05,-0.000276120284837122,0.000276120284837122,17.0
kōhue,-8.824269079338908e-05,0.00036400959965348967,0.00027576690886010056,-0.0004522522904468788,0.0004522522904468788,9.0
kōhungahunga,-8.824269079338908e-05,0.00036400959965348967,0.00027576690886010056,-0.0004522522904468788,0.0004522522904468788,9.0
kōhuru,-0.0003325054287248774,0.004800659229289705,0.004468153800564828,-0.005133164658014582,0.005133164658014582,18.0
kōhūhū,-8.824269079338908e-05,0.00036400959965348967,0.00027576690886010056,-0.0004522522904468788,0.0004522522904468788,10.0
kōingo,-8.824269079338908e-05,0.00036400959965348967,0.00027576690886010056,-0.0004522522904468788,0.0004522522904468788,9.0
kōkiri,-0.00037173728754493607,0.0012267616954912154,0.0008550244079462794,-0.0015984989830361515,0.0015984989830361515,40.0
kōkōtanga,-8.824269079338908e-05,0.00036400959965348967,0.00027576690886010056,-0.0004522522904468788,0.0004522522904468788,10.0
kōmihana,-8.824269079338908e-05,0.00036400959965348967,0.00027576690886010056,-0.0004522522904468788,0.0004522522904468788,22.0
kōnui,-8.824269079338908e-05,0.00036400959965348967,0.00027576690886010056,-0.0004522522904468788,0.0004522522904468788,8.0
kōpaki,-8.824269079338908e-05,0.00036400959965348967,0.00027576690886010056,-0.0004522522904468788,0.0004522522904468788,13.0
kōpū,-8.824269079338908e-05,0.00036400959965348967,0.00027576690886010056,-0.0004522522904468788,0.0004522522904468788,9.0
kōrero,-0.001139858636600357,0.0012282845191427508,8.842588254239381e-05,-0.0023681431557431077,0.0023681431557431077,992.0
kōrerorero,0.00023050908794009254,-0.00013583888456313335,9.46702033769592e-05,0.0003663479725032259,0.0003663479725032259,23.0
kōrerotanga,-8.824269079338908e-05,0.00036400959965348967,0.00027576690886010056,-0.0004522522904468788,0.0004522522904468788,12.0
kōroiroi,-8.824269079338908e-05,0.00036400959965348967,0.00027576690886010056,-0.0004522522904468788,0.0004522522904468788,8.0
kōrorirori,-5.949506496972269e-05,8.180762465525959e-05,2.2312559685536902e-05,-0.00014130268962498228,0.00014130268962498228,10.0
kōti,-8.824269079338908e-05,0.00036400959965348967,0.00027576690886010056,-0.0004522522904468788,0.0004522522904468788,30.0
kōtiro,-8.824269079338908e-05,0.00036400959965348967,0.00027576690886010056,-0.0004522522904468788,0.0004522522904468788,9.0
kōtore,-8.824269079338908e-05,0.00036400959965348967,0.00027576690886010056,-0.0004522522904468788,0.0004522522904468788,9.0
kōura,-8.824269079338908e-05,0.00036400959965348967,0.00027576690886010056,-0.0004522522904468788,0.0004522522904468788,9.0
kōwae,-8.824269079338908e-05,0.00036400959965348967,0.00027576690886010056,-0.0004522522904468788,0.0004522522904468788,9.0
kōwhaiwhaitanga,-8.824269079338908e-05,0.00036400959965348967,0.00027576690886010056,-0.0004522522904468788,0.0004522522904468788,9.0
kōwhaki,-7.670467733020651e-06,7.910354567465878e-06,2.398868344452271e-07,-1.558082230048653e-05,1.558082230048653e-05,11.0
kū,-8.824269079338908e-05,0.00036400959965348967,0.00027576690886010056,-0.0004522522904468788,0.0004522522904468788,9.0
kūare,-9.016030772664425e-05,0.0001859599771104778,9.579966938383354e-05,-0.000276120284837122,0.000276120284837122,20.0
kūaretanga,-8.824269079338908e-05,0.00036400959965348967,0.00027576690886010056,-0.0004522522904468788,0.0004522522904468788,9.0
kūkū,-8.824269079338908e-05,0.00036400959965348967,0.00027576690886010056,-0.0004522522904468788,0.0004522522904468788,9.0
kūpapa,-8.824269079338908e-05,0.00036400959965348967,0.00027576690886010056,-0.0004522522904468788,0.0004522522904468788,9.0
kūpeke,-8.824269079338908e-05,0.00036400959965348967,0.00027576690886010056,-0.0004522522904468788,0.0004522522904468788,11.0
kūrararirari,-9.016030772664425e-05,0.0001859599771104778,9.579966938383354e-05,-0.000276120284837122,0.000276120284837122,9.0
kūrarirari,-9.016030772664425e-05,0.0001859599771104778,9.579966938383354e-05,-0.000276120284837122,0.000276120284837122,9.0
league,-8.824269079338908e-05,0.00036400959965348967,0.00027576690886010056,-0.0004522522904468788,0.0004522522904468788,9.0
local,-8.824269079338908e-05,0.00036400959965348967,0.00027576690886010056,-0.0004522522904468788,0.0004522522904468788,11.0
maeko,-8.824269079338908e-05,0.00036400959965348967,0.00027576690886010056,-0.0004522522904468788,0.0004522522904468788,9.0
maha,0.0004610181758801851,-0.0002716777691262667,0.0001893404067539184,0.0007326959450064518,0.0007326959450064518,142.0
mahana,-9.016030772664425e-05,0.0001859599771104778,9.579966938383354e-05,-0.000276120284837122,0.000276120284837122,24.0
mahanatanga,-8.824269079338908e-05,0.00036400959965348967,0.00027576690886010056,-0.0004522522904468788,0.0004522522904468788,9.0
mahara,0.001966053804225613,-0.0004055080662992437,0.0015605457379263693,0.0023715618705248565,0.0023715618705248565,95.0
maharatanga,-8.824269079338908e-05,0.00036400959965348967,0.00027576690886010056,-0.0004522522904468788,0.0004522522904468788,10.0
mahau,-8.824269079338908e-05,0.00036400959965348967,0.00027576690886010056,-0.0004522522904468788,0.0004522522904468788,15.0
mahea,-9.016030772664425e-05,0.0001859599771104778,9.579966938383354e-05,-0.000276120284837122,0.000276120284837122,16.0
mahi,-0.0019506247745975638,0.0025270047398062777,0.0005763799652087139,-0.004477629514403841,0.004477629514403841,766.0
mahinga,-8.824269079338908e-05,0.00036400959965348967,0.00027576690886010056,-0.0004522522904468788,0.0004522522904468788,11.0
mahue,0.0031587385486604976,-0.00048259632534120055,0.002676142223319297,0.0036413348740016982,0.0036413348740016982,83.0
mahuta,-9.016030772664425e-05,0.0001859599771104778,9.579966938383354e-05,-0.000276120284837122,0.000276120284837122,9.0
maioha,-8.824269079338908e-05,0.00036400959965348967,0.00027576690886010056,-0.0004522522904468788,0.0004522522904468788,9.0
maita,-8.824269079338908e-05,0.00036400959965348967,0.00027576690886010056,-0.0004522522904468788,0.0004522522904468788,9.0
maka,0.00013998509164095635,-9.62419978877523e-05,4.3743093753204044e-05,0.00023622708952870865,0.00023622708952870865,18.0
makamaka,-5.949506496972269e-05,8.180762465525959e-05,2.2312559685536902e-05,-0.00014130268962498228,0.00014130268962498228,10.0
makariri,-8.824269079338908e-05,0.00036400959965348967,0.00027576690886010056,-0.0004522522904468788,0.0004522522904468788,10.0
makere,0.00013998509164095635,-9.62419978877523e-05,4.3743093753204044e-05,0.00023622708952870865,0.00023622708952870865,47.0
mamae,5.988808175573361e-05,-4.940882121321992e-05,1.047926054251369e-05,0.00010929690296895353,0.00010929690296895353,41.0
mamaetanga,-8.824269079338908e-05,0.00036400959965348967,0.00027576690886010056,-0.0004522522904468788,0.0004522522904468788,13.0
mamaha,-8.824269079338908e-05,0.00036400959965348967,0.00027576690886010056,-0.0004522522904468788,0.0004522522904468788,9.0
mamao,-8.824269079338908e-05,0.00036400959965348967,0.00027576690886010056,-0.0004522522904468788,0.0004522522904468788,9.0
mana,0.00013998509164095635,-9.62419978877523e-05,4.3743093753204044e-05,0.00023622708952870865,0.00023622708952870865,349.0
manaaki,-0.0012219743525746611,0.020163047652706375,0.018941073300131714,-0.021385022005281036,0.021385022005281036,90.0
manaakitanga,-8.824269079338908e-05,0.00036400959965348967,0.00027576690886010056,-0.0004522522904468788,0.0004522522904468788,9.0
manahau,-8.824269079338908e-05,0.00036400959965348967,0.00027576690886010056,-0.0004522522904468788,0.0004522522904468788,10.0
manako,-7.670467733020651e-06,7.910354567465878e-06,2.398868344452271e-07,-1.558082230048653e-05,1.558082230048653e-05,14.0
manatū,-8.824269079338908e-05,0.00036400959965348967,0.00027576690886010056,-0.0004522522904468788,0.0004522522904468788,10.0
manawa,-8.824269079338908e-05,0.00036400959965348967,0.00027576690886010056,-0.0004522522904468788,0.0004522522904468788,22.0
manawanui,-8.824269079338908e-05,0.00036400959965348967,0.00027576690886010056,-0.0004522522904468788,0.0004522522904468788,11.0
manawapā,-8.824269079338908e-05,0.00036400959965348967,0.00027576690886010056,-0.0004522522904468788,0.0004522522904468788,16.0
mane,-8.824269079338908e-05,0.00036400959965348967,0.00027576690886010056,-0.0004522522904468788,0.0004522522904468788,11.0
manene,-8.824269079338908e-05,0.00036400959965348967,0.00027576690886010056,-0.0004522522904468788,0.0004522522904468788,10.0
manga,-8.824269079338908e-05,0.00036400959965348967,0.00027576690886010056,-0.0004522522904468788,0.0004522522904468788,9.0
mangungu,-8.824269079338908e-05,0.00036400959965348967,0.00027576690886010056,-0.0004522522904468788,0.0004522522904468788,9.0
manini,-8.824269079338908e-05,0.00036400959965348967,0.00027576690886010056,-0.0004522522904468788,0.0004522522904468788,8.0
mano,-8.824269079338908e-05,0.00036400959965348967,0.00027576690886010056,-0.0004522522904468788,0.0004522522904468788,15.0
manu,-8.824269079338908e-05,0.00036400959965348967,0.00027576690886010056,-0.0004522522904468788,0.0004522522904468788,19.0
manuhiri,-8.824269079338908e-05,0.00036400959965348967,0.00027576690886010056,-0.0004522522904468788,0.0004522522904468788,13.0
maoa,-5.949506496972269e-05,8.180762465525959e-05,2.2312559685536902e-05,-0.00014130268962498228,0.00014130268962498228,13.0
mara,-5.949506496972269e-05,8.180762465525959e-05,2.2312559685536902e-05,-0.00014130268962498228,0.00014130268962498228,11.0
marae,-8.824269079338908e-05,0.00036400959965348967,0.00027576690886010056,-0.0004522522904468788,0.0004522522904468788,177.0
marama,-8.824269079338908e-05,0.00036400959965348967,0.00027576690886010056,-0.0004522522904468788,0.0004522522904468788,59.0
maramataka,-8.824269079338908e-05,0.00036400959965348967,0.00027576690886010056,-0.0004522522904468788,0.0004522522904468788,10.0
maranga,-9.016030772664425e-05,0.0001859599771104778,9.579966938383354e-05,-0.000276120284837122,0.000276120284837122,9.0
marangai,-8.824269079338908e-05,0.00036400959965348967,0.00027576690886010056,-0.0004522522904468788,0.0004522522904468788,11.0
marara,-8.824269079338908e-05,0.00036400959965348967,0.00027576690886010056,-0.0004522522904468788,0.0004522522904468788,18.0
marautanga,-8.824269079338908e-05,0.00036400959965348967,0.00027576690886010056,-0.0004522522904468788,0.0004522522904468788,9.0
maremare,-8.824269079338908e-05,0.00036400959965348967,0.00027576690886010056,-0.0004522522904468788,0.0004522522904468788,10.0
marere,-8.824269079338908e-05,0.00036400959965348967,0.00027576690886010056,-0.0004522522904468788,0.0004522522904468788,9.0
mareti,-8.824269079338908e-05,0.00036400959965348967,0.00027576690886010056,-0.0004522522904468788,0.0004522522904468788,9.0
maringi,-5.949506496972269e-05,8.180762465525959e-05,2.2312559685536902e-05,-0.00014130268962498228,0.00014130268962498228,15.0
marino,-8.824269079338908e-05,0.00036400959965348967,0.00027576690886010056,-0.0004522522904468788,0.0004522522904468788,17.0
maro,-8.824269079338908e-05,0.00036400959965348967,0.00027576690886010056,-0.0004522522904468788,0.0004522522904468788,10.0
maroke,-5.949506496972269e-05,8.180762465525959e-05,2.2312559685536902e-05,-0.00014130268962498228,0.00014130268962498228,13.0
maru,-8.824269079338908e-05,0.00036400959965348967,0.00027576690886010056,-0.0004522522904468788,0.0004522522904468788,67.0
marumaru,-8.824269079338908e-05,0.00036400959965348967,0.00027576690886010056,-0.0004522522904468788,0.0004522522904468788,11.0
marū,-8.824269079338908e-05,0.00036400959965348967,0.00027576690886010056,-0.0004522522904468788,0.0004522522904468788,9.0
mata,-9.016030772664425e-05,0.0001859599771104778,9.579966938383354e-05,-0.000276120284837122,0.000276120284837122,43.0
mataara,-9.016030772664425e-05,0.0001859599771104778,9.579966938383354e-05,-0.000276120284837122,0.000276120284837122,25.0
matakite,-9.016030772664425e-05,0.0001859599771104778,9.579966938383354e-05,-0.000276120284837122,0.000276120284837122,10.0
mataku,5.988808175573361e-05,-4.940882121321992e-05,1.047926054251369e-05,0.00010929690296895353,0.00010929690296895353,35.0
matapihi,-8.824269079338908e-05,0.00036400959965348967,0.00027576690886010056,-0.0004522522904468788,0.0004522522904468788,9.0
matapiko,-8.824269079338908e-05,0.00036400959965348967,0.00027576690886010056,-0.0004522522904468788,0.0004522522904468788,9.0
matatau,-7.670467733020651e-06,7.910354567465878e-06,2.398868344452271e-07,-1.558082230048653e-05,1.558082230048653e-05,62.0
matau,-8.824269079338908e-05,0.00036400959965348967,0.00027576690886010056,-0.0004522522904468788,0.0004522522904468788,12.0
mate,0.01403307403206949,-0.0007517893784748647,0.013281284653594625,0.014784863410544356,0.014784863410544356,185.0
matekai,-8.824269079338908e-05,0.00036400959965348967,0.00027576690886010056,-0.0004522522904468788,0.0004522522904468788,10.0
matemate,0.0007979206264427162,-0.0002742916204307642,0.0005236290060119521,0.0010722122468734803,0.0010722122468734803,34.0
matemateao,-8.824269079338908e-05,0.00036400959965348967,0.00027576690886010056,-0.0004522522904468788,0.0004522522904468788,9.0
matenga,-8.824269079338908e-05,0.00036400959965348967,0.00027576690886010056,-0.0004522522904468788,0.0004522522904468788,29.0
matetanga,-8.824269079338908e-05,0.00036400959965348967,0.00027576690886010056,-0.0004522522904468788,0.0004522522904468788,11.0
matika,-9.016030772664425e-05,0.0001859599771104778,9.579966938383354e-05,-0.000276120284837122,0.000276120284837122,9.0
matora,-8.824269079338908e-05,0.00036400959965348967,0.00027576690886010056,-0.0004522522904468788,0.0004522522904468788,9.0
matua,-8.824269079338908e-05,0.00036400959965348967,0.00027576690886010056,-0.0004522522904468788,0.0004522522904468788,18.0
matā,-8.824269079338908e-05,0.00036400959965348967,0.00027576690886010056,-0.0004522522904468788,0.0004522522904468788,16.0
matū,-8.824269079338908e-05,0.00036400959965348967,0.00027576690886010056,-0.0004522522904468788,0.0004522522904468788,9.0
mau,0.016458813638335738,-0.005267652802913943,0.011191160835421795,0.021726466441249682,0.021726466441249682,596.0
mauhere,-9.016030772664425e-05,0.0001859599771104778,9.579966938383354e-05,-0.000276120284837122,0.000276120284837122,22.0
mauherehere,-8.824269079338908e-05,0.00036400959965348967,0.00027576690886010056,-0.0004522522904468788,0.0004522522904468788,9.0
maumahara,-7.162867057037615e-05,8.442147595975712e-05,1.2792805389380969e-05,-0.00015605014653013327,0.00015605014653013327,61.0
maumaharatanga,-8.824269079338908e-05,0.00036400959965348967,0.00027576690886010056,-0.0004522522904468788,0.0004522522904468788,9.0
maumau,-9.016030772664425e-05,0.0001859599771104778,9.579966938383354e-05,-0.000276120284837122,0.000276120284837122,11.0
maunga,-8.824269079338908e-05,0.00036400959965348967,0.00027576690886010056,-0.0004522522904468788,0.0004522522904468788,31.0
maunu,-7.670467733020651e-06,7.910354567465878e-06,2.398868344452271e-07,-1.558082230048653e-05,1.558082230048653e-05,12.0
mauri,-8.824269079338908e-05,0.00036400959965348967,0.00027576690886010056,-0.0004522522904468788,0.0004522522904468788,42.0
mautanga,-8.824269079338908e-05,0.00036400959965348967,0.00027576690886010056,-0.0004522522904468788,0.0004522522904468788,12.0
mawehe,-8.824269079338908e-05,0.00036400959965348967,0.00027576690886010056,-0.0004522522904468788,0.0004522522904468788,9.0
mc,-8.824269079338908e-05,0.00036400959965348967,0.00027576690886010056,-0.0004522522904468788,0.0004522522904468788,9.0
mea,0.020467263248778386,-0.00411850889980305,0.016348754348975335,0.024585772148581438,0.024585772148581438,1116.0
meahia,-8.824269079338908e-05,0.00036400959965348967,0.00027576690886010056,-0.0004522522904468788,0.0004522522904468788,11.0
meke,-5.949506496972269e-05,8.180762465525959e-05,2.2312559685536902e-05,-0.00014130268962498228,0.00014130268962498228,10.0
mekemeke,-9.016030772664425e-05,0.0001859599771104778,9.579966938383354e-05,-0.000276120284837122,0.000276120284837122,9.0
mema,-0.00013140522772345602,0.001084118444393003,0.0009527132166695471,-0.001215523672116459,0.001215523672116459,27.0
memeha,-9.016030772664425e-05,0.0001859599771104778,9.579966938383354e-05,-0.000276120284837122,0.000276120284837122,13.0
mene,-8.824269079338908e-05,0.00036400959965348967,0.00027576690886010056,-0.0004522522904468788,0.0004522522904468788,23.0
menetia,-8.824269079338908e-05,0.00036400959965348967,0.00027576690886010056,-0.0004522522904468788,0.0004522522904468788,9.0
mere,-8.824269079338908e-05,0.00036400959965348967,0.00027576690886010056,-0.0004522522904468788,0.0004522522904468788,9.0
mihi,0.009844526165513828,-0.0017656355966895604,0.008078890568824267,0.011610161762203388,0.011610161762203388,526.0
mihimihi,-5.949506496972269e-05,8.180762465525959e-05,2.2312559685536902e-05,-0.00014130268962498228,0.00014130268962498228,11.0
mikirapu,-8.824269079338908e-05,0.00036400959965348967,0.00027576690886010056,-0.0004522522904468788,0.0004522522904468788,9.0
mimi,-9.016030772664425e-05,0.0001859599771104778,9.579966938383354e-05,-0.000276120284837122,0.000276120284837122,13.0
mimiti,-5.949506496972269e-05,8.180762465525959e-05,2.2312559685536902e-05,-0.00014130268962498228,0.00014130268962498228,13.0
mince,-8.824269079338908e-05,0.00036400959965348967,0.00027576690886010056,-0.0004522522904468788,0.0004522522904468788,9.0
minenga,-8.824269079338908e-05,0.00036400959965348967,0.00027576690886010056,-0.0004522522904468788,0.0004522522904468788,10.0
minita,-8.824269079338908e-05,0.00036400959965348967,0.00027576690886010056,-0.0004522522904468788,0.0004522522904468788,91.0
miraka,-5.949506496972269e-05,8.180762465525959e-05,2.2312559685536902e-05,-0.00014130268962498228,0.00014130268962498228,13.0
miri,-5.949506496972269e-05,8.180762465525959e-05,2.2312559685536902e-05,-0.00014130268962498228,0.00014130268962498228,10.0
mirimiri,-8.824269079338908e-05,0.00036400959965348967,0.00027576690886010056,-0.0004522522904468788,0.0004522522904468788,15.0
miro,-8.824269079338908e-05,0.00036400959965348967,0.00027576690886010056,-0.0004522522904468788,0.0004522522904468788,11.0
mita,-8.824269079338908e-05,0.00036400959965348967,0.00027576690886010056,-0.0004522522904468788,0.0004522522904468788,18.0
mmp,-8.824269079338908e-05,0.00036400959965348967,0.00027576690886010056,-0.0004522522904468788,0.0004522522904468788,9.0
moana,-8.824269079338908e-05,0.00036400959965348967,0.00027576690886010056,-0.0004522522904468788,0.0004522522904468788,38.0
moana-nui-ā-kiwa,-8.824269079338908e-05,0.00036400959965348967,0.00027576690886010056,-0.0004522522904468788,0.0004522522904468788,12.0
moari,-5.949506496972269e-05,8.180762465525959e-05,2.2312559685536902e-05,-0.00014130268962498228,0.00014130268962498228,10.0
moe,0.02796185841469463,-0.0020236027971103376,0.02593825561758429,0.029985461211804967,0.029985461211804967,248.0
moemoe,-0.0001803206154532885,0.0003719199542209556,0.00019159933876766708,-0.000552240569674244,0.000552240569674244,16.0
moemoeā,-9.016030772664425e-05,0.0001859599771104778,9.579966938383354e-05,-0.000276120284837122,0.000276120284837122,13.0
moenga,-8.824269079338908e-05,0.00036400959965348967,0.00027576690886010056,-0.0004522522904468788,0.0004522522904468788,12.0
moetanga,-8.824269079338908e-05,0.00036400959965348967,0.00027576690886010056,-0.0004522522904468788,0.0004522522904468788,10.0
moka,-8.824269079338908e-05,0.00036400959965348967,0.00027576690886010056,-0.0004522522904468788,0.0004522522904468788,11.0
moke,-8.824269079338908e-05,0.00036400959965348967,0.00027576690886010056,-0.0004522522904468788,0.0004522522904468788,9.0
mokemoke,-9.016030772664425e-05,0.0001859599771104778,9.579966938383354e-05,-0.000276120284837122,0.000276120284837122,10.0
moko,-8.824269079338908e-05,0.00036400959965348967,0.00027576690886010056,-0.0004522522904468788,0.0004522522904468788,11.0
mokopuna,-8.824269079338908e-05,0.00036400959965348967,0.00027576690886010056,-0.0004522522904468788,0.0004522522904468788,26.0
momi,-7.670467733020651e-06,7.910354567465878e-06,2.398868344452271e-07,-1.558082230048653e-05,1.558082230048653e-05,11.0
momo,-8.824269079338908e-05,0.00036400959965348967,0.00027576690886010056,-0.0004522522904468788,0.0004522522904468788,9.0
momoe,-8.824269079338908e-05,0.00036400959965348967,0.00027576690886010056,-0.0004522522904468788,0.0004522522904468788,9.0
moni,-8.824269079338908e-05,0.00036400959965348967,0.00027576690886010056,-0.0004522522904468788,0.0004522522904468788,25.0
more,-8.824269079338908e-05,0.00036400959965348967,0.00027576690886010056,-0.0004522522904468788,0.0004522522904468788,10.0
morimori,-0.00013140522772345602,0.001084118444393003,0.0009527132166695471,-0.001215523672116459,0.001215523672116459,9.0
moss,-8.824269079338908e-05,0.00036400959965348967,0.00027576690886010056,-0.0004522522904468788,0.0004522522904468788,9.0
motu,-9.016030772664425e-05,0.0001859599771104778,9.579966938383354e-05,-0.000276120284837122,0.000276120284837122,28.0
motu-ngangara,-0.00013140522772345602,0.001084118444393003,0.0009527132166695471,-0.001215523672116459,0.001215523672116459,9.0
motukā,-8.824269079338908e-05,0.00036400959965348967,0.00027576690886010056,-0.0004522522904468788,0.0004522522904468788,9.0
motumotu,-8.824269079338908e-05,0.00036400959965348967,0.00027576690886010056,-0.0004522522904468788,0.0004522522904468788,9.0
moumou,5.988808175573361e-05,-4.940882121321992e-05,1.047926054251369e-05,0.00010929690296895353,0.00010929690296895353,21.0
moutere,-8.824269079338908e-05,0.00036400959965348967,0.00027576690886010056,-0.0004522522904468788,0.0004522522904468788,39.0
mua,-8.824269079338908e-05,0.00036400959965348967,0.00027576690886010056,-0.0004522522904468788,0.0004522522904468788,10.0
mui,-5.949506496972269e-05,8.180762465525959e-05,2.2312559685536902e-05,-0.00014130268962498228,0.00014130268962498228,21.0
muku,-0.00013140522772345602,0.001084118444393003,0.0009527132166695471,-0.001215523672116459,0.001215523672116459,12.0
mura,-9.016030772664425e-05,0.0001859599771104778,9.579966938383354e-05,-0.000276120284837122,0.000276120284837122,26.0
muramura,-8.824269079338908e-05,0.00036400959965348967,0.00027576690886010056,-0.0004522522904468788,0.0004522522904468788,13.0
muru,-0.0003942156831703681,0.0032523553331790093,0.002858139650008641,-0.0036465710163493775,0.0036465710163493775,21.0
murunga,-8.824269079338908e-05,0.00036400959965348967,0.00027576690886010056,-0.0004522522904468788,0.0004522522904468788,9.0
mutu,0.05509686395874688,-0.0010237832032934098,0.05407308075545347,0.056120647162040294,0.056120647162040294,528.0
mutumutu,-8.824269079338908e-05,0.00036400959965348967,0.00027576690886010056,-0.0004522522904468788,0.0004522522904468788,9.0
mutunga,-8.824269079338908e-05,0.00036400959965348967,0.00027576690886010056,-0.0004522522904468788,0.0004522522904468788,102.0
muturanga,-8.824269079338908e-05,0.00036400959965348967,0.00027576690886010056,-0.0004522522904468788,0.0004522522904468788,13.0
mututanga,-8.824269079338908e-05,0.00036400959965348967,0.00027576690886010056,-0.0004522522904468788,0.0004522522904468788,20.0
mā,-9.016030772664425e-05,0.0001859599771104778,9.579966938383354e-05,-0.000276120284837122,0.000276120284837122,11.0
māeneene,-8.824269079338908e-05,0.00036400959965348967,0.00027576690886010056,-0.0004522522904468788,0.0004522522904468788,13.0
māharahara,-9.016030772664425e-05,0.0001859599771104778,9.579966938383354e-05,-0.000276120284837122,0.000276120284837122,37.0
māhia,-8.824269079338908e-05,0.00036400959965348967,0.00027576690886010056,-0.0004522522904468788,0.0004522522904468788,12.0
māhita,-8.824269079338908e-05,0.00036400959965348967,0.00027576690886010056,-0.0004522522904468788,0.0004522522904468788,11.0
māhorahora,-9.016030772664425e-05,0.0001859599771104778,9.579966938383354e-05,-0.000276120284837122,0.000276120284837122,9.0
māhunga,-8.824269079338908e-05,0.00036400959965348967,0.00027576690886010056,-0.0004522522904468788,0.0004522522904468788,13.0
māhū,-8.824269079338908e-05,0.00036400959965348967,0.00027576690886010056,-0.0004522522904468788,0.0004522522904468788,8.0
māia,-7.670467733020651e-06,7.910354567465878e-06,2.398868344452271e-07,-1.558082230048653e-05,1.558082230048653e-05,17.0
māiatanga,-8.824269079338908e-05,0.00036400959965348967,0.00027576690886010056,-0.0004522522904468788,0.0004522522904468788,9.0
māka,-8.824269079338908e-05,0.00036400959965348967,0.00027576690886010056,-0.0004522522904468788,0.0004522522904468788,11.0
mākū,-8.824269079338908e-05,0.00036400959965348967,0.00027576690886010056,-0.0004522522904468788,0.0004522522904468788,11.0
māminga,-5.949506496972269e-05,8.180762465525959e-05,2.2312559685536902e-05,-0.00014130268962498228,0.00014130268962498228,10.0
māmā,0.0005514015328121367,-0.0002274584437562318,0.00032394308905590494,0.0007788599765683685,0.0007788599765683685,33.0
māngai,-8.824269079338908e-05,0.00036400959965348967,0.00027576690886010056,-0.0004522522904468788,0.0004522522904468788,32.0
māngere,-8.824269079338908e-05,0.00036400959965348967,0.00027576690886010056,-0.0004522522904468788,0.0004522522904468788,12.0
mānuka,-8.824269079338908e-05,0.00036400959965348967,0.00027576690886010056,-0.0004522522904468788,0.0004522522904468788,10.0
mānutanga,-8.824269079338908e-05,0.00036400959965348967,0.00027576690886010056,-0.0004522522904468788,0.0004522522904468788,9.0
māori,-8.824269079338908e-05,0.00036400959965348967,0.00027576690886010056,-0.0004522522904468788,0.0004522522904468788,53.0
māoritanga,-8.824269079338908e-05,0.00036400959965348967,0.00027576690886010056,-0.0004522522904468788,0.0004522522904468788,10.0
māra,-8.824269079338908e-05,0.00036400959965348967,0.00027576690886010056,-0.0004522522904468788,0.0004522522904468788,9.0
mārakerake,-8.824269079338908e-05,0.00036400959965348967,0.00027576690886010056,-0.0004522522904468788,0.0004522522904468788,10.0
mārama,-5.949506496972269e-05,8.180762465525959e-05,2.2312559685536902e-05,-0.00014130268962498228,0.00014130268962498228,111.0
māramatanga,-8.824269079338908e-05,0.00036400959965348967,0.00027576690886010056,-0.0004522522904468788,0.0004522522904468788,15.0
mārena,-9.016030772664425e-05,0.0001859599771104778,9.579966938383354e-05,-0.000276120284837122,0.000276120284837122,15.0
mārenatanga,-8.824269079338908e-05,0.00036400959965348967,0.00027576690886010056,-0.0004522522904468788,0.0004522522904468788,9.0
māroha,-8.824269079338908e-05,0.00036400959965348967,0.00027576690886010056,-0.0004522522904468788,0.0004522522904468788,10.0
mārō,-7.670467733020651e-06,7.910354567465878e-06,2.398868344452271e-07,-1.558082230048653e-05,1.558082230048653e-05,38.0
mārōtanga,-8.824269079338908e-05,0.00036400959965348967,0.00027576690886010056,-0.0004522522904468788,0.0004522522904468788,9.0
mātai,-8.824269079338908e-05,0.00036400959965348967,0.00027576690886010056,-0.0004522522904468788,0.0004522522904468788,9.0
mātaka,-8.824269079338908e-05,0.00036400959965348967,0.00027576690886010056,-0.0004522522904468788,0.0004522522904468788,9.0
mātaki,0.00013998509164095635,-9.62419978877523e-05,4.3743093753204044e-05,0.00023622708952870865,0.00023622708952870865,15.0
mātakitaki,0.0006599187199489888,-0.00034027853595109206,0.0003196401839978967,0.0010001972559000808,0.0010001972559000808,61.0
mātao,-8.824269079338908e-05,0.00036400959965348967,0.00027576690886010056,-0.0004522522904468788,0.0004522522904468788,14.0
mātau,-9.016030772664425e-05,0.0001859599771104778,9.579966938383354e-05,-0.000276120284837122,0.000276120284837122,76.0
mātauranga,-8.824269079338908e-05,0.00036400959965348967,0.00027576690886010056,-0.0004522522904468788,0.0004522522904468788,45.0
mātenga,-8.824269079338908e-05,0.00036400959965348967,0.00027576690886010056,-0.0004522522904468788,0.0004522522904468788,11.0
mātotoru,-8.824269079338908e-05,0.00036400959965348967,0.00027576690886010056,-0.0004522522904468788,0.0004522522904468788,23.0
mātotorutanga,-8.824269079338908e-05,0.00036400959965348967,0.00027576690886010056,-0.0004522522904468788,0.0004522522904468788,11.0
mātua,-0.0001803206154532885,0.0003719199542209556,0.00019159933876766708,-0.000552240569674244,0.000552240569674244,14.0
māturuturu,-8.824269079338908e-05,0.00036400959965348967,0.00027576690886010056,-0.0004522522904468788,0.0004522522904468788,15.0
mātāmua,-8.824269079338908e-05,0.00036400959965348967,0.00027576690886010056,-0.0004522522904468788,0.0004522522904468788,17.0
mātāpuna,-8.824269079338908e-05,0.00036400959965348967,0.00027576690886010056,-0.0004522522904468788,0.0004522522904468788,9.0
māuiui,-9.016030772664425e-05,0.0001859599771104778,9.579966938383354e-05,-0.000276120284837122,0.000276120284837122,27.0
māuiuitanga,-8.824269079338908e-05,0.00036400959965348967,0.00027576690886010056,-0.0004522522904468788,0.0004522522904468788,9.0
māunu,-8.824269079338908e-05,0.00036400959965348967,0.00027576690886010056,-0.0004522522904468788,0.0004522522904468788,10.0
mīhana,-8.824269079338908e-05,0.00036400959965348967,0.00027576690886010056,-0.0004522522904468788,0.0004522522904468788,11.0
mīharo,0.00023050908794009254,-0.00013583888456313335,9.46702033769592e-05,0.0003663479725032259,0.0003663479725032259,30.0
mīharotanga,-8.824269079338908e-05,0.00036400959965348967,0.00027576690886010056,-0.0004522522904468788,0.0004522522904468788,9.0
mīhini,-8.824269079338908e-05,0.00036400959965348967,0.00027576690886010056,-0.0004522522904468788,0.0004522522904468788,12.0
mīti,-8.824269079338908e-05,0.00036400959965348967,0.00027576690886010056,-0.0004522522904468788,0.0004522522904468788,9.0
mītingi,-9.016030772664425e-05,0.0001859599771104778,9.579966938383354e-05,-0.000276120284837122,0.000276120284837122,9.0
mōhio,0.02081688223057748,-0.002274745547643461,0.01854213668293402,0.02309162777822094,0.02309162777822094,1074.0
mōhioranga,-8.824269079338908e-05,0.00036400959965348967,0.00027576690886010056,-0.0004522522904468788,0.0004522522904468788,9.0
mōhiotanga,-8.824269079338908e-05,0.00036400959965348967,0.00027576690886010056,-0.0004522522904468788,0.0004522522904468788,11.0
mōkai,-8.824269079338908e-05,0.00036400959965348967,0.00027576690886010056,-0.0004522522904468788,0.0004522522904468788,11.0
mōmona,-5.949506496972269e-05,8.180762465525959e-05,2.2312559685536902e-05,-0.00014130268962498228,0.00014130268962498228,16.0
mōrehu,-8.824269079338908e-05,0.00036400959965348967,0.00027576690886010056,-0.0004522522904468788,0.0004522522904468788,16.0
mōrena,-5.949506496972269e-05,8.180762465525959e-05,2.2312559685536902e-05,-0.00014130268962498228,0.00014130268962498228,10.0
mōteatea,-8.824269079338908e-05,0.00036400959965348967,0.00027576690886010056,-0.0004522522904468788,0.0004522522904468788,10.0
mōtini,-9.016030772664425e-05,0.0001859599771104778,9.579966938383354e-05,-0.000276120284837122,0.000276120284837122,9.0
mōwai,-9.016030772664425e-05,0.0001859599771104778,9.579966938383354e-05,-0.000276120284837122,0.000276120284837122,9.0
nama,-9.016030772664425e-05,0.0001859599771104778,9.579966938383354e-05,-0.000276120284837122,0.000276120284837122,25.0
nanakia,-0.00017648538158677817,0.0007280191993069793,0.0005515338177202011,-0.0009045045808937576,0.0009045045808937576,12.0
national,-8.824269079338908e-05,0.00036400959965348967,0.00027576690886010056,-0.0004522522904468788,0.0004522522904468788,8.0
nehu,-5.949506496972269e-05,8.180762465525959e-05,2.2312559685536902e-05,-0.00014130268962498228,0.00014130268962498228,12.0
nei,-8.824269079338908e-05,0.00036400959965348967,0.00027576690886010056,-0.0004522522904468788,0.0004522522904468788,9.0
neke,0.003521762706116678,-0.0005009520828500999,0.003020810623266578,0.0040227147889667775,0.0040227147889667775,76.0
nekeneke,-7.670467733020651e-06,7.910354567465878e-06,2.398868344452271e-07,-1.558082230048653e-05,1.558082230048653e-05,12.0
nekenga,-8.824269079338908e-05,0.00036400959965348967,0.00027576690886010056,-0.0004522522904468788,0.0004522522904468788,13.0
netipaoro,-8.824269079338908e-05,0.00036400959965348967,0.00027576690886010056,-0.0004522522904468788,0.0004522522904468788,10.0
new,-8.824269079338908e-05,0.00036400959965348967,0.00027576690886010056,-0.0004522522904468788,0.0004522522904468788,9.0
ngahau,-8.824269079338908e-05,0.00036400959965348967,0.00027576690886010056,-0.0004522522904468788,0.0004522522904468788,9.0
ngahere,-8.824269079338908e-05,0.00036400959965348967,0.00027576690886010056,-0.0004522522904468788,0.0004522522904468788,16.0
ngahoro,-8.824269079338908e-05,0.00036400959965348967,0.00027576690886010056,-0.0004522522904468788,0.0004522522904468788,13.0
ngahorotanga,-8.824269079338908e-05,0.00036400959965348967,0.00027576690886010056,-0.0004522522904468788,0.0004522522904468788,10.0
ngahua,-8.824269079338908e-05,0.00036400959965348967,0.00027576690886010056,-0.0004522522904468788,0.0004522522904468788,9.0
ngaki,-9.016030772664425e-05,0.0001859599771104778,9.579966938383354e-05,-0.000276120284837122,0.000276120284837122,12.0
ngako,-9.016030772664425e-05,0.0001859599771104778,9.579966938383354e-05,-0.000276120284837122,0.000276120284837122,9.0
ngana,-8.824269079338908e-05,0.00036400959965348967,0.00027576690886010056,-0.0004522522904468788,0.0004522522904468788,9.0
nganga,-9.016030772664425e-05,0.0001859599771104778,9.579966938383354e-05,-0.000276120284837122,0.000276120284837122,9.0
ngangaeore,-8.824269079338908e-05,0.00036400959965348967,0.00027576690886010056,-0.0004522522904468788,0.0004522522904468788,10.0
ngangaro,-8.824269079338908e-05,0.00036400959965348967,0.00027576690886010056,-0.0004522522904468788,0.0004522522904468788,9.0
ngapu,-8.824269079338908e-05,0.00036400959965348967,0.00027576690886010056,-0.0004522522904468788,0.0004522522904468788,9.0
ngaro,0.005455658429071912,-0.0005770542704029312,0.004878604158668981,0.0060327126994748435,0.0060327126994748435,154.0
ngaronga,-8.824269079338908e-05,0.00036400959965348967,0.00027576690886010056,-0.0004522522904468788,0.0004522522904468788,15.0
ngarongaro,-5.949506496972269e-05,8.180762465525959e-05,2.2312559685536902e-05,-0.00014130268962498228,0.00014130268962498228,18.0
ngarotanga,-8.824269079338908e-05,0.00036400959965348967,0.00027576690886010056,-0.0004522522904468788,0.0004522522904468788,11.0
ngaru,-5.949506496972269e-05,8.180762465525959e-05,2.2312559685536902e-05,-0.00014130268962498228,0.00014130268962498228,10.0
ngatari,-8.824269079338908e-05,0.00036400959965348967,0.00027576690886010056,-0.0004522522904468788,0.0004522522904468788,11.0
ngau,-0.00015592460289460118,0.0002572816026595839,0.00010135699976498273,-0.00041320620555418506,0.00041320620555418506,26.0
ngaungau,-5.949506496972269e-05,8.180762465525959e-05,2.2312559685536902e-05,-0.00014130268962498228,0.00014130268962498228,10.0
ngawhā,-8.824269079338908e-05,0.00036400959965348967,0.00027576690886010056,-0.0004522522904468788,0.0004522522904468788,9.0
ngenge,-7.670467733020651e-06,7.910354567465878e-06,2.398868344452271e-07,-1.558082230048653e-05,1.558082230048653e-05,16.0
ngohengohe,-8.824269079338908e-05,0.00036400959965348967,0.00027576690886010056,-0.0004522522904468788,0.0004522522904468788,10.0
ngoikore,-8.824269079338908e-05,0.00036400959965348967,0.00027576690886010056,-0.0004522522904468788,0.0004522522904468788,24.0
ngote,-9.016030772664425e-05,0.0001859599771104778,9.579966938383354e-05,-0.000276120284837122,0.000276120284837122,10.0
ngotengote,-8.824269079338908e-05,0.00036400959965348967,0.00027576690886010056,-0.0004522522904468788,0.0004522522904468788,9.0
nguha,-8.824269079338908e-05,0.00036400959965348967,0.00027576690886010056,-0.0004522522904468788,0.0004522522904468788,9.0
ngunguru,-8.824269079338908e-05,0.00036400959965348967,0.00027576690886010056,-0.0004522522904468788,0.0004522522904468788,10.0
ngutu,-8.824269079338908e-05,0.00036400959965348967,0.00027576690886010056,-0.0004522522904468788,0.0004522522904468788,9.0
ngāherehere,-8.824269079338908e-05,0.00036400959965348967,0.00027576690886010056,-0.0004522522904468788,0.0004522522904468788,10.0
ngākau,-7.670467733020651e-06,7.910354567465878e-06,2.398868344452271e-07,-1.558082230048653e-05,1.558082230048653e-05,46.0
ngākaunui,-7.670467733020651e-06,7.910354567465878e-06,2.398868344452271e-07,-1.558082230048653e-05,1.558082230048653e-05,28.0
ngārara,-8.824269079338908e-05,0.00036400959965348967,0.00027576690886010056,-0.0004522522904468788,0.0004522522904468788,8.0
ngāruru,-8.824269079338908e-05,0.00036400959965348967,0.00027576690886010056,-0.0004522522904468788,0.0004522522904468788,9.0
ngātahi,-8.824269079338908e-05,0.00036400959965348967,0.00027576690886010056,-0.0004522522904468788,0.0004522522904468788,9.0
ngāti,-8.824269079338908e-05,0.00036400959965348967,0.00027576690886010056,-0.0004522522904468788,0.0004522522904468788,9.0
ngāwari,-7.670467733020651e-06,7.910354567465878e-06,2.398868344452271e-07,-1.558082230048653e-05,1.558082230048653e-05,30.0
ngōki,5.988808175573361e-05,-4.940882121321992e-05,1.047926054251369e-05,0.00010929690296895353,0.00010929690296895353,12.0
ngū,-8.824269079338908e-05,0.00036400959965348967,0.00027576690886010056,-0.0004522522904468788,0.0004522522904468788,9.0
night,-8.824269079338908e-05,0.00036400959965348967,0.00027576690886010056,-0.0004522522904468788,0.0004522522904468788,10.0
niho,-8.824269079338908e-05,0.00036400959965348967,0.00027576690886010056,-0.0004522522904468788,0.0004522522904468788,10.0
nineteen,-8.824269079338908e-05,0.00036400959965348967,0.00027576690886010056,-0.0004522522904468788,0.0004522522904468788,9.0
niupepa,-8.824269079338908e-05,0.00036400959965348967,0.00027576690886010056,-0.0004522522904468788,0.0004522522904468788,12.0
nohinohi,-8.824269079338908e-05,0.00036400959965348967,0.00027576690886010056,-0.0004522522904468788,0.0004522522904468788,11.0
noho,0.048141836630063974,-0.004330616804101122,0.04381121982596285,0.052472453434165095,0.052472453434165095,988.0
nohoanga,-8.824269079338908e-05,0.00036400959965348967,0.00027576690886010056,-0.0004522522904468788,0.0004522522904468788,14.0
nohonga,-8.824269079338908e-05,0.00036400959965348967,0.00027576690886010056,-0.0004522522904468788,0.0004522522904468788,15.0
nohonoho,0.00013998509164095635,-9.62419978877523e-05,4.3743093753204044e-05,0.00023622708952870865,0.00023622708952870865,18.0
nohopuku,-8.824269079338908e-05,0.00036400959965348967,0.00027576690886010056,-0.0004522522904468788,0.0004522522904468788,11.0
nohotanga,-8.824269079338908e-05,0.00036400959965348967,0.00027576690886010056,-0.0004522522904468788,0.0004522522904468788,10.0
nui,0.05169912253485781,-0.00101072919651298,0.05068839333834483,0.05270985173137079,0.05270985173137079,399.0
nuinga,-8.824269079338908e-05,0.00036400959965348967,0.00027576690886010056,-0.0004522522904468788,0.0004522522904468788,274.0
nuku,0.0009292097775787111,-0.00029485229540470115,0.00063435748217401,0.0012240620729834122,0.0012240620729834122,52.0
nukunuku,-9.016030772664425e-05,0.0001859599771104778,9.579966938383354e-05,-0.000276120284837122,0.000276120284837122,11.0
nunui,-9.016030772664425e-05,0.0001859599771104778,9.579966938383354e-05,-0.000276120284837122,0.000276120284837122,13.0
nunumi,-8.824269079338908e-05,0.00036400959965348967,0.00027576690886010056,-0.0004522522904468788,0.0004522522904468788,9.0
nz,-8.824269079338908e-05,0.00036400959965348967,0.00027576690886010056,-0.0004522522904468788,0.0004522522904468788,9.0
nzei,-8.824269079338908e-05,0.00036400959965348967,0.00027576690886010056,-0.0004522522904468788,0.0004522522904468788,11.0
nānā,-7.670467733020651e-06,7.910354567465878e-06,2.398868344452271e-07,-1.558082230048653e-05,1.558082230048653e-05,11.0
nēra,-8.824269079338908e-05,0.00036400959965348967,0.00027576690886010056,-0.0004522522904468788,0.0004522522904468788,10.0
nīkau,-8.824269079338908e-05,0.00036400959965348967,0.00027576690886010056,-0.0004522522904468788,0.0004522522904468788,9.0
nūpepa,-8.824269079338908e-05,0.00036400959965348967,0.00027576690886010056,-0.0004522522904468788,0.0004522522904468788,10.0
oati,-8.824269079338908e-05,0.00036400959965348967,0.00027576690886010056,-0.0004522522904468788,0.0004522522904468788,12.0
oha,-8.824269079338908e-05,0.00036400959965348967,0.00027576690886010056,-0.0004522522904468788,0.0004522522904468788,9.0
ohia,-8.824269079338908e-05,0.00036400959965348967,0.00027576690886010056,-0.0004522522904468788,0.0004522522904468788,9.0
oho,0.00043721382732216557,-0.00020039435034297046,0.0002368194769791951,0.0006376081776651361,0.0006376081776651361,35.0
ohooho,-9.016030772664425e-05,0.0001859599771104778,9.579966938383354e-05,-0.000276120284837122,0.000276120284837122,15.0
ohorere,-0.00018898267575992358,0.000519714494396543,0.00033073181863661945,-0.0007086971701564666,0.0007086971701564666,20.0
ohoreretanga,-8.824269079338908e-05,0.00036400959965348967,0.00027576690886010056,-0.0004522522904468788,0.0004522522904468788,9.0
ohu,-8.824269079338908e-05,0.00036400959965348967,0.00027576690886010056,-0.0004522522904468788,0.0004522522904468788,11.0
oioi,-8.824269079338908e-05,0.00036400959965348967,0.00027576690886010056,-0.0004522522904468788,0.0004522522904468788,9.0
oka,-8.824269079338908e-05,0.00036400959965348967,0.00027576690886010056,-0.0004522522904468788,0.0004522522904468788,8.0
okioki,0.00013998509164095635,-9.62419978877523e-05,4.3743093753204044e-05,0.00023622708952870865,0.00023622708952870865,20.0
oma,0.00043721382732216557,-0.00020039435034297046,0.0002368194769791951,0.0006376081776651361,0.0006376081776651361,29.0
omaoma,-9.016030772664425e-05,0.0001859599771104778,9.579966938383354e-05,-0.000276120284837122,0.000276120284837122,10.0
one,-8.824269079338908e-05,0.00036400959965348967,0.00027576690886010056,-0.0004522522904468788,0.0004522522904468788,12.0
oneone,-8.824269079338908e-05,0.00036400959965348967,0.00027576690886010056,-0.0004522522904468788,0.0004522522904468788,11.0
onepū,-8.824269079338908e-05,0.00036400959965348967,0.00027576690886010056,-0.0004522522904468788,0.0004522522904468788,9.0
ono,-8.824269079338908e-05,0.00036400959965348967,0.00027576690886010056,-0.0004522522904468788,0.0004522522904468788,51.0
opa,-8.824269079338908e-05,0.00036400959965348967,0.00027576690886010056,-0.0004522522904468788,0.0004522522904468788,9.0
ope,-8.824269079338908e-05,0.00036400959965348967,0.00027576690886010056,-0.0004522522904468788,0.0004522522904468788,17.0
ora,0.0037723194887993,-0.0007980092957198386,0.0029743101930794617,0.004570328784519139,0.004570328784519139,731.0
oranga,-0.00013140522772345602,0.001084118444393003,0.0009527132166695471,-0.001215523672116459,0.001215523672116459,38.0
ore,-5.949506496972269e-05,8.180762465525959e-05,2.2312559685536902e-05,-0.00014130268962498228,0.00014130268962498228,10.0
oreore,-9.016030772664425e-05,0.0001859599771104778,9.579966938383354e-05,-0.000276120284837122,0.000276120284837122,10.0
oriori,-8.824269079338908e-05,0.00036400959965348967,0.00027576690886010056,-0.0004522522904468788,0.0004522522904468788,9.0
oro,-8.824269079338908e-05,0.00036400959965348967,0.00027576690886010056,-0.0004522522904468788,0.0004522522904468788,9.0
orokohanga,-8.824269079338908e-05,0.00036400959965348967,0.00027576690886010056,-0.0004522522904468788,0.0004522522904468788,9.0
otaota,-8.824269079338908e-05,0.00036400959965348967,0.00027576690886010056,-0.0004522522904468788,0.0004522522904468788,9.0
oti,0.009006763907421273,-0.0017082192510492246,0.007298544656372048,0.010714983158470498,0.010714983158470498,342.0
otihanga,-8.824269079338908e-05,0.00036400959965348967,0.00027576690886010056,-0.0004522522904468788,0.0004522522904468788,10.0
otinga,-8.824269079338908e-05,0.00036400959965348967,0.00027576690886010056,-0.0004522522904468788,0.0004522522904468788,17.0
otioti,-8.824269079338908e-05,0.00036400959965348967,0.00027576690886010056,-0.0004522522904468788,0.0004522522904468788,8.0
otitanga,-8.824269079338908e-05,0.00036400959965348967,0.00027576690886010056,-0.0004522522904468788,0.0004522522904468788,9.0
pacific,-8.824269079338908e-05,0.00036400959965348967,0.00027576690886010056,-0.0004522522904468788,0.0004522522904468788,9.0
packhouse,-8.824269079338908e-05,0.00036400959965348967,0.00027576690886010056,-0.0004522522904468788,0.0004522522904468788,10.0
pae,-8.824269079338908e-05,0.00036400959965348967,0.00027576690886010056,-0.0004522522904468788,0.0004522522904468788,20.0
paenga,-9.016030772664425e-05,0.0001859599771104778,9.579966938383354e-05,-0.000276120284837122,0.000276120284837122,12.0
paepae,-8.824269079338908e-05,0.00036400959965348967,0.00027576690886010056,-0.0004522522904468788,0.0004522522904468788,12.0
paera,-8.824269079338908e-05,0.00036400959965348967,0.00027576690886010056,-0.0004522522904468788,0.0004522522904468788,10.0
paeroa,-8.824269079338908e-05,0.00036400959965348967,0.00027576690886010056,-0.0004522522904468788,0.0004522522904468788,10.0
pahemo,-8.824269079338908e-05,0.00036400959965348967,0.00027576690886010056,-0.0004522522904468788,0.0004522522904468788,11.0
pahi,-8.824269079338908e-05,0.00036400959965348967,0.00027576690886010056,-0.0004522522904468788,0.0004522522904468788,9.0
pahore,-8.824269079338908e-05,0.00036400959965348967,0.00027576690886010056,-0.0004522522904468788,0.0004522522904468788,10.0
pahure,-7.670467733020651e-06,7.910354567465878e-06,2.398868344452271e-07,-1.558082230048653e-05,1.558082230048653e-05,20.0
pahuretanga,-8.824269079338908e-05,0.00036400959965348967,0.00027576690886010056,-0.0004522522904468788,0.0004522522904468788,10.0
pahū,0.00013998509164095635,-9.62419978877523e-05,4.3743093753204044e-05,0.00023622708952870865,0.00023622708952870865,30.0
pahūpahū,-8.824269079338908e-05,0.00036400959965348967,0.00027576690886010056,-0.0004522522904468788,0.0004522522904468788,10.0
pahūtanga,-8.824269079338908e-05,0.00036400959965348967,0.00027576690886010056,-0.0004522522904468788,0.0004522522904468788,13.0
pai,0.014670572102114586,-0.001260781731033576,0.01340979037108101,0.01593135383314816,0.01593135383314816,573.0
paihana,-8.824269079338908e-05,0.00036400959965348967,0.00027576690886010056,-0.0004522522904468788,0.0004522522904468788,10.0
paiheneti,-8.824269079338908e-05,0.00036400959965348967,0.00027576690886010056,-0.0004522522904468788,0.0004522522904468788,10.0
paihere,-8.824269079338908e-05,0.00036400959965348967,0.00027576690886010056,-0.0004522522904468788,0.0004522522904468788,16.0
paina,-8.824269079338908e-05,0.00036400959965348967,0.00027576690886010056,-0.0004522522904468788,0.0004522522904468788,11.0
painga,-8.824269079338908e-05,0.00036400959965348967,0.00027576690886010056,-0.0004522522904468788,0.0004522522904468788,22.0
paipai,-9.016030772664425e-05,0.0001859599771104778,9.579966938383354e-05,-0.000276120284837122,0.000276120284837122,9.0
paipera,-8.824269079338908e-05,0.00036400959965348967,0.00027576690886010056,-0.0004522522904468788,0.0004522522904468788,9.0
paitini,-8.824269079338908e-05,0.00036400959965348967,0.00027576690886010056,-0.0004522522904468788,0.0004522522904468788,9.0
pakanga,0.00011977616351146722,-9.881764242643984e-05,2.095852108502738e-05,0.00021859380593790707,0.00021859380593790707,63.0
pakari,0.00043721382732216557,-0.00020039435034297046,0.0002368194769791951,0.0006376081776651361,0.0006376081776651361,60.0
pakaru,0.00135051931083006,-0.00034818889051855786,0.001002330420311502,0.0016987082013486178,0.0016987082013486178,52.0
pakarutanga,-8.824269079338908e-05,0.00036400959965348967,0.00027576690886010056,-0.0004522522904468788,0.0004522522904468788,10.0
pakeke,0.00043721382732216557,-0.00020039435034297046,0.0002368194769791951,0.0006376081776651361,0.0006376081776651361,65.0
pakeketanga,-9.016030772664425e-05,0.0001859599771104778,9.579966938383354e-05,-0.000276120284837122,0.000276120284837122,11.0
pakepake,-8.824269079338908e-05,0.00036400959965348967,0.00027576690886010056,-0.0004522522904468788,0.0004522522904468788,8.0
paki,-5.949506496972269e-05,8.180762465525959e-05,2.2312559685536902e-05,-0.00014130268962498228,0.00014130268962498228,11.0
pakinga,-8.824269079338908e-05,0.00036400959965348967,0.00027576690886010056,-0.0004522522904468788,0.0004522522904468788,9.0
pakipaki,-9.016030772664425e-05,0.0001859599771104778,9.579966938383354e-05,-0.000276120284837122,0.000276120284837122,11.0
pakitara,-8.824269079338908e-05,0.00036400959965348967,0.00027576690886010056,-0.0004522522904468788,0.0004522522904468788,10.0
paku,-9.016030772664425e-05,0.0001859599771104778,9.579966938383354e-05,-0.000276120284837122,0.000276120284837122,11.0
pakupaku,-8.824269079338908e-05,0.00036400959965348967,0.00027576690886010056,-0.0004522522904468788,0.0004522522904468788,13.0
pana,0.0012058292823194235,-0.00033161079621145,0.0008742184861079735,0.0015374400785308736,0.0015374400785308736,57.0
panapana,-9.016030772664425e-05,0.0001859599771104778,9.579966938383354e-05,-0.000276120284837122,0.000276120284837122,9.0
panepane,-8.824269079338908e-05,0.00036400959965348967,0.00027576690886010056,-0.0004522522904468788,0.0004522522904468788,10.0
panga,-7.162867057037615e-05,8.442147595975712e-05,1.2792805389380969e-05,-0.00015605014653013327,0.00015605014653013327,19.0
pangapanga,-8.824269079338908e-05,0.00036400959965348967,0.00027576690886010056,-0.0004522522904468788,0.0004522522904468788,9.0
pango,-8.824269079338908e-05,0.00036400959965348967,0.00027576690886010056,-0.0004522522904468788,0.0004522522904468788,11.0
pani,-7.670467733020651e-06,7.910354567465878e-06,2.398868344452271e-07,-1.558082230048653e-05,1.558082230048653e-05,15.0
pao,-9.016030772664425e-05,0.0001859599771104778,9.579966938383354e-05,-0.000276120284837122,0.000276120284837122,10.0
paoho,0.00013998509164095635,-9.62419978877523e-05,4.3743093753204044e-05,0.00023622708952870865,0.00023622708952870865,24.0
paopao,-0.00013140522772345602,0.001084118444393003,0.0009527132166695471,-0.001215523672116459,0.001215523672116459,9.0
paopaoa,-5.949506496972269e-05,8.180762465525959e-05,2.2312559685536902e-05,-0.00014130268962498228,0.00014130268962498228,10.0
paoro,-5.949506496972269e-05,8.180762465525959e-05,2.2312559685536902e-05,-0.00014130268962498228,0.00014130268962498228,12.0
papa,-5.949506496972269e-05,8.180762465525959e-05,2.2312559685536902e-05,-0.00014130268962498228,0.00014130268962498228,62.0
papahoro,-8.824269079338908e-05,0.00036400959965348967,0.00027576690886010056,-0.0004522522904468788,0.0004522522904468788,10.0
papai,-5.949506496972269e-05,8.180762465525959e-05,2.2312559685536902e-05,-0.00014130268962498228,0.00014130268962498228,12.0
papaki,-9.016030772664425e-05,0.0001859599771104778,9.579966938383354e-05,-0.000276120284837122,0.000276120284837122,11.0
papanui,-8.824269079338908e-05,0.00036400959965348967,0.00027576690886010056,-0.0004522522904468788,0.0004522522904468788,9.0
papaoro,0.00023050908794009254,-0.00013583888456313335,9.46702033769592e-05,0.0003663479725032259,0.0003663479725032259,18.0
papatai,-8.824269079338908e-05,0.00036400959965348967,0.00027576690886010056,-0.0004522522904468788,0.0004522522904468788,9.0
papu,-8.824269079338908e-05,0.00036400959965348967,0.00027576690886010056,-0.0004522522904468788,0.0004522522904468788,9.0
papā,-9.016030772664425e-05,0.0001859599771104778,9.579966938383354e-05,-0.000276120284837122,0.000276120284837122,10.0
para,-0.000174567764653523,0.002880435378958054,0.002705867614304531,-0.0030550031436115768,0.0030550031436115768,15.0
parai,-8.824269079338908e-05,0.00036400959965348967,0.00027576690886010056,-0.0004522522904468788,0.0004522522904468788,9.0
paraihe,-8.824269079338908e-05,0.00036400959965348967,0.00027576690886010056,-0.0004522522904468788,0.0004522522904468788,10.0
paraire,-8.824269079338908e-05,0.00036400959965348967,0.00027576690886010056,-0.0004522522904468788,0.0004522522904468788,16.0
paranihia,-8.824269079338908e-05,0.00036400959965348967,0.00027576690886010056,-0.0004522522904468788,0.0004522522904468788,8.0
pararahi,-8.824269079338908e-05,0.00036400959965348967,0.00027576690886010056,-0.0004522522904468788,0.0004522522904468788,9.0
paratī,-9.016030772664425e-05,0.0001859599771104778,9.579966938383354e-05,-0.000276120284837122,0.000276120284837122,9.0
parau,-0.00017648538158677817,0.0007280191993069793,0.0005515338177202011,-0.0009045045808937576,0.0009045045808937576,12.0
pare,-0.00017648538158677817,0.0007280191993069793,0.0005515338177202011,-0.0009045045808937576,0.0009045045808937576,20.0
parekura,-8.824269079338908e-05,0.00036400959965348967,0.00027576690886010056,-0.0004522522904468788,0.0004522522904468788,9.0
parekuratanga,-8.824269079338908e-05,0.00036400959965348967,0.00027576690886010056,-0.0004522522904468788,0.0004522522904468788,10.0
pari,-8.824269079338908e-05,0.00036400959965348967,0.00027576690886010056,-0.0004522522904468788,0.0004522522904468788,9.0
pari-haka,-8.824269079338908e-05,0.00036400959965348967,0.00027576690886010056,-0.0004522522904468788,0.0004522522904468788,9.0
paru,-8.824269079338908e-05,0.00036400959965348967,0.00027576690886010056,-0.0004522522904468788,0.0004522522904468788,14.0
paruparu,-8.824269079338908e-05,0.00036400959965348967,0.00027576690886010056,-0.0004522522904468788,0.0004522522904468788,9.0
pass,-8.824269079338908e-05,0.00036400959965348967,0.00027576690886010056,-0.0004522522904468788,0.0004522522904468788,9.0
passport,-8.824269079338908e-05,0.00036400959965348967,0.00027576690886010056,-0.0004522522904468788,0.0004522522904468788,9.0
pata,-8.824269079338908e-05,0.00036400959965348967,0.00027576690886010056,-0.0004522522904468788,0.0004522522904468788,9.0
patapatai,-0.00013140522772345602,0.001084118444393003,0.0009527132166695471,-0.001215523672116459,0.001215523672116459,11.0
patia,-5.949506496972269e-05,8.180762465525959e-05,2.2312559685536902e-05,-0.00014130268962498228,0.00014130268962498228,10.0
patipati,-9.016030772664425e-05,0.0001859599771104778,9.579966938383354e-05,-0.000276120284837122,0.000276120284837122,10.0
patu,0.00047565484259537644,-0.000341238616345465,0.00013441622624991143,0.0008168934589408415,0.0008168934589408415,76.0
patunga,-8.824269079338908e-05,0.00036400959965348967,0.00027576690886010056,-0.0004522522904468788,0.0004522522904468788,9.0
patupatu,-8.824269079338908e-05,0.00036400959965348967,0.00027576690886010056,-0.0004522522904468788,0.0004522522904468788,11.0
patō,-8.824269079338908e-05,0.00036400959965348967,0.00027576690886010056,-0.0004522522904468788,0.0004522522904468788,9.0
pau,0.002128158315693389,-0.0004180408595613634,0.0017101174561320257,0.0025461991752547524,0.0025461991752547524,102.0
paunga,-8.824269079338908e-05,0.00036400959965348967,0.00027576690886010056,-0.0004522522904468788,0.0004522522904468788,18.0
pea,-8.824269079338908e-05,0.00036400959965348967,0.00027576690886010056,-0.0004522522904468788,0.0004522522904468788,9.0
pei,-0.00013140522772345602,0.001084118444393003,0.0009527132166695471,-0.001215523672116459,0.001215523672116459,15.0
peita,-8.824269079338908e-05,0.00036400959965348967,0.00027576690886010056,-0.0004522522904468788,0.0004522522904468788,11.0
peka,0.0007979206264427162,-0.0002742916204307642,0.0005236290060119521,0.0010722122468734803,0.0010722122468734803,33.0
pekanga,-8.824269079338908e-05,0.00036400959965348967,0.00027576690886010056,-0.0004522522904468788,0.0004522522904468788,9.0
peke,0.0006718266962339304,-0.00025194089425824176,0.0004198858019756886,0.0009237675904921721,0.0009237675904921721,31.0
pekehanga,-8.824269079338908e-05,0.00036400959965348967,0.00027576690886010056,-0.0004522522904468788,0.0004522522904468788,9.0
pekepeke,-5.949506496972269e-05,8.180762465525959e-05,2.2312559685536902e-05,-0.00014130268962498228,0.00014130268962498228,10.0
pekepoho,-8.824269079338908e-05,0.00036400959965348967,0.00027576690886010056,-0.0004522522904468788,0.0004522522904468788,9.0
penu,-9.016030772664425e-05,0.0001859599771104778,9.579966938383354e-05,-0.000276120284837122,0.000276120284837122,10.0
pepa,-8.824269079338908e-05,0.00036400959965348967,0.00027576690886010056,-0.0004522522904468788,0.0004522522904468788,10.0
pepeha,-9.016030772664425e-05,0.0001859599771104778,9.579966938383354e-05,-0.000276120284837122,0.000276120284837122,13.0
pere,-9.016030772664425e-05,0.0001859599771104778,9.579966938383354e-05,-0.000276120284837122,0.000276120284837122,9.0
perehitini,-8.824269079338908e-05,0.00036400959965348967,0.00027576690886010056,-0.0004522522904468788,0.0004522522904468788,18.0
pereki,-8.824269079338908e-05,0.00036400959965348967,0.00027576690886010056,-0.0004522522904468788,0.0004522522904468788,9.0
peruperu,-8.824269079338908e-05,0.00036400959965348967,0.00027576690886010056,-0.0004522522904468788,0.0004522522904468788,9.0
perēhi,-8.824269079338908e-05,0.00036400959965348967,0.00027576690886010056,-0.0004522522904468788,0.0004522522904468788,9.0
peti,-9.016030772664425e-05,0.0001859599771104778,9.579966938383354e-05,-0.000276120284837122,0.000276120284837122,9.0
petihana,-0.00013140522772345602,0.001084118444393003,0.0009527132166695471,-0.001215523672116459,0.001215523672116459,10.0
piharau,-8.824269079338908e-05,0.00036400959965348967,0.00027576690886010056,-0.0004522522904468788,0.0004522522904468788,9.0
pihi,-9.016030772664425e-05,0.0001859599771104778,9.579966938383354e-05,-0.000276120284837122,0.000276120284837122,9.0
pihinga,-8.824269079338908e-05,0.00036400959965348967,0.00027576690886010056,-0.0004522522904468788,0.0004522522904468788,9.0
piki,0.005609896174784126,-0.0009256544841598589,0.004684241690624267,0.006535550658943985,0.006535550658943985,133.0
pikitia,-9.016030772664425e-05,0.0001859599771104778,9.579966938383354e-05,-0.000276120284837122,0.000276120284837122,11.0
pinenga,-8.824269079338908e-05,0.00036400959965348967,0.00027576690886010056,-0.0004522522904468788,0.0004522522904468788,9.0
pio,-9.016030772664425e-05,0.0001859599771104778,9.579966938383354e-05,-0.000276120284837122,0.000276120284837122,9.0
pioi,-8.824269079338908e-05,0.00036400959965348967,0.00027576690886010056,-0.0004522522904468788,0.0004522522904468788,9.0
pirau,-5.949506496972269e-05,8.180762465525959e-05,2.2312559685536902e-05,-0.00014130268962498228,0.00014130268962498228,15.0
pire,-8.824269079338908e-05,0.00036400959965348967,0.00027576690886010056,-0.0004522522904468788,0.0004522522904468788,19.0
piri,0.0016513533193855364,-0.0003784439728859824,0.001272909346499554,0.002029797292271519,0.002029797292271519,47.0
pirihimana,-8.824269079338908e-05,0.00036400959965348967,0.00027576690886010056,-0.0004522522904468788,0.0004522522904468788,12.0
pirimia,-8.824269079338908e-05,0.00036400959965348967,0.00027576690886010056,-0.0004522522904468788,0.0004522522904468788,26.0
piringa,-8.824269079338908e-05,0.00036400959965348967,0.00027576690886010056,-0.0004522522904468788,0.0004522522904468788,11.0
piripiri,-8.824269079338908e-05,0.00036400959965348967,0.00027576690886010056,-0.0004522522904468788,0.0004522522904468788,9.0
piriti,-8.824269079338908e-05,0.00036400959965348967,0.00027576690886010056,-0.0004522522904468788,0.0004522522904468788,11.0
piro,-9.016030772664425e-05,0.0001859599771104778,9.579966938383354e-05,-0.000276120284837122,0.000276120284837122,12.0
pitiana,-8.824269079338908e-05,0.00036400959965348967,0.00027576690886010056,-0.0004522522904468788,0.0004522522904468788,8.0
pito,-8.824269079338908e-05,0.00036400959965348967,0.00027576690886010056,-0.0004522522904468788,0.0004522522904468788,29.0
piu,-9.016030772664425e-05,0.0001859599771104778,9.579966938383354e-05,-0.000276120284837122,0.000276120284837122,13.0
playground,-8.824269079338908e-05,0.00036400959965348967,0.00027576690886010056,-0.0004522522904468788,0.0004522522904468788,9.0
poai,-8.824269079338908e-05,0.00036400959965348967,0.00027576690886010056,-0.0004522522904468788,0.0004522522904468788,8.0
poari,-8.824269079338908e-05,0.00036400959965348967,0.00027576690886010056,-0.0004522522904468788,0.0004522522904468788,76.0
poho,-8.824269079338908e-05,0.00036400959965348967,0.00027576690886010056,-0.0004522522904468788,0.0004522522904468788,14.0
poho-o-rāwiri,-8.824269079338908e-05,0.00036400959965348967,0.00027576690886010056,-0.0004522522904468788,0.0004522522904468788,9.0
pohū,-8.824269079338908e-05,0.00036400959965348967,0.00027576690886010056,-0.0004522522904468788,0.0004522522904468788,8.0
poipoi,-0.0002906009220157158,0.0029968919898859373,0.0027062910678702216,-0.003287492911901653,0.003287492911901653,42.0
poitūkohu,-8.824269079338908e-05,0.00036400959965348967,0.00027576690886010056,-0.0004522522904468788,0.0004522522904468788,9.0
poka,-7.670467733020651e-06,7.910354567465878e-06,2.398868344452271e-07,-1.558082230048653e-05,1.558082230048653e-05,17.0
pokatanga,-8.824269079338908e-05,0.00036400959965348967,0.00027576690886010056,-0.0004522522904468788,0.0004522522904468788,9.0
poke,-5.949506496972269e-05,8.180762465525959e-05,2.2312559685536902e-05,-0.00014130268962498228,0.00014130268962498228,11.0
poki,-9.016030772664425e-05,0.0001859599771104778,9.579966938383354e-05,-0.000276120284837122,0.000276120284837122,9.0
poko,-8.824269079338908e-05,0.00036400959965348967,0.00027576690886010056,-0.0004522522904468788,0.0004522522904468788,9.0
policy,-8.824269079338908e-05,0.00036400959965348967,0.00027576690886010056,-0.0004522522904468788,0.0004522522904468788,9.0
pono,-9.016030772664425e-05,0.0001859599771104778,9.579966938383354e-05,-0.000276120284837122,0.000276120284837122,17.0
pononga,-8.824269079338908e-05,0.00036400959965348967,0.00027576690886010056,-0.0004522522904468788,0.0004522522904468788,11.0
popoki,-8.824269079338908e-05,0.00036400959965348967,0.00027576690886010056,-0.0004522522904468788,0.0004522522904468788,8.0
poro,-7.670467733020651e-06,7.910354567465878e-06,2.398868344452271e-07,-1.558082230048653e-05,1.558082230048653e-05,21.0
poroporo,-8.824269079338908e-05,0.00036400959965348967,0.00027576690886010056,-0.0004522522904468788,0.0004522522904468788,12.0
poroporoaki,-9.016030772664425e-05,0.0001859599771104778,9.579966938383354e-05,-0.000276120284837122,0.000276120284837122,18.0
porotiti,-8.824269079338908e-05,0.00036400959965348967,0.00027576690886010056,-0.0004522522904468788,0.0004522522904468788,9.0
porowhiu,-5.949506496972269e-05,8.180762465525959e-05,2.2312559685536902e-05,-0.00014130268962498228,0.00014130268962498228,11.0
poti,-8.824269079338908e-05,0.00036400959965348967,0.00027576690886010056,-0.0004522522904468788,0.0004522522904468788,10.0
poto,-5.949506496972269e-05,8.180762465525959e-05,2.2312559685536902e-05,-0.00014130268962498228,0.00014130268962498228,18.0
pou,5.988808175573361e-05,-4.940882121321992e-05,1.047926054251369e-05,0.00010929690296895353,0.00010929690296895353,25.0
pou-e-rua,-8.824269079338908e-05,0.00036400959965348967,0.00027576690886010056,-0.0004522522904468788,0.0004522522904468788,8.0
poua,-9.016030772664425e-05,0.0001859599771104778,9.579966938383354e-05,-0.000276120284837122,0.000276120284837122,9.0
pouaka,-8.824269079338908e-05,0.00036400959965348967,0.00027576690886010056,-0.0004522522904468788,0.0004522522904468788,39.0
pouako,-8.824269079338908e-05,0.00036400959965348967,0.00027576690886010056,-0.0004522522904468788,0.0004522522904468788,9.0
pouaru,-8.824269079338908e-05,0.00036400959965348967,0.00027576690886010056,-0.0004522522904468788,0.0004522522904468788,9.0
poukai,-8.824269079338908e-05,0.00036400959965348967,0.00027576690886010056,-0.0004522522904468788,0.0004522522904468788,12.0
pounamu,-8.824269079338908e-05,0.00036400959965348967,0.00027576690886010056,-0.0004522522904468788,0.0004522522904468788,9.0
poupou,-9.016030772664425e-05,0.0001859599771104778,9.579966938383354e-05,-0.000276120284837122,0.000276120284837122,11.0
poutokomanawa,-8.824269079338908e-05,0.00036400959965348967,0.00027576690886010056,-0.0004522522904468788,0.0004522522904468788,13.0
poutāpeta,-8.824269079338908e-05,0.00036400959965348967,0.00027576690886010056,-0.0004522522904468788,0.0004522522904468788,9.0
poutūtanga,-8.824269079338908e-05,0.00036400959965348967,0.00027576690886010056,-0.0004522522904468788,0.0004522522904468788,10.0
pouwhenua,-8.824269079338908e-05,0.00036400959965348967,0.00027576690886010056,-0.0004522522904468788,0.0004522522904468788,8.0
ppta,-8.824269079338908e-05,0.00036400959965348967,0.00027576690886010056,-0.0004522522904468788,0.0004522522904468788,9.0
practise,-8.824269079338908e-05,0.00036400959965348967,0.00027576690886010056,-0.0004522522904468788,0.0004522522904468788,9.0
preserve,-8.824269079338908e-05,0.00036400959965348967,0.00027576690886010056,-0.0004522522904468788,0.0004522522904468788,9.0
pretty,-8.824269079338908e-05,0.00036400959965348967,0.00027576690886010056,-0.0004522522904468788,0.0004522522904468788,10.0
pua,-5.949506496972269e-05,8.180762465525959e-05,2.2312559685536902e-05,-0.00014130268962498228,0.00014130268962498228,10.0
puaki,-9.016030772664425e-05,0.0001859599771104778,9.579966938383354e-05,-0.000276120284837122,0.000276120284837122,11.0
puakinga,-8.824269079338908e-05,0.00036400959965348967,0.00027576690886010056,-0.0004522522904468788,0.0004522522904468788,9.0
puare,5.988808175573361e-05,-4.940882121321992e-05,1.047926054251369e-05,0.00010929690296895353,0.00010929690296895353,23.0
puaretanga,-8.824269079338908e-05,0.00036400959965348967,0.00027576690886010056,-0.0004522522904468788,0.0004522522904468788,12.0
puea,-7.670467733020651e-06,7.910354567465878e-06,2.398868344452271e-07,-1.558082230048653e-05,1.558082230048653e-05,12.0
puehu,-8.824269079338908e-05,0.00036400959965348967,0.00027576690886010056,-0.0004522522904468788,0.0004522522904468788,17.0
puhi,-8.824269079338908e-05,0.00036400959965348967,0.00027576690886010056,-0.0004522522904468788,0.0004522522904468788,9.0
puhipuhi,-8.824269079338908e-05,0.00036400959965348967,0.00027576690886010056,-0.0004522522904468788,0.0004522522904468788,10.0
puihi,-8.824269079338908e-05,0.00036400959965348967,0.00027576690886010056,-0.0004522522904468788,0.0004522522904468788,8.0
pukapuka,-8.824269079338908e-05,0.00036400959965348967,0.00027576690886010056,-0.0004522522904468788,0.0004522522904468788,19.0
puke,-8.824269079338908e-05,0.00036400959965348967,0.00027576690886010056,-0.0004522522904468788,0.0004522522904468788,11.0
puku,-8.824269079338908e-05,0.00036400959965348967,0.00027576690886010056,-0.0004522522904468788,0.0004522522904468788,26.0
pukupuku,-9.016030772664425e-05,0.0001859599771104778,9.579966938383354e-05,-0.000276120284837122,0.000276120284837122,9.0
pukuriri,-5.949506496972269e-05,8.180762465525959e-05,2.2312559685536902e-05,-0.00014130268962498228,0.00014130268962498228,20.0
puna,-8.824269079338908e-05,0.00036400959965348967,0.00027576690886010056,-0.0004522522904468788,0.0004522522904468788,25.0
pune,-8.824269079338908e-05,0.00036400959965348967,0.00027576690886010056,-0.0004522522904468788,0.0004522522904468788,9.0
punga,-8.824269079338908e-05,0.00036400959965348967,0.00027576690886010056,-0.0004522522904468788,0.0004522522904468788,10.0
puni,-8.824269079338908e-05,0.00036400959965348967,0.00027576690886010056,-0.0004522522904468788,0.0004522522904468788,10.0
puoro,-8.824269079338908e-05,0.00036400959965348967,0.00027576690886010056,-0.0004522522904468788,0.0004522522904468788,9.0
pupuhi,0.0005514015328121367,-0.0002274584437562318,0.00032394308905590494,0.0007788599765683685,0.0007788599765683685,39.0
pupuri,-0.0004979796152453422,0.0024650566579681324,0.0019670770427227904,-0.0029630362732134745,0.0029630362732134745,68.0
pupuru,-8.824269079338908e-05,0.00036400959965348967,0.00027576690886010056,-0.0004522522904468788,0.0004522522904468788,17.0
pupū,0.00023050908794009254,-0.00013583888456313335,9.46702033769592e-05,0.0003663479725032259,0.0003663479725032259,23.0
pura,-8.824269079338908e-05,0.00036400959965348967,0.00027576690886010056,-0.0004522522904468788,0.0004522522904468788,10.0
pure,-8.824269079338908e-05,0.00036400959965348967,0.00027576690886010056,-0.0004522522904468788,0.0004522522904468788,11.0
purei,0.00043721382732216557,-0.00020039435034297046,0.0002368194769791951,0.0006376081776651361,0.0006376081776651361,41.0
pureitanga,-8.824269079338908e-05,0.00036400959965348967,0.00027576690886010056,-0.0004522522904468788,0.0004522522904468788,8.0
puri,-5.949506496972269e-05,8.180762465525959e-05,2.2312559685536902e-05,-0.00014130268962498228,0.00014130268962498228,38.0
puru,0.0044657338070623505,-0.0005418112389327321,0.003923922568129619,0.005007545045995082,0.005007545045995082,61.0
puruheka,-8.824269079338908e-05,0.00036400959965348967,0.00027576690886010056,-0.0004522522904468788,0.0004522522904468788,9.0
puruma,-8.824269079338908e-05,0.00036400959965348967,0.00027576690886010056,-0.0004522522904468788,0.0004522522904468788,9.0
purutiti,-8.824269079338908e-05,0.00036400959965348967,0.00027576690886010056,-0.0004522522904468788,0.0004522522904468788,9.0
puta,0.11282933630584696,-0.0028379992728280222,0.10999133703301894,0.11566733557867498,0.11566733557867498,1018.0
putahanga,-8.824269079338908e-05,0.00036400959965348967,0.00027576690886010056,-0.0004522522904468788,0.0004522522904468788,9.0
putanga,-8.824269079338908e-05,0.00036400959965348967,0.00027576690886010056,-0.0004522522904468788,0.0004522522904468788,37.0
putaputa,-5.949506496972269e-05,8.180762465525959e-05,2.2312559685536902e-05,-0.00014130268962498228,0.00014130268962498228,22.0
putatanga,-8.824269079338908e-05,0.00036400959965348967,0.00027576690886010056,-0.0004522522904468788,0.0004522522904468788,14.0
puti,-8.824269079338908e-05,0.00036400959965348967,0.00027576690886010056,-0.0004522522904468788,0.0004522522904468788,9.0
putiputi,-8.824269079338908e-05,0.00036400959965348967,0.00027576690886010056,-0.0004522522904468788,0.0004522522904468788,13.0
putu,-5.949506496972269e-05,8.180762465525959e-05,2.2312559685536902e-05,-0.00014130268962498228,0.00014130268962498228,12.0
puāwai,0.0005514015328121367,-0.0002274584437562318,0.00032394308905590494,0.0007788599765683685,0.0007788599765683685,39.0
puāwaitanga,-8.824269079338908e-05,0.00036400959965348967,0.00027576690886010056,-0.0004522522904468788,0.0004522522904468788,13.0
pā,0.009119244610217462,-0.0014285226244653557,0.007690721985752106,0.010547767234682818,0.010547767234682818,985.0
pāhi,-9.016030772664425e-05,0.0001859599771104778,9.579966938383354e-05,-0.000276120284837122,0.000276120284837122,15.0
pāinaina,-5.949506496972269e-05,8.180762465525959e-05,2.2312559685536902e-05,-0.00014130268962498228,0.00014130268962498228,10.0
pākaitore,-0.00013140522772345602,0.001084118444393003,0.0009527132166695471,-0.001215523672116459,0.001215523672116459,9.0
pākarukaru,-8.824269079338908e-05,0.00036400959965348967,0.00027576690886010056,-0.0004522522904468788,0.0004522522904468788,10.0
pākehā,-8.824269079338908e-05,0.00036400959965348967,0.00027576690886010056,-0.0004522522904468788,0.0004522522904468788,39.0
pākeke,-8.824269079338908e-05,0.00036400959965348967,0.00027576690886010056,-0.0004522522904468788,0.0004522522904468788,9.0
pākihi,-9.016030772664425e-05,0.0001859599771104778,9.579966938383354e-05,-0.000276120284837122,0.000276120284837122,9.0
pākira,-8.824269079338908e-05,0.00036400959965348967,0.00027576690886010056,-0.0004522522904468788,0.0004522522904468788,9.0
pākoha,-9.016030772664425e-05,0.0001859599771104778,9.579966938383354e-05,-0.000276120284837122,0.000276120284837122,9.0
pākura,-8.824269079338908e-05,0.00036400959965348967,0.00027576690886010056,-0.0004522522904468788,0.0004522522904468788,9.0
pākōkō,-5.949506496972269e-05,8.180762465525959e-05,2.2312559685536902e-05,-0.00014130268962498228,0.00014130268962498228,12.0
pāmu,-8.824269079338908e-05,0.00036400959965348967,0.00027576690886010056,-0.0004522522904468788,0.0004522522904468788,13.0
pāmutanga,-8.824269079338908e-05,0.00036400959965348967,0.00027576690886010056,-0.0004522522904468788,0.0004522522904468788,8.0
pānga,-8.824269079338908e-05,0.00036400959965348967,0.00027576690886010056,-0.0004522522904468788,0.0004522522904468788,13.0
pānui,0.0017726416262124692,-0.0007076436252499368,0.0010649980009625323,0.002480285251462406,0.002480285251462406,92.0
pānuitanga,-8.824269079338908e-05,0.00036400959965348967,0.00027576690886010056,-0.0004522522904468788,0.0004522522904468788,12.0
pāoroorotanga,-8.824269079338908e-05,0.00036400959965348967,0.00027576690886010056,-0.0004522522904468788,0.0004522522904468788,9.0
pāpaku,-0.00013140522772345602,0.001084118444393003,0.0009527132166695471,-0.001215523672116459,0.001215523672116459,9.0
pāpuni,-8.824269079338908e-05,0.00036400959965348967,0.00027576690886010056,-0.0004522522904468788,0.0004522522904468788,9.0
pāpā,-8.824269079338908e-05,0.00036400959965348967,0.00027576690886010056,-0.0004522522904468788,0.0004522522904468788,17.0
pāpāhi,-8.824269079338908e-05,0.00036400959965348967,0.00027576690886010056,-0.0004522522904468788,0.0004522522904468788,9.0
pāpōuri,-9.016030772664425e-05,0.0001859599771104778,9.579966938383354e-05,-0.000276120284837122,0.000276120284837122,9.0
pārekareka,-8.824269079338908e-05,0.00036400959965348967,0.00027576690886010056,-0.0004522522904468788,0.0004522522904468788,9.0
pāremata,-8.824269079338908e-05,0.00036400959965348967,0.00027576690886010056,-0.0004522522904468788,0.0004522522904468788,10.0
pātai,0.005108645238260971,-0.0011494720203801638,0.003959173217880807,0.006258117258641135,0.006258117258641135,106.0
pātaitai,-5.949506496972269e-05,8.180762465525959e-05,2.2312559685536902e-05,-0.00014130268962498228,0.00014130268962498228,13.0
pātaitanga,-8.824269079338908e-05,0.00036400959965348967,0.00027576690886010056,-0.0004522522904468788,0.0004522522904468788,11.0
pātaka,-8.824269079338908e-05,0.00036400959965348967,0.00027576690886010056,-0.0004522522904468788,0.0004522522904468788,22.0
pātanga,-8.824269079338908e-05,0.00036400959965348967,0.00027576690886010056,-0.0004522522904468788,0.0004522522904468788,9.0
pātata,-8.824269079338908e-05,0.00036400959965348967,0.00027576690886010056,-0.0004522522904468788,0.0004522522904468788,13.0
pātene,-8.824269079338908e-05,0.00036400959965348967,0.00027576690886010056,-0.0004522522904468788,0.0004522522904468788,10.0
pātere,-9.016030772664425e-05,0.0001859599771104778,9.579966938383354e-05,-0.000276120284837122,0.000276120284837122,11.0
pāti,-8.824269079338908e-05,0.00036400959965348967,0.00027576690886010056,-0.0004522522904468788,0.0004522522904468788,13.0
pātiki,-8.824269079338908e-05,0.00036400959965348967,0.00027576690886010056,-0.0004522522904468788,0.0004522522904468788,9.0
pātukituki,-0.00013140522772345602,0.001084118444393003,0.0009527132166695471,-0.001215523672116459,0.001215523672116459,15.0
pātū,-8.824269079338908e-05,0.00036400959965348967,0.00027576690886010056,-0.0004522522904468788,0.0004522522904468788,9.0
pāua,-8.824269079338908e-05,0.00036400959965348967,0.00027576690886010056,-0.0004522522904468788,0.0004522522904468788,9.0
pāwaha,-8.824269079338908e-05,0.00036400959965348967,0.00027576690886010056,-0.0004522522904468788,0.0004522522904468788,9.0
pēhea,0.016852822060073182,-0.0013116889504757702,0.015541133109597413,0.018164511010548952,0.018164511010548952,220.0
pēhi,-5.949506496972269e-05,8.180762465525959e-05,2.2312559685536902e-05,-0.00014130268962498228,0.00014130268962498228,33.0
pēke,-8.824269079338908e-05,0.00036400959965348967,0.00027576690886010056,-0.0004522522904468788,0.0004522522904468788,13.0
pēne,-8.824269079338908e-05,0.00036400959965348967,0.00027576690886010056,-0.0004522522904468788,0.0004522522904468788,9.0
pēnei,0.005455658429071912,-0.0005770542704029312,0.004878604158668981,0.0060327126994748435,0.0060327126994748435,91.0
pēneki,-9.016030772664425e-05,0.0001859599771104778,9.579966938383354e-05,-0.000276120284837122,0.000276120284837122,11.0
pēnā,-5.949506496972269e-05,8.180762465525959e-05,2.2312559685536902e-05,-0.00014130268962498228,0.00014130268962498228,22.0
pēpi,-8.824269079338908e-05,0.00036400959965348967,0.00027576690886010056,-0.0004522522904468788,0.0004522522904468788,12.0
pēpē,-8.824269079338908e-05,0.00036400959965348967,0.00027576690886010056,-0.0004522522904468788,0.0004522522904468788,9.0
pēraka,-8.824269079338908e-05,0.00036400959965348967,0.00027576690886010056,-0.0004522522904468788,0.0004522522904468788,9.0
pērā,0.0013436533924678607,-0.0005038817885164835,0.0008397716039513772,0.0018475351809843442,0.0018475351809843442,100.0
pēwhea,-9.016030772664425e-05,0.0001859599771104778,9.579966938383354e-05,-0.000276120284837122,0.000276120284837122,14.0
pēwheatanga,-8.824269079338908e-05,0.00036400959965348967,0.00027576690886010056,-0.0004522522904468788,0.0004522522904468788,9.0
pīata,-8.824269079338908e-05,0.00036400959965348967,0.00027576690886010056,-0.0004522522904468788,0.0004522522904468788,11.0
pīhau,-9.016030772664425e-05,0.0001859599771104778,9.579966938383354e-05,-0.000276120284837122,0.000276120284837122,9.0
pīhopa,-8.824269079338908e-05,0.00036400959965348967,0.00027576690886010056,-0.0004522522904468788,0.0004522522904468788,41.0
pīhopatanga,-8.824269079338908e-05,0.00036400959965348967,0.00027576690886010056,-0.0004522522904468788,0.0004522522904468788,11.0
pīkau,-0.00031847028655012445,0.0017516274789651334,0.0014331571924150088,-0.002070097765515258,0.002070097765515258,22.0
pīra,-1.5340935466041302e-05,1.5820709134931756e-05,4.797736688904542e-07,-3.116164460097306e-05,3.116164460097306e-05,19.0
pīrangi,0.003706534672540856,-0.0005096604187544619,0.003196874253786394,0.0042161950912953175,0.0042161950912953175,121.0
pō,-8.824269079338908e-05,0.00036400959965348967,0.00027576690886010056,-0.0004522522904468788,0.0004522522904468788,67.0
pōhara,-9.016030772664425e-05,0.0001859599771104778,9.579966938383354e-05,-0.000276120284837122,0.000276120284837122,14.0
pōharatanga,-8.824269079338908e-05,0.00036400959965348967,0.00027576690886010056,-0.0004522522904468788,0.0004522522904468788,9.0
pōhatu,-8.824269079338908e-05,0.00036400959965348967,0.00027576690886010056,-0.0004522522904468788,0.0004522522904468788,10.0
pōhiri,-0.0005669480272797708,0.001559143483189629,0.000992195455909858,-0.0021260915104694,0.0021260915104694,44.0
pōhā,-9.016030772664425e-05,0.0001859599771104778,9.579966938383354e-05,-0.000276120284837122,0.000276120284837122,9.0
pōhēhē,0.0009292097775787111,-0.00029485229540470115,0.00063435748217401,0.0012240620729834122,0.0012240620729834122,30.0
pōka,-9.016030772664425e-05,0.0001859599771104778,9.579966938383354e-05,-0.000276120284837122,0.000276120284837122,9.0
pōkai,-9.016030772664425e-05,0.0001859599771104778,9.579966938383354e-05,-0.000276120284837122,0.000276120284837122,9.0
pōkaikaha,-8.824269079338908e-05,0.00036400959965348967,0.00027576690886010056,-0.0004522522904468788,0.0004522522904468788,11.0
pōneke,-8.824269079338908e-05,0.00036400959965348967,0.00027576690886010056,-0.0004522522904468788,0.0004522522904468788,9.0
pōnānā,-9.016030772664425e-05,0.0001859599771104778,9.579966938383354e-05,-0.000276120284837122,0.000276120284837122,9.0
pōrangi,-9.016030772664425e-05,0.0001859599771104778,9.579966938383354e-05,-0.000276120284837122,0.000276120284837122,9.0
pōrearea,-8.824269079338908e-05,0.00036400959965348967,0.00027576690886010056,-0.0004522522904468788,0.0004522522904468788,10.0
pōro,-8.824269079338908e-05,0.00036400959965348967,0.00027576690886010056,-0.0004522522904468788,0.0004522522904468788,9.0
pōtae,-9.016030772664425e-05,0.0001859599771104778,9.579966938383354e-05,-0.000276120284837122,0.000276120284837122,14.0
pōtete,-8.824269079338908e-05,0.00036400959965348967,0.00027576690886010056,-0.0004522522904468788,0.0004522522904468788,10.0
pōti,0.0003299593599744944,-0.00017013926797554603,0.00015982009199894836,0.0005000986279500404,0.0005000986279500404,26.0
pōtiki,-8.824269079338908e-05,0.00036400959965348967,0.00027576690886010056,-0.0004522522904468788,0.0004522522904468788,11.0
pōtitanga,-8.824269079338908e-05,0.00036400959965348967,0.00027576690886010056,-0.0004522522904468788,0.0004522522904468788,10.0
pōuri,0.00013998509164095635,-9.62419978877523e-05,4.3743093753204044e-05,0.00023622708952870865,0.00023622708952870865,37.0
pōuritanga,-8.824269079338908e-05,0.00036400959965348967,0.00027576690886010056,-0.0004522522904468788,0.0004522522904468788,10.0
pōwhiri,-0.0005626289552272268,0.0017406739773941757,0.0011780450221669488,-0.0023033029326214025,0.0023033029326214025,39.0
pū,-5.949506496972269e-05,8.180762465525959e-05,2.2312559685536902e-05,-0.00014130268962498228,0.00014130268962498228,17.0
pū-o-rei,-8.824269079338908e-05,0.00036400959965348967,0.00027576690886010056,-0.0004522522904468788,0.0004522522904468788,10.0
pūaha,-8.824269079338908e-05,0.00036400959965348967,0.00027576690886010056,-0.0004522522904468788,0.0004522522904468788,9.0
pūareare,-9.016030772664425e-05,0.0001859599771104778,9.579966938383354e-05,-0.000276120284837122,0.000276120284837122,10.0
pūhae,-9.016030772664425e-05,0.0001859599771104778,9.579966938383354e-05,-0.000276120284837122,0.000276120284837122,9.0
pūhaehae,-8.824269079338908e-05,0.00036400959965348967,0.00027576690886010056,-0.0004522522904468788,0.0004522522904468788,12.0
pūhiatanga,-8.824269079338908e-05,0.00036400959965348967,0.00027576690886010056,-0.0004522522904468788,0.0004522522904468788,10.0
pūhā,-8.824269079338908e-05,0.00036400959965348967,0.00027576690886010056,-0.0004522522904468788,0.0004522522904468788,8.0
pūkana,-5.949506496972269e-05,8.180762465525959e-05,2.2312559685536902e-05,-0.00014130268962498228,0.00014130268962498228,11.0
pūkenga,-8.824269079338908e-05,0.00036400959965348967,0.00027576690886010056,-0.0004522522904468788,0.0004522522904468788,9.0
pūkoro,-8.824269079338908e-05,0.00036400959965348967,0.00027576690886010056,-0.0004522522904468788,0.0004522522904468788,9.0
pūkōrero,-8.824269079338908e-05,0.00036400959965348967,0.00027576690886010056,-0.0004522522904468788,0.0004522522904468788,9.0
pūmanawa,-8.824269079338908e-05,0.00036400959965348967,0.00027576690886010056,-0.0004522522904468788,0.0004522522904468788,9.0
pūmau,5.988808175573361e-05,-4.940882121321992e-05,1.047926054251369e-05,0.00010929690296895353,0.00010929690296895353,21.0
pūremu,-0.00013140522772345602,0.001084118444393003,0.0009527132166695471,-0.001215523672116459,0.001215523672116459,9.0
pūrena,-8.824269079338908e-05,0.00036400959965348967,0.00027576690886010056,-0.0004522522904468788,0.0004522522904468788,10.0
pūrere,-9.016030772664425e-05,0.0001859599771104778,9.579966938383354e-05,-0.000276120284837122,0.000276120284837122,10.0
pūrerehua,-8.824269079338908e-05,0.00036400959965348967,0.00027576690886010056,-0.0004522522904468788,0.0004522522904468788,8.0
pūrongo,-8.824269079338908e-05,0.00036400959965348967,0.00027576690886010056,-0.0004522522904468788,0.0004522522904468788,15.0
pūru,-8.824269079338908e-05,0.00036400959965348967,0.00027576690886010056,-0.0004522522904468788,0.0004522522904468788,13.0
pūrutoiha,-5.949506496972269e-05,8.180762465525959e-05,2.2312559685536902e-05,-0.00014130268962498228,0.00014130268962498228,10.0
pūrākau,-8.824269079338908e-05,0.00036400959965348967,0.00027576690886010056,-0.0004522522904468788,0.0004522522904468788,9.0
pūtahitanga,-8.824269079338908e-05,0.00036400959965348967,0.00027576690886010056,-0.0004522522904468788,0.0004522522904468788,10.0
pūtake,-8.824269079338908e-05,0.00036400959965348967,0.00027576690886010056,-0.0004522522904468788,0.0004522522904468788,65.0
pūtaketanga,-8.824269079338908e-05,0.00036400959965348967,0.00027576690886010056,-0.0004522522904468788,0.0004522522904468788,11.0
pūtea,-8.824269079338908e-05,0.00036400959965348967,0.00027576690886010056,-0.0004522522904468788,0.0004522522904468788,40.0
pūtiki,-8.824269079338908e-05,0.00036400959965348967,0.00027576690886010056,-0.0004522522904468788,0.0004522522904468788,10.0
pūtātara,-8.824269079338908e-05,0.00036400959965348967,0.00027576690886010056,-0.0004522522904468788,0.0004522522904468788,9.0
pūwaha,-8.824269079338908e-05,0.00036400959965348967,0.00027576690886010056,-0.0004522522904468788,0.0004522522904468788,10.0
pūwahatanga,-8.824269079338908e-05,0.00036400959965348967,0.00027576690886010056,-0.0004522522904468788,0.0004522522904468788,9.0
pūwherowhero,-8.824269079338908e-05,0.00036400959965348967,0.00027576690886010056,-0.0004522522904468788,0.0004522522904468788,9.0
quota,-8.824269079338908e-05,0.00036400959965348967,0.00027576690886010056,-0.0004522522904468788,0.0004522522904468788,9.0
rahi,-9.016030772664425e-05,0.0001859599771104778,9.579966938383354e-05,-0.000276120284837122,0.000276120284837122,104.0
rahinga,-8.824269079338908e-05,0.00036400959965348967,0.00027576690886010056,-0.0004522522904468788,0.0004522522904468788,18.0
raiti,-8.824269079338908e-05,0.00036400959965348967,0.00027576690886010056,-0.0004522522904468788,0.0004522522904468788,9.0
raiwhara,-8.824269079338908e-05,0.00036400959965348967,0.00027576690886010056,-0.0004522522904468788,0.0004522522904468788,9.0
raka,-5.949506496972269e-05,8.180762465525959e-05,2.2312559685536902e-05,-0.00014130268962498228,0.00014130268962498228,11.0
rakaraka,-8.824269079338908e-05,0.00036400959965348967,0.00027576690886010056,-0.0004522522904468788,0.0004522522904468788,9.0
rake,-8.824269079338908e-05,0.00036400959965348967,0.00027576690886010056,-0.0004522522904468788,0.0004522522904468788,9.0
raki,-8.824269079338908e-05,0.00036400959965348967,0.00027576690886010056,-0.0004522522904468788,0.0004522522904468788,14.0
raki-paewhenua,-8.824269079338908e-05,0.00036400959965348967,0.00027576690886010056,-0.0004522522904468788,0.0004522522904468788,9.0
rakiraki,-8.824269079338908e-05,0.00036400959965348967,0.00027576690886010056,-0.0004522522904468788,0.0004522522904468788,10.0
rakuraku,-9.016030772664425e-05,0.0001859599771104778,9.579966938383354e-05,-0.000276120284837122,0.000276120284837122,10.0
rama,-8.824269079338908e-05,0.00036400959965348967,0.00027576690886010056,-0.0004522522904468788,0.0004522522904468788,10.0
ranea,-8.824269079338908e-05,0.00036400959965348967,0.00027576690886010056,-0.0004522522904468788,0.0004522522904468788,8.0
ranga,-8.824269079338908e-05,0.00036400959965348967,0.00027576690886010056,-0.0004522522904468788,0.0004522522904468788,10.0
rangahau,-0.0002813144776136134,0.0008703369886970878,0.0005890225110834744,-0.0011516514663107013,0.0011516514663107013,35.0
rangahautanga,-8.824269079338908e-05,0.00036400959965348967,0.00027576690886010056,-0.0004522522904468788,0.0004522522904468788,9.0
rangatahi,-8.824269079338908e-05,0.00036400959965348967,0.00027576690886010056,-0.0004522522904468788,0.0004522522904468788,17.0
rangatira,-9.016030772664425e-05,0.0001859599771104778,9.579966938383354e-05,-0.000276120284837122,0.000276120284837122,69.0
rangatiratanga,-8.824269079338908e-05,0.00036400959965348967,0.00027576690886010056,-0.0004522522904468788,0.0004522522904468788,19.0
rangi,-8.824269079338908e-05,0.00036400959965348967,0.00027576690886010056,-0.0004522522904468788,0.0004522522904468788,35.0
rangi-ātea,-8.824269079338908e-05,0.00036400959965348967,0.00027576690886010056,-0.0004522522904468788,0.0004522522904468788,10.0
rangimārie,-8.824269079338908e-05,0.00036400959965348967,0.00027576690886010056,-0.0004522522904468788,0.0004522522904468788,20.0
rangirua,-9.016030772664425e-05,0.0001859599771104778,9.579966938383354e-05,-0.000276120284837122,0.000276120284837122,13.0
rapa,0.00013998509164095635,-9.62419978877523e-05,4.3743093753204044e-05,0.00023622708952870865,0.00023622708952870865,18.0
rapirapi,-5.949506496972269e-05,8.180762465525959e-05,2.2312559685536902e-05,-0.00014130268962498228,0.00014130268962498228,11.0
rapu,-0.0010251561370495086,0.003322681854861448,0.0022975257178119396,-0.004347837991910956,0.004347837991910956,125.0
rapuhanga,-8.824269079338908e-05,0.00036400959965348967,0.00027576690886010056,-0.0004522522904468788,0.0004522522904468788,9.0
rapunga,-8.824269079338908e-05,0.00036400959965348967,0.00027576690886010056,-0.0004522522904468788,0.0004522522904468788,11.0
rapurapu,-8.824269079338908e-05,0.00036400959965348967,0.00027576690886010056,-0.0004522522904468788,0.0004522522904468788,10.0
rarata,-8.824269079338908e-05,0.00036400959965348967,0.00027576690886010056,-0.0004522522904468788,0.0004522522904468788,13.0
rarau,-9.016030772664425e-05,0.0001859599771104778,9.579966938383354e-05,-0.000276120284837122,0.000276120284837122,11.0
rarawa,-8.824269079338908e-05,0.00036400959965348967,0.00027576690886010056,-0.0004522522904468788,0.0004522522904468788,12.0
raru,-1.5340935466041302e-05,1.5820709134931756e-05,4.797736688904542e-07,-3.116164460097306e-05,3.116164460097306e-05,40.0
raruraru,5.988808175573361e-05,-4.940882121321992e-05,1.047926054251369e-05,0.00010929690296895353,0.00010929690296895353,39.0
rarutanga,-8.824269079338908e-05,0.00036400959965348967,0.00027576690886010056,-0.0004522522904468788,0.0004522522904468788,9.0
rata,-8.824269079338908e-05,0.00036400959965348967,0.00027576690886010056,-0.0004522522904468788,0.0004522522904468788,17.0
ratarata,-9.016030772664425e-05,0.0001859599771104778,9.579966938383354e-05,-0.000276120284837122,0.000276120284837122,9.0
rau,0.00013998509164095635,-9.62419978877523e-05,4.3743093753204044e-05,0.00023622708952870865,0.00023622708952870865,41.0
rauemi,-8.824269079338908e-05,0.00036400959965348967,0.00027576690886010056,-0.0004522522904468788,0.0004522522904468788,10.0
rauhī,-9.016030772664425e-05,0.0001859599771104778,9.579966938383354e-05,-0.000276120284837122,0.000276120284837122,9.0
rauparaha,-8.824269079338908e-05,0.00036400959965348967,0.00027576690886010056,-0.0004522522904468788,0.0004522522904468788,9.0
raupatu,-0.00015665369326353727,0.0019386347239551593,0.0017819810306916222,-0.0020952884172186965,0.0020952884172186965,12.0
raupā,-8.824269079338908e-05,0.00036400959965348967,0.00027576690886010056,-0.0004522522904468788,0.0004522522904468788,10.0
rawe,0.00043721382732216557,-0.00020039435034297046,0.0002368194769791951,0.0006376081776651361,0.0006376081776651361,29.0
raweke,-0.0002269823126669406,0.0014044858563261237,0.001177503543659183,-0.0016314681689930644,0.0016314681689930644,19.0
rawerawe,-8.824269079338908e-05,0.00036400959965348967,0.00027576690886010056,-0.0004522522904468788,0.0004522522904468788,9.0
reanga,-8.824269079338908e-05,0.00036400959965348967,0.00027576690886010056,-0.0004522522904468788,0.0004522522904468788,10.0
regional,-8.824269079338908e-05,0.00036400959965348967,0.00027576690886010056,-0.0004522522904468788,0.0004522522904468788,9.0
rehu,-8.824269079338908e-05,0.00036400959965348967,0.00027576690886010056,-0.0004522522904468788,0.0004522522904468788,9.0
reihi,-8.824269079338908e-05,0.00036400959965348967,0.00027576690886010056,-0.0004522522904468788,0.0004522522904468788,9.0
reka,-5.949506496972269e-05,8.180762465525959e-05,2.2312559685536902e-05,-0.00014130268962498228,0.00014130268962498228,30.0
rekareka,5.988808175573361e-05,-4.940882121321992e-05,1.047926054251369e-05,0.00010929690296895353,0.00010929690296895353,17.0
reo,-0.00013140522772345602,0.001084118444393003,0.0009527132166695471,-0.001215523672116459,0.001215523672116459,287.0
rere,0.00542119233076643,-0.0011769968721156475,0.004244195458650782,0.006598189202882077,0.006598189202882077,162.0
rerekē,5.988808175573361e-05,-4.940882121321992e-05,1.047926054251369e-05,0.00010929690296895353,0.00010929690296895353,66.0
rerekētanga,-8.824269079338908e-05,0.00036400959965348967,0.00027576690886010056,-0.0004522522904468788,0.0004522522904468788,35.0
rerenga,-8.824269079338908e-05,0.00036400959965348967,0.00027576690886010056,-0.0004522522904468788,0.0004522522904468788,13.0
rererangi,-8.824269079338908e-05,0.00036400959965348967,0.00027576690886010056,-0.0004522522904468788,0.0004522522904468788,8.0
rererere,-8.824269079338908e-05,0.00036400959965348967,0.00027576690886010056,-0.0004522522904468788,0.0004522522904468788,9.0
reri,-5.949506496972269e-05,8.180762465525959e-05,2.2312559685536902e-05,-0.00014130268962498228,0.00014130268962498228,24.0
reta,-8.824269079338908e-05,0.00036400959965348967,0.00027576690886010056,-0.0004522522904468788,0.0004522522904468788,12.0
reti,-9.016030772664425e-05,0.0001859599771104778,9.579966938383354e-05,-0.000276120284837122,0.000276120284837122,10.0
retireti,-9.016030772664425e-05,0.0001859599771104778,9.579966938383354e-05,-0.000276120284837122,0.000276120284837122,11.0
rewa,0.0003299593599744944,-0.00017013926797554603,0.00015982009199894836,0.0005000986279500404,0.0005000986279500404,21.0
rewherī,-0.00013140522772345602,0.001084118444393003,0.0009527132166695471,-0.001215523672116459,0.001215523672116459,9.0
ria,-9.016030772664425e-05,0.0001859599771104778,9.579966938383354e-05,-0.000276120284837122,0.000276120284837122,9.0
rihi,-8.824269079338908e-05,0.00036400959965348967,0.00027576690886010056,-0.0004522522904468788,0.0004522522904468788,9.0
rika,0.00023050908794009254,-0.00013583888456313335,9.46702033769592e-05,0.0003663479725032259,0.0003663479725032259,14.0
rikarika,-5.949506496972269e-05,8.180762465525959e-05,2.2312559685536902e-05,-0.00014130268962498228,0.00014130268962498228,22.0
rima,-7.670467733020651e-06,7.910354567465878e-06,2.398868344452271e-07,-1.558082230048653e-05,1.558082230048653e-05,66.0
ringa,-8.824269079338908e-05,0.00036400959965348967,0.00027576690886010056,-0.0004522522904468788,0.0004522522904468788,26.0
ringa-tū,-8.824269079338908e-05,0.00036400959965348967,0.00027576690886010056,-0.0004522522904468788,0.0004522522904468788,10.0
ringaringa,-8.824269079338908e-05,0.00036400959965348967,0.00027576690886010056,-0.0004522522904468788,0.0004522522904468788,11.0
ringi,-9.016030772664425e-05,0.0001859599771104778,9.579966938383354e-05,-0.000276120284837122,0.000276120284837122,12.0
riri,0.00023050908794009254,-0.00013583888456313335,9.46702033769592e-05,0.0003663479725032259,0.0003663479725032259,40.0
riririri,-9.016030772664425e-05,0.0001859599771104778,9.579966938383354e-05,-0.000276120284837122,0.000276120284837122,9.0
riro,0.0365979586047678,-0.001606064942624695,0.0349918936621431,0.038204023547392496,0.038204023547392496,464.0
rirohanga,-8.824269079338908e-05,0.00036400959965348967,0.00027576690886010056,-0.0004522522904468788,0.0004522522904468788,9.0
rironga,-8.824269079338908e-05,0.00036400959965348967,0.00027576690886010056,-0.0004522522904468788,0.0004522522904468788,10.0
rite,0.00023050908794009254,-0.00013583888456313335,9.46702033769592e-05,0.0003663479725032259,0.0003663479725032259,75.0
riterite,-9.016030772664425e-05,0.0001859599771104778,9.579966938383354e-05,-0.000276120284837122,0.000276120284837122,9.0
rito,-8.824269079338908e-05,0.00036400959965348967,0.00027576690886010056,-0.0004522522904468788,0.0004522522904468788,12.0
riu,-9.016030772664425e-05,0.0001859599771104778,9.579966938383354e-05,-0.000276120284837122,0.000276120284837122,17.0
roa,0.004660256189759216,-0.0005492573054298429,0.004110998884329373,0.005209513495189059,0.005209513495189059,281.0
roanga,-8.824269079338908e-05,0.00036400959965348967,0.00027576690886010056,-0.0004522522904468788,0.0004522522904468788,22.0
rohe,-7.670467733020651e-06,7.910354567465878e-06,2.398868344452271e-07,-1.558082230048653e-05,1.558082230048653e-05,150.0
rohenga,-8.824269079338908e-05,0.00036400959965348967,0.00027576690886010056,-0.0004522522904468788,0.0004522522904468788,9.0
roko,-8.824269079338908e-05,0.00036400959965348967,0.00027576690886010056,-0.0004522522904468788,0.0004522522904468788,10.0
rokohanga,-9.016030772664425e-05,0.0001859599771104778,9.579966938383354e-05,-0.000276120284837122,0.000276120284837122,9.0
rongo,0.043813705331655066,-0.0009769500266188773,0.04283675530503619,0.044790655358273944,0.044790655358273944,549.0
rongo-mai-te-aru,-8.824269079338908e-05,0.00036400959965348967,0.00027576690886010056,-0.0004522522904468788,0.0004522522904468788,9.0
rongohanga,-8.824269079338908e-05,0.00036400959965348967,0.00027576690886010056,-0.0004522522904468788,0.0004522522904468788,11.0
rongonga,-8.824269079338908e-05,0.00036400959965348967,0.00027576690886010056,-0.0004522522904468788,0.0004522522904468788,9.0
rongonui,-8.824269079338908e-05,0.00036400959965348967,0.00027576690886010056,-0.0004522522904468788,0.0004522522904468788,15.0
rongopai,-8.824269079338908e-05,0.00036400959965348967,0.00027576690886010056,-0.0004522522904468788,0.0004522522904468788,17.0
rongotanga,-8.824269079338908e-05,0.00036400959965348967,0.00027576690886010056,-0.0004522522904468788,0.0004522522904468788,16.0
rongoā,-0.00013140522772345602,0.001084118444393003,0.0009527132166695471,-0.001215523672116459,0.001215523672116459,14.0
rori,-8.824269079338908e-05,0.00036400959965348967,0.00027576690886010056,-0.0004522522904468788,0.0004522522904468788,15.0
rorirori,-8.824269079338908e-05,0.00036400959965348967,0.00027576690886010056,-0.0004522522904468788,0.0004522522904468788,10.0
roro,-8.824269079338908e-05,0.00036400959965348967,0.00027576690886010056,-0.0004522522904468788,0.0004522522904468788,14.0
roroa,-8.824269079338908e-05,0.00036400959965348967,0.00027576690886010056,-0.0004522522904468788,0.0004522522904468788,9.0
roto,-8.824269079338908e-05,0.00036400959965348967,0.00027576690886010056,-0.0004522522904468788,0.0004522522904468788,12.0
rsa,-8.824269079338908e-05,0.00036400959965348967,0.00027576690886010056,-0.0004522522904468788,0.0004522522904468788,9.0
rua,-0.0002483679293509447,0.0004390892713052903,0.00019072134195434557,-0.0006874572006562349,0.0006874572006562349,167.0
ruaki,5.988808175573361e-05,-4.940882121321992e-05,1.047926054251369e-05,0.00010929690296895353,0.00010929690296895353,12.0
ruarua,-8.824269079338908e-05,0.00036400959965348967,0.00027576690886010056,-0.0004522522904468788,0.0004522522904468788,10.0
rui,-0.00015665369326353727,0.0019386347239551593,0.0017819810306916222,-0.0020952884172186965,0.0020952884172186965,18.0
ruihi,-9.016030772664425e-05,0.0001859599771104778,9.579966938383354e-05,-0.000276120284837122,0.000276120284837122,16.0
ruirui,-7.670467733020651e-06,7.910354567465878e-06,2.398868344452271e-07,-1.558082230048653e-05,1.558082230048653e-05,12.0
ruke,-1.5340935466041302e-05,1.5820709134931756e-05,4.797736688904542e-07,-3.116164460097306e-05,3.116164460097306e-05,17.0
ruku,5.988808175573361e-05,-4.940882121321992e-05,1.047926054251369e-05,0.00010929690296895353,0.00010929690296895353,17.0
rukurukutanga,-8.824269079338908e-05,0.00036400959965348967,0.00027576690886010056,-0.0004522522904468788,0.0004522522904468788,10.0
runga,-8.824269079338908e-05,0.00036400959965348967,0.00027576690886010056,-0.0004522522904468788,0.0004522522904468788,9.0
rure,-5.949506496972269e-05,8.180762465525959e-05,2.2312559685536902e-05,-0.00014130268962498228,0.00014130268962498228,10.0
rā,-7.670467733020651e-06,7.910354567465878e-06,2.398868344452271e-07,-1.558082230048653e-05,1.558082230048653e-05,140.0
rāhoroi,-8.824269079338908e-05,0.00036400959965348967,0.00027576690886010056,-0.0004522522904468788,0.0004522522904468788,16.0
rāhui,0.0004610181758801851,-0.0002716777691262667,0.0001893404067539184,0.0007326959450064518,0.0007326959450064518,41.0
rāhuihui,0.0005514015328121367,-0.0002274584437562318,0.00032394308905590494,0.0007788599765683685,0.0007788599765683685,21.0
rākai,-8.824269079338908e-05,0.00036400959965348967,0.00027576690886010056,-0.0004522522904468788,0.0004522522904468788,11.0
rākau,-8.824269079338908e-05,0.00036400959965348967,0.00027576690886010056,-0.0004522522904468788,0.0004522522904468788,31.0
rākārepe,-8.824269079338908e-05,0.00036400959965348967,0.00027576690886010056,-0.0004522522904468788,0.0004522522904468788,8.0
rāpaki,-8.824269079338908e-05,0.00036400959965348967,0.00027576690886010056,-0.0004522522904468788,0.0004522522904468788,9.0
rāpopoto,-8.824269079338908e-05,0.00036400959965348967,0.00027576690886010056,-0.0004522522904468788,0.0004522522904468788,18.0
rārangi,-8.824269079338908e-05,0.00036400959965348967,0.00027576690886010056,-0.0004522522904468788,0.0004522522904468788,16.0
rātapu,-8.824269079338908e-05,0.00036400959965348967,0.00027576690886010056,-0.0004522522904468788,0.0004522522904468788,16.0
rātou,-9.016030772664425e-05,0.0001859599771104778,9.579966938383354e-05,-0.000276120284837122,0.000276120284837122,9.0
rāwhara,-9.016030772664425e-05,0.0001859599771104778,9.579966938383354e-05,-0.000276120284837122,0.000276120284837122,9.0
rāwhiti,-8.824269079338908e-05,0.00036400959965348967,0.00027576690886010056,-0.0004522522904468788,0.0004522522904468788,10.0
rēhi,-8.824269079338908e-05,0.00036400959965348967,0.00027576690886010056,-0.0004522522904468788,0.0004522522904468788,9.0
rēhita,-8.824269079338908e-05,0.00036400959965348967,0.00027576690886010056,-0.0004522522904468788,0.0004522522904468788,27.0
rēmana,-8.824269079338908e-05,0.00036400959965348967,0.00027576690886010056,-0.0004522522904468788,0.0004522522904468788,10.0
rērere,-8.824269079338908e-05,0.00036400959965348967,0.00027576690886010056,-0.0004522522904468788,0.0004522522904468788,10.0
rēwara,-8.824269079338908e-05,0.00036400959965348967,0.00027576690886010056,-0.0004522522904468788,0.0004522522904468788,11.0
rīhaina,-8.824269079338908e-05,0.00036400959965348967,0.00027576690886010056,-0.0004522522904468788,0.0004522522904468788,12.0
rīhainatanga,-8.824269079338908e-05,0.00036400959965348967,0.00027576690886010056,-0.0004522522904468788,0.0004522522904468788,9.0
rīhi,-5.949506496972269e-05,8.180762465525959e-05,2.2312559685536902e-05,-0.00014130268962498228,0.00014130268962498228,29.0
rīketa,-8.824269079338908e-05,0.00036400959965348967,0.00027576690886010056,-0.0004522522904468788,0.0004522522904468788,13.0
rīki,-8.824269079338908e-05,0.00036400959965348967,0.00027576690886010056,-0.0004522522904468788,0.0004522522904468788,10.0
rīngi,-7.670467733020651e-06,7.910354567465878e-06,2.398868344452271e-07,-1.558082230048653e-05,1.558082230048653e-05,13.0
rīpeka,-8.824269079338908e-05,0.00036400959965348967,0.00027576690886010056,-0.0004522522904468788,0.0004522522904468788,10.0
rīpene,-8.824269079338908e-05,0.00036400959965348967,0.00027576690886010056,-0.0004522522904468788,0.0004522522904468788,12.0
rīpoata,-8.824269079338908e-05,0.00036400959965348967,0.00027576690886010056,-0.0004522522904468788,0.0004522522904468788,40.0
rītaia,-7.670467733020651e-06,7.910354567465878e-06,2.398868344452271e-07,-1.558082230048653e-05,1.558082230048653e-05,12.0
rīti,-8.824269079338908e-05,0.00036400959965348967,0.00027576690886010056,-0.0004522522904468788,0.0004522522904468788,8.0
rīwai,-8.824269079338908e-05,0.00036400959965348967,0.00027576690886010056,-0.0004522522904468788,0.0004522522904468788,10.0
rō,-0.00013140522772345602,0.001084118444393003,0.0009527132166695471,-0.001215523672116459,0.001215523672116459,9.0
rōha,-8.824269079338908e-05,0.00036400959965348967,0.00027576690886010056,-0.0004522522904468788,0.0004522522904468788,9.0
rōia,-8.824269079338908e-05,0.00036400959965348967,0.00027576690886010056,-0.0004522522904468788,0.0004522522904468788,10.0
rōpū,-8.824269079338908e-05,0.00036400959965348967,0.00027576690886010056,-0.0004522522904468788,0.0004522522904468788,131.0
rū,-9.016030772664425e-05,0.0001859599771104778,9.579966938383354e-05,-0.000276120284837122,0.000276120284837122,9.0
rūkahu,-0.00013140522772345602,0.001084118444393003,0.0009527132166695471,-0.001215523672116459,0.001215523672116459,11.0
rūma,-8.824269079338908e-05,0.00036400959965348967,0.00027576690886010056,-0.0004522522904468788,0.0004522522904468788,9.0
rūmene,-9.016030772664425e-05,0.0001859599771104778,9.579966938383354e-05,-0.000276120284837122,0.000276120284837122,9.0
rūnanga,-8.824269079338908e-05,0.00036400959965348967,0.00027576690886010056,-0.0004522522904468788,0.0004522522904468788,58.0
rūnā,-8.824269079338908e-05,0.00036400959965348967,0.00027576690886010056,-0.0004522522904468788,0.0004522522904468788,9.0
rūpeke,-9.016030772664425e-05,0.0001859599771104778,9.579966938383354e-05,-0.000276120284837122,0.000276120284837122,13.0
rūri,-5.949506496972269e-05,8.180762465525959e-05,2.2312559685536902e-05,-0.00014130268962498228,0.00014130268962498228,12.0
rūruhi,-8.824269079338908e-05,0.00036400959965348967,0.00027576690886010056,-0.0004522522904468788,0.0004522522904468788,8.0
rūrū,-0.00013140522772345602,0.001084118444393003,0.0009527132166695471,-0.001215523672116459,0.001215523672116459,10.0
rūātoki,-0.00013140522772345602,0.001084118444393003,0.0009527132166695471,-0.001215523672116459,0.001215523672116459,9.0
saxophone,-8.824269079338908e-05,0.00036400959965348967,0.00027576690886010056,-0.0004522522904468788,0.0004522522904468788,9.0
shopping,-8.824269079338908e-05,0.00036400959965348967,0.00027576690886010056,-0.0004522522904468788,0.0004522522904468788,9.0
sixty,-9.016030772664425e-05,0.0001859599771104778,9.579966938383354e-05,-0.000276120284837122,0.000276120284837122,9.0
sky,-8.824269079338908e-05,0.00036400959965348967,0.00027576690886010056,-0.0004522522904468788,0.0004522522904468788,9.0
speaker,-8.824269079338908e-05,0.00036400959965348967,0.00027576690886010056,-0.0004522522904468788,0.0004522522904468788,9.0
stockade,-8.824269079338908e-05,0.00036400959965348967,0.00027576690886010056,-0.0004522522904468788,0.0004522522904468788,9.0
stratford,-0.00013140522772345602,0.001084118444393003,0.0009527132166695471,-0.001215523672116459,0.001215523672116459,9.0
super,-8.824269079338908e-05,0.00036400959965348967,0.00027576690886010056,-0.0004522522904468788,0.0004522522904468788,10.0
tae,0.09416558425714448,-0.006265195253620987,0.0879003890035235,0.10043077951076547,0.10043077951076547,1338.0
taehanga,-8.824269079338908e-05,0.00036400959965348967,0.00027576690886010056,-0.0004522522904468788,0.0004522522904468788,11.0
taenga,-8.824269079338908e-05,0.00036400959965348967,0.00027576690886010056,-0.0004522522904468788,0.0004522522904468788,81.0
taetanga,-8.824269079338908e-05,0.00036400959965348967,0.00027576690886010056,-0.0004522522904468788,0.0004522522904468788,24.0
taha,5.988808175573361e-05,-4.940882121321992e-05,1.047926054251369e-05,0.00010929690296895353,0.00010929690296895353,259.0
tahanga,-9.016030772664425e-05,0.0001859599771104778,9.579966938383354e-05,-0.000276120284837122,0.000276120284837122,9.0
tahi,0.00013998509164095635,-9.62419978877523e-05,4.3743093753204044e-05,0.00023622708952870865,0.00023622708952870865,26.0
tahitahi,-0.00013140522772345602,0.001084118444393003,0.0009527132166695471,-0.001215523672116459,0.001215523672116459,11.0
tahu,0.00017966424526720068,-0.00014822646363965968,3.1437781627541e-05,0.00032789070890686036,0.00032789070890686036,38.0
tahuri,0.007335286051057293,-0.000630390865516788,0.006704895185540505,0.00796567691657408,0.00796567691657408,101.0
tahuritanga,-8.824269079338908e-05,0.00036400959965348967,0.00027576690886010056,-0.0004522522904468788,0.0004522522904468788,10.0
tahutahu,-8.824269079338908e-05,0.00036400959965348967,0.00027576690886010056,-0.0004522522904468788,0.0004522522904468788,9.0
tahuti,-9.016030772664425e-05,0.0001859599771104778,9.579966938383354e-05,-0.000276120284837122,0.000276120284837122,11.0
tai,-8.824269079338908e-05,0.00036400959965348967,0.00027576690886010056,-0.0004522522904468788,0.0004522522904468788,27.0
taiapa,-9.016030772664425e-05,0.0001859599771104778,9.579966938383354e-05,-0.000276120284837122,0.000276120284837122,12.0
taiepa,-9.016030772664425e-05,0.0001859599771104778,9.579966938383354e-05,-0.000276120284837122,0.000276120284837122,9.0
taikaha,0.0003299593599744944,-0.00017013926797554603,0.00015982009199894836,0.0005000986279500404,0.0005000986279500404,16.0
taimaha,-8.824269079338908e-05,0.00036400959965348967,0.00027576690886010056,-0.0004522522904468788,0.0004522522904468788,10.0
taimahatanga,-8.824269079338908e-05,0.00036400959965348967,0.00027576690886010056,-0.0004522522904468788,0.0004522522904468788,8.0
taina,-8.824269079338908e-05,0.00036400959965348967,0.00027576690886010056,-0.0004522522904468788,0.0004522522904468788,10.0
taitama,-8.824269079338908e-05,0.00036400959965348967,0.00027576690886010056,-0.0004522522904468788,0.0004522522904468788,9.0
taitamariki,-8.824269079338908e-05,0.00036400959965348967,0.00027576690886010056,-0.0004522522904468788,0.0004522522904468788,9.0
taitara,-8.824269079338908e-05,0.00036400959965348967,0.00027576690886010056,-0.0004522522904468788,0.0004522522904468788,17.0
taiāwhio,-5.949506496972269e-05,8.180762465525959e-05,2.2312559685536902e-05,-0.00014130268962498228,0.00014130268962498228,12.0
taka,0.006907739781539994,-0.000619458521715402,0.006288281259824592,0.007527198303255395,0.007527198303255395,118.0
taka-hue,-0.00013140522772345602,0.001084118444393003,0.0009527132166695471,-0.001215523672116459,0.001215523672116459,9.0
takahi,-0.0008171033926223277,0.004213287754341755,0.003396184361719428,-0.005030391146964083,0.005030391146964083,60.0
takahitanga,-8.824269079338908e-05,0.00036400959965348967,0.00027576690886010056,-0.0004522522904468788,0.0004522522904468788,12.0
takahuri,5.988808175573361e-05,-4.940882121321992e-05,1.047926054251369e-05,0.00010929690296895353,0.00010929690296895353,26.0
takai,-0.00018898267575992358,0.000519714494396543,0.00033073181863661945,-0.0007086971701564666,0.0007086971701564666,14.0
takanga,-8.824269079338908e-05,0.00036400959965348967,0.00027576690886010056,-0.0004522522904468788,0.0004522522904468788,11.0
takapakari,-8.824269079338908e-05,0.00036400959965348967,0.00027576690886010056,-0.0004522522904468788,0.0004522522904468788,9.0
takariri,-8.824269079338908e-05,0.00036400959965348967,0.00027576690886010056,-0.0004522522904468788,0.0004522522904468788,10.0
takaroa,-8.824269079338908e-05,0.00036400959965348967,0.00027576690886010056,-0.0004522522904468788,0.0004522522904468788,10.0
takataka,-8.824269079338908e-05,0.00036400959965348967,0.00027576690886010056,-0.0004522522904468788,0.0004522522904468788,13.0
takatakahi,-0.00026281045544691205,0.002168236888786006,0.0019054264333390942,-0.002431047344232918,0.002431047344232918,17.0
takatakoto,-9.016030772664425e-05,0.0001859599771104778,9.579966938383354e-05,-0.000276120284837122,0.000276120284837122,9.0
takatū,-8.824269079338908e-05,0.00036400959965348967,0.00027576690886010056,-0.0004522522904468788,0.0004522522904468788,12.0
takawaenga,-0.00013140522772345602,0.001084118444393003,0.0009527132166695471,-0.001215523672116459,0.001215523672116459,10.0
takaware,-8.824269079338908e-05,0.00036400959965348967,0.00027576690886010056,-0.0004522522904468788,0.0004522522904468788,12.0
take,-8.824269079338908e-05,0.00036400959965348967,0.00027576690886010056,-0.0004522522904468788,0.0004522522904468788,119.0
takenga,-8.824269079338908e-05,0.00036400959965348967,0.00027576690886010056,-0.0004522522904468788,0.0004522522904468788,9.0
taketake,-8.824269079338908e-05,0.00036400959965348967,0.00027576690886010056,-0.0004522522904468788,0.0004522522904468788,10.0
taki,-0.0002813144776136134,0.0008703369886970878,0.0005890225110834744,-0.0011516514663107013,0.0011516514663107013,21.0
takinoho,-9.016030772664425e-05,0.0001859599771104778,9.579966938383354e-05,-0.000276120284837122,0.000276120284837122,9.0
takitaki,-5.949506496972269e-05,8.180762465525959e-05,2.2312559685536902e-05,-0.00014130268962498228,0.00014130268962498228,11.0
takitoru,-9.016030772664425e-05,0.0001859599771104778,9.579966938383354e-05,-0.000276120284837122,0.000276120284837122,9.0
takiwā,-8.824269079338908e-05,0.00036400959965348967,0.00027576690886010056,-0.0004522522904468788,0.0004522522904468788,18.0
takoha,-0.00013140522772345602,0.001084118444393003,0.0009527132166695471,-0.001215523672116459,0.001215523672116459,12.0
takoto,0.001966053804225613,-0.0004055080662992437,0.0015605457379263693,0.0023715618705248565,0.0023715618705248565,122.0
takotoranga,-8.824269079338908e-05,0.00036400959965348967,0.00027576690886010056,-0.0004522522904468788,0.0004522522904468788,14.0
takutai,-8.824269079338908e-05,0.00036400959965348967,0.00027576690886010056,-0.0004522522904468788,0.0004522522904468788,10.0
takutaku,-0.00013140522772345602,0.001084118444393003,0.0009527132166695471,-0.001215523672116459,0.001215523672116459,9.0
tama,-8.824269079338908e-05,0.00036400959965348967,0.00027576690886010056,-0.0004522522904468788,0.0004522522904468788,14.0
tamaiti,-8.824269079338908e-05,0.00036400959965348967,0.00027576690886010056,-0.0004522522904468788,0.0004522522904468788,26.0
tamariki,-8.824269079338908e-05,0.00036400959965348967,0.00027576690886010056,-0.0004522522904468788,0.0004522522904468788,20.0
tamāhine,-8.824269079338908e-05,0.00036400959965348967,0.00027576690886010056,-0.0004522522904468788,0.0004522522904468788,13.0
tangata,-9.016030772664425e-05,0.0001859599771104778,9.579966938383354e-05,-0.000276120284837122,0.000276120284837122,205.0
tangi,-0.0024250340036508253,0.004591769968836881,0.002166735965186056,-0.007016803972487707,0.007016803972487707,166.0
tangitanga,-8.824269079338908e-05,0.00036400959965348967,0.00027576690886010056,-0.0004522522904468788,0.0004522522904468788,9.0
tango,-0.00045859068424520963,0.0005732517415324959,0.00011466105728728625,-0.0010318424257777055,0.0010318424257777055,87.0
tangotanga,-8.824269079338908e-05,0.00036400959965348967,0.00027576690886010056,-0.0004522522904468788,0.0004522522904468788,8.0
tangotango,-8.824269079338908e-05,0.00036400959965348967,0.00027576690886010056,-0.0004522522904468788,0.0004522522904468788,12.0
tanu,-7.670467733020651e-06,7.910354567465878e-06,2.398868344452271e-07,-1.558082230048653e-05,1.558082230048653e-05,19.0
tao,-0.00013140522772345602,0.001084118444393003,0.0009527132166695471,-0.001215523672116459,0.001215523672116459,11.0
taonga,-0.00013140522772345602,0.001084118444393003,0.0009527132166695471,-0.001215523672116459,0.001215523672116459,50.0
tapa,3.986674546678457e-05,-3.795096121941315e-05,1.915784247371421e-06,7.781770668619772e-05,7.781770668619772e-05,28.0
tapahi,0.0012217450401619833,-0.00047998247403670296,0.0007417625661252803,0.0017017275141986863,0.0017017275141986863,44.0
tapatapahi,-9.016030772664425e-05,0.0001859599771104778,9.579966938383354e-05,-0.000276120284837122,0.000276120284837122,12.0
tapu,-5.949506496972269e-05,8.180762465525959e-05,2.2312559685536902e-05,-0.00014130268962498228,0.00014130268962498228,40.0
taputapu,-8.824269079338908e-05,0.00036400959965348967,0.00027576690886010056,-0.0004522522904468788,0.0004522522904468788,8.0
tara,-5.949506496972269e-05,8.180762465525959e-05,2.2312559685536902e-05,-0.00014130268962498228,0.00014130268962498228,10.0
tarai,-0.00028216693059500734,0.0006983794613550304,0.00041621253076002307,-0.0009805463919500376,0.0009805463919500376,28.0
taraipiunara,-8.824269079338908e-05,0.00036400959965348967,0.00027576690886010056,-0.0004522522904468788,0.0004522522904468788,23.0
taraiwa,-9.016030772664425e-05,0.0001859599771104778,9.579966938383354e-05,-0.000276120284837122,0.000276120284837122,13.0
tare,-7.670467733020651e-06,7.910354567465878e-06,2.398868344452271e-07,-1.558082230048653e-05,1.558082230048653e-05,15.0
tareka,-8.824269079338908e-05,0.00036400959965348967,0.00027576690886010056,-0.0004522522904468788,0.0004522522904468788,8.0
taretare,-8.824269079338908e-05,0.00036400959965348967,0.00027576690886010056,-0.0004522522904468788,0.0004522522904468788,9.0
tari,-0.00015592460289460118,0.0002572816026595839,0.00010135699976498273,-0.00041320620555418506,0.00041320620555418506,116.0
taringa,-8.824269079338908e-05,0.00036400959965348967,0.00027576690886010056,-0.0004522522904468788,0.0004522522904468788,10.0
tata,0.0007979206264427162,-0.0002742916204307642,0.0005236290060119521,0.0010722122468734803,0.0010722122468734803,141.0
tatae,-8.824269079338908e-05,0.00036400959965348967,0.00027576690886010056,-0.0004522522904468788,0.0004522522904468788,9.0
tatanga,-8.824269079338908e-05,0.00036400959965348967,0.00027576690886010056,-0.0004522522904468788,0.0004522522904468788,9.0
tatangi,-8.824269079338908e-05,0.00036400959965348967,0.00027576690886010056,-0.0004522522904468788,0.0004522522904468788,10.0
tatari,0.0009292097775787111,-0.00029485229540470115,0.00063435748217401,0.0012240620729834122,0.0012240620729834122,92.0
tatau,-8.824269079338908e-05,0.00036400959965348967,0.00027576690886010056,-0.0004522522904468788,0.0004522522904468788,18.0
tatū,0.002293229204929334,-0.00042999051680125364,0.0018632386881280803,0.0027232197217305874,0.0027232197217305874,87.0
tatūtanga,-8.824269079338908e-05,0.00036400959965348967,0.00027576690886010056,-0.0004522522904468788,0.0004522522904468788,9.0
tau,0.017074374134270445,-0.001316512860236797,0.015757861274033648,0.018390886994507243,0.018390886994507243,485.0
taua,-8.824269079338908e-05,0.00036400959965348967,0.00027576690886010056,-0.0004522522904468788,0.0004522522904468788,8.0
tauhou,-8.824269079338908e-05,0.00036400959965348967,0.00027576690886010056,-0.0004522522904468788,0.0004522522904468788,11.0
tauihu,-8.824269079338908e-05,0.00036400959965348967,0.00027576690886010056,-0.0004522522904468788,0.0004522522904468788,12.0
tauira,-0.00013140522772345602,0.001084118444393003,0.0009527132166695471,-0.001215523672116459,0.001215523672116459,21.0
tauiwi,-8.824269079338908e-05,0.00036400959965348967,0.00027576690886010056,-0.0004522522904468788,0.0004522522904468788,9.0
taukume,-8.824269079338908e-05,0.00036400959965348967,0.00027576690886010056,-0.0004522522904468788,0.0004522522904468788,9.0
taukumekume,-5.949506496972269e-05,8.180762465525959e-05,2.2312559685536902e-05,-0.00014130268962498228,0.00014130268962498228,15.0
taumaha,-7.670467733020651e-06,7.910354567465878e-06,2.398868344452271e-07,-1.558082230048653e-05,1.558082230048653e-05,34.0
taumahatanga,-8.824269079338908e-05,0.00036400959965348967,0.00027576690886010056,-0.0004522522904468788,0.0004522522904468788,14.0
taumata,-8.824269079338908e-05,0.00036400959965348967,0.00027576690886010056,-0.0004522522904468788,0.0004522522904468788,27.0
taumau,-9.016030772664425e-05,0.0001859599771104778,9.579966938383354e-05,-0.000276120284837122,0.000276120284837122,9.0
taunaha,-8.824269079338908e-05,0.00036400959965348967,0.00027576690886010056,-0.0004522522904468788,0.0004522522904468788,9.0
taunga,-0.00013140522772345602,0.001084118444393003,0.0009527132166695471,-0.001215523672116459,0.001215523672116459,26.0
taunu,-9.016030772664425e-05,0.0001859599771104778,9.579966938383354e-05,-0.000276120284837122,0.000276120284837122,11.0
tauparapara,-8.824269079338908e-05,0.00036400959965348967,0.00027576690886010056,-0.0004522522904468788,0.0004522522904468788,9.0
taupatu,-8.824269079338908e-05,0.00036400959965348967,0.00027576690886010056,-0.0004522522904468788,0.0004522522904468788,10.0
taupatupatu,-8.824269079338908e-05,0.00036400959965348967,0.00027576690886010056,-0.0004522522904468788,0.0004522522904468788,10.0
taupoki,-8.824269079338908e-05,0.00036400959965348967,0.00027576690886010056,-0.0004522522904468788,0.0004522522904468788,11.0
taupā,-8.824269079338908e-05,0.00036400959965348967,0.00027576690886010056,-0.0004522522904468788,0.0004522522904468788,9.0
taura,-8.824269079338908e-05,0.00036400959965348967,0.00027576690886010056,-0.0004522522904468788,0.0004522522904468788,22.0
taurite,-9.016030772664425e-05,0.0001859599771104778,9.579966938383354e-05,-0.000276120284837122,0.000276120284837122,10.0
taurua,-8.824269079338908e-05,0.00036400959965348967,0.00027576690886010056,-0.0004522522904468788,0.0004522522904468788,9.0
tautau,-8.824269079338908e-05,0.00036400959965348967,0.00027576690886010056,-0.0004522522904468788,0.0004522522904468788,9.0
tautohe,-0.00018898267575992358,0.000519714494396543,0.00033073181863661945,-0.0007086971701564666,0.0007086971701564666,23.0
tautohetohe,-0.0001803206154532885,0.0003719199542209556,0.00019159933876766708,-0.000552240569674244,0.000552240569674244,16.0
tautoko,-0.0017130458468062406,0.0035332395650990783,0.0018201937182928377,-0.005246285411905319,0.005246285411905319,321.0
tautokotanga,-8.824269079338908e-05,0.00036400959965348967,0.00027576690886010056,-0.0004522522904468788,0.0004522522904468788,9.0
tawhiti,-8.824269079338908e-05,0.00036400959965348967,0.00027576690886010056,-0.0004522522904468788,0.0004522522904468788,25.0
tawhito,-8.824269079338908e-05,0.00036400959965348967,0.00027576690886010056,-0.0004522522904468788,0.0004522522904468788,11.0
teihana,-8.824269079338908e-05,0.00036400959965348967,0.00027576690886010056,-0.0004522522904468788,0.0004522522904468788,15.0
teina,-8.824269079338908e-05,0.00036400959965348967,0.00027576690886010056,-0.0004522522904468788,0.0004522522904468788,10.0
teitei,-9.016030772664425e-05,0.0001859599771104778,9.579966938383354e-05,-0.000276120284837122,0.000276120284837122,15.0
teiteitanga,-8.824269079338908e-05,0.00036400959965348967,0.00027576690886010056,-0.0004522522904468788,0.0004522522904468788,10.0
teka,-0.00013140522772345602,0.001084118444393003,0.0009527132166695471,-0.001215523672116459,0.001215523672116459,9.0
tekau,-5.949506496972269e-05,8.180762465525959e-05,2.2312559685536902e-05,-0.00014130268962498228,0.00014130268962498228,124.0
teko,-8.824269079338908e-05,0.00036400959965348967,0.00027576690886010056,-0.0004522522904468788,0.0004522522904468788,9.0
tekoteko,-8.824269079338908e-05,0.00036400959965348967,0.00027576690886010056,-0.0004522522904468788,0.0004522522904468788,11.0
tera,-8.824269079338908e-05,0.00036400959965348967,0.00027576690886010056,-0.0004522522904468788,0.0004522522904468788,9.0
tere,0.002270049135144736,-0.000645804920614176,0.00162424421453056,0.0029158540557589117,0.0029158540557589117,85.0
tereina,-8.824269079338908e-05,0.00036400959965348967,0.00027576690886010056,-0.0004522522904468788,0.0004522522904468788,12.0
teretere,-8.824269079338908e-05,0.00036400959965348967,0.00027576690886010056,-0.0004522522904468788,0.0004522522904468788,10.0
the,-8.824269079338908e-05,0.00036400959965348967,0.00027576690886010056,-0.0004522522904468788,0.0004522522904468788,9.0
three,-8.824269079338908e-05,0.00036400959965348967,0.00027576690886010056,-0.0004522522904468788,0.0004522522904468788,10.0
tia,-0.00017648538158677817,0.0007280191993069793,0.0005515338177202011,-0.0009045045808937576,0.0009045045808937576,11.0
tiaho,-8.824269079338908e-05,0.00036400959965348967,0.00027576690886010056,-0.0004522522904468788,0.0004522522904468788,10.0
tiainamana,-8.824269079338908e-05,0.00036400959965348967,0.00027576690886010056,-0.0004522522904468788,0.0004522522904468788,9.0
tiaki,-0.0005887708624769553,0.01376284029187398,0.013174069429397025,-0.014351611154350935,0.014351611154350935,75.0
tiamana,-8.824269079338908e-05,0.00036400959965348967,0.00027576690886010056,-0.0004522522904468788,0.0004522522904468788,23.0
tiati,-8.824269079338908e-05,0.00036400959965348967,0.00027576690886010056,-0.0004522522904468788,0.0004522522904468788,10.0
tihi,-8.824269079338908e-05,0.00036400959965348967,0.00027576690886010056,-0.0004522522904468788,0.0004522522904468788,10.0
tika,0.007986272453137669,-0.0006459635913879503,0.007340308861749719,0.008632236044525619,0.008632236044525619,409.0
tikanga,-8.824269079338908e-05,0.00036400959965348967,0.00027576690886010056,-0.0004522522904468788,0.0004522522904468788,139.0
tiki,0.0007086852051930835,-0.000543887392885058,0.00016479781230802548,0.0012525725980781415,0.0012525725980781415,93.0
tikitiki,-0.00013140522772345602,0.001084118444393003,0.0009527132166695471,-0.001215523672116459,0.001215523672116459,11.0
tiko,-5.949506496972269e-05,8.180762465525959e-05,2.2312559685536902e-05,-0.00014130268962498228,0.00014130268962498228,10.0
timu,-7.670467733020651e-06,7.910354567465878e-06,2.398868344452271e-07,-1.558082230048653e-05,1.558082230048653e-05,12.0
tina,-9.016030772664425e-05,0.0001859599771104778,9.579966938383354e-05,-0.000276120284837122,0.000276120284837122,12.0
tinana,-8.824269079338908e-05,0.00036400959965348967,0.00027576690886010056,-0.0004522522904468788,0.0004522522904468788,27.0
tinei,0.00043721382732216557,-0.00020039435034297046,0.0002368194769791951,0.0006376081776651361,0.0006376081776651361,16.0
tini,-9.016030772664425e-05,0.0001859599771104778,9.579966938383354e-05,-0.000276120284837122,0.000276120284837122,57.0
tini-o-maru,-8.824269079338908e-05,0.00036400959965348967,0.00027576690886010056,-0.0004522522904468788,0.0004522522904468788,11.0
tinihanga,-0.00037796535151984716,0.001039428988793086,0.0006614636372732389,-0.0014173943403129332,0.0014173943403129332,18.0
tino,0.00165420459843641,-0.0006823753312686955,0.0009718292671677146,0.0023365799297051055,0.0023365799297051055,404.0
tiotio,-8.824269079338908e-05,0.00036400959965348967,0.00027576690886010056,-0.0004522522904468788,0.0004522522904468788,10.0
tipitipi,-8.824269079338908e-05,0.00036400959965348967,0.00027576690886010056,-0.0004522522904468788,0.0004522522904468788,9.0
tipu,0.0007979206264427162,-0.0002742916204307642,0.0005236290060119521,0.0010722122468734803,0.0010722122468734803,58.0
tipua,-8.824269079338908e-05,0.00036400959965348967,0.00027576690886010056,-0.0004522522904468788,0.0004522522904468788,10.0
tipuna,-8.824269079338908e-05,0.00036400959965348967,0.00027576690886010056,-0.0004522522904468788,0.0004522522904468788,19.0
tipuranga,-8.824269079338908e-05,0.00036400959965348967,0.00027576690886010056,-0.0004522522904468788,0.0004522522904468788,9.0
tira,-8.824269079338908e-05,0.00036400959965348967,0.00027576690886010056,-0.0004522522904468788,0.0004522522904468788,25.0
tiri,-8.824269079338908e-05,0.00036400959965348967,0.00027576690886010056,-0.0004522522904468788,0.0004522522904468788,10.0
tiriti,-8.824269079338908e-05,0.00036400959965348967,0.00027576690886010056,-0.0004522522904468788,0.0004522522904468788,108.0
tiro,0.0009869759085842044,-0.00042856533632440783,0.0005584105722597965,0.0014155412449086122,0.0014155412449086122,59.0
tirohanga,-8.824269079338908e-05,0.00036400959965348967,0.00027576690886010056,-0.0004522522904468788,0.0004522522904468788,21.0
tirotiro,-0.0006533392171698837,0.0020961789371155676,0.0014428397199456838,-0.0027495181542854514,0.0027495181542854514,48.0
titi,-5.949506496972269e-05,8.180762465525959e-05,2.2312559685536902e-05,-0.00014130268962498228,0.00014130268962498228,14.0
titiro,0.016446572638706938,-0.005978563282475647,0.010468009356231291,0.022425135921182584,0.022425135921182584,671.0
tito,-0.0001803206154532885,0.0003719199542209556,0.00019159933876766708,-0.000552240569674244,0.000552240569674244,25.0
tiwhikete,-8.824269079338908e-05,0.00036400959965348967,0.00027576690886010056,-0.0004522522904468788,0.0004522522904468788,10.0
toa,0.0007653406479088987,-0.0003714239876934167,0.000393916660215482,0.0011367646356023153,0.0011367646356023153,68.0
toe,0.0003299593599744944,-0.00017013926797554603,0.00015982009199894836,0.0005000986279500404,0.0005000986279500404,28.0
toenga,-8.824269079338908e-05,0.00036400959965348967,0.00027576690886010056,-0.0004522522904468788,0.0004522522904468788,12.0
toha,-0.00028216693059500734,0.0006983794613550304,0.00041621253076002307,-0.0009805463919500376,0.0009805463919500376,28.0
tohatoha,-0.000360641230906577,0.0007438399084419112,0.00038319867753533417,-0.001104481139348488,0.001104481139348488,20.0
tohe,-0.00015592460289460118,0.0002572816026595839,0.00010135699976498273,-0.00041320620555418506,0.00041320620555418506,23.0
tohetohe,-0.00018898267575992358,0.000519714494396543,0.00033073181863661945,-0.0007086971701564666,0.0007086971701564666,11.0
tohi,-0.0002647280723801672,0.001092028798960469,0.0008273007265803018,-0.0013567568713406363,0.0013567568713406363,14.0
tohorā,-8.824269079338908e-05,0.00036400959965348967,0.00027576690886010056,-0.0004522522904468788,0.0004522522904468788,9.0
tohu,0.00017676489549909265,-0.00016572095934544107,1.1043936153651583e-05,0.0003424858548445337,0.0003424858548445337,221.0
tohuatanga,-8.824269079338908e-05,0.00036400959965348967,0.00027576690886010056,-0.0004522522904468788,0.0004522522904468788,9.0
tohunga,-8.824269079338908e-05,0.00036400959965348967,0.00027576690886010056,-0.0004522522904468788,0.0004522522904468788,38.0
tohungatanga,-8.824269079338908e-05,0.00036400959965348967,0.00027576690886010056,-0.0004522522904468788,0.0004522522904468788,10.0
tohutohu,-0.0006570261386172802,0.005420592221965016,0.004763566083347735,-0.006077618360582297,0.006077618360582297,35.0
toi,-8.824269079338908e-05,0.00036400959965348967,0.00027576690886010056,-0.0004522522904468788,0.0004522522904468788,46.0
toimaha,-8.824269079338908e-05,0.00036400959965348967,0.00027576690886010056,-0.0004522522904468788,0.0004522522904468788,9.0
toitū,-8.824269079338908e-05,0.00036400959965348967,0.00027576690886010056,-0.0004522522904468788,0.0004522522904468788,14.0
toka,-8.824269079338908e-05,0.00036400959965348967,0.00027576690886010056,-0.0004522522904468788,0.0004522522904468788,12.0
tokanga-nui-ā-noho,-8.824269079338908e-05,0.00036400959965348967,0.00027576690886010056,-0.0004522522904468788,0.0004522522904468788,9.0
toki,-8.824269079338908e-05,0.00036400959965348967,0.00027576690886010056,-0.0004522522904468788,0.0004522522904468788,12.0
toko,-9.016030772664425e-05,0.0001859599771104778,9.579966938383354e-05,-0.000276120284837122,0.000276120284837122,9.0
tokoiti,-8.824269079338908e-05,0.00036400959965348967,0.00027576690886010056,-0.0004522522904468788,0.0004522522904468788,12.0
tokomaha,-9.016030772664425e-05,0.0001859599771104778,9.579966938383354e-05,-0.000276120284837122,0.000276120284837122,61.0
tokorima,-8.824269079338908e-05,0.00036400959965348967,0.00027576690886010056,-0.0004522522904468788,0.0004522522904468788,9.0
tokorua,-8.824269079338908e-05,0.00036400959965348967,0.00027576690886010056,-0.0004522522904468788,0.0004522522904468788,11.0
tokotoko,-8.824269079338908e-05,0.00036400959965348967,0.00027576690886010056,-0.0004522522904468788,0.0004522522904468788,9.0
tokotoru,-8.824269079338908e-05,0.00036400959965348967,0.00027576690886010056,-0.0004522522904468788,0.0004522522904468788,11.0
tokowhā,-8.824269079338908e-05,0.00036400959965348967,0.00027576690886010056,-0.0004522522904468788,0.0004522522904468788,13.0
tomo,5.988808175573361e-05,-4.940882121321992e-05,1.047926054251369e-05,0.00010929690296895353,0.00010929690296895353,27.0
tomotomo,-8.824269079338908e-05,0.00036400959965348967,0.00027576690886010056,-0.0004522522904468788,0.0004522522904468788,9.0
tonga,-8.824269079338908e-05,0.00036400959965348967,0.00027576690886010056,-0.0004522522904468788,0.0004522522904468788,28.0
tono,-0.0006857128642959243,0.0008290816810516675,0.00014336881675574317,-0.0015147945453475918,0.0015147945453475918,289.0
tononga,-8.824269079338908e-05,0.00036400959965348967,0.00027576690886010056,-0.0004522522904468788,0.0004522522904468788,10.0
tonotono,-0.00013140522772345602,0.001084118444393003,0.0009527132166695471,-0.001215523672116459,0.001215523672116459,11.0
tope,-0.00018898267575992358,0.000519714494396543,0.00033073181863661945,-0.0007086971701564666,0.0007086971701564666,11.0
toremi,-9.016030772664425e-05,0.0001859599771104778,9.579966938383354e-05,-0.000276120284837122,0.000276120284837122,10.0
toro,0.0009292097775787111,-0.00029485229540470115,0.00063435748217401,0.0012240620729834122,0.0012240620729834122,28.0
toromi,-5.949506496972269e-05,8.180762465525959e-05,2.2312559685536902e-05,-0.00014130268962498228,0.00014130268962498228,10.0
torotanga,-8.824269079338908e-05,0.00036400959965348967,0.00027576690886010056,-0.0004522522904468788,0.0004522522904468788,9.0
torotoro,-8.824269079338908e-05,0.00036400959965348967,0.00027576690886010056,-0.0004522522904468788,0.0004522522904468788,13.0
toru,-5.949506496972269e-05,8.180762465525959e-05,2.2312559685536902e-05,-0.00014130268962498228,0.00014130268962498228,110.0
torutoru,-5.949506496972269e-05,8.180762465525959e-05,2.2312559685536902e-05,-0.00014130268962498228,0.00014130268962498228,19.0
toto,-8.824269079338908e-05,0.00036400959965348967,0.00027576690886010056,-0.0004522522904468788,0.0004522522904468788,11.0
totohe,5.988808175573361e-05,-4.940882121321992e-05,1.047926054251369e-05,0.00010929690296895353,0.00010929690296895353,17.0
totohu,-5.949506496972269e-05,8.180762465525959e-05,2.2312559685536902e-05,-0.00014130268962498228,0.00014130268962498228,11.0
totoro,0.00023050908794009254,-0.00013583888456313335,9.46702033769592e-05,0.0003663479725032259,0.0003663479725032259,21.0
totō,-8.824269079338908e-05,0.00036400959965348967,0.00027576690886010056,-0.0004522522904468788,0.0004522522904468788,9.0
tou,-8.824269079338908e-05,0.00036400959965348967,0.00027576690886010056,-0.0004522522904468788,0.0004522522904468788,9.0
tourism,-8.824269079338908e-05,0.00036400959965348967,0.00027576690886010056,-0.0004522522904468788,0.0004522522904468788,9.0
train,-8.824269079338908e-05,0.00036400959965348967,0.00027576690886010056,-0.0004522522904468788,0.0004522522904468788,9.0
tribunal,-8.824269079338908e-05,0.00036400959965348967,0.00027576690886010056,-0.0004522522904468788,0.0004522522904468788,9.0
tua,-8.824269079338908e-05,0.00036400959965348967,0.00027576690886010056,-0.0004522522904468788,0.0004522522904468788,10.0
tuahine,-8.824269079338908e-05,0.00036400959965348967,0.00027576690886010056,-0.0004522522904468788,0.0004522522904468788,19.0
tuaiwa,-8.824269079338908e-05,0.00036400959965348967,0.00027576690886010056,-0.0004522522904468788,0.0004522522904468788,9.0
tuakana,-8.824269079338908e-05,0.00036400959965348967,0.00027576690886010056,-0.0004522522904468788,0.0004522522904468788,11.0
tuaki,-5.949506496972269e-05,8.180762465525959e-05,2.2312559685536902e-05,-0.00014130268962498228,0.00014130268962498228,10.0
tuanui,-8.824269079338908e-05,0.00036400959965348967,0.00027576690886010056,-0.0004522522904468788,0.0004522522904468788,17.0
tuaono,-8.824269079338908e-05,0.00036400959965348967,0.00027576690886010056,-0.0004522522904468788,0.0004522522904468788,10.0
tuapu,-8.824269079338908e-05,0.00036400959965348967,0.00027576690886010056,-0.0004522522904468788,0.0004522522904468788,8.0
tuarima,-8.824269079338908e-05,0.00036400959965348967,0.00027576690886010056,-0.0004522522904468788,0.0004522522904468788,15.0
tuarongo,-8.824269079338908e-05,0.00036400959965348967,0.00027576690886010056,-0.0004522522904468788,0.0004522522904468788,10.0
tuarua,-0.00017648538158677817,0.0007280191993069793,0.0005515338177202011,-0.0009045045808937576,0.0009045045808937576,26.0
tuarā,-8.824269079338908e-05,0.00036400959965348967,0.00027576690886010056,-0.0004522522904468788,0.0004522522904468788,17.0
tuatahi,-9.016030772664425e-05,0.0001859599771104778,9.579966938383354e-05,-0.000276120284837122,0.000276120284837122,59.0
tuatahitanga,-8.824269079338908e-05,0.00036400959965348967,0.00027576690886010056,-0.0004522522904468788,0.0004522522904468788,12.0
tuatoru,-8.824269079338908e-05,0.00036400959965348967,0.00027576690886010056,-0.0004522522904468788,0.0004522522904468788,15.0
tuawaru,-8.824269079338908e-05,0.00036400959965348967,0.00027576690886010056,-0.0004522522904468788,0.0004522522904468788,10.0
tuawhā,-8.824269079338908e-05,0.00036400959965348967,0.00027576690886010056,-0.0004522522904468788,0.0004522522904468788,15.0
tuha,-8.824269079338908e-05,0.00036400959965348967,0.00027576690886010056,-0.0004522522904468788,0.0004522522904468788,10.0
tuhi,-0.0007475328581616898,0.0017620828841831235,0.0010145500260214336,-0.0025096157423448134,0.0025096157423448134,62.0
tuhinga,-8.824269079338908e-05,0.00036400959965348967,0.00027576690886010056,-0.0004522522904468788,0.0004522522904468788,9.0
tuhituhi,-0.0003377906071223786,0.0004976495688028218,0.00015985896168044315,-0.0008354401759252004,0.0008354401759252004,45.0
tuitui,-0.00013140522772345602,0.001084118444393003,0.0009527132166695471,-0.001215523672116459,0.001215523672116459,12.0
tuki,0.0011028030656242734,-0.0004549168875124636,0.0006478861781118099,0.001557719953136737,0.001557719953136737,40.0
tukituki,-0.00013140522772345602,0.001084118444393003,0.0009527132166695471,-0.001215523672116459,0.001215523672116459,11.0
tuku,0.0012530897640119765,-0.0011005214672635828,0.00015256829674839371,0.0023536112312755593,0.0023536112312755593,455.0
tukunga,-8.824269079338908e-05,0.00036400959965348967,0.00027576690886010056,-0.0004522522904468788,0.0004522522904468788,10.0
tukutanga,-8.824269079338908e-05,0.00036400959965348967,0.00027576690886010056,-0.0004522522904468788,0.0004522522904468788,9.0
tukutuku,-7.670467733020651e-06,7.910354567465878e-06,2.398868344452271e-07,-1.558082230048653e-05,1.558082230048653e-05,19.0
tumeke,5.988808175573361e-05,-4.940882121321992e-05,1.047926054251369e-05,0.00010929690296895353,0.00010929690296895353,15.0
tumu,-8.824269079338908e-05,0.00036400959965348967,0.00027576690886010056,-0.0004522522904468788,0.0004522522904468788,9.0
tumuaki,-8.824269079338908e-05,0.00036400959965348967,0.00027576690886010056,-0.0004522522904468788,0.0004522522904468788,71.0
tuna,-8.824269079338908e-05,0.00036400959965348967,0.00027576690886010056,-0.0004522522904468788,0.0004522522904468788,9.0
tungou,-8.824269079338908e-05,0.00036400959965348967,0.00027576690886010056,-0.0004522522904468788,0.0004522522904468788,9.0
tungāne,-8.824269079338908e-05,0.00036400959965348967,0.00027576690886010056,-0.0004522522904468788,0.0004522522904468788,9.0
tunu,-0.00026281045544691205,0.002168236888786006,0.0019054264333390942,-0.002431047344232918,0.002431047344232918,14.0
tuohu,0.00013998509164095635,-9.62419978877523e-05,4.3743093753204044e-05,0.00023622708952870865,0.00023622708952870865,17.0
tupu,0.0005514015328121367,-0.0002274584437562318,0.00032394308905590494,0.0007788599765683685,0.0007788599765683685,37.0
tupuna,-8.824269079338908e-05,0.00036400959965348967,0.00027576690886010056,-0.0004522522904468788,0.0004522522904468788,18.0
tuputupu,-9.016030772664425e-05,0.0001859599771104778,9.579966938383354e-05,-0.000276120284837122,0.000276120284837122,9.0
turaki,-0.00037796535151984716,0.001039428988793086,0.0006614636372732389,-0.0014173943403129332,0.0014173943403129332,21.0
ture,-8.824269079338908e-05,0.00036400959965348967,0.00027576690886010056,-0.0004522522904468788,0.0004522522904468788,54.0
turi,-8.824269079338908e-05,0.00036400959965348967,0.00027576690886010056,-0.0004522522904468788,0.0004522522904468788,12.0
turituri,-8.824269079338908e-05,0.00036400959965348967,0.00027576690886010056,-0.0004522522904468788,0.0004522522904468788,8.0
turu,-8.824269079338908e-05,0.00036400959965348967,0.00027576690886010056,-0.0004522522904468788,0.0004522522904468788,10.0
tutu,-8.824269079338908e-05,0.00036400959965348967,0.00027576690886010056,-0.0004522522904468788,0.0004522522904468788,10.0
tutuki,0.003614128220510953,-0.0007846645814104316,0.0028294636391005216,0.004398792801921385,0.004398792801921385,161.0
tutukitanga,-8.824269079338908e-05,0.00036400959965348967,0.00027576690886010056,-0.0004522522904468788,0.0004522522904468788,14.0
tutuku,-8.824269079338908e-05,0.00036400959965348967,0.00027576690886010056,-0.0004522522904468788,0.0004522522904468788,8.0
tutū,-5.949506496972269e-05,8.180762465525959e-05,2.2312559685536902e-05,-0.00014130268962498228,0.00014130268962498228,29.0
tuwhera,-2.3011403199062005e-05,2.3731063702397687e-05,7.196605033356813e-07,-4.6742466901459695e-05,4.6742466901459695e-05,55.0
tuwheratanga,-8.824269079338908e-05,0.00036400959965348967,0.00027576690886010056,-0.0004522522904468788,0.0004522522904468788,17.0
tv,-8.824269079338908e-05,0.00036400959965348967,0.00027576690886010056,-0.0004522522904468788,0.0004522522904468788,9.0
tā,-0.00031847028655012445,0.0017516274789651334,0.0014331571924150088,-0.002070097765515258,0.002070097765515258,37.0
tāhae,-0.000174567764653523,0.002880435378958054,0.002705867614304531,-0.0030550031436115768,0.0030550031436115768,25.0
tāhina,-9.016030772664425e-05,0.0001859599771104778,9.579966938383354e-05,-0.000276120284837122,0.000276120284837122,9.0
tāhinga,-8.824269079338908e-05,0.00036400959965348967,0.00027576690886010056,-0.0004522522904468788,0.0004522522904468788,9.0
tāhoro,-8.824269079338908e-05,0.00036400959965348967,0.00027576690886010056,-0.0004522522904468788,0.0004522522904468788,9.0
tāhuhu,-8.824269079338908e-05,0.00036400959965348967,0.00027576690886010056,-0.0004522522904468788,0.0004522522904468788,30.0
tāhurihuri,-5.949506496972269e-05,8.180762465525959e-05,2.2312559685536902e-05,-0.00014130268962498228,0.00014130268962498228,11.0
tāhū,-8.824269079338908e-05,0.00036400959965348967,0.00027576690886010056,-0.0004522522904468788,0.0004522522904468788,9.0
tāima,-8.824269079338908e-05,0.00036400959965348967,0.00027576690886010056,-0.0004522522904468788,0.0004522522904468788,41.0
tāinga,-8.824269079338908e-05,0.00036400959965348967,0.00027576690886010056,-0.0004522522904468788,0.0004522522904468788,10.0
tāite,-8.824269079338908e-05,0.00036400959965348967,0.00027576690886010056,-0.0004522522904468788,0.0004522522904468788,16.0
tākaikai,-8.824269079338908e-05,0.00036400959965348967,0.00027576690886010056,-0.0004522522904468788,0.0004522522904468788,9.0
tākaro,0.002980645515339163,-0.00047290191794771303,0.00250774359739145,0.003453547433286876,0.003453547433286876,55.0
tāke,-8.824269079338908e-05,0.00036400959965348967,0.00027576690886010056,-0.0004522522904468788,0.0004522522904468788,9.0
tākete,-5.949506496972269e-05,8.180762465525959e-05,2.2312559685536902e-05,-0.00014130268962498228,0.00014130268962498228,13.0
tāki,-7.670467733020651e-06,7.910354567465878e-06,2.398868344452271e-07,-1.558082230048653e-05,1.558082230048653e-05,11.0
tākiri,-0.0002647280723801672,0.001092028798960469,0.0008273007265803018,-0.0013567568713406363,0.0013567568713406363,14.0
tāku,-9.016030772664425e-05,0.0001859599771104778,9.579966938383354e-05,-0.000276120284837122,0.000276120284837122,9.0
tākuta,-8.824269079338908e-05,0.00036400959965348967,0.00027576690886010056,-0.0004522522904468788,0.0004522522904468788,9.0
tāmi,-0.00017648538158677817,0.0007280191993069793,0.0005515338177202011,-0.0009045045808937576,0.0009045045808937576,24.0
tāne,-8.824269079338908e-05,0.00036400959965348967,0.00027576690886010056,-0.0004522522904468788,0.0004522522904468788,18.0
tāngata,-8.824269079338908e-05,0.00036400959965348967,0.00027576690886010056,-0.0004522522904468788,0.0004522522904468788,9.0
tāone,-8.824269079338908e-05,0.00036400959965348967,0.00027576690886010056,-0.0004522522904468788,0.0004522522904468788,34.0
tāpae,-5.949506496972269e-05,8.180762465525959e-05,2.2312559685536902e-05,-0.00014130268962498228,0.00014130268962498228,13.0
tāpai,0.00013998509164095635,-9.62419978877523e-05,4.3743093753204044e-05,0.00023622708952870865,0.00023622708952870865,13.0
tāpiri,0.0006718266962339304,-0.00025194089425824176,0.0004198858019756886,0.0009237675904921721,0.0009237675904921721,33.0
tāpu,-8.824269079338908e-05,0.00036400959965348967,0.00027576690886010056,-0.0004522522904468788,0.0004522522904468788,12.0
tāpuke,-9.016030772664425e-05,0.0001859599771104778,9.579966938383354e-05,-0.000276120284837122,0.000276120284837122,12.0
tāra,-8.824269079338908e-05,0.00036400959965348967,0.00027576690886010056,-0.0004522522904468788,0.0004522522904468788,9.0
tārai,-0.00015665369326353727,0.0019386347239551593,0.0017819810306916222,-0.0020952884172186965,0.0020952884172186965,11.0
tārei,-9.016030772664425e-05,0.0001859599771104778,9.579966938383354e-05,-0.000276120284837122,0.000276120284837122,9.0
tārewa,-5.949506496972269e-05,8.180762465525959e-05,2.2312559685536902e-05,-0.00014130268962498228,0.00014130268962498228,27.0
tāroa,-8.824269079338908e-05,0.00036400959965348967,0.00027576690886010056,-0.0004522522904468788,0.0004522522904468788,9.0
tātahitahi,-8.824269079338908e-05,0.00036400959965348967,0.00027576690886010056,-0.0004522522904468788,0.0004522522904468788,10.0
tātai,-9.016030772664425e-05,0.0001859599771104778,9.579966938383354e-05,-0.000276120284837122,0.000276120284837122,13.0
tātaitanga,-8.824269079338908e-05,0.00036400959965348967,0.00027576690886010056,-0.0004522522904468788,0.0004522522904468788,10.0
tātaki,-0.00013140522772345602,0.001084118444393003,0.0009527132166695471,-0.001215523672116459,0.001215523672116459,11.0
tātaraheke,-8.824269079338908e-05,0.00036400959965348967,0.00027576690886010056,-0.0004522522904468788,0.0004522522904468788,9.0
tātari,-0.0002269823126669406,0.0014044858563261237,0.001177503543659183,-0.0016314681689930644,0.0016314681689930644,13.0
tātata,-8.824269079338908e-05,0.00036400959965348967,0.00027576690886010056,-0.0004522522904468788,0.0004522522904468788,9.0
tāti,-9.016030772664425e-05,0.0001859599771104778,9.579966938383354e-05,-0.000276120284837122,0.000276120284837122,19.0
tātā,-8.824269079338908e-05,0.00036400959965348967,0.00027576690886010056,-0.0004522522904468788,0.0004522522904468788,18.0
tātānga,-8.824269079338908e-05,0.00036400959965348967,0.00027576690886010056,-0.0004522522904468788,0.0004522522904468788,9.0
tāua,-0.00017648538158677817,0.0007280191993069793,0.0005515338177202011,-0.0009045045808937576,0.0009045045808937576,10.0
tāwai,-7.670467733020651e-06,7.910354567465878e-06,2.398868344452271e-07,-1.558082230048653e-05,1.558082230048653e-05,11.0
tāwhaowhao,-8.824269079338908e-05,0.00036400959965348967,0.00027576690886010056,-0.0004522522904468788,0.0004522522904468788,9.0
tāwēwē,-5.949506496972269e-05,8.180762465525959e-05,2.2312559685536902e-05,-0.00014130268962498228,0.00014130268962498228,11.0
tēhi,-8.824269079338908e-05,0.00036400959965348967,0.00027576690886010056,-0.0004522522904468788,0.0004522522904468788,9.0
tēnei,-0.00015665369326353727,0.0019386347239551593,0.0017819810306916222,-0.0020952884172186965,0.0020952884172186965,10.0
tēnā,-9.016030772664425e-05,0.0001859599771104778,9.579966938383354e-05,-0.000276120284837122,0.000276120284837122,9.0
tētahi,-0.00015665369326353727,0.0019386347239551593,0.0017819810306916222,-0.0020952884172186965,0.0020952884172186965,10.0
tētē,-8.824269079338908e-05,0.00036400959965348967,0.00027576690886010056,-0.0004522522904468788,0.0004522522904468788,9.0
tīhaehae,-9.016030772664425e-05,0.0001859599771104778,9.579966938383354e-05,-0.000276120284837122,0.000276120284837122,10.0
tīkai,-0.00013140522772345602,0.001084118444393003,0.0009527132166695471,-0.001215523672116459,0.001215523672116459,9.0
tīkapa,-8.824269079338908e-05,0.00036400959965348967,0.00027576690886010056,-0.0004522522904468788,0.0004522522904468788,9.0
tīkape,-8.824269079338908e-05,0.00036400959965348967,0.00027576690886010056,-0.0004522522904468788,0.0004522522904468788,9.0
tīkaro,-8.824269079338908e-05,0.00036400959965348967,0.00027576690886010056,-0.0004522522904468788,0.0004522522904468788,9.0
tīkiti,-8.824269079338908e-05,0.00036400959965348967,0.00027576690886010056,-0.0004522522904468788,0.0004522522904468788,11.0
tīma,-8.824269079338908e-05,0.00036400959965348967,0.00027576690886010056,-0.0004522522904468788,0.0004522522904468788,135.0
tīmata,0.02084202540307107,-0.006855178399896603,0.013986847003174468,0.02769720380296767,0.02769720380296767,541.0
tīmatanga,-8.824269079338908e-05,0.00036400959965348967,0.00027576690886010056,-0.0004522522904468788,0.0004522522904468788,129.0
tīmatatanga,-8.824269079338908e-05,0.00036400959965348967,0.00027576690886010056,-0.0004522522904468788,0.0004522522904468788,60.0
tīni,-7.162867057037615e-05,8.442147595975712e-05,1.2792805389380969e-05,-0.00015605014653013327,0.00015605014653013327,23.0
tīpoko,-8.824269079338908e-05,0.00036400959965348967,0.00027576690886010056,-0.0004522522904468788,0.0004522522904468788,9.0
tīpuna,-8.824269079338908e-05,0.00036400959965348967,0.00027576690886010056,-0.0004522522904468788,0.0004522522904468788,10.0
tīpā,-5.949506496972269e-05,8.180762465525959e-05,2.2312559685536902e-05,-0.00014130268962498228,0.00014130268962498228,10.0
tīraha,-8.824269079338908e-05,0.00036400959965348967,0.00027576690886010056,-0.0004522522904468788,0.0004522522904468788,10.0
tītaha,-9.016030772664425e-05,0.0001859599771104778,9.579966938383354e-05,-0.000276120284837122,0.000276120284837122,14.0
tītoretore,-8.824269079338908e-05,0.00036400959965348967,0.00027576690886010056,-0.0004522522904468788,0.0004522522904468788,8.0
tītī,-8.824269079338908e-05,0.00036400959965348967,0.00027576690886010056,-0.0004522522904468788,0.0004522522904468788,11.0
tīwaha,-7.670467733020651e-06,7.910354567465878e-06,2.398868344452271e-07,-1.558082230048653e-05,1.558082230048653e-05,11.0
tīwahawaha,-8.824269079338908e-05,0.00036400959965348967,0.00027576690886010056,-0.0004522522904468788,0.0004522522904468788,9.0
tō,-3.8352338665103205e-05,3.9551772837329324e-05,1.1994341722261186e-06,-7.790411150243254e-05,7.790411150243254e-05,42.0
tōhi,-9.016030772664425e-05,0.0001859599771104778,9.579966938383354e-05,-0.000276120284837122,0.000276120284837122,9.0
tōmairangi,-8.824269079338908e-05,0.00036400959965348967,0.00027576690886010056,-0.0004522522904468788,0.0004522522904468788,9.0
tōmuri,-8.824269079338908e-05,0.00036400959965348967,0.00027576690886010056,-0.0004522522904468788,0.0004522522904468788,14.0
tōnga,-8.824269079338908e-05,0.00036400959965348967,0.00027576690886010056,-0.0004522522904468788,0.0004522522904468788,12.0
tōpū,-7.670467733020651e-06,7.910354567465878e-06,2.398868344452271e-07,-1.558082230048653e-05,1.558082230048653e-05,13.0
tōrangapū,-8.824269079338908e-05,0.00036400959965348967,0.00027576690886010056,-0.0004522522904468788,0.0004522522904468788,20.0
tōtanga,-8.824269079338908e-05,0.00036400959965348967,0.00027576690886010056,-0.0004522522904468788,0.0004522522904468788,10.0
tōtika,-9.016030772664425e-05,0.0001859599771104778,9.579966938383354e-05,-0.000276120284837122,0.000276120284837122,22.0
tū,0.10818014249937373,-0.0028125221120824107,0.10536762038729132,0.11099266461145614,0.11099266461145614,977.0
tūhanga,-8.824269079338908e-05,0.00036400959965348967,0.00027576690886010056,-0.0004522522904468788,0.0004522522904468788,9.0
tūhono,-9.016030772664425e-05,0.0001859599771104778,9.579966938383354e-05,-0.000276120284837122,0.000276120284837122,21.0
tūhonohono,-8.824269079338908e-05,0.00036400959965348967,0.00027576690886010056,-0.0004522522904468788,0.0004522522904468788,10.0
tūhonohonotanga,-8.824269079338908e-05,0.00036400959965348967,0.00027576690886010056,-0.0004522522904468788,0.0004522522904468788,11.0
tūhonotanga,-8.824269079338908e-05,0.00036400959965348967,0.00027576690886010056,-0.0004522522904468788,0.0004522522904468788,9.0
tūkaha,-9.016030772664425e-05,0.0001859599771104778,9.579966938383354e-05,-0.000276120284837122,0.000276120284837122,9.0
tūkino,-0.0002813144776136134,0.0008703369886970878,0.0005890225110834744,-0.0011516514663107013,0.0011516514663107013,23.0
tūmanako,-0.00013140522772345602,0.001084118444393003,0.0009527132166695471,-0.001215523672116459,0.001215523672116459,72.0
tūmekemeke,-9.016030772664425e-05,0.0001859599771104778,9.579966938383354e-05,-0.000276120284837122,0.000276120284837122,9.0
tūnga,-8.824269079338908e-05,0.00036400959965348967,0.00027576690886010056,-0.0004522522904468788,0.0004522522904468788,28.0
tūpato,-8.824269079338908e-05,0.00036400959965348967,0.00027576690886010056,-0.0004522522904468788,0.0004522522904468788,54.0
tūpono,0.00023050908794009254,-0.00013583888456313335,9.46702033769592e-05,0.0003663479725032259,0.0003663479725032259,17.0
tūpou,-9.016030772664425e-05,0.0001859599771104778,9.579966938383354e-05,-0.000276120284837122,0.000276120284837122,9.0
tūpuhi,-8.824269079338908e-05,0.00036400959965348967,0.00027576690886010056,-0.0004522522904468788,0.0004522522904468788,10.0
tūranga,-8.824269079338908e-05,0.00036400959965348967,0.00027576690886010056,-0.0004522522904468788,0.0004522522904468788,17.0
tūrangawaewae,-8.824269079338908e-05,0.00036400959965348967,0.00027576690886010056,-0.0004522522904468788,0.0004522522904468788,13.0
tūrei,-8.824269079338908e-05,0.00036400959965348967,0.00027576690886010056,-0.0004522522904468788,0.0004522522904468788,16.0
tūreiti,-8.824269079338908e-05,0.00036400959965348967,0.00027576690886010056,-0.0004522522904468788,0.0004522522904468788,15.0
tūroro,-8.824269079338908e-05,0.00036400959965348967,0.00027576690886010056,-0.0004522522904468788,0.0004522522904468788,9.0
tūru,-8.824269079338908e-05,0.00036400959965348967,0.00027576690886010056,-0.0004522522904468788,0.0004522522904468788,21.0
tūtaki,0.009320512379518432,-0.0010985146108596858,0.008221997768658746,0.010419026990378118,0.010419026990378118,123.0
tūtakitaki,-5.949506496972269e-05,8.180762465525959e-05,2.2312559685536902e-05,-0.00014130268962498228,0.00014130268962498228,13.0
tūtakitanga,-8.824269079338908e-05,0.00036400959965348967,0.00027576690886010056,-0.0004522522904468788,0.0004522522904468788,9.0
tūtanga,-8.824269079338908e-05,0.00036400959965348967,0.00027576690886010056,-0.0004522522904468788,0.0004522522904468788,11.0
tūtehu,-8.824269079338908e-05,0.00036400959965348967,0.00027576690886010056,-0.0004522522904468788,0.0004522522904468788,22.0
tūtohu,-8.824269079338908e-05,0.00036400959965348967,0.00027576690886010056,-0.0004522522904468788,0.0004522522904468788,9.0
tūtuki,-5.949506496972269e-05,8.180762465525959e-05,2.2312559685536902e-05,-0.00014130268962498228,0.00014130268962498228,16.0
tūturi,-9.016030772664425e-05,0.0001859599771104778,9.579966938383354e-05,-0.000276120284837122,0.000276120284837122,9.0
tūturu,5.988808175573361e-05,-4.940882121321992e-05,1.047926054251369e-05,0.00010929690296895353,0.00010929690296895353,18.0
tūturutanga,-8.824269079338908e-05,0.00036400959965348967,0.00027576690886010056,-0.0004522522904468788,0.0004522522904468788,13.0
tūtū,-7.670467733020651e-06,7.910354567465878e-06,2.398868344452271e-07,-1.558082230048653e-05,1.558082230048653e-05,27.0
ua,-8.824269079338908e-05,0.00036400959965348967,0.00027576690886010056,-0.0004522522904468788,0.0004522522904468788,9.0
uaua,-5.949506496972269e-05,8.180762465525959e-05,2.2312559685536902e-05,-0.00014130268962498228,0.00014130268962498228,24.0
uauatanga,-8.824269079338908e-05,0.00036400959965348967,0.00027576690886010056,-0.0004522522904468788,0.0004522522904468788,11.0
uhi,0.00043721382732216557,-0.00020039435034297046,0.0002368194769791951,0.0006376081776651361,0.0006376081776651361,24.0
ui,-0.00011899012993944538,0.00016361524931051918,4.4625119371073804e-05,-0.00028260537924996456,0.00028260537924996456,15.0
um,-9.016030772664425e-05,0.0001859599771104778,9.579966938383354e-05,-0.000276120284837122,0.000276120284837122,12.0
uma,-8.824269079338908e-05,0.00036400959965348967,0.00027576690886010056,-0.0004522522904468788,0.0004522522904468788,9.0
uniana,-8.824269079338908e-05,0.00036400959965348967,0.00027576690886010056,-0.0004522522904468788,0.0004522522904468788,11.0
unit,-8.824269079338908e-05,0.00036400959965348967,0.00027576690886010056,-0.0004522522904468788,0.0004522522904468788,9.0
unu,0.00043721382732216557,-0.00020039435034297046,0.0002368194769791951,0.0006376081776651361,0.0006376081776651361,28.0
upoko,-8.824269079338908e-05,0.00036400959965348967,0.00027576690886010056,-0.0004522522904468788,0.0004522522904468788,19.0
upoko-o-te-ika,-8.824269079338908e-05,0.00036400959965348967,0.00027576690886010056,-0.0004522522904468788,0.0004522522904468788,14.0
upoko-rehe,-8.824269079338908e-05,0.00036400959965348967,0.00027576690886010056,-0.0004522522904468788,0.0004522522904468788,9.0
uri,-8.824269079338908e-05,0.00036400959965348967,0.00027576690886010056,-0.0004522522904468788,0.0004522522904468788,22.0
uru,0.016517045333252923,-0.00078315405784833,0.01573389127540459,0.017300199391101254,0.017300199391101254,327.0
urunga,-8.824269079338908e-05,0.00036400959965348967,0.00027576690886010056,-0.0004522522904468788,0.0004522522904468788,19.0
urupā,-8.824269079338908e-05,0.00036400959965348967,0.00027576690886010056,-0.0004522522904468788,0.0004522522904468788,13.0
ururoa,-8.824269079338908e-05,0.00036400959965348967,0.00027576690886010056,-0.0004522522904468788,0.0004522522904468788,12.0
ururua,-8.824269079338908e-05,0.00036400959965348967,0.00027576690886010056,-0.0004522522904468788,0.0004522522904468788,10.0
urutanga,-8.824269079338908e-05,0.00036400959965348967,0.00027576690886010056,-0.0004522522904468788,0.0004522522904468788,10.0
uruuru,-8.824269079338908e-05,0.00036400959965348967,0.00027576690886010056,-0.0004522522904468788,0.0004522522904468788,10.0
uta,0.0006718266962339304,-0.00025194089425824176,0.0004198858019756886,0.0009237675904921721,0.0009237675904921721,37.0
utu,-0.0011252579104544535,0.0034813479547883513,0.0023560900443338976,-0.004606605865242805,0.004606605865242805,126.0
uwhi,0.00023050908794009254,-0.00013583888456313335,9.46702033769592e-05,0.0003663479725032259,0.0003663479725032259,18.0
vc,-8.824269079338908e-05,0.00036400959965348967,0.00027576690886010056,-0.0004522522904468788,0.0004522522904468788,9.0
vice,-8.824269079338908e-05,0.00036400959965348967,0.00027576690886010056,-0.0004522522904468788,0.0004522522904468788,8.0
waea,0.0004610181758801851,-0.0002716777691262667,0.0001893404067539184,0.0007326959450064518,0.0007326959450064518,48.0
waenganui,-8.824269079338908e-05,0.00036400959965348967,0.00027576690886010056,-0.0004522522904468788,0.0004522522904468788,14.0
waerea,-9.016030772664425e-05,0.0001859599771104778,9.579966938383354e-05,-0.000276120284837122,0.000276120284837122,9.0
waewae,-8.824269079338908e-05,0.00036400959965348967,0.00027576690886010056,-0.0004522522904468788,0.0004522522904468788,19.0
waha,-8.824269079338908e-05,0.00036400959965348967,0.00027576690886010056,-0.0004522522904468788,0.0004522522904468788,24.0
wahangū,-8.824269079338908e-05,0.00036400959965348967,0.00027576690886010056,-0.0004522522904468788,0.0004522522904468788,14.0
wahapū,-8.824269079338908e-05,0.00036400959965348967,0.00027576690886010056,-0.0004522522904468788,0.0004522522904468788,16.0
waharoa,-8.824269079338908e-05,0.00036400959965348967,0.00027576690886010056,-0.0004522522904468788,0.0004522522904468788,11.0
wahawaha,-8.824269079338908e-05,0.00036400959965348967,0.00027576690886010056,-0.0004522522904468788,0.0004522522904468788,11.0
wahine,-8.824269079338908e-05,0.00036400959965348967,0.00027576690886010056,-0.0004522522904468788,0.0004522522904468788,66.0
wai,-8.824269079338908e-05,0.00036400959965348967,0.00027576690886010056,-0.0004522522904468788,0.0004522522904468788,51.0
wai-hua,-8.824269079338908e-05,0.00036400959965348967,0.00027576690886010056,-0.0004522522904468788,0.0004522522904468788,9.0
wai-pounamu,-8.824269079338908e-05,0.00036400959965348967,0.00027576690886010056,-0.0004522522904468788,0.0004522522904468788,13.0
wai-roa,-8.824269079338908e-05,0.00036400959965348967,0.00027576690886010056,-0.0004522522904468788,0.0004522522904468788,9.0
waia,-8.824269079338908e-05,0.00036400959965348967,0.00027576690886010056,-0.0004522522904468788,0.0004522522904468788,12.0
waiariki,-8.824269079338908e-05,0.00036400959965348967,0.00027576690886010056,-0.0004522522904468788,0.0004522522904468788,11.0
waiata,-0.0004647689369786566,0.0010651203526186957,0.000600351415640039,-0.0015298892895973522,0.0015298892895973522,56.0
waihanga,-0.00044121345396694545,0.0018200479982674485,0.0013788345443005031,-0.002261261452234394,0.002261261452234394,43.0
waiho,0.0026873067849357214,-0.001007763577032967,0.0016795432079027544,0.0036950703619686885,0.0036950703619686885,101.0
waikura,-8.824269079338908e-05,0.00036400959965348967,0.00027576690886010056,-0.0004522522904468788,0.0004522522904468788,9.0
waimarie,0.002980645515339163,-0.00047290191794771303,0.00250774359739145,0.003453547433286876,0.003453547433286876,42.0
waimate,-8.824269079338908e-05,0.00036400959965348967,0.00027576690886010056,-0.0004522522904468788,0.0004522522904468788,9.0
waiora,-8.824269079338908e-05,0.00036400959965348967,0.00027576690886010056,-0.0004522522904468788,0.0004522522904468788,26.0
waipiro,-8.824269079338908e-05,0.00036400959965348967,0.00027576690886010056,-0.0004522522904468788,0.0004522522904468788,10.0
waipuke,0.00013998509164095635,-9.62419978877523e-05,4.3743093753204044e-05,0.00023622708952870865,0.00023622708952870865,20.0
wairua,-8.824269079338908e-05,0.00036400959965348967,0.00027576690886010056,-0.0004522522904468788,0.0004522522904468788,127.0
wairuatanga,-8.824269079338908e-05,0.00036400959965348967,0.00027576690886010056,-0.0004522522904468788,0.0004522522904468788,10.0
waiwai,-9.016030772664425e-05,0.0001859599771104778,9.579966938383354e-05,-0.000276120284837122,0.000276120284837122,9.0
waka,-8.824269079338908e-05,0.00036400959965348967,0.00027576690886010056,-0.0004522522904468788,0.0004522522904468788,109.0
waka-o-māui,-8.824269079338908e-05,0.00036400959965348967,0.00027576690886010056,-0.0004522522904468788,0.0004522522904468788,9.0
wana,-8.824269079338908e-05,0.00036400959965348967,0.00027576690886010056,-0.0004522522904468788,0.0004522522904468788,9.0
wao,-8.824269079338908e-05,0.00036400959965348967,0.00027576690886010056,-0.0004522522904468788,0.0004522522904468788,17.0
ware,-9.016030772664425e-05,0.0001859599771104778,9.579966938383354e-05,-0.000276120284837122,0.000276120284837122,19.0
wareware,5.988808175573361e-05,-4.940882121321992e-05,1.047926054251369e-05,0.00010929690296895353,0.00010929690296895353,63.0
waro,-8.824269079338908e-05,0.00036400959965348967,0.00027576690886010056,-0.0004522522904468788,0.0004522522904468788,9.0
waru,-5.949506496972269e-05,8.180762465525959e-05,2.2312559685536902e-05,-0.00014130268962498228,0.00014130268962498228,43.0
watershed,-8.824269079338908e-05,0.00036400959965348967,0.00027576690886010056,-0.0004522522904468788,0.0004522522904468788,9.0
wawao,-8.824269079338908e-05,0.00036400959965348967,0.00027576690886010056,-0.0004522522904468788,0.0004522522904468788,9.0
wawata,-0.00017648538158677817,0.0007280191993069793,0.0005515338177202011,-0.0009045045808937576,0.0009045045808937576,29.0
wawe,-9.016030772664425e-05,0.0001859599771104778,9.579966938383354e-05,-0.000276120284837122,0.000276120284837122,13.0
wehe,0.002980645515339163,-0.00047290191794771303,0.00250774359739145,0.003453547433286876,0.003453547433286876,89.0
wehenga,-8.824269079338908e-05,0.00036400959965348967,0.00027576690886010056,-0.0004522522904468788,0.0004522522904468788,18.0
weheruatanga,-8.824269079338908e-05,0.00036400959965348967,0.00027576690886010056,-0.0004522522904468788,0.0004522522904468788,9.0
wehetanga,-8.824269079338908e-05,0.00036400959965348967,0.00027576690886010056,-0.0004522522904468788,0.0004522522904468788,14.0
wehewehe,-7.670467733020651e-06,7.910354567465878e-06,2.398868344452271e-07,-1.558082230048653e-05,1.558082230048653e-05,25.0
wehi,-7.670467733020651e-06,7.910354567465878e-06,2.398868344452271e-07,-1.558082230048653e-05,1.558082230048653e-05,34.0
wenerei,-8.824269079338908e-05,0.00036400959965348967,0.00027576690886010056,-0.0004522522904468788,0.0004522522904468788,25.0
wepu,0.00023050908794009254,-0.00013583888456313335,9.46702033769592e-05,0.0003663479725032259,0.0003663479725032259,19.0
wera,-8.824269079338908e-05,0.00036400959965348967,0.00027576690886010056,-0.0004522522904468788,0.0004522522904468788,16.0
weranga,-8.824269079338908e-05,0.00036400959965348967,0.00027576690886010056,-0.0004522522904468788,0.0004522522904468788,9.0
werawera,-8.824269079338908e-05,0.00036400959965348967,0.00027576690886010056,-0.0004522522904468788,0.0004522522904468788,11.0
weri,-8.824269079338908e-05,0.00036400959965348967,0.00027576690886010056,-0.0004522522904468788,0.0004522522904468788,8.0
weriweri,-8.824269079338908e-05,0.00036400959965348967,0.00027576690886010056,-0.0004522522904468788,0.0004522522904468788,8.0
wero,-0.00040855169631116384,0.0021066438771708777,0.001698092180859714,-0.0025151955734820414,0.0025151955734820414,40.0
werowero,-5.949506496972269e-05,8.180762465525959e-05,2.2312559685536902e-05,-0.00014130268962498228,0.00014130268962498228,15.0
wete,-8.824269079338908e-05,0.00036400959965348967,0.00027576690886010056,-0.0004522522904468788,0.0004522522904468788,9.0
wetewete,-8.824269079338908e-05,0.00036400959965348967,0.00027576690886010056,-0.0004522522904468788,0.0004522522904468788,11.0
weti,-9.016030772664425e-05,0.0001859599771104778,9.579966938383354e-05,-0.000276120284837122,0.000276120284837122,9.0
weto,-8.824269079338908e-05,0.00036400959965348967,0.00027576690886010056,-0.0004522522904468788,0.0004522522904468788,10.0
weu,-8.824269079338908e-05,0.00036400959965348967,0.00027576690886010056,-0.0004522522904468788,0.0004522522904468788,9.0
wewehe,-8.824269079338908e-05,0.00036400959965348967,0.00027576690886010056,-0.0004522522904468788,0.0004522522904468788,9.0
whaea,-8.824269079338908e-05,0.00036400959965348967,0.00027576690886010056,-0.0004522522904468788,0.0004522522904468788,18.0
whai,0.009318388888687712,-0.0032483874740166204,0.006070001414671092,0.012566776362704334,0.012566776362704334,572.0
whaikōrero,-8.824269079338908e-05,0.00036400959965348967,0.00027576690886010056,-0.0004522522904468788,0.0004522522904468788,11.0
whaina,-8.824269079338908e-05,0.00036400959965348967,0.00027576690886010056,-0.0004522522904468788,0.0004522522904468788,13.0
whaiwhai,-8.069433093769967e-05,9.078324221996491e-05,1.008891128226524e-05,-0.00017147757315766457,0.00017147757315766457,57.0
whaka-,-0.00019981623019360424,0.004945567183168391,0.004745750952974787,-0.005145383413361995,0.005145383413361995,13.0
whakaae,0.006773323211667127,-0.002103056719375379,0.004670266492291748,0.008876379931042505,0.008876379931042505,298.0
whakaaehanga,-8.824269079338908e-05,0.00036400959965348967,0.00027576690886010056,-0.0004522522904468788,0.0004522522904468788,9.0
whakaaetanga,-8.824269079338908e-05,0.00036400959965348967,0.00027576690886010056,-0.0004522522904468788,0.0004522522904468788,9.0
whakaahua,-0.0002647280723801672,0.001092028798960469,0.0008273007265803018,-0.0013567568713406363,0.0013567568713406363,16.0
whakaahuatanga,-8.824269079338908e-05,0.00036400959965348967,0.00027576690886010056,-0.0004522522904468788,0.0004522522904468788,9.0
whakaako,-0.0004613367512262584,0.0015858821148947864,0.001124545363668528,-0.0020472188661210446,0.0020472188661210446,48.0
whakaakoako,-8.824269079338908e-05,0.00036400959965348967,0.00027576690886010056,-0.0004522522904468788,0.0004522522904468788,10.0
whakaakoranga,-8.824269079338908e-05,0.00036400959965348967,0.00027576690886010056,-0.0004522522904468788,0.0004522522904468788,10.0
whakaara,-0.0004305966823559634,0.000807387633042339,0.00037679095068637565,-0.0012379843153983024,0.0012379843153983024,37.0
whakaaraara,-8.824269079338908e-05,0.00036400959965348967,0.00027576690886010056,-0.0004522522904468788,0.0004522522904468788,10.0
whakaari,-0.00013140522772345602,0.001084118444393003,0.0009527132166695471,-0.001215523672116459,0.001215523672116459,10.0
whakaaro,0.02149871020407216,-0.0030233267213342846,0.018475383482737875,0.024522036925406443,0.024522036925406443,434.0
whakaaroaro,-9.016030772664425e-05,0.0001859599771104778,9.579966938383354e-05,-0.000276120284837122,0.000276120284837122,15.0
whakaata,-0.0001803206154532885,0.0003719199542209556,0.00019159933876766708,-0.000552240569674244,0.000552240569674244,15.0
whakaataata,-8.824269079338908e-05,0.00036400959965348967,0.00027576690886010056,-0.0004522522904468788,0.0004522522904468788,10.0
whakaatu,-0.0012783090819274581,0.00273422493985808,0.001455915857930622,-0.0040125340217855385,0.0040125340217855385,89.0
whakaaturanga,-8.824269079338908e-05,0.00036400959965348967,0.00027576690886010056,-0.0004522522904468788,0.0004522522904468788,12.0
whakaatutanga,-8.824269079338908e-05,0.00036400959965348967,0.00027576690886010056,-0.0004522522904468788,0.0004522522904468788,10.0
whakaawatea,-8.824269079338908e-05,0.00036400959965348967,0.00027576690886010056,-0.0004522522904468788,0.0004522522904468788,8.0
whakaeke,0.00019703879000319385,-0.00014778254343045981,4.9256246572734036e-05,0.00034482133343365366,0.00034482133343365366,42.0
whakaeketanga,-8.824269079338908e-05,0.00036400959965348967,0.00027576690886010056,-0.0004522522904468788,0.0004522522904468788,13.0
whakaemi,-5.949506496972269e-05,8.180762465525959e-05,2.2312559685536902e-05,-0.00014130268962498228,0.00014130268962498228,21.0
whakahaere,-0.003023687913351542,0.02286717382505508,0.01984348591170354,-0.02589086173840662,0.02589086173840662,183.0
whakahakiri,-8.824269079338908e-05,0.00036400959965348967,0.00027576690886010056,-0.0004522522904468788,0.0004522522904468788,9.0
whakaharuru,-9.016030772664425e-05,0.0001859599771104778,9.579966938383354e-05,-0.000276120284837122,0.000276120284837122,9.0
whakahau,-0.0005643338611900147,0.0013967589227100608,0.0008324250615200461,-0.0019610927839000753,0.0019610927839000753,59.0
whakahauora,-8.824269079338908e-05,0.00036400959965348967,0.00027576690886010056,-0.0004522522904468788,0.0004522522904468788,10.0
whakaheke,-8.824269079338908e-05,0.00036400959965348967,0.00027576690886010056,-0.0004522522904468788,0.0004522522904468788,14.0
whakahere,-9.016030772664425e-05,0.0001859599771104778,9.579966938383354e-05,-0.000276120284837122,0.000276120284837122,9.0
whakahiahia,-9.016030772664425e-05,0.0001859599771104778,9.579966938383354e-05,-0.000276120284837122,0.000276120284837122,9.0
whakahiato,-8.824269079338908e-05,0.00036400959965348967,0.00027576690886010056,-0.0004522522904468788,0.0004522522904468788,10.0
whakahihiko,-0.00013140522772345602,0.001084118444393003,0.0009527132166695471,-0.001215523672116459,0.001215523672116459,9.0
whakahirahira,-8.824269079338908e-05,0.00036400959965348967,0.00027576690886010056,-0.0004522522904468788,0.0004522522904468788,10.0
whakahoahoa,-8.824269079338908e-05,0.00036400959965348967,0.00027576690886010056,-0.0004522522904468788,0.0004522522904468788,10.0
whakahoki,0.008844475950705467,-0.002167385064724638,0.006677090885980829,0.011011861015430105,0.011011861015430105,281.0
whakahokinga,-8.824269079338908e-05,0.00036400959965348967,0.00027576690886010056,-0.0004522522904468788,0.0004522522904468788,11.0
whakahokitanga,-8.824269079338908e-05,0.00036400959965348967,0.00027576690886010056,-0.0004522522904468788,0.0004522522904468788,16.0
whakahoko,-8.824269079338908e-05,0.00036400959965348967,0.00027576690886010056,-0.0004522522904468788,0.0004522522904468788,8.0
whakahokohoko,-9.016030772664425e-05,0.0001859599771104778,9.579966938383354e-05,-0.000276120284837122,0.000276120284837122,9.0
whakahono,-9.016030772664425e-05,0.0001859599771104778,9.579966938383354e-05,-0.000276120284837122,0.000276120284837122,18.0
whakahonohono,-8.824269079338908e-05,0.00036400959965348967,0.00027576690886010056,-0.0004522522904468788,0.0004522522904468788,11.0
whakahora,-0.00013140522772345602,0.001084118444393003,0.0009527132166695471,-0.001215523672116459,0.001215523672116459,10.0
whakahoro,-8.824269079338908e-05,0.00036400959965348967,0.00027576690886010056,-0.0004522522904468788,0.0004522522904468788,9.0
whakahou,-7.670467733020651e-06,7.910354567465878e-06,2.398868344452271e-07,-1.558082230048653e-05,1.558082230048653e-05,21.0
whakahua,-5.949506496972269e-05,8.180762465525959e-05,2.2312559685536902e-05,-0.00014130268962498228,0.00014130268962498228,24.0
whakahuahua,-8.824269079338908e-05,0.00036400959965348967,0.00027576690886010056,-0.0004522522904468788,0.0004522522904468788,13.0
whakahui,-5.949506496972269e-05,8.180762465525959e-05,2.2312559685536902e-05,-0.00014130268962498228,0.00014130268962498228,11.0
whakahuihui,-0.00026281045544691205,0.002168236888786006,0.0019054264333390942,-0.002431047344232918,0.002431047344232918,25.0
whakahuri,-9.016030772664425e-05,0.0001859599771104778,9.579966938383354e-05,-0.000276120284837122,0.000276120284837122,12.0
whakahāereere,-9.016030772664425e-05,0.0001859599771104778,9.579966938383354e-05,-0.000276120284837122,0.000276120284837122,9.0
whakahāwea,-5.949506496972269e-05,8.180762465525959e-05,2.2312559685536902e-05,-0.00014130268962498228,0.00014130268962498228,16.0
whakahē,-0.000360641230906577,0.0007438399084419112,0.00038319867753533417,-0.001104481139348488,0.001104481139348488,127.0
whakahī,-9.016030772664425e-05,0.0001859599771104778,9.579966938383354e-05,-0.000276120284837122,0.000276120284837122,9.0
whakahīhī,-9.016030772664425e-05,0.0001859599771104778,9.579966938383354e-05,-0.000276120284837122,0.000276120284837122,11.0
whakahōhā,-8.824269079338908e-05,0.00036400959965348967,0.00027576690886010056,-0.0004522522904468788,0.0004522522904468788,10.0
whakahōnore,-5.949506496972269e-05,8.180762465525959e-05,2.2312559685536902e-05,-0.00014130268962498228,0.00014130268962498228,19.0
whakaingoa,-0.00015592460289460118,0.0002572816026595839,0.00010135699976498273,-0.00041320620555418506,0.00041320620555418506,37.0
whakaingoatanga,-8.824269079338908e-05,0.00036400959965348967,0.00027576690886010056,-0.0004522522904468788,0.0004522522904468788,11.0
whakainu,-8.824269079338908e-05,0.00036400959965348967,0.00027576690886010056,-0.0004522522904468788,0.0004522522904468788,10.0
whakairi,-8.069433093769967e-05,9.078324221996491e-05,1.008891128226524e-05,-0.00017147757315766457,0.00017147757315766457,37.0
whakairiiri,-8.824269079338908e-05,0.00036400959965348967,0.00027576690886010056,-0.0004522522904468788,0.0004522522904468788,9.0
whakairo,-0.0003887959977195915,0.0088210151812443,0.008432219183524709,-0.009209811178963892,0.009209811178963892,25.0
whakaiti,0.00011977616351146722,-9.881764242643984e-05,2.095852108502738e-05,0.00021859380593790707,0.00021859380593790707,29.0
whakakaha,-8.824269079338908e-05,0.00036400959965348967,0.00027576690886010056,-0.0004522522904468788,0.0004522522904468788,14.0
whakakaingākau,-0.00013140522772345602,0.001084118444393003,0.0009527132166695471,-0.001215523672116459,0.001215523672116459,9.0
whakakake,-9.016030772664425e-05,0.0001859599771104778,9.579966938383354e-05,-0.000276120284837122,0.000276120284837122,9.0
whakakamakama,-0.00013140522772345602,0.001084118444393003,0.0009527132166695471,-0.001215523672116459,0.001215523672116459,10.0
whakakapi,-0.00013140522772345602,0.001084118444393003,0.0009527132166695471,-0.001215523672116459,0.001215523672116459,11.0
whakakatakata,-8.824269079338908e-05,0.00036400959965348967,0.00027576690886010056,-0.0004522522904468788,0.0004522522904468788,11.0
whakakaupapa,-0.00013140522772345602,0.001084118444393003,0.0009527132166695471,-0.001215523672116459,0.001215523672116459,13.0
whakakawa,-8.824269079338908e-05,0.00036400959965348967,0.00027576690886010056,-0.0004522522904468788,0.0004522522904468788,9.0
whakakawe,-0.00013140522772345602,0.001084118444393003,0.0009527132166695471,-0.001215523672116459,0.001215523672116459,9.0
whakakawenata,-9.016030772664425e-05,0.0001859599771104778,9.579966938383354e-05,-0.000276120284837122,0.000276120284837122,9.0
whakakeokeo,-0.00015665369326353727,0.0019386347239551593,0.0017819810306916222,-0.0020952884172186965,0.0020952884172186965,10.0
whakakikī,-7.670467733020651e-06,7.910354567465878e-06,2.398868344452271e-07,-1.558082230048653e-05,1.558082230048653e-05,11.0
whakakino,-9.016030772664425e-05,0.0001859599771104778,9.579966938383354e-05,-0.000276120284837122,0.000276120284837122,10.0
whakakite,-0.00018898267575992358,0.000519714494396543,0.00033073181863661945,-0.0007086971701564666,0.0007086971701564666,13.0
whakakitenga,-8.824269079338908e-05,0.00036400959965348967,0.00027576690886010056,-0.0004522522904468788,0.0004522522904468788,9.0
whakakoakoa,-8.824269079338908e-05,0.00036400959965348967,0.00027576690886010056,-0.0004522522904468788,0.0004522522904468788,8.0
whakakoi,-8.824269079338908e-05,0.00036400959965348967,0.00027576690886010056,-0.0004522522904468788,0.0004522522904468788,16.0
whakakopi,-0.000174567764653523,0.002880435378958054,0.002705867614304531,-0.0030550031436115768,0.0030550031436115768,11.0
whakakore,-3.0681870932082604e-05,3.164141826986351e-05,9.595473377809084e-07,-6.232328920194612e-05,6.232328920194612e-05,57.0
whakakoretake,-8.824269079338908e-05,0.00036400959965348967,0.00027576690886010056,-0.0004522522904468788,0.0004522522904468788,11.0
whakakorikori,-8.824269079338908e-05,0.00036400959965348967,0.00027576690886010056,-0.0004522522904468788,0.0004522522904468788,12.0
whakakotahi,-1.5340935466041302e-05,1.5820709134931756e-05,4.797736688904542e-07,-3.116164460097306e-05,3.116164460097306e-05,45.0
whakakotahitanga,-8.824269079338908e-05,0.00036400959965348967,0.00027576690886010056,-0.0004522522904468788,0.0004522522904468788,10.0
whakakotiti,-0.00017648538158677817,0.0007280191993069793,0.0005515338177202011,-0.0009045045808937576,0.0009045045808937576,11.0
whakakuia,-8.824269079338908e-05,0.00036400959965348967,0.00027576690886010056,-0.0004522522904468788,0.0004522522904468788,10.0
whakakā,-8.824269079338908e-05,0.00036400959965348967,0.00027576690886010056,-0.0004522522904468788,0.0004522522904468788,10.0
whakakāhore,-7.670467733020651e-06,7.910354567465878e-06,2.398868344452271e-07,-1.558082230048653e-05,1.558082230048653e-05,21.0
whakakākahu,-8.824269079338908e-05,0.00036400959965348967,0.00027576690886010056,-0.0004522522904468788,0.0004522522904468788,9.0
whakakāti,-5.949506496972269e-05,8.180762465525959e-05,2.2312559685536902e-05,-0.00014130268962498228,0.00014130268962498228,10.0
whakakātu,-9.016030772664425e-05,0.0001859599771104778,9.579966938383354e-05,-0.000276120284837122,0.000276120284837122,9.0
whakakī,-5.949506496972269e-05,8.180762465525959e-05,2.2312559685536902e-05,-0.00014130268962498228,0.00014130268962498228,17.0
whakakīkī,-9.016030772664425e-05,0.0001859599771104778,9.579966938383354e-05,-0.000276120284837122,0.000276120284837122,15.0
whakakōpani,-8.824269079338908e-05,0.00036400959965348967,0.00027576690886010056,-0.0004522522904468788,0.0004522522904468788,9.0
whakamahana,-0.00017648538158677817,0.0007280191993069793,0.0005515338177202011,-0.0009045045808937576,0.0009045045808937576,11.0
whakamahara,-9.016030772664425e-05,0.0001859599771104778,9.579966938383354e-05,-0.000276120284837122,0.000276120284837122,14.0
whakamaharatanga,-8.824269079338908e-05,0.00036400959965348967,0.00027576690886010056,-0.0004522522904468788,0.0004522522904468788,9.0
whakamahi,-2.3011403199062005e-05,2.3731063702397687e-05,7.196605033356813e-07,-4.6742466901459695e-05,4.6742466901459695e-05,67.0
whakamamae,-8.824269079338908e-05,0.00036400959965348967,0.00027576690886010056,-0.0004522522904468788,0.0004522522904468788,10.0
whakamana,-0.0007525370224582792,0.002257663786966351,0.0015051267645080717,-0.0030102008094246304,0.0030102008094246304,76.0
whakamanatanga,-8.824269079338908e-05,0.00036400959965348967,0.00027576690886010056,-0.0004522522904468788,0.0004522522904468788,12.0
whakamanuhiri,-0.00013140522772345602,0.001084118444393003,0.0009527132166695471,-0.001215523672116459,0.001215523672116459,9.0
whakamaoa,-8.824269079338908e-05,0.00036400959965348967,0.00027576690886010056,-0.0004522522904468788,0.0004522522904468788,10.0
whakamaroke,-5.949506496972269e-05,8.180762465525959e-05,2.2312559685536902e-05,-0.00014130268962498228,0.00014130268962498228,10.0
whakamataku,-9.016030772664425e-05,0.0001859599771104778,9.579966938383354e-05,-0.000276120284837122,0.000276120284837122,11.0
whakamatatau,-9.016030772664425e-05,0.0001859599771104778,9.579966938383354e-05,-0.000276120284837122,0.000276120284837122,10.0
whakamate,-8.824269079338908e-05,0.00036400959965348967,0.00027576690886010056,-0.0004522522904468788,0.0004522522904468788,9.0
whakamatemate,-8.824269079338908e-05,0.00036400959965348967,0.00027576690886010056,-0.0004522522904468788,0.0004522522904468788,9.0
whakamau,-2.3011403199062005e-05,2.3731063702397687e-05,7.196605033356813e-07,-4.6742466901459695e-05,4.6742466901459695e-05,33.0
whakamaumahara,-9.016030772664425e-05,0.0001859599771104778,9.579966938383354e-05,-0.000276120284837122,0.000276120284837122,11.0
whakamauru,-8.824269079338908e-05,0.00036400959965348967,0.00027576690886010056,-0.0004522522904468788,0.0004522522904468788,9.0
whakamawehe,-0.00013140522772345602,0.001084118444393003,0.0009527132166695471,-0.001215523672116459,0.001215523672116459,9.0
whakamihi,-9.016030772664425e-05,0.0001859599771104778,9.579966938383354e-05,-0.000276120284837122,0.000276120284837122,14.0
whakaminamina,-9.016030772664425e-05,0.0001859599771104778,9.579966938383354e-05,-0.000276120284837122,0.000276120284837122,9.0
whakaminita,-5.949506496972269e-05,8.180762465525959e-05,2.2312559685536902e-05,-0.00014130268962498228,0.00014130268962498228,10.0
whakamoe,0.0007979206264427162,-0.0002742916204307642,0.0005236290060119521,0.0010722122468734803,0.0010722122468734803,23.0
whakamoemiti,-9.016030772664425e-05,0.0001859599771104778,9.579966938383354e-05,-0.000276120284837122,0.000276120284837122,13.0
whakamoemoe,-9.016030772664425e-05,0.0001859599771104778,9.579966938383354e-05,-0.000276120284837122,0.000276120284837122,10.0
whakamomori,-7.670467733020651e-06,7.910354567465878e-06,2.398868344452271e-07,-1.558082230048653e-05,1.558082230048653e-05,15.0
whakamua,-8.824269079338908e-05,0.00036400959965348967,0.00027576690886010056,-0.0004522522904468788,0.0004522522904468788,8.0
whakamuri,-8.824269079338908e-05,0.00036400959965348967,0.00027576690886010056,-0.0004522522904468788,0.0004522522904468788,9.0
whakamutu,-0.00031330738652707454,0.0038772694479103187,0.0035639620613832444,-0.004190576834437393,0.004190576834437393,30.0
whakamutunga,-8.824269079338908e-05,0.00036400959965348967,0.00027576690886010056,-0.0004522522904468788,0.0004522522904468788,31.0
whakamā,0.0003299593599744944,-0.00017013926797554603,0.00015982009199894836,0.0005000986279500404,0.0005000986279500404,20.0
whakamākū,-9.016030772664425e-05,0.0001859599771104778,9.579966938383354e-05,-0.000276120284837122,0.000276120284837122,9.0
whakamāminga,-8.824269079338908e-05,0.00036400959965348967,0.00027576690886010056,-0.0004522522904468788,0.0004522522904468788,9.0
whakamāmā,-0.00013140522772345602,0.001084118444393003,0.0009527132166695471,-0.001215523672116459,0.001215523672116459,17.0
whakamāori,-0.00017648538158677817,0.0007280191993069793,0.0005515338177202011,-0.0009045045808937576,0.0009045045808937576,20.0
whakamārama,-0.0011358593754870886,0.005963400975019503,0.0048275415995324145,-0.007099260350506592,0.007099260350506592,106.0
whakamāramatanga,-8.824269079338908e-05,0.00036400959965348967,0.00027576690886010056,-0.0004522522904468788,0.0004522522904468788,13.0
whakamārō,-5.949506496972269e-05,8.180762465525959e-05,2.2312559685536902e-05,-0.00014130268962498228,0.00014130268962498228,10.0
whakamātau,0.00013998509164095635,-9.62419978877523e-05,4.3743093753204044e-05,0.00023622708952870865,0.00023622708952870865,20.0
whakamātautau,-0.0001803206154532885,0.0003719199542209556,0.00019159933876766708,-0.000552240569674244,0.000552240569674244,31.0
whakamīharo,-9.016030772664425e-05,0.0001859599771104778,9.579966938383354e-05,-0.000276120284837122,0.000276120284837122,14.0
whakamōhio,-9.016030772664425e-05,0.0001859599771104778,9.579966938383354e-05,-0.000276120284837122,0.000276120284837122,22.0
whakananakia,-8.824269079338908e-05,0.00036400959965348967,0.00027576690886010056,-0.0004522522904468788,0.0004522522904468788,9.0
whakaneke,-8.824269079338908e-05,0.00036400959965348967,0.00027576690886010056,-0.0004522522904468788,0.0004522522904468788,12.0
whakanekeneke,-8.824269079338908e-05,0.00036400959965348967,0.00027576690886010056,-0.0004522522904468788,0.0004522522904468788,9.0
whakangahau,-5.949506496972269e-05,8.180762465525959e-05,2.2312559685536902e-05,-0.00014130268962498228,0.00014130268962498228,12.0
whakangaro,-9.016030772664425e-05,0.0001859599771104778,9.579966938383354e-05,-0.000276120284837122,0.000276120284837122,15.0
whakangarotanga,-8.824269079338908e-05,0.00036400959965348967,0.00027576690886010056,-0.0004522522904468788,0.0004522522904468788,9.0
whakangoikore,-0.00013140522772345602,0.001084118444393003,0.0009527132166695471,-0.001215523672116459,0.001215523672116459,9.0
whakangungu,-5.949506496972269e-05,8.180762465525959e-05,2.2312559685536902e-05,-0.00014130268962498228,0.00014130268962498228,10.0
whakangā,-8.824269079338908e-05,0.00036400959965348967,0.00027576690886010056,-0.0004522522904468788,0.0004522522904468788,9.0
whakangāwari,-0.000174567764653523,0.002880435378958054,0.002705867614304531,-0.0030550031436115768,0.0030550031436115768,16.0
whakanoa,-0.00013140522772345602,0.001084118444393003,0.0009527132166695471,-0.001215523672116459,0.001215523672116459,13.0
whakanoho,0.0003299593599744944,-0.00017013926797554603,0.00015982009199894836,0.0005000986279500404,0.0005000986279500404,20.0
whakanohonoho,-8.824269079338908e-05,0.00036400959965348967,0.00027576690886010056,-0.0004522522904468788,0.0004522522904468788,12.0
whakanui,0.0007653406479088987,-0.0003714239876934167,0.000393916660215482,0.0011367646356023153,0.0011367646356023153,85.0
whakanuitanga,-8.824269079338908e-05,0.00036400959965348967,0.00027576690886010056,-0.0004522522904468788,0.0004522522904468788,12.0
whakanuku,-8.824269079338908e-05,0.00036400959965348967,0.00027576690886010056,-0.0004522522904468788,0.0004522522904468788,9.0
whakanānā,-8.824269079338908e-05,0.00036400959965348967,0.00027576690886010056,-0.0004522522904468788,0.0004522522904468788,9.0
whakaoho,-0.00013140522772345602,0.001084118444393003,0.0009527132166695471,-0.001215523672116459,0.001215523672116459,11.0
whakaohooho,-9.016030772664425e-05,0.0001859599771104778,9.579966938383354e-05,-0.000276120284837122,0.000276120284837122,13.0
whakaohorere,-8.824269079338908e-05,0.00036400959965348967,0.00027576690886010056,-0.0004522522904468788,0.0004522522904468788,9.0
whakaora,-0.00031847028655012445,0.0017516274789651334,0.0014331571924150088,-0.002070097765515258,0.002070097765515258,24.0
whakaoratanga,-8.824269079338908e-05,0.00036400959965348967,0.00027576690886010056,-0.0004522522904468788,0.0004522522904468788,9.0
whakaoti,-0.0006759041875913136,0.003186479864527219,0.002510575676935905,-0.0038623840521185325,0.0038623840521185325,30.0
whakaotinga,-8.824269079338908e-05,0.00036400959965348967,0.00027576690886010056,-0.0004522522904468788,0.0004522522904468788,11.0
whakaotitanga,-8.824269079338908e-05,0.00036400959965348967,0.00027576690886010056,-0.0004522522904468788,0.0004522522904468788,10.0
whakapae,-5.949506496972269e-05,8.180762465525959e-05,2.2312559685536902e-05,-0.00014130268962498228,0.00014130268962498228,67.0
whakapaera,-8.824269079338908e-05,0.00036400959965348967,0.00027576690886010056,-0.0004522522904468788,0.0004522522904468788,9.0
whakapahore,-8.824269079338908e-05,0.00036400959965348967,0.00027576690886010056,-0.0004522522904468788,0.0004522522904468788,9.0
whakapahū,-0.0002813144776136134,0.0008703369886970878,0.0005890225110834744,-0.0011516514663107013,0.0011516514663107013,16.0
whakapai,-0.00031330738652707454,0.0038772694479103187,0.0035639620613832444,-0.004190576834437393,0.004190576834437393,29.0
whakapaipai,-7.670467733020651e-06,7.910354567465878e-06,2.398868344452271e-07,-1.558082230048653e-05,1.558082230048653e-05,16.0
whakapakari,-9.016030772664425e-05,0.0001859599771104778,9.579966938383354e-05,-0.000276120284837122,0.000276120284837122,30.0
whakapakipaki,-9.016030772664425e-05,0.0001859599771104778,9.579966938383354e-05,-0.000276120284837122,0.000276120284837122,9.0
whakapaoho,0.0005514015328121367,-0.0002274584437562318,0.00032394308905590494,0.0007788599765683685,0.0007788599765683685,48.0
whakapapa,5.988808175573361e-05,-4.940882121321992e-05,1.047926054251369e-05,0.00010929690296895353,0.00010929690296895353,30.0
whakaparahako,-8.824269079338908e-05,0.00036400959965348967,0.00027576690886010056,-0.0004522522904468788,0.0004522522904468788,9.0
whakaparahanga,-8.824269079338908e-05,0.00036400959965348967,0.00027576690886010056,-0.0004522522904468788,0.0004522522904468788,9.0
whakaparu,-9.016030772664425e-05,0.0001859599771104778,9.579966938383354e-05,-0.000276120284837122,0.000276120284837122,9.0
whakapati,-7.670467733020651e-06,7.910354567465878e-06,2.398868344452271e-07,-1.558082230048653e-05,1.558082230048653e-05,18.0
whakapau,0.0002559432713076891,-0.00019796074656098348,5.798252474670563e-05,0.00045390401786867256,0.00045390401786867256,53.0
whakapaunga,-8.824269079338908e-05,0.00036400959965348967,0.00027576690886010056,-0.0004522522904468788,0.0004522522904468788,11.0
whakapiki,-7.670467733020651e-06,7.910354567465878e-06,2.398868344452271e-07,-1.558082230048653e-05,1.558082230048653e-05,15.0
whakapiri,0.00011977616351146722,-9.881764242643984e-05,2.095852108502738e-05,0.00021859380593790707,0.00021859380593790707,28.0
whakapiripiri,-8.824269079338908e-05,0.00036400959965348967,0.00027576690886010056,-0.0004522522904468788,0.0004522522904468788,9.0
whakapiripiritanga,-8.824269079338908e-05,0.00036400959965348967,0.00027576690886010056,-0.0004522522904468788,0.0004522522904468788,9.0
whakapohane,-9.016030772664425e-05,0.0001859599771104778,9.579966938383354e-05,-0.000276120284837122,0.000276120284837122,9.0
whakapono,-7.670467733020651e-06,7.910354567465878e-06,2.398868344452271e-07,-1.558082230048653e-05,1.558082230048653e-05,69.0
whakaponotanga,-8.824269079338908e-05,0.00036400959965348967,0.00027576690886010056,-0.0004522522904468788,0.0004522522904468788,9.0
whakapoto,-9.016030772664425e-05,0.0001859599771104778,9.579966938383354e-05,-0.000276120284837122,0.000276120284837122,9.0
whakapotopoto,-9.016030772664425e-05,0.0001859599771104778,9.579966938383354e-05,-0.000276120284837122,0.000276120284837122,9.0
whakapuaki,-0.00015592460289460118,0.0002572816026595839,0.00010135699976498273,-0.00041320620555418506,0.00041320620555418506,20.0
whakapuare,-0.00018898267575992358,0.000519714494396543,0.00033073181863661945,-0.0007086971701564666,0.0007086971701564666,13.0
whakapuaretanga,-8.824269079338908e-05,0.00036400959965348967,0.00027576690886010056,-0.0004522522904468788,0.0004522522904468788,10.0
whakapungarehu,-8.824269079338908e-05,0.00036400959965348967,0.00027576690886010056,-0.0004522522904468788,0.0004522522904468788,9.0
whakapupū,-0.00013140522772345602,0.001084118444393003,0.0009527132166695471,-0.001215523672116459,0.001215523672116459,9.0
whakaputa,-0.0008386327682146817,0.0019459355353011196,0.0011073027670864379,-0.0027845683035158013,0.0027845683035158013,88.0
whakaputaputa,-8.824269079338908e-05,0.00036400959965348967,0.00027576690886010056,-0.0004522522904468788,0.0004522522904468788,9.0
whakapā,0.0003299593599744944,-0.00017013926797554603,0.00015982009199894836,0.0005000986279500404,0.0005000986279500404,21.0
whakapākehā,-9.016030772664425e-05,0.0001859599771104778,9.579966938383354e-05,-0.000276120284837122,0.000276120284837122,11.0
whakapākehātanga,-8.824269079338908e-05,0.00036400959965348967,0.00027576690886010056,-0.0004522522904468788,0.0004522522904468788,10.0
whakapānga,-8.824269079338908e-05,0.00036400959965348967,0.00027576690886010056,-0.0004522522904468788,0.0004522522904468788,9.0
whakapēhi,-8.824269079338908e-05,0.00036400959965348967,0.00027576690886010056,-0.0004522522904468788,0.0004522522904468788,9.0
whakapēnei,-8.824269079338908e-05,0.00036400959965348967,0.00027576690886010056,-0.0004522522904468788,0.0004522522904468788,10.0
whakapīataata,-0.00013140522772345602,0.001084118444393003,0.0009527132166695471,-0.001215523672116459,0.001215523672116459,9.0
whakapōrearea,-8.824269079338908e-05,0.00036400959965348967,0.00027576690886010056,-0.0004522522904468788,0.0004522522904468788,14.0
whakapōtae,-8.824269079338908e-05,0.00036400959965348967,0.00027576690886010056,-0.0004522522904468788,0.0004522522904468788,11.0
whakapōtaetanga,-8.824269079338908e-05,0.00036400959965348967,0.00027576690886010056,-0.0004522522904468788,0.0004522522904468788,9.0
whakapūmau,-8.824269079338908e-05,0.00036400959965348967,0.00027576690886010056,-0.0004522522904468788,0.0004522522904468788,11.0
whakapūpū,-8.824269079338908e-05,0.00036400959965348967,0.00027576690886010056,-0.0004522522904468788,0.0004522522904468788,9.0
whakarahi,-0.0001803206154532885,0.0003719199542209556,0.00019159933876766708,-0.000552240569674244,0.000552240569674244,26.0
whakarangatira,-0.00042301274646707246,0.004071592762103178,0.0036485800156361055,-0.004494605508570251,0.004494605508570251,19.0
whakarapu,-8.824269079338908e-05,0.00036400959965348967,0.00027576690886010056,-0.0004522522904468788,0.0004522522904468788,10.0
whakararata,-0.00015665369326353727,0.0019386347239551593,0.0017819810306916222,-0.0020952884172186965,0.0020952884172186965,10.0
whakararu,0.00013998509164095635,-9.62419978877523e-05,4.3743093753204044e-05,0.00023622708952870865,0.00023622708952870865,28.0
whakararuraru,-8.824269079338908e-05,0.00036400959965348967,0.00027576690886010056,-0.0004522522904468788,0.0004522522904468788,14.0
whakarauhī,-5.949506496972269e-05,8.180762465525959e-05,2.2312559685536902e-05,-0.00014130268962498228,0.00014130268962498228,10.0
whakarauika,-7.670467733020651e-06,7.910354567465878e-06,2.398868344452271e-07,-1.558082230048653e-05,1.558082230048653e-05,11.0
whakareanga,-8.824269079338908e-05,0.00036400959965348967,0.00027576690886010056,-0.0004522522904468788,0.0004522522904468788,10.0
whakarearea,-8.824269079338908e-05,0.00036400959965348967,0.00027576690886010056,-0.0004522522904468788,0.0004522522904468788,9.0
whakarei,-0.00013140522772345602,0.001084118444393003,0.0009527132166695471,-0.001215523672116459,0.001215523672116459,9.0
whakareka,-0.00013140522772345602,0.001084118444393003,0.0009527132166695471,-0.001215523672116459,0.001215523672116459,9.0
whakarekareka,-9.016030772664425e-05,0.0001859599771104778,9.579966938383354e-05,-0.000276120284837122,0.000276120284837122,9.0
whakarere,0.00043721382732216557,-0.00020039435034297046,0.0002368194769791951,0.0006376081776651361,0.0006376081776651361,25.0
whakarerekē,-7.670467733020651e-06,7.910354567465878e-06,2.398868344452271e-07,-1.558082230048653e-05,1.558082230048653e-05,21.0
whakarerekētanga,-8.824269079338908e-05,0.00036400959965348967,0.00027576690886010056,-0.0004522522904468788,0.0004522522904468788,9.0
whakareretanga,-8.824269079338908e-05,0.00036400959965348967,0.00027576690886010056,-0.0004522522904468788,0.0004522522904468788,10.0
whakareri,-7.670467733020651e-06,7.910354567465878e-06,2.398868344452271e-07,-1.558082230048653e-05,1.558082230048653e-05,29.0
whakarerireri,-8.824269079338908e-05,0.00036400959965348967,0.00027576690886010056,-0.0004522522904468788,0.0004522522904468788,11.0
whakarewa,-9.016030772664425e-05,0.0001859599771104778,9.579966938383354e-05,-0.000276120284837122,0.000276120284837122,12.0
whakarite,-0.0011099169749884121,0.010301657482150667,0.009191740507162255,-0.011411574457139079,0.011411574457139079,150.0
whakaritenga,-8.824269079338908e-05,0.00036400959965348967,0.00027576690886010056,-0.0004522522904468788,0.0004522522904468788,9.0
whakariterite,-0.00017648538158677817,0.0007280191993069793,0.0005515338177202011,-0.0009045045808937576,0.0009045045808937576,11.0
whakaroa,-8.824269079338908e-05,0.00036400959965348967,0.00027576690886010056,-0.0004522522904468788,0.0004522522904468788,13.0
whakarongo,0.005863116663888422,-0.0005899005125233168,0.005273216151365105,0.0064530171764117395,0.0064530171764117395,355.0
whakarongotanga,-8.824269079338908e-05,0.00036400959965348967,0.00027576690886010056,-0.0004522522904468788,0.0004522522904468788,10.0
whakarāhui,-0.00013140522772345602,0.001084118444393003,0.0009527132166695471,-0.001215523672116459,0.001215523672116459,10.0
whakarāhuitanga,-8.824269079338908e-05,0.00036400959965348967,0.00027576690886010056,-0.0004522522904468788,0.0004522522904468788,10.0
whakarāpopoto,-0.00013140522772345602,0.001084118444393003,0.0009527132166695471,-0.001215523672116459,0.001215523672116459,23.0
whakarāpopototanga,-8.824269079338908e-05,0.00036400959965348967,0.00027576690886010056,-0.0004522522904468788,0.0004522522904468788,10.0
whakarāpotopoto,-8.824269079338908e-05,0.00036400959965348967,0.00027576690886010056,-0.0004522522904468788,0.0004522522904468788,11.0
whakarārangi,-0.00013140522772345602,0.001084118444393003,0.0009527132166695471,-0.001215523672116459,0.001215523672116459,12.0
whakarū,-8.824269079338908e-05,0.00036400959965348967,0.00027576690886010056,-0.0004522522904468788,0.0004522522904468788,9.0
whakataetae,0.00013998509164095635,-9.62419978877523e-05,4.3743093753204044e-05,0.00023622708952870865,0.00023622708952870865,40.0
whakataha,5.988808175573361e-05,-4.940882121321992e-05,1.047926054251369e-05,0.00010929690296895353,0.00010929690296895353,12.0
whakatairanga,-8.824269079338908e-05,0.00036400959965348967,0.00027576690886010056,-0.0004522522904468788,0.0004522522904468788,9.0
whakataka,0.00013998509164095635,-9.62419978877523e-05,4.3743093753204044e-05,0.00023622708952870865,0.00023622708952870865,15.0
whakatakahuri,-8.824269079338908e-05,0.00036400959965348967,0.00027576690886010056,-0.0004522522904468788,0.0004522522904468788,8.0
whakatakariri,-8.824269079338908e-05,0.00036400959965348967,0.00027576690886010056,-0.0004522522904468788,0.0004522522904468788,20.0
whakatakataka,-8.824269079338908e-05,0.00036400959965348967,0.00027576690886010056,-0.0004522522904468788,0.0004522522904468788,8.0
whakatakiri,-8.824269079338908e-05,0.00036400959965348967,0.00027576690886010056,-0.0004522522904468788,0.0004522522904468788,9.0
whakatakoto,-0.0018841322482866323,0.005551590726071525,0.003667458477784893,-0.007435722974358157,0.007435722974358157,121.0
whakatakototanga,-8.824269079338908e-05,0.00036400959965348967,0.00027576690886010056,-0.0004522522904468788,0.0004522522904468788,12.0
whakatamariki,-8.824269079338908e-05,0.00036400959965348967,0.00027576690886010056,-0.0004522522904468788,0.0004522522904468788,9.0
whakatangi,3.157752009776041e-05,-3.064948521478578e-05,9.280348829746304e-07,6.222700531254619e-05,6.222700531254619e-05,37.0
whakatangitangi,-5.949506496972269e-05,8.180762465525959e-05,2.2312559685536902e-05,-0.00014130268962498228,0.00014130268962498228,11.0
whakatango,-8.824269079338908e-05,0.00036400959965348967,0.00027576690886010056,-0.0004522522904468788,0.0004522522904468788,9.0
whakatapu,-0.0002813144776136134,0.0008703369886970878,0.0005890225110834744,-0.0011516514663107013,0.0011516514663107013,16.0
whakatare,-8.824269079338908e-05,0.00036400959965348967,0.00027576690886010056,-0.0004522522904468788,0.0004522522904468788,10.0
whakatata,-9.016030772664425e-05,0.0001859599771104778,9.579966938383354e-05,-0.000276120284837122,0.000276120284837122,13.0
whakatatanga,-8.824269079338908e-05,0.00036400959965348967,0.00027576690886010056,-0.0004522522904468788,0.0004522522904468788,11.0
whakatatū,-0.0002906009220157158,0.0029968919898859373,0.0027062910678702216,-0.003287492911901653,0.003287492911901653,18.0
whakatatūtanga,-8.824269079338908e-05,0.00036400959965348967,0.00027576690886010056,-0.0004522522904468788,0.0004522522904468788,10.0
whakatau,-0.001983707749260145,0.005543312791799525,0.00355960504253938,-0.00752702054105967,0.00752702054105967,145.0
whakatauira,-0.00017648538158677817,0.0007280191993069793,0.0005515338177202011,-0.0009045045808937576,0.0009045045808937576,13.0
whakataukī,-9.016030772664425e-05,0.0001859599771104778,9.579966938383354e-05,-0.000276120284837122,0.000276120284837122,16.0
whakataumaha,-8.824269079338908e-05,0.00036400959965348967,0.00027576690886010056,-0.0004522522904468788,0.0004522522904468788,11.0
whakataunga,-8.824269079338908e-05,0.00036400959965348967,0.00027576690886010056,-0.0004522522904468788,0.0004522522904468788,14.0
whakataupatupatu,-9.016030772664425e-05,0.0001859599771104778,9.579966938383354e-05,-0.000276120284837122,0.000276120284837122,9.0
whakatautanga,-8.824269079338908e-05,0.00036400959965348967,0.00027576690886010056,-0.0004522522904468788,0.0004522522904468788,9.0
whakatautau,-8.824269079338908e-05,0.00036400959965348967,0.00027576690886010056,-0.0004522522904468788,0.0004522522904468788,9.0
whakatauākī,-8.824269079338908e-05,0.00036400959965348967,0.00027576690886010056,-0.0004522522904468788,0.0004522522904468788,10.0
whakatawhiti,-8.824269079338908e-05,0.00036400959965348967,0.00027576690886010056,-0.0004522522904468788,0.0004522522904468788,9.0
whakateka,-8.824269079338908e-05,0.00036400959965348967,0.00027576690886010056,-0.0004522522904468788,0.0004522522904468788,9.0
whakatenetene,-8.824269079338908e-05,0.00036400959965348967,0.00027576690886010056,-0.0004522522904468788,0.0004522522904468788,15.0
whakatere,-0.00044121345396694545,0.0018200479982674485,0.0013788345443005031,-0.002261261452234394,0.002261261452234394,22.0
whakatika,-0.0004699610797906117,0.005815904171865476,0.005345943092074864,-0.006285865251656088,0.006285865251656088,78.0
whakatikatika,-0.0007559219783378855,0.00571679345626377,0.004960871477925885,-0.006472715434601655,0.006472715434601655,56.0
whakatiki,-8.824269079338908e-05,0.00036400959965348967,0.00027576690886010056,-0.0004522522904468788,0.0004522522904468788,9.0
whakatinana,-0.00040855169631116384,0.0021066438771708777,0.001698092180859714,-0.0025151955734820414,0.0025151955734820414,30.0
whakatinanatanga,-8.824269079338908e-05,0.00036400959965348967,0.00027576690886010056,-0.0004522522904468788,0.0004522522904468788,12.0
whakatipu,-0.00037796535151984716,0.001039428988793086,0.0006614636372732389,-0.0014173943403129332,0.0014173943403129332,22.0
whakatipuranga,-8.824269079338908e-05,0.00036400959965348967,0.00027576690886010056,-0.0004522522904468788,0.0004522522904468788,9.0
whakatiwhikete,-8.824269079338908e-05,0.00036400959965348967,0.00027576690886010056,-0.0004522522904468788,0.0004522522904468788,10.0
whakatoi,-9.016030772664425e-05,0.0001859599771104778,9.579966938383354e-05,-0.000276120284837122,0.000276120284837122,11.0
whakatokomaha,-8.824269079338908e-05,0.00036400959965348967,0.00027576690886010056,-0.0004522522904468788,0.0004522522904468788,9.0
whakatono,-8.824269079338908e-05,0.00036400959965348967,0.00027576690886010056,-0.0004522522904468788,0.0004522522904468788,10.0
whakatumatuma,-8.824269079338908e-05,0.00036400959965348967,0.00027576690886010056,-0.0004522522904468788,0.0004522522904468788,9.0
whakatupu,-7.670467733020651e-06,7.910354567465878e-06,2.398868344452271e-07,-1.558082230048653e-05,1.558082230048653e-05,15.0
whakatupuranga,-8.824269079338908e-05,0.00036400959965348967,0.00027576690886010056,-0.0004522522904468788,0.0004522522904468788,9.0
whakature,-9.016030772664425e-05,0.0001859599771104778,9.579966938383354e-05,-0.000276120284837122,0.000276120284837122,19.0
whakaturituri,-5.949506496972269e-05,8.180762465525959e-05,2.2312559685536902e-05,-0.00014130268962498228,0.00014130268962498228,11.0
whakatutuki,-0.00026281045544691205,0.002168236888786006,0.0019054264333390942,-0.002431047344232918,0.002431047344232918,34.0
whakatutukitanga,-8.824269079338908e-05,0.00036400959965348967,0.00027576690886010056,-0.0004522522904468788,0.0004522522904468788,11.0
whakatutū,-0.000174567764653523,0.002880435378958054,0.002705867614304531,-0.0030550031436115768,0.0030550031436115768,11.0
whakatuwhera,-0.0010002694666035976,0.005960078081297864,0.004959808614694266,-0.006960347547901462,0.006960347547901462,43.0
whakatuwheratanga,-8.824269079338908e-05,0.00036400959965348967,0.00027576690886010056,-0.0004522522904468788,0.0004522522904468788,22.0
whakatā,-0.0001803206154532885,0.0003719199542209556,0.00019159933876766708,-0.000552240569674244,0.000552240569674244,23.0
whakatāpiri,-9.016030772664425e-05,0.0001859599771104778,9.579966938383354e-05,-0.000276120284837122,0.000276120284837122,11.0
whakatārewa,-8.824269079338908e-05,0.00036400959965348967,0.00027576690886010056,-0.0004522522904468788,0.0004522522904468788,18.0
whakatātā,-9.016030772664425e-05,0.0001859599771104778,9.579966938383354e-05,-0.000276120284837122,0.000276120284837122,9.0
whakatīmata,-0.00013140522772345602,0.001084118444393003,0.0009527132166695471,-0.001215523672116459,0.001215523672116459,11.0
whakatō,-0.0007059415263471127,0.0029120767972279173,0.0022061352708808045,-0.0036180183235750302,0.0036180183235750302,32.0
whakatōmuri,-0.00013140522772345602,0.001084118444393003,0.0009527132166695471,-0.001215523672116459,0.001215523672116459,9.0
whakatōnga,-8.824269079338908e-05,0.00036400959965348967,0.00027576690886010056,-0.0004522522904468788,0.0004522522904468788,9.0
whakatōpū,-7.670467733020651e-06,7.910354567465878e-06,2.398868344452271e-07,-1.558082230048653e-05,1.558082230048653e-05,22.0
whakatū,0.0004785875193914513,-0.00042521653316486167,5.337098622658961e-05,0.000903804052556313,0.000903804052556313,271.0
whakatūhanga,-8.824269079338908e-05,0.00036400959965348967,0.00027576690886010056,-0.0004522522904468788,0.0004522522904468788,9.0
whakatūhono,-8.824269079338908e-05,0.00036400959965348967,0.00027576690886010056,-0.0004522522904468788,0.0004522522904468788,9.0
whakatūpato,-8.824269079338908e-05,0.00036400959965348967,0.00027576690886010056,-0.0004522522904468788,0.0004522522904468788,17.0
whakatūpeke,-9.016030772664425e-05,0.0001859599771104778,9.579966938383354e-05,-0.000276120284837122,0.000276120284837122,9.0
whakatūtanga,-8.824269079338908e-05,0.00036400959965348967,0.00027576690886010056,-0.0004522522904468788,0.0004522522904468788,13.0
whakatūtuki,-9.016030772664425e-05,0.0001859599771104778,9.579966938383354e-05,-0.000276120284837122,0.000276120284837122,9.0
whakatūtū,0.00023050908794009254,-0.00013583888456313335,9.46702033769592e-05,0.0003663479725032259,0.0003663479725032259,21.0
whakauaua,-8.824269079338908e-05,0.00036400959965348967,0.00027576690886010056,-0.0004522522904468788,0.0004522522904468788,9.0
whakaui,-8.824269079338908e-05,0.00036400959965348967,0.00027576690886010056,-0.0004522522904468788,0.0004522522904468788,9.0
whakauru,-0.0004677738086838038,0.0007718448079787521,0.0003040709992949483,-0.001239618616662556,0.001239618616662556,58.0
whakauruuru,-8.824269079338908e-05,0.00036400959965348967,0.00027576690886010056,-0.0004522522904468788,0.0004522522904468788,13.0
whakautu,-0.0005626289552272268,0.0017406739773941757,0.0011780450221669488,-0.0023033029326214025,0.0023033029326214025,67.0
whakaututanga,-8.824269079338908e-05,0.00036400959965348967,0.00027576690886010056,-0.0004522522904468788,0.0004522522904468788,11.0
whakawahanga,-9.016030772664425e-05,0.0001859599771104778,9.579966938383354e-05,-0.000276120284837122,0.000276120284837122,9.0
whakawai,-8.824269079338908e-05,0.00036400959965348967,0.00027576690886010056,-0.0004522522904468788,0.0004522522904468788,10.0
whakawaiata,-9.016030772664425e-05,0.0001859599771104778,9.579966938383354e-05,-0.000276120284837122,0.000276120284837122,9.0
whakawaiho,-8.824269079338908e-05,0.00036400959965348967,0.00027576690886010056,-0.0004522522904468788,0.0004522522904468788,9.0
whakawaimehameha,-8.824269079338908e-05,0.00036400959965348967,0.00027576690886010056,-0.0004522522904468788,0.0004522522904468788,11.0
whakawaiwai,-0.00013140522772345602,0.001084118444393003,0.0009527132166695471,-0.001215523672116459,0.001215523672116459,9.0
whakaware,-9.016030772664425e-05,0.0001859599771104778,9.579966938383354e-05,-0.000276120284837122,0.000276120284837122,9.0
whakawehe,-5.949506496972269e-05,8.180762465525959e-05,2.2312559685536902e-05,-0.00014130268962498228,0.00014130268962498228,19.0
whakawehewehe,-5.949506496972269e-05,8.180762465525959e-05,2.2312559685536902e-05,-0.00014130268962498228,0.00014130268962498228,16.0
whakawhanake,-8.824269079338908e-05,0.00036400959965348967,0.00027576690886010056,-0.0004522522904468788,0.0004522522904468788,9.0
whakawhanaunga,-9.016030772664425e-05,0.0001859599771104778,9.579966938383354e-05,-0.000276120284837122,0.000276120284837122,15.0
whakawhanaungatanga,-8.824269079338908e-05,0.00036400959965348967,0.00027576690886010056,-0.0004522522904468788,0.0004522522904468788,10.0
whakawhawhai,-0.00013140522772345602,0.001084118444393003,0.0009527132166695471,-0.001215523672116459,0.001215523672116459,9.0
whakawhetai,-8.824269079338908e-05,0.00036400959965348967,0.00027576690886010056,-0.0004522522904468788,0.0004522522904468788,14.0
whakawhirinaki,-8.824269079338908e-05,0.00036400959965348967,0.00027576690886010056,-0.0004522522904468788,0.0004522522904468788,10.0
whakawhiriwhiri,-0.00013140522772345602,0.001084118444393003,0.0009527132166695471,-0.001215523672116459,0.001215523672116459,10.0
whakawhiti,0.004093452649755677,-0.0008237017799606099,0.0032697508697950672,0.004917154429716287,0.004917154429716287,128.0
whakawhitihanga,-8.824269079338908e-05,0.00036400959965348967,0.00027576690886010056,-0.0004522522904468788,0.0004522522904468788,9.0
whakawhitinga,-8.824269079338908e-05,0.00036400959965348967,0.00027576690886010056,-0.0004522522904468788,0.0004522522904468788,10.0
whakawhititanga,-8.824269079338908e-05,0.00036400959965348967,0.00027576690886010056,-0.0004522522904468788,0.0004522522904468788,9.0
whakawhitiwhiti,-1.5340935466041302e-05,1.5820709134931756e-05,4.797736688904542e-07,-3.116164460097306e-05,3.116164460097306e-05,27.0
whakawhiu,-5.949506496972269e-05,8.180762465525959e-05,2.2312559685536902e-05,-0.00014130268962498228,0.00014130268962498228,10.0
whakawhiwhi,0.0006718266962339304,-0.00025194089425824176,0.0004198858019756886,0.0009237675904921721,0.0009237675904921721,40.0
whakawhiwhinga,-8.824269079338908e-05,0.00036400959965348967,0.00027576690886010056,-0.0004522522904468788,0.0004522522904468788,11.0
whakawhāiti,0.0003299593599744944,-0.00017013926797554603,0.00015982009199894836,0.0005000986279500404,0.0005000986279500404,21.0
whakawhānau,-8.824269079338908e-05,0.00036400959965348967,0.00027576690886010056,-0.0004522522904468788,0.0004522522904468788,9.0
whakawhānautanga,-8.824269079338908e-05,0.00036400959965348967,0.00027576690886010056,-0.0004522522904468788,0.0004522522904468788,9.0
whakawhānui,-9.016030772664425e-05,0.0001859599771104778,9.579966938383354e-05,-0.000276120284837122,0.000276120284837122,24.0
whakawhāriki,-8.824269079338908e-05,0.00036400959965348967,0.00027576690886010056,-0.0004522522904468788,0.0004522522904468788,10.0
whakawiriwiri,-8.824269079338908e-05,0.00036400959965348967,0.00027576690886010056,-0.0004522522904468788,0.0004522522904468788,9.0
whakawā,-0.0007364848795335897,0.0016203045713406854,0.0008838196918070958,-0.002356789450874275,0.002356789450874275,53.0
whakawāhihi,-5.949506496972269e-05,8.180762465525959e-05,2.2312559685536902e-05,-0.00014130268962498228,0.00014130268962498228,10.0
whakawānga,-8.824269079338908e-05,0.00036400959965348967,0.00027576690886010056,-0.0004522522904468788,0.0004522522904468788,10.0
whakawātea,-0.0008532317693492592,0.003910736930667511,0.0030575051613182516,-0.00476396870001677,0.00476396870001677,61.0
whakawāwā,-0.00013140522772345602,0.001084118444393003,0.0009527132166695471,-0.001215523672116459,0.001215523672116459,9.0
whakaāhuru,-8.824269079338908e-05,0.00036400959965348967,0.00027576690886010056,-0.0004522522904468788,0.0004522522904468788,9.0
whakaātaahua,-8.824269079338908e-05,0.00036400959965348967,0.00027576690886010056,-0.0004522522904468788,0.0004522522904468788,9.0
whakaōrite,-8.824269079338908e-05,0.00036400959965348967,0.00027576690886010056,-0.0004522522904468788,0.0004522522904468788,9.0
whakaū,-8.824269079338908e-05,0.00036400959965348967,0.00027576690886010056,-0.0004522522904468788,0.0004522522904468788,14.0
whanaunga,-9.016030772664425e-05,0.0001859599771104778,9.579966938383354e-05,-0.000276120284837122,0.000276120284837122,11.0
whanaungatanga,-8.824269079338908e-05,0.00036400959965348967,0.00027576690886010056,-0.0004522522904468788,0.0004522522904468788,15.0
whanawhana,-9.016030772664425e-05,0.0001859599771104778,9.579966938383354e-05,-0.000276120284837122,0.000276120284837122,10.0
whanga,-8.824269079338908e-05,0.00036400959965348967,0.00027576690886010056,-0.0004522522904468788,0.0004522522904468788,18.0
whanga-nui-ā-tara,-8.824269079338908e-05,0.00036400959965348967,0.00027576690886010056,-0.0004522522904468788,0.0004522522904468788,25.0
whao,-0.00013140522772345602,0.001084118444393003,0.0009527132166695471,-0.001215523672116459,0.001215523672116459,9.0
whaona,-5.949506496972269e-05,8.180762465525959e-05,2.2312559685536902e-05,-0.00014130268962498228,0.00014130268962498228,10.0
whara,0.00043721382732216557,-0.00020039435034297046,0.0002368194769791951,0.0006376081776651361,0.0006376081776651361,26.0
wharatanga,-8.824269079338908e-05,0.00036400959965348967,0.00027576690886010056,-0.0004522522904468788,0.0004522522904468788,11.0
whare,-8.824269079338908e-05,0.00036400959965348967,0.00027576690886010056,-0.0004522522904468788,0.0004522522904468788,191.0
wharekai,-8.824269079338908e-05,0.00036400959965348967,0.00027576690886010056,-0.0004522522904468788,0.0004522522904468788,14.0
wharekura,-8.824269079338908e-05,0.00036400959965348967,0.00027576690886010056,-0.0004522522904468788,0.0004522522904468788,12.0
wharenui,-8.824269079338908e-05,0.00036400959965348967,0.00027576690886010056,-0.0004522522904468788,0.0004522522904468788,10.0
whata-mangō,-0.00013140522772345602,0.001084118444393003,0.0009527132166695471,-0.001215523672116459,0.001215523672116459,9.0
whati,-0.0001803206154532885,0.0003719199542209556,0.00019159933876766708,-0.000552240569674244,0.000552240569674244,18.0
whatitoka,-8.824269079338908e-05,0.00036400959965348967,0.00027576690886010056,-0.0004522522904468788,0.0004522522904468788,9.0
whatiwhati,-9.016030772664425e-05,0.0001859599771104778,9.579966938383354e-05,-0.000276120284837122,0.000276120284837122,10.0
whatu,-8.824269079338908e-05,0.00036400959965348967,0.00027576690886010056,-0.0004522522904468788,0.0004522522904468788,10.0
whatumanawa,-8.824269079338908e-05,0.00036400959965348967,0.00027576690886010056,-0.0004522522904468788,0.0004522522904468788,10.0
whawhai,0.0012217450401619833,-0.00047998247403670296,0.0007417625661252803,0.0017017275141986863,0.0017017275141986863,57.0
whei,-8.824269079338908e-05,0.00036400959965348967,0.00027576690886010056,-0.0004522522904468788,0.0004522522904468788,9.0
wheke,-8.824269079338908e-05,0.00036400959965348967,0.00027576690886010056,-0.0004522522904468788,0.0004522522904468788,10.0
wheketere,-8.824269079338908e-05,0.00036400959965348967,0.00027576690886010056,-0.0004522522904468788,0.0004522522904468788,9.0
whenua,-8.824269079338908e-05,0.00036400959965348967,0.00027576690886010056,-0.0004522522904468788,0.0004522522904468788,82.0
wherawhera,-8.824269079338908e-05,0.00036400959965348967,0.00027576690886010056,-0.0004522522904468788,0.0004522522904468788,22.0
whero,-8.824269079338908e-05,0.00036400959965348967,0.00027576690886010056,-0.0004522522904468788,0.0004522522904468788,11.0
whetereihana,-8.824269079338908e-05,0.00036400959965348967,0.00027576690886010056,-0.0004522522904468788,0.0004522522904468788,9.0
whetū,-8.824269079338908e-05,0.00036400959965348967,0.00027576690886010056,-0.0004522522904468788,0.0004522522904468788,12.0
whetū-mārama,-8.824269079338908e-05,0.00036400959965348967,0.00027576690886010056,-0.0004522522904468788,0.0004522522904468788,9.0
whetūrangi,-8.824269079338908e-05,0.00036400959965348967,0.00027576690886010056,-0.0004522522904468788,0.0004522522904468788,13.0
wheua,-8.824269079338908e-05,0.00036400959965348967,0.00027576690886010056,-0.0004522522904468788,0.0004522522904468788,10.0
whewhera,-8.824269079338908e-05,0.00036400959965348967,0.00027576690886010056,-0.0004522522904468788,0.0004522522904468788,11.0
whiore,-8.824269079338908e-05,0.00036400959965348967,0.00027576690886010056,-0.0004522522904468788,0.0004522522904468788,12.0
whiri,-0.00018898267575992358,0.000519714494396543,0.00033073181863661945,-0.0007086971701564666,0.0007086971701564666,17.0
whirinaki,-5.949506496972269e-05,8.180762465525959e-05,2.2312559685536902e-05,-0.00014130268962498228,0.00014130268962498228,18.0
whiriwhiri,-0.001700972759279513,0.006665842657129774,0.004964869897850261,-0.008366815416409287,0.008366815416409287,109.0
whiti,0.00135051931083006,-0.00034818889051855786,0.001002330420311502,0.0016987082013486178,0.0016987082013486178,45.0
whitinga,-8.824269079338908e-05,0.00036400959965348967,0.00027576690886010056,-0.0004522522904468788,0.0004522522904468788,15.0
whititanga,-8.824269079338908e-05,0.00036400959965348967,0.00027576690886010056,-0.0004522522904468788,0.0004522522904468788,9.0
whitiwhiti,-8.824269079338908e-05,0.00036400959965348967,0.00027576690886010056,-0.0004522522904468788,0.0004522522904468788,10.0
whitu,-8.824269079338908e-05,0.00036400959965348967,0.00027576690886010056,-0.0004522522904468788,0.0004522522904468788,39.0
whiu,0.0011167824567368382,-0.0006142446946737525,0.0005025377620630858,0.0017310271514105907,0.0017310271514105907,76.0
whiutanga,-8.824269079338908e-05,0.00036400959965348967,0.00027576690886010056,-0.0004522522904468788,0.0004522522904468788,9.0
whiwhi,0.0033349793629553494,-0.0009597984502243135,0.002375180912731036,0.004294777813179663,0.004294777813179663,138.0
whiwhinga,-8.824269079338908e-05,0.00036400959965348967,0.00027576690886010056,-0.0004522522904468788,0.0004522522904468788,9.0
whoatu,0.0002799701832819127,-0.0001924839957755046,8.748618750640809e-05,0.0004724541790574173,0.0004724541790574173,26.0
whui,-8.824269079338908e-05,0.00036400959965348967,0.00027576690886010056,-0.0004522522904468788,0.0004522522904468788,9.0
whutupaoro,-8.824269079338908e-05,0.00036400959965348967,0.00027576690886010056,-0.0004522522904468788,0.0004522522904468788,10.0
whā,-0.00018898267575992358,0.000519714494396543,0.00033073181863661945,-0.0007086971701564666,0.0007086971701564666,57.0
whāiatanga,-8.824269079338908e-05,0.00036400959965348967,0.00027576690886010056,-0.0004522522904468788,0.0004522522904468788,9.0
whāinga,-8.824269079338908e-05,0.00036400959965348967,0.00027576690886010056,-0.0004522522904468788,0.0004522522904468788,11.0
whāinu,-5.949506496972269e-05,8.180762465525959e-05,2.2312559685536902e-05,-0.00014130268962498228,0.00014130268962498228,10.0
whāiti,-9.016030772664425e-05,0.0001859599771104778,9.579966938383354e-05,-0.000276120284837122,0.000276120284837122,21.0
whākanakana,-8.824269079338908e-05,0.00036400959965348967,0.00027576690886010056,-0.0004522522904468788,0.0004522522904468788,9.0
whākau,-8.824269079338908e-05,0.00036400959965348967,0.00027576690886010056,-0.0004522522904468788,0.0004522522904468788,10.0
whāki,-0.0002647280723801672,0.001092028798960469,0.0008273007265803018,-0.0013567568713406363,0.0013567568713406363,15.0
whākīkī,-8.824269079338908e-05,0.00036400959965348967,0.00027576690886010056,-0.0004522522904468788,0.0004522522904468788,9.0
whānako,-0.00031847028655012445,0.0017516274789651334,0.0014331571924150088,-0.002070097765515258,0.002070097765515258,15.0
whānau,0.0016513533193855364,-0.0003784439728859824,0.001272909346499554,0.002029797292271519,0.002029797292271519,93.0
whānau-ā-rua-taupare,-8.824269079338908e-05,0.00036400959965348967,0.00027576690886010056,-0.0004522522904468788,0.0004522522904468788,10.0
whānau-ā-tū-whakairi-ora,-8.824269079338908e-05,0.00036400959965348967,0.00027576690886010056,-0.0004522522904468788,0.0004522522904468788,9.0
whānautanga,-8.824269079338908e-05,0.00036400959965348967,0.00027576690886010056,-0.0004522522904468788,0.0004522522904468788,22.0
whāngai,-0.0018007799320166505,0.01238065113804923,0.01057987120603258,-0.01418143107006588,0.01418143107006588,87.0
whāngaitanga,-8.824269079338908e-05,0.00036400959965348967,0.00027576690886010056,-0.0004522522904468788,0.0004522522904468788,9.0
whānui,-5.949506496972269e-05,8.180762465525959e-05,2.2312559685536902e-05,-0.00014130268962498228,0.00014130268962498228,38.0
whānuihanga,-8.824269079338908e-05,0.00036400959965348967,0.00027576690886010056,-0.0004522522904468788,0.0004522522904468788,9.0
whānuitanga,-8.824269079338908e-05,0.00036400959965348967,0.00027576690886010056,-0.0004522522904468788,0.0004522522904468788,21.0
whāoti,-9.016030772664425e-05,0.0001859599771104778,9.579966938383354e-05,-0.000276120284837122,0.000276120284837122,9.0
whāriki,-0.00015592460289460118,0.0002572816026595839,0.00010135699976498273,-0.00041320620555418506,0.00041320620555418506,38.0
whārua,-8.824269079338908e-05,0.00036400959965348967,0.00027576690886010056,-0.0004522522904468788,0.0004522522904468788,17.0
whārōrō,-8.824269079338908e-05,0.00036400959965348967,0.00027576690886010056,-0.0004522522904468788,0.0004522522904468788,10.0
whātero,-8.824269079338908e-05,0.00036400959965348967,0.00027576690886010056,-0.0004522522904468788,0.0004522522904468788,9.0
whāterotero,-8.824269079338908e-05,0.00036400959965348967,0.00027576690886010056,-0.0004522522904468788,0.0004522522904468788,9.0
whātoro,-8.824269079338908e-05,0.00036400959965348967,0.00027576690886010056,-0.0004522522904468788,0.0004522522904468788,9.0
whātui-āpiti,-8.824269079338908e-05,0.00036400959965348967,0.00027576690886010056,-0.0004522522904468788,0.0004522522904468788,9.0
whāwhai,-9.016030772664425e-05,0.0001859599771104778,9.579966938383354e-05,-0.000276120284837122,0.000276120284837122,9.0
whāwhā,-9.016030772664425e-05,0.0001859599771104778,9.579966938383354e-05,-0.000276120284837122,0.000276120284837122,22.0
whēnei,-9.016030772664425e-05,0.0001859599771104778,9.579966938383354e-05,-0.000276120284837122,0.000276120284837122,10.0
whēterotero,-5.949506496972269e-05,8.180762465525959e-05,2.2312559685536902e-05,-0.00014130268962498228,0.00014130268962498228,10.0
whītiki,-0.00013140522772345602,0.001084118444393003,0.0009527132166695471,-0.001215523672116459,0.001215523672116459,11.0
whīwhiwhi,-8.824269079338908e-05,0.00036400959965348967,0.00027576690886010056,-0.0004522522904468788,0.0004522522904468788,9.0
wiki,-8.824269079338908e-05,0.00036400959965348967,0.00027576690886010056,-0.0004522522904468788,0.0004522522904468788,34.0
wikitōria,0.0005583912283684191,-0.0003071223473368762,0.0002512688810315429,0.0008655135757052953,0.0008655135757052953,56.0
wini,0.00023050908794009254,-0.00013583888456313335,9.46702033769592e-05,0.0003663479725032259,0.0003663479725032259,18.0
wira,-9.016030772664425e-05,0.0001859599771104778,9.579966938383354e-05,-0.000276120284837122,0.000276120284837122,9.0
wiri,-9.016030772664425e-05,0.0001859599771104778,9.579966938383354e-05,-0.000276120284837122,0.000276120284837122,13.0
wiriwiri,-9.016030772664425e-05,0.0001859599771104778,9.579966938383354e-05,-0.000276120284837122,0.000276120284837122,12.0
wā,-8.824269079338908e-05,0.00036400959965348967,0.00027576690886010056,-0.0004522522904468788,0.0004522522904468788,492.0
wāhanga,-9.016030772664425e-05,0.0001859599771104778,9.579966938383354e-05,-0.000276120284837122,0.000276120284837122,280.0
wāhi,-0.00015592460289460118,0.0002572816026595839,0.00010135699976498273,-0.00041320620555418506,0.00041320620555418506,121.0
wāhinga,-8.824269079338908e-05,0.00036400959965348967,0.00027576690886010056,-0.0004522522904468788,0.0004522522904468788,9.0
wānanga,-0.00017848519490916813,0.0002454228739657789,6.693767905661076e-05,-0.00042390806887494705,0.00042390806887494705,37.0
wāriu,-8.824269079338908e-05,0.00036400959965348967,0.00027576690886010056,-0.0004522522904468788,0.0004522522904468788,45.0
wātea,0.0005514015328121367,-0.0002274584437562318,0.00032394308905590494,0.0007788599765683685,0.0007788599765683685,103.0
wāwāhi,0.0003299593599744944,-0.00017013926797554603,0.00015982009199894836,0.0005000986279500404,0.0005000986279500404,21.0
wētahi,-0.00013140522772345602,0.001084118444393003,0.0009527132166695471,-0.001215523672116459,0.001215523672116459,9.0
wīwī,-8.824269079338908e-05,0.00036400959965348967,0.00027576690886010056,-0.0004522522904468788,0.0004522522904468788,9.0
{unclear,-0.00018898267575992358,0.000519714494396543,0.00033073181863661945,-0.0007086971701564666,0.0007086971701564666,16.0
{unclear},-8.824269079338908e-05,0.00036400959965348967,0.00027576690886010056,-0.0004522522904468788,0.0004522522904468788,13.0
āhei,0.006221360542089089,-0.0012417924928789725,0.004979568049210117,0.007463153034968062,0.007463153034968062,146.0
āhua,0.005898161412676838,-0.0012165241988977313,0.004681637213779106,0.0071146856115745696,0.0071146856115745696,615.0
āhuaranga,-8.824269079338908e-05,0.00036400959965348967,0.00027576690886010056,-0.0004522522904468788,0.0004522522904468788,52.0
āhuatanga,-8.824269079338908e-05,0.00036400959965348967,0.00027576690886010056,-0.0004522522904468788,0.0004522522904468788,183.0
āhurutanga,-8.824269079338908e-05,0.00036400959965348967,0.00027576690886010056,-0.0004522522904468788,0.0004522522904468788,10.0
ākau,-8.824269079338908e-05,0.00036400959965348967,0.00027576690886010056,-0.0004522522904468788,0.0004522522904468788,9.0
āki,-9.016030772664425e-05,0.0001859599771104778,9.579966938383354e-05,-0.000276120284837122,0.000276120284837122,27.0
ākonga,-8.824269079338908e-05,0.00036400959965348967,0.00027576690886010056,-0.0004522522904468788,0.0004522522904468788,9.0
ākuhata,-8.824269079338908e-05,0.00036400959965348967,0.00027576690886010056,-0.0004522522904468788,0.0004522522904468788,9.0
āmene,-8.824269079338908e-05,0.00036400959965348967,0.00027576690886010056,-0.0004522522904468788,0.0004522522904468788,14.0
āmine,-8.824269079338908e-05,0.00036400959965348967,0.00027576690886010056,-0.0004522522904468788,0.0004522522904468788,11.0
ānini,-8.824269079338908e-05,0.00036400959965348967,0.00027576690886010056,-0.0004522522904468788,0.0004522522904468788,11.0
āpiha,-8.824269079338908e-05,0.00036400959965348967,0.00027576690886010056,-0.0004522522904468788,0.0004522522904468788,12.0
āpiti,0.0006718266962339304,-0.00025194089425824176,0.0004198858019756886,0.0009237675904921721,0.0009237675904921721,18.0
āporo,-8.824269079338908e-05,0.00036400959965348967,0.00027576690886010056,-0.0004522522904468788,0.0004522522904468788,13.0
āporotī,-8.824269079338908e-05,0.00036400959965348967,0.00027576690886010056,-0.0004522522904468788,0.0004522522904468788,9.0
āpōtoro,-8.824269079338908e-05,0.00036400959965348967,0.00027576690886010056,-0.0004522522904468788,0.0004522522904468788,9.0
ārahi,-0.0006650108574497548,0.00960131845857941,0.008936307601129656,-0.010266329316029164,0.010266329316029164,41.0
ārai,-8.824269079338908e-05,0.00036400959965348967,0.00027576690886010056,-0.0004522522904468788,0.0004522522904468788,15.0
āta,-0.0014166596065937139,0.00398444818595529,0.002567788579361576,-0.005401107792549004,0.005401107792549004,139.0
ātaahua,-9.016030772664425e-05,0.0001859599771104778,9.579966938383354e-05,-0.000276120284837122,0.000276120284837122,39.0
āti,-8.824269079338908e-05,0.00036400959965348967,0.00027576690886010056,-0.0004522522904468788,0.0004522522904468788,11.0
āwanga,-8.824269079338908e-05,0.00036400959965348967,0.00027576690886010056,-0.0004522522904468788,0.0004522522904468788,14.0
āwangawanga,5.988808175573361e-05,-4.940882121321992e-05,1.047926054251369e-05,0.00010929690296895353,0.00010929690296895353,59.0
āwherika,-0.00013140522772345602,0.001084118444393003,0.0009527132166695471,-0.001215523672116459,0.001215523672116459,9.0
āwhina,-0.0014530046100785792,0.014984459949429683,0.013531455339351104,-0.01643746455950826,0.01643746455950826,110.0
ēhutu,-8.824269079338908e-05,0.00036400959965348967,0.00027576690886010056,-0.0004522522904468788,0.0004522522904468788,9.0
ētahi,-0.00013140522772345602,0.001084118444393003,0.0009527132166695471,-0.001215523672116459,0.001215523672116459,9.0
ētita,-8.824269079338908e-05,0.00036400959965348967,0.00027576690886010056,-0.0004522522904468788,0.0004522522904468788,9.0
īnia,-0.00013140522772345602,0.001084118444393003,0.0009527132166695471,-0.001215523672116459,0.001215523672116459,9.0
ōhākī,-8.824269079338908e-05,0.00036400959965348967,0.00027576690886010056,-0.0004522522904468788,0.0004522522904468788,10.0
ōi,-8.824269079338908e-05,0.00036400959965348967,0.00027576690886010056,-0.0004522522904468788,0.0004522522904468788,9.0
ōrite,-0.00017648538158677817,0.0007280191993069793,0.0005515338177202011,-0.0009045045808937576,0.0009045045808937576,54.0
ū,0.002015480088701791,-0.0007558226827747254,0.0012596574059270658,0.0027713027714765166,0.0027713027714765166,102.0
ūkui,-8.824269079338908e-05,0.00036400959965348967,0.00027576690886010056,-0.0004522522904468788,0.0004522522904468788,15.0
ūkuikui,-9.016030772664425e-05,0.0001859599771104778,9.579966938383354e-05,-0.000276120284837122,0.000276120284837122,9.0
ūmere,-7.670467733020651e-06,7.910354567465878e-06,2.398868344452271e-07,-1.558082230048653e-05,1.558082230048653e-05,12.0
ūnga,-8.824269079338908e-05,0.00036400959965348967,0.00027576690886010056,-0.0004522522904468788,0.0004522522904468788,10.0
ūtanga,-8.824269079338908e-05,0.00036400959965348967,0.00027576690886010056,-0.0004522522904468788,0.0004522522904468788,15.0
