SubHead,kei.te,AE,Key,Diff,DiffAbs,Count
ae,-8.714391366095359e-05,0.00016685608333643666,7.971216967548307e-05,-0.0002539999969973902,0.0002539999969973902,9.0
afraid,-8.714391366095359e-05,0.00016685608333643666,7.971216967548307e-05,-0.0002539999969973902,0.0002539999969973902,9.0
aha,0.00498013474613187,-0.0005609151327067732,0.004419219613425097,0.005541049878838643,0.005541049878838643,78.0
ahakia,-8.714391366095359e-05,0.00016685608333643666,7.971216967548307e-05,-0.0002539999969973902,0.0002539999969973902,9.0
ahakoa,-8.714391366095359e-05,0.00016685608333643666,7.971216967548307e-05,-0.0002539999969973902,0.0002539999969973902,9.0
ahi,-8.714391366095359e-05,0.00016685608333643666,7.971216967548307e-05,-0.0002539999969973902,0.0002539999969973902,27.0
ahiahi,-8.714391366095359e-05,0.00016685608333643666,7.971216967548307e-05,-0.0002539999969973902,0.0002539999969973902,30.0
aho,-8.714391366095359e-05,0.00016685608333643666,7.971216967548307e-05,-0.0002539999969973902,0.0002539999969973902,15.0
ahorangi,-8.714391366095359e-05,0.00016685608333643666,7.971216967548307e-05,-0.0002539999969973902,0.0002539999969973902,13.0
ahu,0.004557054982154082,-0.0005453424068356109,0.0040117125753184706,0.005102397388989693,0.005102397388989693,103.0
ahurei,-8.714391366095359e-05,0.00016685608333643666,7.971216967548307e-05,-0.0002539999969973902,0.0002539999969973902,14.0
aihikirīmi,-8.714391366095359e-05,0.00016685608333643666,7.971216967548307e-05,-0.0002539999969973902,0.0002539999969973902,9.0
airport,-8.714391366095359e-05,0.00016685608333643666,7.971216967548307e-05,-0.0002539999969973902,0.0002539999969973902,9.0
aitanga,-8.714391366095359e-05,0.00016685608333643666,7.971216967548307e-05,-0.0002539999969973902,0.0002539999969973902,9.0
aituā,-0.0001801338761723495,0.0006898114117588971,0.0005096775355865476,-0.0008699452879312466,0.0008699452879312466,19.0
aka,-8.714391366095359e-05,0.00016685608333643666,7.971216967548307e-05,-0.0002539999969973902,0.0002539999969973902,10.0
akiaki,-8.714391366095359e-05,0.00016685608333643666,7.971216967548307e-05,-0.0002539999969973902,0.0002539999969973902,8.0
ako,-0.0018380974870870414,0.0031133504849056143,0.001275252997818573,-0.004951447971992656,0.004951447971992656,230.0
akoako,-8.714391366095359e-05,0.00016685608333643666,7.971216967548307e-05,-0.0002539999969973902,0.0002539999969973902,10.0
akoranga,-8.714391366095359e-05,0.00016685608333643666,7.971216967548307e-05,-0.0002539999969973902,0.0002539999969973902,10.0
amo,0.00018072506958922524,-0.00011534589166179339,6.537917792743185e-05,0.0002960709612510186,0.0002960709612510186,12.0
amokapua,-8.714391366095359e-05,0.00016685608333643666,7.971216967548307e-05,-0.0002539999969973902,0.0002539999969973902,10.0
amorangi,-8.714391366095359e-05,0.00016685608333643666,7.971216967548307e-05,-0.0002539999969973902,0.0002539999969973902,9.0
amuamu,-8.714391366095359e-05,0.00016685608333643666,7.971216967548307e-05,-0.0002539999969973902,0.0002539999969973902,11.0
ana,-8.714391366095359e-05,0.00016685608333643666,7.971216967548307e-05,-0.0002539999969973902,0.0002539999969973902,10.0
anahera,-8.714391366095359e-05,0.00016685608333643666,7.971216967548307e-05,-0.0002539999969973902,0.0002539999969973902,9.0
anga,0.0015346077909858737,-0.000367292784292599,0.0011673150066932748,0.0019019005752784726,0.0019019005752784726,36.0
anini,-8.714391366095359e-05,0.00016685608333643666,7.971216967548307e-05,-0.0002539999969973902,0.0002539999969973902,9.0
anthropology,-8.714391366095359e-05,0.00016685608333643666,7.971216967548307e-05,-0.0002539999969973902,0.0002539999969973902,8.0
anu,-8.714391366095359e-05,0.00016685608333643666,7.971216967548307e-05,-0.0002539999969973902,0.0002539999969973902,11.0
ao,0.00039534404544735313,-0.0001892431617495871,0.00020610088369776603,0.0005845872071969403,0.0005845872071969403,68.0
aoaketanga,-8.714391366095359e-05,0.00016685608333643666,7.971216967548307e-05,-0.0002539999969973902,0.0002539999969973902,10.0
aorangi,-8.714391366095359e-05,0.00016685608333643666,7.971216967548307e-05,-0.0002539999969973902,0.0002539999969973902,9.0
aotearoa,-8.714391366095359e-05,0.00016685608333643666,7.971216967548307e-05,-0.0002539999969973902,0.0002539999969973902,9.0
apology,-8.714391366095359e-05,0.00016685608333643666,7.971216967548307e-05,-0.0002539999969973902,0.0002539999969973902,9.0
apu,-8.714391366095359e-05,0.00016685608333643666,7.971216967548307e-05,-0.0002539999969973902,0.0002539999969973902,9.0
ara,0.00018072506958922524,-0.00011534589166179339,6.537917792743185e-05,0.0002960709612510186,0.0002960709612510186,76.0
araara,-8.714391366095359e-05,0.00016685608333643666,7.971216967548307e-05,-0.0002539999969973902,0.0002539999969973902,11.0
aranga,-8.714391366095359e-05,0.00016685608333643666,7.971216967548307e-05,-0.0002539999969973902,0.0002539999969973902,9.0
arataki,-0.0006024424172857331,0.0026915181478838067,0.0020890757305980735,-0.00329396056516954,0.00329396056516954,18.0
arawa,1.16920977008847e-05,-1.1193539206575209e-05,4.985584943094908e-07,2.2885636907459907e-05,2.2885636907459907e-05,16.0
arero,-8.714391366095359e-05,0.00016685608333643666,7.971216967548307e-05,-0.0002539999969973902,0.0002539999969973902,10.0
ariki,-8.714391366095359e-05,0.00016685608333643666,7.971216967548307e-05,-0.0002539999969973902,0.0002539999969973902,14.0
arikitanga,-8.714391366095359e-05,0.00016685608333643666,7.971216967548307e-05,-0.0002539999969973902,0.0002539999969973902,10.0
aro,0.0015346077909858737,-0.000367292784292599,0.0011673150066932748,0.0019019005752784726,0.0019019005752784726,59.0
aro-atua,-8.714391366095359e-05,0.00016685608333643666,7.971216967548307e-05,-0.0002539999969973902,0.0002539999969973902,9.0
aroaro,1.16920977008847e-05,-1.1193539206575209e-05,4.985584943094908e-07,2.2885636907459907e-05,2.2885636907459907e-05,62.0
aroaro-whaki,-8.714391366095359e-05,0.00016685608333643666,7.971216967548307e-05,-0.0002539999969973902,0.0002539999969973902,11.0
aroha,0.013643977262828457,-0.0007464108217468959,0.012897566441081561,0.014390388084575352,0.014390388084575352,200.0
aronga,-8.714391366095359e-05,0.00016685608333643666,7.971216967548307e-05,-0.0002539999969973902,0.0002539999969973902,9.0
aronui,-8.714391366095359e-05,0.00016685608333643666,7.971216967548307e-05,-0.0002539999969973902,0.0002539999969973902,14.0
arotake,-8.714391366095359e-05,0.00016685608333643666,7.971216967548307e-05,-0.0002539999969973902,0.0002539999969973902,9.0
aru,1.16920977008847e-05,-1.1193539206575209e-05,4.985584943094908e-07,2.2885636907459907e-05,2.2885636907459907e-05,14.0
ata,-8.714391366095359e-05,0.00016685608333643666,7.971216967548307e-05,-0.0002539999969973902,0.0002539999969973902,51.0
atairangikaahu,-8.714391366095359e-05,0.00016685608333643666,7.971216967548307e-05,-0.0002539999969973902,0.0002539999969973902,17.0
atamira,-8.714391366095359e-05,0.00016685608333643666,7.971216967548307e-05,-0.0002539999969973902,0.0002539999969973902,16.0
atapō,1.16920977008847e-05,-1.1193539206575209e-05,4.985584943094908e-07,2.2885636907459907e-05,2.2885636907459907e-05,10.0
atatū,-8.714391366095359e-05,0.00016685608333643666,7.971216967548307e-05,-0.0002539999969973902,0.0002539999969973902,11.0
atawhai,-0.0003030599201586864,0.0029013725210157316,0.0025983126008570453,-0.003204432441174418,0.003204432441174418,23.0
ate,-8.714391366095359e-05,0.00016685608333643666,7.971216967548307e-05,-0.0002539999969973902,0.0002539999969973902,10.0
atua,-8.714391366095359e-05,0.00016685608333643666,7.971216967548307e-05,-0.0002539999969973902,0.0002539999969973902,20.0
au,-8.714391366095359e-05,0.00016685608333643666,7.971216967548307e-05,-0.0002539999969973902,0.0002539999969973902,9.0
aukati,-0.0002860391609300632,0.00043814763022300356,0.00015210846929294037,-0.0007241867911530668,0.0007241867911530668,49.0
aumihi,-8.714391366095359e-05,0.00016685608333643666,7.971216967548307e-05,-0.0002539999969973902,0.0002539999969973902,10.0
aupōuri,-8.714391366095359e-05,0.00016685608333643666,7.971216967548307e-05,-0.0002539999969973902,0.0002539999969973902,10.0
aurere,1.16920977008847e-05,-1.1193539206575209e-05,4.985584943094908e-07,2.2885636907459907e-05,2.2885636907459907e-05,12.0
autaia,-8.714391366095359e-05,0.00016685608333643666,7.971216967548307e-05,-0.0002539999969973902,0.0002539999969973902,9.0
auē,1.16920977008847e-05,-1.1193539206575209e-05,4.985584943094908e-07,2.2885636907459907e-05,2.2885636907459907e-05,16.0
auēauē,-8.714391366095359e-05,0.00016685608333643666,7.971216967548307e-05,-0.0002539999969973902,0.0002539999969973902,9.0
awa,-8.714391366095359e-05,0.00016685608333643666,7.971216967548307e-05,-0.0002539999969973902,0.0002539999969973902,55.0
awa-kairangi,-8.714391366095359e-05,0.00016685608333643666,7.971216967548307e-05,-0.0002539999969973902,0.0002539999969973902,9.0
awaawa,-8.714391366095359e-05,0.00016685608333643666,7.971216967548307e-05,-0.0002539999969973902,0.0002539999969973902,9.0
awatea,-8.714391366095359e-05,0.00016685608333643666,7.971216967548307e-05,-0.0002539999969973902,0.0002539999969973902,10.0
awe,-8.714391366095359e-05,0.00016685608333643666,7.971216967548307e-05,-0.0002539999969973902,0.0002539999969973902,24.0
awhi,-0.0008235618653985848,0.00177400049133475,0.0009504386259361652,-0.002597562356733335,0.002597562356733335,54.0
awhiawhi,-8.714391366095359e-05,0.00016685608333643666,7.971216967548307e-05,-0.0002539999969973902,0.0002539999969973902,10.0
b,-8.714391366095359e-05,0.00016685608333643666,7.971216967548307e-05,-0.0002539999969973902,0.0002539999969973902,9.0
bay,-8.714391366095359e-05,0.00016685608333643666,7.971216967548307e-05,-0.0002539999969973902,0.0002539999969973902,9.0
bhp,-8.714391366095359e-05,0.00016685608333643666,7.971216967548307e-05,-0.0002539999969973902,0.0002539999969973902,9.0
big,0.00018072506958922524,-0.00011534589166179339,6.537917792743185e-05,0.0002960709612510186,0.0002960709612510186,10.0
brother,-8.714391366095359e-05,0.00016685608333643666,7.971216967548307e-05,-0.0002539999969973902,0.0002539999969973902,9.0
cancer,-8.714391366095359e-05,0.00016685608333643666,7.971216967548307e-05,-0.0002539999969973902,0.0002539999969973902,9.0
ceo,-8.714391366095359e-05,0.00016685608333643666,7.971216967548307e-05,-0.0002539999969973902,0.0002539999969973902,11.0
cereal,-8.714391366095359e-05,0.00016685608333643666,7.971216967548307e-05,-0.0002539999969973902,0.0002539999969973902,9.0
chief,-8.714391366095359e-05,0.00016685608333643666,7.971216967548307e-05,-0.0002539999969973902,0.0002539999969973902,9.0
children's,-8.714391366095359e-05,0.00016685608333643666,7.971216967548307e-05,-0.0002539999969973902,0.0002539999969973902,10.0
community,-8.714391366095359e-05,0.00016685608333643666,7.971216967548307e-05,-0.0002539999969973902,0.0002539999969973902,9.0
conciliator,-8.714391366095359e-05,0.00016685608333643666,7.971216967548307e-05,-0.0002539999969973902,0.0002539999969973902,9.0
congress,-8.714391366095359e-05,0.00016685608333643666,7.971216967548307e-05,-0.0002539999969973902,0.0002539999969973902,9.0
cooking,-8.714391366095359e-05,0.00016685608333643666,7.971216967548307e-05,-0.0002539999969973902,0.0002539999969973902,10.0
copyright,-8.714391366095359e-05,0.00016685608333643666,7.971216967548307e-05,-0.0002539999969973902,0.0002539999969973902,10.0
domain,-8.714391366095359e-05,0.00016685608333643666,7.971216967548307e-05,-0.0002539999969973902,0.0002539999969973902,9.0
dominion,-8.714391366095359e-05,0.00016685608333643666,7.971216967548307e-05,-0.0002539999969973902,0.0002539999969973902,9.0
donut,-8.714391366095359e-05,0.00016685608333643666,7.971216967548307e-05,-0.0002539999969973902,0.0002539999969973902,9.0
ea,-8.714391366095359e-05,0.00016685608333643666,7.971216967548307e-05,-0.0002539999969973902,0.0002539999969973902,57.0
east,-8.714391366095359e-05,0.00016685608333643666,7.971216967548307e-05,-0.0002539999969973902,0.0002539999969973902,9.0
eka,-8.714391366095359e-05,0.00016685608333643666,7.971216967548307e-05,-0.0002539999969973902,0.0002539999969973902,9.0
eke,0.00103173597788137,-0.0004389964882340231,0.0005927394896473469,0.0014707324661153932,0.0014707324661153932,316.0
ekenga,-8.714391366095359e-05,0.00016685608333643666,7.971216967548307e-05,-0.0002539999969973902,0.0002539999969973902,15.0
eketanga,-8.714391366095359e-05,0.00016685608333643666,7.971216967548307e-05,-0.0002539999969973902,0.0002539999969973902,10.0
endeavour,-8.714391366095359e-05,0.00016685608333643666,7.971216967548307e-05,-0.0002539999969973902,0.0002539999969973902,10.0
epa,-8.714391366095359e-05,0.00016685608333643666,7.971216967548307e-05,-0.0002539999969973902,0.0002539999969973902,9.0
fiscal,-8.714391366095359e-05,0.00016685608333643666,7.971216967548307e-05,-0.0002539999969973902,0.0002539999969973902,9.0
haehae,-0.0001801338761723495,0.0006898114117588971,0.0005096775355865476,-0.0008699452879312466,0.0008699452879312466,9.0
haere,0.06750412081593678,-0.0052487879879361,0.06225533282800068,0.07275290880387288,0.07275290880387288,1895.0
haeremaitanga,-8.714391366095359e-05,0.00016685608333643666,7.971216967548307e-05,-0.0002539999969973902,0.0002539999969973902,11.0
haerenga,-8.714391366095359e-05,0.00016685608333643666,7.971216967548307e-05,-0.0002539999969973902,0.0002539999969973902,46.0
haeretanga,-8.714391366095359e-05,0.00016685608333643666,7.971216967548307e-05,-0.0002539999969973902,0.0002539999969973902,17.0
haggis,-8.714391366095359e-05,0.00016685608333643666,7.971216967548307e-05,-0.0002539999969973902,0.0002539999969973902,9.0
haha,-8.714391366095359e-05,0.00016685608333643666,7.971216967548307e-05,-0.0002539999969973902,0.0002539999969973902,9.0
hahae,-8.714391366095359e-05,0.00016685608333643666,7.971216967548307e-05,-0.0002539999969973902,0.0002539999969973902,11.0
hahana,-8.714391366095359e-05,0.00016685608333643666,7.971216967548307e-05,-0.0002539999969973902,0.0002539999969973902,10.0
hahau,-0.00017428782732190718,0.0003337121666728733,0.00015942433935096613,-0.0005079999939947804,0.0005079999939947804,13.0
hahaunga,-8.714391366095359e-05,0.00016685608333643666,7.971216967548307e-05,-0.0002539999969973902,0.0002539999969973902,9.0
hahautanga,-8.714391366095359e-05,0.00016685608333643666,7.971216967548307e-05,-0.0002539999969973902,0.0002539999969973902,9.0
hahia,-8.714391366095359e-05,0.00016685608333643666,7.971216967548307e-05,-0.0002539999969973902,0.0002539999969973902,12.0
hahu,-8.714391366095359e-05,0.00016685608333643666,7.971216967548307e-05,-0.0002539999969973902,0.0002539999969973902,9.0
hahunga,-8.714391366095359e-05,0.00016685608333643666,7.971216967548307e-05,-0.0002539999969973902,0.0002539999969973902,9.0
haika,-8.714391366095359e-05,0.00016685608333643666,7.971216967548307e-05,-0.0002539999969973902,0.0002539999969973902,10.0
haina,-0.00037721470547915037,0.0009630134136969216,0.0005857987082177713,-0.001340228119176072,0.001340228119176072,52.0
hainamana,-8.714391366095359e-05,0.00016685608333643666,7.971216967548307e-05,-0.0002539999969973902,0.0002539999969973902,9.0
hainatanga,-8.714391366095359e-05,0.00016685608333643666,7.971216967548307e-05,-0.0002539999969973902,0.0002539999969973902,24.0
haka,-8.714391366095359e-05,0.00016685608333643666,7.971216967548307e-05,-0.0002539999969973902,0.0002539999969973902,21.0
haki,-8.714391366095359e-05,0.00016685608333643666,7.971216967548307e-05,-0.0002539999969973902,0.0002539999969973902,24.0
haku,-8.714391366095359e-05,0.00016685608333643666,7.971216967548307e-05,-0.0002539999969973902,0.0002539999969973902,10.0
hama,-8.714391366095359e-05,0.00016685608333643666,7.971216967548307e-05,-0.0002539999969973902,0.0002539999969973902,9.0
hana,-8.714391366095359e-05,0.00016685608333643666,7.971216967548307e-05,-0.0002539999969973902,0.0002539999969973902,10.0
hanga,-0.002299814152698117,0.012770141950478838,0.010470327797780721,-0.015069956103176955,0.015069956103176955,172.0
hangahanga,1.16920977008847e-05,-1.1193539206575209e-05,4.985584943094908e-07,2.2885636907459907e-05,2.2885636907459907e-05,9.0
hangatanga,-8.714391366095359e-05,0.00016685608333643666,7.971216967548307e-05,-0.0002539999969973902,0.0002539999969973902,9.0
hao,1.16920977008847e-05,-1.1193539206575209e-05,4.985584943094908e-07,2.2885636907459907e-05,2.2885636907459907e-05,22.0
hapa,1.16920977008847e-05,-1.1193539206575209e-05,4.985584943094908e-07,2.2885636907459907e-05,2.2885636907459907e-05,9.0
hapū,-8.714391366095359e-05,0.00016685608333643666,7.971216967548307e-05,-0.0002539999969973902,0.0002539999969973902,24.0
hara,-8.714391366095359e-05,0.00016685608333643666,7.971216967548307e-05,-0.0002539999969973902,0.0002539999969973902,18.0
harakeke,-8.714391366095359e-05,0.00016685608333643666,7.971216967548307e-05,-0.0002539999969973902,0.0002539999969973902,10.0
harakoa,0.000919389914246826,-0.0002933955142048053,0.0006259944000420207,0.0012127854284516312,0.0012127854284516312,17.0
haramai,0.0023159248493075176,-0.0009335462477449802,0.0013823786015625373,0.003249471097052498,0.003249471097052498,261.0
haramaitanga,-8.714391366095359e-05,0.00016685608333643666,7.971216967548307e-05,-0.0002539999969973902,0.0002539999969973902,12.0
hararei,0.00039534404544735313,-0.0001892431617495871,0.00020610088369776603,0.0005845872071969403,0.0005845872071969403,14.0
hari,-0.0006853923403329209,0.0008558697056324494,0.00017047736529952852,-0.0015412620459653702,0.0015412620459653702,175.0
harihari,-8.714391366095359e-05,0.00016685608333643666,7.971216967548307e-05,-0.0002539999969973902,0.0002539999969973902,13.0
harikoa,0.010573387151753965,-0.0006981055991671528,0.009875281552586813,0.011271492750921118,0.011271492750921118,55.0
haringa,-8.714391366095359e-05,0.00016685608333643666,7.971216967548307e-05,-0.0002539999969973902,0.0002539999969973902,9.0
harirū,-8.714391366095359e-05,0.00016685608333643666,7.971216967548307e-05,-0.0002539999969973902,0.0002539999969973902,10.0
haritanga,-8.714391366095359e-05,0.00016685608333643666,7.971216967548307e-05,-0.0002539999969973902,0.0002539999969973902,10.0
harry,-0.0001801338761723495,0.0006898114117588971,0.0005096775355865476,-0.0008699452879312466,0.0008699452879312466,9.0
haruru,1.16920977008847e-05,-1.1193539206575209e-05,4.985584943094908e-07,2.2885636907459907e-05,2.2885636907459907e-05,18.0
hau,1.16920977008847e-05,-1.1193539206575209e-05,4.985584943094908e-07,2.2885636907459907e-05,2.2885636907459907e-05,42.0
hauhake,1.16920977008847e-05,-1.1193539206575209e-05,4.985584943094908e-07,2.2885636907459907e-05,2.2885636907459907e-05,20.0
hauhau,-0.0001801338761723495,0.0006898114117588971,0.0005096775355865476,-0.0008699452879312466,0.0008699452879312466,12.0
haukore,-8.714391366095359e-05,0.00016685608333643666,7.971216967548307e-05,-0.0002539999969973902,0.0002539999969973902,9.0
haumate,-8.714391366095359e-05,0.00016685608333643666,7.971216967548307e-05,-0.0002539999969973902,0.0002539999969973902,9.0
haumi,-8.714391366095359e-05,0.00016685608333643666,7.971216967548307e-05,-0.0002539999969973902,0.0002539999969973902,11.0
haunga,-8.714391366095359e-05,0.00016685608333643666,7.971216967548307e-05,-0.0002539999969973902,0.0002539999969973902,19.0
hauora,-8.714391366095359e-05,0.00016685608333643666,7.971216967548307e-05,-0.0002539999969973902,0.0002539999969973902,14.0
haurangi,-8.714391366095359e-05,0.00016685608333643666,7.971216967548307e-05,-0.0002539999969973902,0.0002539999969973902,9.0
hauru,-8.714391366095359e-05,0.00016685608333643666,7.971216967548307e-05,-0.0002539999969973902,0.0002539999969973902,9.0
haurua,-8.714391366095359e-05,0.00016685608333643666,7.971216967548307e-05,-0.0002539999969973902,0.0002539999969973902,12.0
hautanga,-8.714391366095359e-05,0.00016685608333643666,7.971216967548307e-05,-0.0002539999969973902,0.0002539999969973902,9.0
hautū,-0.0003275194796963782,0.003762646085266072,0.003435126605569694,-0.00409016556496245,0.00409016556496245,16.0
hauwarea,-8.714391366095359e-05,0.00016685608333643666,7.971216967548307e-05,-0.0002539999969973902,0.0002539999969973902,9.0
hauā,-8.714391366095359e-05,0.00016685608333643666,7.971216967548307e-05,-0.0002539999969973902,0.0002539999969973902,12.0
hauāuru,-8.714391366095359e-05,0.00016685608333643666,7.971216967548307e-05,-0.0002539999969973902,0.0002539999969973902,10.0
heahea,-8.714391366095359e-05,0.00016685608333643666,7.971216967548307e-05,-0.0002539999969973902,0.0002539999969973902,9.0
heamana,-8.714391366095359e-05,0.00016685608333643666,7.971216967548307e-05,-0.0002539999969973902,0.0002539999969973902,23.0
hei,-8.714391366095359e-05,0.00016685608333643666,7.971216967548307e-05,-0.0002539999969973902,0.0002539999969973902,9.0
heihei,-8.714391366095359e-05,0.00016685608333643666,7.971216967548307e-05,-0.0002539999969973902,0.0002539999969973902,10.0
heke,0.0019315813925516886,-0.0007396870125908187,0.0011918943799608698,0.0026712684051425073,0.0026712684051425073,167.0
hekeheke,-8.714391366095359e-05,0.00016685608333643666,7.971216967548307e-05,-0.0002539999969973902,0.0002539999969973902,9.0
hekenga,-8.714391366095359e-05,0.00016685608333643666,7.971216967548307e-05,-0.0002539999969973902,0.0002539999969973902,15.0
heketanga,-8.714391366095359e-05,0.00016685608333643666,7.971216967548307e-05,-0.0002539999969973902,0.0002539999969973902,12.0
hemo,-8.714391366095359e-05,0.00016685608333643666,7.971216967548307e-05,-0.0002539999969973902,0.0002539999969973902,18.0
hemotanga,-8.714391366095359e-05,0.00016685608333643666,7.971216967548307e-05,-0.0002539999969973902,0.0002539999969973902,9.0
here,0.00103173597788137,-0.0004389964882340231,0.0005927394896473469,0.0014707324661153932,0.0014707324661153932,63.0
herehere,-8.714391366095359e-05,0.00016685608333643666,7.971216967548307e-05,-0.0002539999969973902,0.0002539999969973902,10.0
herenga,-8.714391366095359e-05,0.00016685608333643666,7.971216967548307e-05,-0.0002539999969973902,0.0002539999969973902,12.0
heri,0.00018568418241336046,-0.00015237127764586867,3.33129047674918e-05,0.00033805546005922913,0.00033805546005922913,52.0
heuheu,-8.714391366095359e-05,0.00016685608333643666,7.971216967548307e-05,-0.0002539999969973902,0.0002539999969973902,9.0
hia,1.16920977008847e-05,-1.1193539206575209e-05,4.985584943094908e-07,2.2885636907459907e-05,2.2885636907459907e-05,64.0
hiahia,0.026331342132868255,-0.0019901492313301877,0.024341192901538068,0.028321491364198443,0.028321491364198443,423.0
hiahiatanga,-8.714391366095359e-05,0.00016685608333643666,7.971216967548307e-05,-0.0002539999969973902,0.0002539999969973902,10.0
hiakai,-8.714391366095359e-05,0.00016685608333643666,7.971216967548307e-05,-0.0002539999969973902,0.0002539999969973902,13.0
hihiko,0.00039534404544735313,-0.0001892431617495871,0.00020610088369776603,0.0005845872071969403,0.0005845872071969403,13.0
hihiri,-8.714391366095359e-05,0.00016685608333643666,7.971216967548307e-05,-0.0002539999969973902,0.0002539999969973902,10.0
hihī,-8.714391366095359e-05,0.00016685608333643666,7.971216967548307e-05,-0.0002539999969973902,0.0002539999969973902,9.0
hika,-8.714391366095359e-05,0.00016685608333643666,7.971216967548307e-05,-0.0002539999969973902,0.0002539999969973902,9.0
hika-toa,-8.714391366095359e-05,0.00016685608333643666,7.971216967548307e-05,-0.0002539999969973902,0.0002539999969973902,9.0
hiki,-0.00038191512070901085,0.00658134029999607,0.00619942517928706,-0.006963255420705081,0.006963255420705081,78.0
hikipene,-8.714391366095359e-05,0.00016685608333643666,7.971216967548307e-05,-0.0002539999969973902,0.0002539999969973902,9.0
hiko,-8.714391366095359e-05,0.00016685608333643666,7.971216967548307e-05,-0.0002539999969973902,0.0002539999969973902,10.0
hikohiko,-8.714391366095359e-05,0.00016685608333643666,7.971216967548307e-05,-0.0002539999969973902,0.0002539999969973902,11.0
hiku,-8.714391366095359e-05,0.00016685608333643666,7.971216967548307e-05,-0.0002539999969973902,0.0002539999969973902,14.0
hikuwai,-8.714391366095359e-05,0.00016685608333643666,7.971216967548307e-05,-0.0002539999969973902,0.0002539999969973902,10.0
himalayas,1.16920977008847e-05,-1.1193539206575209e-05,4.985584943094908e-07,2.2885636907459907e-05,2.2885636907459907e-05,9.0
hinengaro,-8.714391366095359e-05,0.00016685608333643666,7.971216967548307e-05,-0.0002539999969973902,0.0002539999969973902,24.0
hinga,-0.0001801338761723495,0.0006898114117588971,0.0005096775355865476,-0.0008699452879312466,0.0008699452879312466,87.0
hingahinga,-8.714391366095359e-05,0.00016685608333643666,7.971216967548307e-05,-0.0002539999969973902,0.0002539999969973902,14.0
hinganga,-8.714391366095359e-05,0.00016685608333643666,7.971216967548307e-05,-0.0002539999969973902,0.0002539999969973902,9.0
hingatanga,-8.714391366095359e-05,0.00016685608333643666,7.971216967548307e-05,-0.0002539999969973902,0.0002539999969973902,11.0
hinu,-8.714391366095359e-05,0.00016685608333643666,7.971216967548307e-05,-0.0002539999969973902,0.0002539999969973902,10.0
hipa,-8.714391366095359e-05,0.00016685608333643666,7.971216967548307e-05,-0.0002539999969973902,0.0002539999969973902,42.0
hipi,-8.714391366095359e-05,0.00016685608333643666,7.971216967548307e-05,-0.0002539999969973902,0.0002539999969973902,9.0
hira,-8.714391366095359e-05,0.00016685608333643666,7.971216967548307e-05,-0.0002539999969973902,0.0002539999969973902,10.0
hiri,-8.714391366095359e-05,0.00016685608333643666,7.971216967548307e-05,-0.0002539999969973902,0.0002539999969973902,9.0
hitōria,-8.714391366095359e-05,0.00016685608333643666,7.971216967548307e-05,-0.0002539999969973902,0.0002539999969973902,9.0
hiwa,-8.714391366095359e-05,0.00016685608333643666,7.971216967548307e-05,-0.0002539999969973902,0.0002539999969973902,10.0
hiwi,-8.714391366095359e-05,0.00016685608333643666,7.971216967548307e-05,-0.0002539999969973902,0.0002539999969973902,11.0
hiwihiwi,-8.714391366095359e-05,0.00016685608333643666,7.971216967548307e-05,-0.0002539999969973902,0.0002539999969973902,9.0
hoa,-8.714391366095359e-05,0.00016685608333643666,7.971216967548307e-05,-0.0002539999969973902,0.0002539999969973902,13.0
hoake,-8.714391366095359e-05,0.00016685608333643666,7.971216967548307e-05,-0.0002539999969973902,0.0002539999969973902,10.0
hoariri,-8.714391366095359e-05,0.00016685608333643666,7.971216967548307e-05,-0.0002539999969973902,0.0002539999969973902,9.0
hoatu,-0.0006624497459930996,0.0010377858547904882,0.0003753361087973886,-0.0017002356007835878,0.0017002356007835878,107.0
hoatuhanga,-8.714391366095359e-05,0.00016685608333643666,7.971216967548307e-05,-0.0002539999969973902,0.0002539999969973902,9.0
hoe,1.16920977008847e-05,-1.1193539206575209e-05,4.985584943094908e-07,2.2885636907459907e-05,2.2885636907459907e-05,36.0
hoehoe,-8.714391366095359e-05,0.00016685608333643666,7.971216967548307e-05,-0.0002539999969973902,0.0002539999969973902,9.0
hoenga,-8.714391366095359e-05,0.00016685608333643666,7.971216967548307e-05,-0.0002539999969973902,0.0002539999969973902,9.0
hohoki,-8.714391366095359e-05,0.00016685608333643666,7.971216967548307e-05,-0.0002539999969973902,0.0002539999969973902,9.0
hohoro,-8.714391366095359e-05,0.00016685608333643666,7.971216967548307e-05,-0.0002539999969973902,0.0002539999969973902,9.0
hohou,-0.0001801338761723495,0.0006898114117588971,0.0005096775355865476,-0.0008699452879312466,0.0008699452879312466,13.0
hohounga,-8.714391366095359e-05,0.00016685608333643666,7.971216967548307e-05,-0.0002539999969973902,0.0002539999969973902,9.0
hoi,-8.714391366095359e-05,0.00016685608333643666,7.971216967548307e-05,-0.0002539999969973902,0.0002539999969973902,9.0
hoki,0.02469258226441526,-0.0014547492200909036,0.02323783304432436,0.026147331484506164,0.026147331484506164,979.0
hokihoki,0.00018072506958922524,-0.00011534589166179339,6.537917792743185e-05,0.0002960709612510186,0.0002960709612510186,29.0
hokinga,-8.714391366095359e-05,0.00016685608333643666,7.971216967548307e-05,-0.0002539999969973902,0.0002539999969973902,39.0
hokitanga,-8.714391366095359e-05,0.00016685608333643666,7.971216967548307e-05,-0.0002539999969973902,0.0002539999969973902,18.0
hoko,-0.0007767934745950461,0.001115505758983716,0.00033871228438866997,-0.0018922992335787623,0.0018922992335787623,148.0
hokohoko,0.00018072506958922524,-0.00011534589166179339,6.537917792743185e-05,0.0002960709612510186,0.0002960709612510186,25.0
hokonga,-8.714391366095359e-05,0.00016685608333643666,7.971216967548307e-05,-0.0002539999969973902,0.0002539999969973902,9.0
hokotanga,-8.714391366095359e-05,0.00016685608333643666,7.971216967548307e-05,-0.0002539999969973902,0.0002539999969973902,9.0
hokowhitu,-8.714391366095359e-05,0.00016685608333643666,7.971216967548307e-05,-0.0002539999969973902,0.0002539999969973902,9.0
homai,-0.0010229671785502066,0.004700866590647772,0.0036778994120975654,-0.005723833769197978,0.005723833769197978,97.0
hongohia,-8.714391366095359e-05,0.00016685608333643666,7.971216967548307e-05,-0.0002539999969973902,0.0002539999969973902,9.0
hono,0.0001789106516269165,-0.00013702542997452203,4.188522165239446e-05,0.00031593608160143856,0.00031593608160143856,37.0
honohono,-8.714391366095359e-05,0.00016685608333643666,7.971216967548307e-05,-0.0002539999969973902,0.0002539999969973902,13.0
hononga,-8.714391366095359e-05,0.00016685608333643666,7.971216967548307e-05,-0.0002539999969973902,0.0002539999969973902,11.0
hopa,-8.714391366095359e-05,0.00016685608333643666,7.971216967548307e-05,-0.0002539999969973902,0.0002539999969973902,9.0
hopehope,-8.714391366095359e-05,0.00016685608333643666,7.971216967548307e-05,-0.0002539999969973902,0.0002539999969973902,10.0
hopu,-0.000360267752344699,0.0013796228235177942,0.0010193550711730952,-0.0017398905758624931,0.0017398905758624931,41.0
hoputanga,-8.714391366095359e-05,0.00016685608333643666,7.971216967548307e-05,-0.0002539999969973902,0.0002539999969973902,9.0
hora,0.00039534404544735313,-0.0001892431617495871,0.00020610088369776603,0.0005845872071969403,0.0005845872071969403,51.0
horahora,-8.714391366095359e-05,0.00016685608333643666,7.971216967548307e-05,-0.0002539999969973902,0.0002539999969973902,9.0
horatanga,-8.714391366095359e-05,0.00016685608333643666,7.971216967548307e-05,-0.0002539999969973902,0.0002539999969973902,14.0
hore,-8.714391366095359e-05,0.00016685608333643666,7.971216967548307e-05,-0.0002539999969973902,0.0002539999969973902,14.0
horo,-8.714391366095359e-05,0.00016685608333643666,7.971216967548307e-05,-0.0002539999969973902,0.0002539999969973902,11.0
horohoro,1.16920977008847e-05,-1.1193539206575209e-05,4.985584943094908e-07,2.2885636907459907e-05,2.2885636907459907e-05,9.0
horohoroi,-8.714391366095359e-05,0.00016685608333643666,7.971216967548307e-05,-0.0002539999969973902,0.0002539999969973902,9.0
horoi,-0.00023452951718498226,0.0013471741750040005,0.0011126446578190183,-0.0015817036921889826,0.0015817036921889826,15.0
hotu,-8.714391366095359e-05,0.00016685608333643666,7.971216967548307e-05,-0.0002539999969973902,0.0002539999969973902,11.0
hotuhotu,-8.714391366095359e-05,0.00016685608333643666,7.971216967548307e-05,-0.0002539999969973902,0.0002539999969973902,9.0
hou,-8.714391366095359e-05,0.00016685608333643666,7.971216967548307e-05,-0.0002539999969973902,0.0002539999969973902,28.0
hua,-0.0001801338761723495,0.0006898114117588971,0.0005096775355865476,-0.0008699452879312466,0.0008699452879312466,84.0
huaki,1.16920977008847e-05,-1.1193539206575209e-05,4.985584943094908e-07,2.2885636907459907e-05,2.2885636907459907e-05,18.0
huarahi,0.00018072506958922524,-0.00011534589166179339,6.537917792743185e-05,0.0002960709612510186,0.0002960709612510186,81.0
huarākau,-8.714391366095359e-05,0.00016685608333643666,7.971216967548307e-05,-0.0002539999969973902,0.0002539999969973902,9.0
hue,-8.714391366095359e-05,0.00016685608333643666,7.971216967548307e-05,-0.0002539999969973902,0.0002539999969973902,9.0
huhua,-8.714391366095359e-05,0.00016685608333643666,7.971216967548307e-05,-0.0002539999969973902,0.0002539999969973902,10.0
hui,0.01416985986275624,-0.0007536471117460472,0.013416212751010192,0.014923506974502287,0.014923506974502287,238.0
huihui,0.0015346077909858737,-0.000367292784292599,0.0011673150066932748,0.0019019005752784726,0.0019019005752784726,74.0
huihuinga,-8.714391366095359e-05,0.00016685608333643666,7.971216967548307e-05,-0.0002539999969973902,0.0002539999969973902,15.0
huinga,0.00039534404544735313,-0.0001892431617495871,0.00020610088369776603,0.0005845872071969403,0.0005845872071969403,18.0
huka,-8.714391366095359e-05,0.00016685608333643666,7.971216967548307e-05,-0.0002539999969973902,0.0002539999969973902,11.0
hukarere,-8.714391366095359e-05,0.00016685608333643666,7.971216967548307e-05,-0.0002539999969973902,0.0002539999969973902,9.0
huke,-8.714391366095359e-05,0.00016685608333643666,7.971216967548307e-05,-0.0002539999969973902,0.0002539999969973902,9.0
huna,0.000919389914246826,-0.0002933955142048053,0.0006259944000420207,0.0012127854284516312,0.0012127854284516312,26.0
hunaonga,-8.714391366095359e-05,0.00016685608333643666,7.971216967548307e-05,-0.0002539999969973902,0.0002539999969973902,9.0
hunga,1.16920977008847e-05,-1.1193539206575209e-05,4.985584943094908e-07,2.2885636907459907e-05,2.2885636907459907e-05,101.0
hunuhunu,-8.714391366095359e-05,0.00016685608333643666,7.971216967548307e-05,-0.0002539999969973902,0.0002539999969973902,10.0
hura,-0.00023452951718498226,0.0013471741750040005,0.0011126446578190183,-0.0015817036921889826,0.0015817036921889826,19.0
hurahanga,-8.714391366095359e-05,0.00016685608333643666,7.971216967548307e-05,-0.0002539999969973902,0.0002539999969973902,10.0
hurahura,-8.714391366095359e-05,0.00016685608333643666,7.971216967548307e-05,-0.0002539999969973902,0.0002539999969973902,9.0
huratanga,-8.714391366095359e-05,0.00016685608333643666,7.971216967548307e-05,-0.0002539999969973902,0.0002539999969973902,9.0
huri,0.012142863642674695,-0.0011923163283539446,0.01095054731432075,0.01333517997102864,0.01333517997102864,421.0
huri-nui,-8.714391366095359e-05,0.00016685608333643666,7.971216967548307e-05,-0.0002539999969973902,0.0002539999969973902,14.0
hurihuri,-8.714391366095359e-05,0.00016685608333643666,7.971216967548307e-05,-0.0002539999969973902,0.0002539999969973902,20.0
huringa,-8.714391366095359e-05,0.00016685608333643666,7.971216967548307e-05,-0.0002539999969973902,0.0002539999969973902,15.0
huritau,-8.714391366095359e-05,0.00016685608333643666,7.971216967548307e-05,-0.0002539999969973902,0.0002539999969973902,12.0
hurori,-8.714391366095359e-05,0.00016685608333643666,7.971216967548307e-05,-0.0002539999969973902,0.0002539999969973902,9.0
huru,-8.714391366095359e-05,0.00016685608333643666,7.971216967548307e-05,-0.0002539999969973902,0.0002539999969973902,9.0
huruhuru,-8.714391366095359e-05,0.00016685608333643666,7.971216967548307e-05,-0.0002539999969973902,0.0002539999969973902,12.0
huti,-0.0001801338761723495,0.0006898114117588971,0.0005096775355865476,-0.0008699452879312466,0.0008699452879312466,13.0
hā,-8.714391366095359e-05,0.00016685608333643666,7.971216967548307e-05,-0.0002539999969973902,0.0002539999969973902,31.0
hāereere,0.0006438604641838963,-0.0002465623375302729,0.0003972981266536234,0.0008904228017141692,0.0008904228017141692,22.0
hāhi,-8.714391366095359e-05,0.00016685608333643666,7.971216967548307e-05,-0.0002539999969973902,0.0002539999969973902,22.0
hākari,0.00018072506958922524,-0.00011534589166179339,6.537917792743185e-05,0.0002960709612510186,0.0002960709612510186,23.0
hākinakina,-8.714391366095359e-05,0.00016685608333643666,7.971216967548307e-05,-0.0002539999969973902,0.0002539999969973902,10.0
hākoakoa,1.16920977008847e-05,-1.1193539206575209e-05,4.985584943094908e-07,2.2885636907459907e-05,2.2885636907459907e-05,9.0
hāmama,1.16920977008847e-05,-1.1193539206575209e-05,4.985584943094908e-07,2.2885636907459907e-05,2.2885636907459907e-05,15.0
hāmene,-0.0002860391609300632,0.00043814763022300356,0.00015210846929294037,-0.0007241867911530668,0.0007241867911530668,38.0
hāngai,0.0012173834070815612,-0.0003329924008801863,0.0008843910062013749,0.0015503758079617475,0.0015503758079617475,71.0
hāngi,-8.714391366095359e-05,0.00016685608333643666,7.971216967548307e-05,-0.0002539999969973902,0.0002539999969973902,8.0
hāora,-8.714391366095359e-05,0.00016685608333643666,7.971216967548307e-05,-0.0002539999969973902,0.0002539999969973902,24.0
hāpai,-0.0011726475859249112,0.0067358708750200015,0.005563223289095091,-0.007908518460944912,0.007908518460944912,39.0
hāparangi,-8.714391366095359e-05,0.00016685608333643666,7.971216967548307e-05,-0.0002539999969973902,0.0002539999969973902,11.0
hātarei,-8.714391366095359e-05,0.00016685608333643666,7.971216967548307e-05,-0.0002539999969973902,0.0002539999969973902,10.0
hāte,-8.714391366095359e-05,0.00016685608333643666,7.971216967548307e-05,-0.0002539999969973902,0.0002539999969973902,10.0
hāunga,-8.714391366095359e-05,0.00016685608333643666,7.971216967548307e-05,-0.0002539999969973902,0.0002539999969973902,9.0
hāwhe,1.16920977008847e-05,-1.1193539206575209e-05,4.985584943094908e-07,2.2885636907459907e-05,2.2885636907459907e-05,16.0
hē,0.010389328574929598,-0.001136722398407768,0.00925260617652183,0.011526050973337367,0.011526050973337367,121.0
hēkeretari,-8.714391366095359e-05,0.00016685608333643666,7.971216967548307e-05,-0.0002539999969973902,0.0002539999969973902,30.0
hī,-8.714391366095359e-05,0.00016685608333643666,7.971216967548307e-05,-0.0002539999969973902,0.0002539999969973902,17.0
hīkaka,1.16920977008847e-05,-1.1193539206575209e-05,4.985584943094908e-07,2.2885636907459907e-05,2.2885636907459907e-05,10.0
hīkoi,-8.714391366095359e-05,0.00016685608333643666,7.971216967548307e-05,-0.0002539999969973902,0.0002539999969973902,57.0
hīkoitanga,-8.714391366095359e-05,0.00016685608333643666,7.971216967548307e-05,-0.0002539999969973902,0.0002539999969973902,10.0
hīmene,-8.714391366095359e-05,0.00016685608333643666,7.971216967548307e-05,-0.0002539999969973902,0.0002539999969973902,9.0
hīnātore,-8.714391366095359e-05,0.00016685608333643666,7.971216967548307e-05,-0.0002539999969973902,0.0002539999969973902,9.0
hīpāpātanga,-8.714391366095359e-05,0.00016685608333643666,7.971216967548307e-05,-0.0002539999969973902,0.0002539999969973902,9.0
hīrere,-8.714391366095359e-05,0.00016685608333643666,7.971216967548307e-05,-0.0002539999969973902,0.0002539999969973902,8.0
hīri,-8.714391366095359e-05,0.00016685608333643666,7.971216967548307e-05,-0.0002539999969973902,0.0002539999969973902,11.0
hītori,-8.714391366095359e-05,0.00016685608333643666,7.971216967548307e-05,-0.0002539999969973902,0.0002539999969973902,10.0
hōhipera,0.0006438604641838963,-0.0002465623375302729,0.0003972981266536234,0.0008904228017141692,0.0008904228017141692,24.0
hōhonu,-8.714391366095359e-05,0.00016685608333643666,7.971216967548307e-05,-0.0002539999969973902,0.0002539999969973902,19.0
hōhonutanga,-8.714391366095359e-05,0.00016685608333643666,7.971216967548307e-05,-0.0002539999969973902,0.0002539999969973902,51.0
hōhā,0.0012173834070815612,-0.0003329924008801863,0.0008843910062013749,0.0015503758079617475,0.0015503758079617475,45.0
hōiho,-8.714391366095359e-05,0.00016685608333643666,7.971216967548307e-05,-0.0002539999969973902,0.0002539999969973902,22.0
hōnore,-8.714391366095359e-05,0.00016685608333643666,7.971216967548307e-05,-0.0002539999969973902,0.0002539999969973902,20.0
hōnoretanga,-8.714391366095359e-05,0.00016685608333643666,7.971216967548307e-05,-0.0002539999969973902,0.0002539999969973902,11.0
hōpua,-8.714391366095359e-05,0.00016685608333643666,7.971216967548307e-05,-0.0002539999969973902,0.0002539999969973902,10.0
hōrapa,0.00018072506958922524,-0.00011534589166179339,6.537917792743185e-05,0.0002960709612510186,0.0002960709612510186,14.0
hōreke,-8.714391366095359e-05,0.00016685608333643666,7.971216967548307e-05,-0.0002539999969973902,0.0002539999969973902,9.0
hōri,-8.714391366095359e-05,0.00016685608333643666,7.971216967548307e-05,-0.0002539999969973902,0.0002539999969973902,9.0
hōro,-8.714391366095359e-05,0.00016685608333643666,7.971216967548307e-05,-0.0002539999969973902,0.0002539999969973902,12.0
hōtēra,-8.714391366095359e-05,0.00016685608333643666,7.971216967548307e-05,-0.0002539999969973902,0.0002539999969973902,10.0
hū,-8.714391366095359e-05,0.00016685608333643666,7.971216967548307e-05,-0.0002539999969973902,0.0002539999969973902,9.0
hūmārie,-8.714391366095359e-05,0.00016685608333643666,7.971216967548307e-05,-0.0002539999969973902,0.0002539999969973902,10.0
hūmārire,-8.714391366095359e-05,0.00016685608333643666,7.971216967548307e-05,-0.0002539999969973902,0.0002539999969973902,9.0
hūnuku,0.00018072506958922524,-0.00011534589166179339,6.537917792743185e-05,0.0002960709612510186,0.0002960709612510186,18.0
hūpeke,-8.714391366095359e-05,0.00016685608333643666,7.971216967548307e-05,-0.0002539999969973902,0.0002539999969973902,9.0
hūpekepeke,-8.714391366095359e-05,0.00016685608333643666,7.971216967548307e-05,-0.0002539999969973902,0.0002539999969973902,10.0
hūpoki,-0.00023452951718498226,0.0013471741750040005,0.0011126446578190183,-0.0015817036921889826,0.0015817036921889826,15.0
hūpē,-8.714391366095359e-05,0.00016685608333643666,7.971216967548307e-05,-0.0002539999969973902,0.0002539999969973902,9.0
ia-roa,-8.714391366095359e-05,0.00016685608333643666,7.971216967548307e-05,-0.0002539999969973902,0.0002539999969973902,10.0
ihi,-8.714391366095359e-05,0.00016685608333643666,7.971216967548307e-05,-0.0002539999969973902,0.0002539999969973902,13.0
ihowa,-0.0001801338761723495,0.0006898114117588971,0.0005096775355865476,-0.0008699452879312466,0.0008699452879312466,9.0
ihu,0.00018072506958922524,-0.00011534589166179339,6.537917792743185e-05,0.0002960709612510186,0.0002960709612510186,18.0
ika,0.00018072506958922524,-0.00011534589166179339,6.537917792743185e-05,0.0002960709612510186,0.0002960709612510186,17.0
ika-ā-māui,-8.714391366095359e-05,0.00016685608333643666,7.971216967548307e-05,-0.0002539999969973902,0.0002539999969973902,9.0
ingarangi,-0.0001801338761723495,0.0006898114117588971,0.0005096775355865476,-0.0008699452879312466,0.0008699452879312466,9.0
ingoa,-8.714391366095359e-05,0.00016685608333643666,7.971216967548307e-05,-0.0002539999969973902,0.0002539999969973902,218.0
inoi,-0.00034857565464381437,0.0006674243333457466,0.00031884867870193227,-0.001015999987989561,0.001015999987989561,62.0
inu,0.00039534404544735313,-0.0001892431617495871,0.00020610088369776603,0.0005845872071969403,0.0005845872071969403,20.0
io,-8.714391366095359e-05,0.00016685608333643666,7.971216967548307e-05,-0.0002539999969973902,0.0002539999969973902,9.0
iri,1.16920977008847e-05,-1.1193539206575209e-05,4.985584943094908e-07,2.2885636907459907e-05,2.2885636907459907e-05,18.0
iria,-8.714391366095359e-05,0.00016685608333643666,7.971216967548307e-05,-0.0002539999969973902,0.0002539999969973902,11.0
iriiri,-8.714391366095359e-05,0.00016685608333643666,7.971216967548307e-05,-0.0002539999969973902,0.0002539999969973902,11.0
irirangi,-8.714391366095359e-05,0.00016685608333643666,7.971216967548307e-05,-0.0002539999969973902,0.0002539999969973902,11.0
irāmutu,-8.714391366095359e-05,0.00016685608333643666,7.971216967548307e-05,-0.0002539999969973902,0.0002539999969973902,9.0
iti,0.000919389914246826,-0.0002933955142048053,0.0006259944000420207,0.0012127854284516312,0.0012127854284516312,32.0
itiiti,-8.714391366095359e-05,0.00016685608333643666,7.971216967548307e-05,-0.0002539999969973902,0.0002539999969973902,12.0
iuniana,-8.714391366095359e-05,0.00016685608333643666,7.971216967548307e-05,-0.0002539999969973902,0.0002539999969973902,13.0
iwa,-8.714391366095359e-05,0.00016685608333643666,7.971216967548307e-05,-0.0002539999969973902,0.0002539999969973902,45.0
iwi,0.0015346077909858737,-0.000367292784292599,0.0011673150066932748,0.0019019005752784726,0.0019019005752784726,315.0
iwi-katea,-8.714391366095359e-05,0.00016685608333643666,7.971216967548307e-05,-0.0002539999969973902,0.0002539999969973902,9.0
kaha,0.028868410458231547,-0.0015143804408732071,0.02735403001735834,0.030382790899104756,0.030382790899104756,472.0
kahawai,-8.714391366095359e-05,0.00016685608333643666,7.971216967548307e-05,-0.0002539999969973902,0.0002539999969973902,9.0
kahu,-8.714391366095359e-05,0.00016685608333643666,7.971216967548307e-05,-0.0002539999969973902,0.0002539999969973902,11.0
kahungunu,-8.714391366095359e-05,0.00016685608333643666,7.971216967548307e-05,-0.0002539999969973902,0.0002539999969973902,9.0
kahupene,-8.714391366095359e-05,0.00016685608333643666,7.971216967548307e-05,-0.0002539999969973902,0.0002539999969973902,9.0
kahurangi,-8.714391366095359e-05,0.00016685608333643666,7.971216967548307e-05,-0.0002539999969973902,0.0002539999969973902,12.0
kai,-0.0003761061247395708,0.0006001145333095216,0.00022400840856995075,-0.0009762206580490923,0.0009762206580490923,126.0
kaiako,-8.714391366095359e-05,0.00016685608333643666,7.971216967548307e-05,-0.0002539999969973902,0.0002539999969973902,34.0
kaiarataki,-0.0001801338761723495,0.0006898114117588971,0.0005096775355865476,-0.0008699452879312466,0.0008699452879312466,12.0
kaihautū,1.16920977008847e-05,-1.1193539206575209e-05,4.985584943094908e-07,2.2885636907459907e-05,2.2885636907459907e-05,27.0
kaihiki,-8.714391366095359e-05,0.00016685608333643666,7.971216967548307e-05,-0.0002539999969973902,0.0002539999969973902,9.0
kaihoko,-8.714391366095359e-05,0.00016685608333643666,7.971216967548307e-05,-0.0002539999969973902,0.0002539999969973902,9.0
kaihopu,-8.714391366095359e-05,0.00016685608333643666,7.971216967548307e-05,-0.0002539999969973902,0.0002539999969973902,9.0
kaihāpai,-8.714391366095359e-05,0.00016685608333643666,7.971216967548307e-05,-0.0002539999969973902,0.0002539999969973902,9.0
kaikaranga,-8.714391366095359e-05,0.00016685608333643666,7.971216967548307e-05,-0.0002539999969973902,0.0002539999969973902,9.0
kaikawe,-8.714391366095359e-05,0.00016685608333643666,7.971216967548307e-05,-0.0002539999969973902,0.0002539999969973902,10.0
kaikā,1.16920977008847e-05,-1.1193539206575209e-05,4.985584943094908e-07,2.2885636907459907e-05,2.2885636907459907e-05,11.0
kaikōrero,-8.714391366095359e-05,0.00016685608333643666,7.971216967548307e-05,-0.0002539999969973902,0.0002539999969973902,25.0
kaimahi,-8.714391366095359e-05,0.00016685608333643666,7.971216967548307e-05,-0.0002539999969973902,0.0002539999969973902,11.0
kaimau,-8.714391366095359e-05,0.00016685608333643666,7.971216967548307e-05,-0.0002539999969973902,0.0002539999969973902,10.0
kaimoana,-8.714391366095359e-05,0.00016685608333643666,7.971216967548307e-05,-0.0002539999969973902,0.0002539999969973902,9.0
kaingākau,0.0012173834070815612,-0.0003329924008801863,0.0008843910062013749,0.0015503758079617475,0.0015503758079617475,17.0
kaiopeope,-8.714391366095359e-05,0.00016685608333643666,7.971216967548307e-05,-0.0002539999969973902,0.0002539999969973902,9.0
kaipara,1.16920977008847e-05,-1.1193539206575209e-05,4.985584943094908e-07,2.2885636907459907e-05,2.2885636907459907e-05,10.0
kaipatu,-8.714391366095359e-05,0.00016685608333643666,7.971216967548307e-05,-0.0002539999969973902,0.0002539999969973902,10.0
kaipuke,-8.714391366095359e-05,0.00016685608333643666,7.971216967548307e-05,-0.0002539999969973902,0.0002539999969973902,15.0
kaipupuri,-8.714391366095359e-05,0.00016685608333643666,7.971216967548307e-05,-0.0002539999969973902,0.0002539999969973902,11.0
kaipānui,-8.714391366095359e-05,0.00016685608333643666,7.971216967548307e-05,-0.0002539999969973902,0.0002539999969973902,9.0
kairīhi,-8.714391366095359e-05,0.00016685608333643666,7.971216967548307e-05,-0.0002539999969973902,0.0002539999969973902,9.0
kairīpoata,-8.714391366095359e-05,0.00016685608333643666,7.971216967548307e-05,-0.0002539999969973902,0.0002539999969973902,10.0
kaitaraihiti,-8.714391366095359e-05,0.00016685608333643666,7.971216967548307e-05,-0.0002539999969973902,0.0002539999969973902,9.0
kaitari,-8.714391366095359e-05,0.00016685608333643666,7.971216967548307e-05,-0.0002539999969973902,0.0002539999969973902,9.0
kaitiaki,-0.0001801338761723495,0.0006898114117588971,0.0005096775355865476,-0.0008699452879312466,0.0008699452879312466,28.0
kaititiro,-8.714391366095359e-05,0.00016685608333643666,7.971216967548307e-05,-0.0002539999969973902,0.0002539999969973902,9.0
kaitito,-8.714391366095359e-05,0.00016685608333643666,7.971216967548307e-05,-0.0002539999969973902,0.0002539999969973902,9.0
kaitohutohu,-8.714391366095359e-05,0.00016685608333643666,7.971216967548307e-05,-0.0002539999969973902,0.0002539999969973902,10.0
kaituhi,-8.714391366095359e-05,0.00016685608333643666,7.971216967548307e-05,-0.0002539999969973902,0.0002539999969973902,9.0
kaitunu,-8.714391366095359e-05,0.00016685608333643666,7.971216967548307e-05,-0.0002539999969973902,0.0002539999969973902,9.0
kaitā,-8.714391366095359e-05,0.00016685608333643666,7.971216967548307e-05,-0.0002539999969973902,0.0002539999969973902,11.0
kaitākaro,-8.714391366095359e-05,0.00016685608333643666,7.971216967548307e-05,-0.0002539999969973902,0.0002539999969973902,15.0
kaitātaki,-8.714391366095359e-05,0.00016685608333643666,7.971216967548307e-05,-0.0002539999969973902,0.0002539999969973902,9.0
kaiwaiata,-8.714391366095359e-05,0.00016685608333643666,7.971216967548307e-05,-0.0002539999969973902,0.0002539999969973902,9.0
kaiwero,-8.714391366095359e-05,0.00016685608333643666,7.971216967548307e-05,-0.0002539999969973902,0.0002539999969973902,10.0
kaiwhakahaere,-0.00023452951718498226,0.0013471741750040005,0.0011126446578190183,-0.0015817036921889826,0.0015817036921889826,39.0
kaiwhakahaeretanga,-8.714391366095359e-05,0.00016685608333643666,7.971216967548307e-05,-0.0002539999969973902,0.0002539999969973902,8.0
kaiwhakahau,-8.714391366095359e-05,0.00016685608333643666,7.971216967548307e-05,-0.0002539999969973902,0.0002539999969973902,10.0
kaiwhakahē,-8.714391366095359e-05,0.00016685608333643666,7.971216967548307e-05,-0.0002539999969973902,0.0002539999969973902,9.0
kaiwhakairo,-8.714391366095359e-05,0.00016685608333643666,7.971216967548307e-05,-0.0002539999969973902,0.0002539999969973902,9.0
kaiwhakamārama,-8.714391366095359e-05,0.00016685608333643666,7.971216967548307e-05,-0.0002539999969973902,0.0002539999969973902,9.0
kaiwhakamātautau,-8.714391366095359e-05,0.00016685608333643666,7.971216967548307e-05,-0.0002539999969973902,0.0002539999969973902,9.0
kaiwhakaora,-8.714391366095359e-05,0.00016685608333643666,7.971216967548307e-05,-0.0002539999969973902,0.0002539999969973902,9.0
kaiwhakarite,-8.714391366095359e-05,0.00016685608333643666,7.971216967548307e-05,-0.0002539999969973902,0.0002539999969973902,10.0
kaiwhakatuwhera,-8.714391366095359e-05,0.00016685608333643666,7.971216967548307e-05,-0.0002539999969973902,0.0002539999969973902,10.0
kaiwhakawā,-8.714391366095359e-05,0.00016685608333643666,7.971216967548307e-05,-0.0002539999969973902,0.0002539999969973902,11.0
kaiwhiriwhiri,-8.714391366095359e-05,0.00016685608333643666,7.971216967548307e-05,-0.0002539999969973902,0.0002539999969973902,10.0
kaiwhāngai,-8.714391366095359e-05,0.00016685608333643666,7.971216967548307e-05,-0.0002539999969973902,0.0002539999969973902,9.0
kaiārahi,-0.0001801338761723495,0.0006898114117588971,0.0005096775355865476,-0.0008699452879312466,0.0008699452879312466,20.0
kaiāwhina,-8.714391366095359e-05,0.00016685608333643666,7.971216967548307e-05,-0.0002539999969973902,0.0002539999969973902,11.0
kakai,-8.714391366095359e-05,0.00016685608333643666,7.971216967548307e-05,-0.0002539999969973902,0.0002539999969973902,9.0
kakama,-8.714391366095359e-05,0.00016685608333643666,7.971216967548307e-05,-0.0002539999969973902,0.0002539999969973902,10.0
kakapa,-8.714391366095359e-05,0.00016685608333643666,7.971216967548307e-05,-0.0002539999969973902,0.0002539999969973902,9.0
kakara,-8.714391366095359e-05,0.00016685608333643666,7.971216967548307e-05,-0.0002539999969973902,0.0002539999969973902,15.0
kakau,-8.714391366095359e-05,0.00016685608333643666,7.971216967548307e-05,-0.0002539999969973902,0.0002539999969973902,9.0
kake,0.00018072506958922524,-0.00011534589166179339,6.537917792743185e-05,0.0002960709612510186,0.0002960709612510186,25.0
kakī,1.16920977008847e-05,-1.1193539206575209e-05,4.985584943094908e-07,2.2885636907459907e-05,2.2885636907459907e-05,13.0
kamakama,-8.714391366095359e-05,0.00016685608333643666,7.971216967548307e-05,-0.0002539999969973902,0.0002539999969973902,12.0
kame,-8.714391366095359e-05,0.00016685608333643666,7.971216967548307e-05,-0.0002539999969973902,0.0002539999969973902,9.0
kamupene,1.16920977008847e-05,-1.1193539206575209e-05,4.985584943094908e-07,2.2885636907459907e-05,2.2885636907459907e-05,17.0
kanapa,-8.714391366095359e-05,0.00016685608333643666,7.971216967548307e-05,-0.0002539999969973902,0.0002539999969973902,10.0
kanga,-8.714391366095359e-05,0.00016685608333643666,7.971216967548307e-05,-0.0002539999969973902,0.0002539999969973902,11.0
kangakanga,-8.714391366095359e-05,0.00016685608333643666,7.971216967548307e-05,-0.0002539999969973902,0.0002539999969973902,9.0
kani,-8.714391366095359e-05,0.00016685608333643666,7.971216967548307e-05,-0.0002539999969973902,0.0002539999969973902,10.0
kanohi,-8.714391366095359e-05,0.00016685608333643666,7.971216967548307e-05,-0.0002539999969973902,0.0002539999969973902,40.0
kanohinohi,-8.714391366095359e-05,0.00016685608333643666,7.971216967548307e-05,-0.0002539999969973902,0.0002539999969973902,9.0
kao,-8.714391366095359e-05,0.00016685608333643666,7.971216967548307e-05,-0.0002539999969973902,0.0002539999969973902,9.0
kaokao,-8.714391366095359e-05,0.00016685608333643666,7.971216967548307e-05,-0.0002539999969973902,0.0002539999969973902,9.0
kapa,-8.714391366095359e-05,0.00016685608333643666,7.971216967548307e-05,-0.0002539999969973902,0.0002539999969973902,10.0
kape,-8.714391366095359e-05,0.00016685608333643666,7.971216967548307e-05,-0.0002539999969973902,0.0002539999969973902,14.0
kapehanga,-8.714391366095359e-05,0.00016685608333643666,7.971216967548307e-05,-0.0002539999969973902,0.0002539999969973902,9.0
kapi,-0.0001801338761723495,0.0006898114117588971,0.0005096775355865476,-0.0008699452879312466,0.0008699452879312466,43.0
kapo,-9.824481794496256e-05,0.00012540746176243703,2.7162643817474466e-05,-0.0002236522797073996,0.0002236522797073996,20.0
kaporeihana,-8.714391366095359e-05,0.00016685608333643666,7.971216967548307e-05,-0.0002539999969973902,0.0002539999969973902,11.0
kapu,-8.714391366095359e-05,0.00016685608333643666,7.971216967548307e-05,-0.0002539999969973902,0.0002539999969973902,14.0
kapu-ā-rangi,-8.714391366095359e-05,0.00016685608333643666,7.971216967548307e-05,-0.0002539999969973902,0.0002539999969973902,9.0
kapua,0.00018072506958922524,-0.00011534589166179339,6.537917792743185e-05,0.0002960709612510186,0.0002960709612510186,11.0
kara,-8.714391366095359e-05,0.00016685608333643666,7.971216967548307e-05,-0.0002539999969973902,0.0002539999969973902,20.0
karaehe,-8.714391366095359e-05,0.00016685608333643666,7.971216967548307e-05,-0.0002539999969973902,0.0002539999969973902,11.0
karahipi,-8.714391366095359e-05,0.00016685608333643666,7.971216967548307e-05,-0.0002539999969973902,0.0002539999969973902,9.0
karaipiture,-8.714391366095359e-05,0.00016685608333643666,7.971216967548307e-05,-0.0002539999969973902,0.0002539999969973902,12.0
karakia,0.00018072506958922524,-0.00011534589166179339,6.537917792743185e-05,0.0002960709612510186,0.0002960709612510186,45.0
karamui,-8.714391366095359e-05,0.00016685608333643666,7.971216967548307e-05,-0.0002539999969973902,0.0002539999969973902,9.0
karamuimui,-8.714391366095359e-05,0.00016685608333643666,7.971216967548307e-05,-0.0002539999969973902,0.0002539999969973902,13.0
karanga,0.002619125271340824,-0.0014749671184006363,0.0011441581529401876,0.00409409238974146,0.00409409238974146,283.0
karangatanga,-8.714391366095359e-05,0.00016685608333643666,7.971216967548307e-05,-0.0002539999969973902,0.0002539999969973902,10.0
karapoti,-8.714391366095359e-05,0.00016685608333643666,7.971216967548307e-05,-0.0002539999969973902,0.0002539999969973902,10.0
karapu,-8.714391366095359e-05,0.00016685608333643666,7.971216967548307e-05,-0.0002539999969973902,0.0002539999969973902,13.0
kararehe,-8.714391366095359e-05,0.00016685608333643666,7.971216967548307e-05,-0.0002539999969973902,0.0002539999969973902,9.0
karauna,1.16920977008847e-05,-1.1193539206575209e-05,4.985584943094908e-07,2.2885636907459907e-05,2.2885636907459907e-05,32.0
karawhiu,-8.714391366095359e-05,0.00016685608333643666,7.971216967548307e-05,-0.0002539999969973902,0.0002539999969973902,18.0
karawhiuwhiu,1.16920977008847e-05,-1.1193539206575209e-05,4.985584943094908e-07,2.2885636907459907e-05,2.2885636907459907e-05,14.0
kare,-8.714391366095359e-05,0.00016685608333643666,7.971216967548307e-05,-0.0002539999969973902,0.0002539999969973902,10.0
karere,-8.714391366095359e-05,0.00016685608333643666,7.971216967548307e-05,-0.0002539999969973902,0.0002539999969973902,23.0
kari,-8.714391366095359e-05,0.00016685608333643666,7.971216967548307e-05,-0.0002539999969973902,0.0002539999969973902,8.0
karikari,-8.714391366095359e-05,0.00016685608333643666,7.971216967548307e-05,-0.0002539999969973902,0.0002539999969973902,11.0
karo,-8.714391366095359e-05,0.00016685608333643666,7.971216967548307e-05,-0.0002539999969973902,0.0002539999969973902,13.0
karu,-8.714391366095359e-05,0.00016685608333643666,7.971216967548307e-05,-0.0002539999969973902,0.0002539999969973902,10.0
kata,-8.714391366095359e-05,0.00016685608333643666,7.971216967548307e-05,-0.0002539999969973902,0.0002539999969973902,26.0
katakata,0.00039534404544735313,-0.0001892431617495871,0.00020610088369776603,0.0005845872071969403,0.0005845872071969403,17.0
kati,-0.00017428782732190718,0.0003337121666728733,0.00015942433935096613,-0.0005079999939947804,0.0005079999939947804,68.0
katikati,-8.714391366095359e-05,0.00016685608333643666,7.971216967548307e-05,-0.0002539999969973902,0.0002539999969973902,9.0
katinga,-8.714391366095359e-05,0.00016685608333643666,7.971216967548307e-05,-0.0002539999969973902,0.0002539999969973902,11.0
kau,1.16920977008847e-05,-1.1193539206575209e-05,4.985584943094908e-07,2.2885636907459907e-05,2.2885636907459907e-05,12.0
kaua,-8.714391366095359e-05,0.00016685608333643666,7.971216967548307e-05,-0.0002539999969973902,0.0002539999969973902,134.0
kauae,-8.714391366095359e-05,0.00016685608333643666,7.971216967548307e-05,-0.0002539999969973902,0.0002539999969973902,12.0
kauaka,-8.714391366095359e-05,0.00016685608333643666,7.971216967548307e-05,-0.0002539999969973902,0.0002539999969973902,9.0
kauhanga-nui,-8.714391366095359e-05,0.00016685608333643666,7.971216967548307e-05,-0.0002539999969973902,0.0002539999969973902,9.0
kauhau,1.16920977008847e-05,-1.1193539206575209e-05,4.985584943094908e-07,2.2885636907459907e-05,2.2885636907459907e-05,20.0
kauhoe,1.16920977008847e-05,-1.1193539206575209e-05,4.985584943094908e-07,2.2885636907459907e-05,2.2885636907459907e-05,11.0
kaukau,1.16920977008847e-05,-1.1193539206575209e-05,4.985584943094908e-07,2.2885636907459907e-05,2.2885636907459907e-05,15.0
kaumātua,-8.714391366095359e-05,0.00016685608333643666,7.971216967548307e-05,-0.0002539999969973902,0.0002539999969973902,41.0
kaunihera,-8.714391366095359e-05,0.00016685608333643666,7.971216967548307e-05,-0.0002539999969973902,0.0002539999969973902,52.0
kaupapa,0.00018072506958922524,-0.00011534589166179339,6.537917792743185e-05,0.0002960709612510186,0.0002960709612510186,307.0
kaute,-0.0001801338761723495,0.0006898114117588971,0.0005096775355865476,-0.0008699452879312466,0.0008699452879312466,25.0
kawa,1.16920977008847e-05,-1.1193539206575209e-05,4.985584943094908e-07,2.2885636907459907e-05,2.2885636907459907e-05,28.0
kawau,-8.714391366095359e-05,0.00016685608333643666,7.971216967548307e-05,-0.0002539999969973902,0.0002539999969973902,11.0
kawe,-0.00188991675196468,0.005169512850590704,0.003279596098626024,-0.007059429602555384,0.007059429602555384,125.0
kawenata,-8.714391366095359e-05,0.00016685608333643666,7.971216967548307e-05,-0.0002539999969973902,0.0002539999969973902,17.0
kawenga,-8.714391366095359e-05,0.00016685608333643666,7.971216967548307e-05,-0.0002539999969973902,0.0002539999969973902,9.0
kemokemo,-8.714391366095359e-05,0.00016685608333643666,7.971216967548307e-05,-0.0002539999969973902,0.0002539999969973902,9.0
kere,-8.714391366095359e-05,0.00016685608333643666,7.971216967548307e-05,-0.0002539999969973902,0.0002539999969973902,10.0
kereimi,-8.714391366095359e-05,0.00016685608333643666,7.971216967548307e-05,-0.0002539999969973902,0.0002539999969973902,9.0
kererū,-8.714391366095359e-05,0.00016685608333643666,7.971216967548307e-05,-0.0002539999969973902,0.0002539999969973902,9.0
keri,1.16920977008847e-05,-1.1193539206575209e-05,4.985584943094908e-07,2.2885636907459907e-05,2.2885636907459907e-05,11.0
kerikeri,-8.714391366095359e-05,0.00016685608333643666,7.971216967548307e-05,-0.0002539999969973902,0.0002539999969973902,13.0
kerēme,-8.714391366095359e-05,0.00016685608333643666,7.971216967548307e-05,-0.0002539999969973902,0.0002539999969973902,14.0
kerēmu,-0.0001801338761723495,0.0006898114117588971,0.0005096775355865476,-0.0008699452879312466,0.0008699452879312466,9.0
kete,-8.714391366095359e-05,0.00016685608333643666,7.971216967548307e-05,-0.0002539999969973902,0.0002539999969973902,18.0
kiki,-8.714391366095359e-05,0.00016685608333643666,7.971216967548307e-05,-0.0002539999969973902,0.0002539999969973902,13.0
kikingia,-8.714391366095359e-05,0.00016685608333643666,7.971216967548307e-05,-0.0002539999969973902,0.0002539999969973902,9.0
kikino,-8.714391366095359e-05,0.00016685608333643666,7.971216967548307e-05,-0.0002539999969973902,0.0002539999969973902,10.0
kikiri-o-te-rangi,-8.714391366095359e-05,0.00016685608333643666,7.971216967548307e-05,-0.0002539999969973902,0.0002539999969973902,9.0
kiko,-8.714391366095359e-05,0.00016685608333643666,7.971216967548307e-05,-0.0002539999969973902,0.0002539999969973902,14.0
kikokiko,-8.714391366095359e-05,0.00016685608333643666,7.971216967548307e-05,-0.0002539999969973902,0.0002539999969973902,9.0
kikī,-8.714391366095359e-05,0.00016685608333643666,7.971216967548307e-05,-0.0002539999969973902,0.0002539999969973902,10.0
kimi,0.003162752363578825,-0.0015139452939966968,0.0016488070695821282,0.004676697657575522,0.004676697657575522,114.0
kimihanga,-8.714391366095359e-05,0.00016685608333643666,7.971216967548307e-05,-0.0002539999969973902,0.0002539999969973902,9.0
kimikimi,1.16920977008847e-05,-1.1193539206575209e-05,4.985584943094908e-07,2.2885636907459907e-05,2.2885636907459907e-05,11.0
kino,0.00039534404544735313,-0.0001892431617495871,0.00020610088369776603,0.0005845872071969403,0.0005845872071969403,23.0
kinokino,-8.714391366095359e-05,0.00016685608333643666,7.971216967548307e-05,-0.0002539999969973902,0.0002539999969973902,9.0
kiore,-8.714391366095359e-05,0.00016685608333643666,7.971216967548307e-05,-0.0002539999969973902,0.0002539999969973902,22.0
kiri,-0.0001801338761723495,0.0006898114117588971,0.0005096775355865476,-0.0008699452879312466,0.0008699452879312466,13.0
kirimina,-8.714391366095359e-05,0.00016685608333643666,7.971216967548307e-05,-0.0002539999969973902,0.0002539999969973902,10.0
kirīmi,-8.714391366095359e-05,0.00016685608333643666,7.971216967548307e-05,-0.0002539999969973902,0.0002539999969973902,12.0
kita,-8.714391366095359e-05,0.00016685608333643666,7.971216967548307e-05,-0.0002539999969973902,0.0002539999969973902,10.0
kite,0.02633335411248569,-0.003916191552265197,0.022417162560220492,0.03024954566475089,0.03024954566475089,1410.0
kiteatangahia,-8.714391366095359e-05,0.00016685608333643666,7.971216967548307e-05,-0.0002539999969973902,0.0002539999969973902,12.0
kitekite,-8.714391366095359e-05,0.00016685608333643666,7.971216967548307e-05,-0.0002539999969973902,0.0002539999969973902,19.0
kitenga,-8.714391366095359e-05,0.00016685608333643666,7.971216967548307e-05,-0.0002539999969973902,0.0002539999969973902,24.0
kitetanga,-8.714391366095359e-05,0.00016685608333643666,7.971216967548307e-05,-0.0002539999969973902,0.0002539999969973902,12.0
kitā,-8.714391366095359e-05,0.00016685608333643666,7.971216967548307e-05,-0.0002539999969973902,0.0002539999969973902,8.0
kiwifruit,-8.714391366095359e-05,0.00016685608333643666,7.971216967548307e-05,-0.0002539999969973902,0.0002539999969973902,10.0
koa,0.00814107785753431,-0.0006494947592908291,0.00749158309824348,0.008790572616825138,0.008790572616825138,66.0
koakoa,1.16920977008847e-05,-1.1193539206575209e-05,4.985584943094908e-07,2.2885636907459907e-05,2.2885636907459907e-05,9.0
koata,-8.714391366095359e-05,0.00016685608333643666,7.971216967548307e-05,-0.0002539999969973902,0.0002539999969973902,11.0
koemi,1.16920977008847e-05,-1.1193539206575209e-05,4.985584943094908e-07,2.2885636907459907e-05,2.2885636907459907e-05,9.0
koha,-0.0001801338761723495,0.0006898114117588971,0.0005096775355865476,-0.0008699452879312466,0.0008699452879312466,14.0
kohete,1.16920977008847e-05,-1.1193539206575209e-05,4.985584943094908e-07,2.2885636907459907e-05,2.2885636907459907e-05,12.0
kohi,-0.00028307910934717264,0.0008130253073749647,0.000529946198027792,-0.0010961044167221374,0.0010961044167221374,31.0
kohikohi,-0.00028307910934717264,0.0008130253073749647,0.000529946198027792,-0.0010961044167221374,0.0010961044167221374,36.0
kohinga,-8.714391366095359e-05,0.00016685608333643666,7.971216967548307e-05,-0.0002539999969973902,0.0002539999969973902,10.0
kohu,-8.714391366095359e-05,0.00016685608333643666,7.971216967548307e-05,-0.0002539999969973902,0.0002539999969973902,10.0
kohukohu,-8.714391366095359e-05,0.00016685608333643666,7.971216967548307e-05,-0.0002539999969973902,0.0002539999969973902,12.0
koi,1.16920977008847e-05,-1.1193539206575209e-05,4.985584943094908e-07,2.2885636907459907e-05,2.2885636907459907e-05,12.0
koira,-8.714391366095359e-05,0.00016685608333643666,7.971216967548307e-05,-0.0002539999969973902,0.0002539999969973902,10.0
koke,-8.714391366095359e-05,0.00016685608333643666,7.971216967548307e-05,-0.0002539999969973902,0.0002539999969973902,10.0
koko-hinga,-8.714391366095359e-05,0.00016685608333643666,7.971216967548307e-05,-0.0002539999969973902,0.0002539999969973902,10.0
kokonga,-8.714391366095359e-05,0.00016685608333643666,7.971216967548307e-05,-0.0002539999969973902,0.0002539999969973902,9.0
komiti,-8.714391366095359e-05,0.00016685608333643666,7.971216967548307e-05,-0.0002539999969973902,0.0002539999969973902,33.0
konei,-0.00027312383868374545,0.0020918213136898417,0.0018186974750060963,-0.002364945152373587,0.002364945152373587,11.0
konohi,-8.714391366095359e-05,0.00016685608333643666,7.971216967548307e-05,-0.0002539999969973902,0.0002539999969973902,10.0
konā,-0.0001801338761723495,0.0006898114117588971,0.0005096775355865476,-0.0008699452879312466,0.0008699452879312466,9.0
koporeihana,-8.714391366095359e-05,0.00016685608333643666,7.971216967548307e-05,-0.0002539999969973902,0.0002539999969973902,12.0
kore,-9.824481794496256e-05,0.00012540746176243703,2.7162643817474466e-05,-0.0002236522797073996,0.0002236522797073996,611.0
korekore,-8.714391366095359e-05,0.00016685608333643666,7.971216967548307e-05,-0.0002539999969973902,0.0002539999969973902,10.0
korenga,-8.714391366095359e-05,0.00016685608333643666,7.971216967548307e-05,-0.0002539999969973902,0.0002539999969973902,8.0
koreretanga,-8.714391366095359e-05,0.00016685608333643666,7.971216967548307e-05,-0.0002539999969973902,0.0002539999969973902,9.0
koretake,-8.714391366095359e-05,0.00016685608333643666,7.971216967548307e-05,-0.0002539999969973902,0.0002539999969973902,11.0
kori,-8.714391366095359e-05,0.00016685608333643666,7.971216967548307e-05,-0.0002539999969973902,0.0002539999969973902,10.0
korikori,1.16920977008847e-05,-1.1193539206575209e-05,4.985584943094908e-07,2.2885636907459907e-05,2.2885636907459907e-05,17.0
korohuhū,-8.714391366095359e-05,0.00016685608333643666,7.971216967548307e-05,-0.0002539999969973902,0.0002539999969973902,9.0
korokoro,-8.714391366095359e-05,0.00016685608333643666,7.971216967548307e-05,-0.0002539999969973902,0.0002539999969973902,9.0
korokē,-8.714391366095359e-05,0.00016685608333643666,7.971216967548307e-05,-0.0002539999969973902,0.0002539999969973902,9.0
koropiko,-8.714391366095359e-05,0.00016685608333643666,7.971216967548307e-05,-0.0002539999969973902,0.0002539999969973902,12.0
koropupū,1.16920977008847e-05,-1.1193539206575209e-05,4.985584943094908e-07,2.2885636907459907e-05,2.2885636907459907e-05,9.0
koroua,-8.714391366095359e-05,0.00016685608333643666,7.971216967548307e-05,-0.0002539999969973902,0.0002539999969973902,41.0
korowai,-8.714391366095359e-05,0.00016685608333643666,7.971216967548307e-05,-0.0002539999969973902,0.0002539999969973902,15.0
korowhiti,-8.714391366095359e-05,0.00016685608333643666,7.971216967548307e-05,-0.0002539999969973902,0.0002539999969973902,9.0
koru,-8.714391366095359e-05,0.00016685608333643666,7.971216967548307e-05,-0.0002539999969973902,0.0002539999969973902,9.0
koruru,-8.714391366095359e-05,0.00016685608333643666,7.971216967548307e-05,-0.0002539999969973902,0.0002539999969973902,9.0
korōria,-8.714391366095359e-05,0.00016685608333643666,7.971216967548307e-05,-0.0002539999969973902,0.0002539999969973902,12.0
kotahi,0.0006438604641838963,-0.0002465623375302729,0.0003972981266536234,0.0008904228017141692,0.0008904228017141692,110.0
kotahitanga,0.00018072506958922524,-0.00011534589166179339,6.537917792743185e-05,0.0002960709612510186,0.0002960709612510186,13.0
koti,-8.714391366095359e-05,0.00016685608333643666,7.971216967548307e-05,-0.0002539999969973902,0.0002539999969973902,12.0
kotiti,0.0001789106516269165,-0.00013702542997452203,4.188522165239446e-05,0.00031593608160143856,0.00031593608160143856,16.0
kou,-8.714391366095359e-05,0.00016685608333643666,7.971216967548307e-05,-0.0002539999969973902,0.0002539999969973902,9.0
koukou,-8.714391366095359e-05,0.00016685608333643666,7.971216967548307e-05,-0.0002539999969973902,0.0002539999969973902,10.0
koura,1.16920977008847e-05,-1.1193539206575209e-05,4.985584943094908e-07,2.2885636907459907e-05,2.2885636907459907e-05,9.0
kuaka,-8.714391366095359e-05,0.00016685608333643666,7.971216967548307e-05,-0.0002539999969973902,0.0002539999969973902,9.0
kuhu,-0.00017428782732190718,0.0003337121666728733,0.00015942433935096613,-0.0005079999939947804,0.0005079999939947804,89.0
kuhukuhu,-8.714391366095359e-05,0.00016685608333643666,7.971216967548307e-05,-0.0002539999969973902,0.0002539999969973902,9.0
kui,-0.0001801338761723495,0.0006898114117588971,0.0005096775355865476,-0.0008699452879312466,0.0008699452879312466,10.0
kuia,-0.00017428782732190718,0.0003337121666728733,0.00015942433935096613,-0.0005079999939947804,0.0005079999939947804,36.0
kuini,-8.714391366095359e-05,0.00016685608333643666,7.971216967548307e-05,-0.0002539999969973902,0.0002539999969973902,26.0
kuki,0.00018072506958922524,-0.00011534589166179339,6.537917792743185e-05,0.0002960709612510186,0.0002960709612510186,11.0
kuku,-8.714391366095359e-05,0.00016685608333643666,7.971216967548307e-05,-0.0002539999969973902,0.0002539999969973902,10.0
kukume,0.0006438604641838963,-0.0002465623375302729,0.0003972981266536234,0.0008904228017141692,0.0008904228017141692,15.0
kume,0.00039534404544735313,-0.0001892431617495871,0.00020610088369776603,0.0005845872071969403,0.0005845872071969403,20.0
kumeatanga,-8.714391366095359e-05,0.00016685608333643666,7.971216967548307e-05,-0.0002539999969973902,0.0002539999969973902,8.0
kumekume,-8.714391366095359e-05,0.00016685608333643666,7.971216967548307e-05,-0.0002539999969973902,0.0002539999969973902,11.0
kupenga,-8.714391366095359e-05,0.00016685608333643666,7.971216967548307e-05,-0.0002539999969973902,0.0002539999969973902,13.0
kupu,-8.714391366095359e-05,0.00016685608333643666,7.971216967548307e-05,-0.0002539999969973902,0.0002539999969973902,31.0
kura,0.00103173597788137,-0.0004389964882340231,0.0005927394896473469,0.0014707324661153932,0.0014707324661153932,118.0
kuratini,-8.714391366095359e-05,0.00016685608333643666,7.971216967548307e-05,-0.0002539999969973902,0.0002539999969973902,11.0
kuruwhengu,-8.714391366095359e-05,0.00016685608333643666,7.971216967548307e-05,-0.0002539999969973902,0.0002539999969973902,9.0
kuruwhiku,-8.714391366095359e-05,0.00016685608333643666,7.971216967548307e-05,-0.0002539999969973902,0.0002539999969973902,9.0
kurī,-8.714391366095359e-05,0.00016685608333643666,7.971216967548307e-05,-0.0002539999969973902,0.0002539999969973902,12.0
kurī-ā-paoa,-8.714391366095359e-05,0.00016685608333643666,7.971216967548307e-05,-0.0002539999969973902,0.0002539999969973902,9.0
kuti,-8.714391366095359e-05,0.00016685608333643666,7.971216967548307e-05,-0.0002539999969973902,0.0002539999969973902,10.0
kutikuti,-8.714391366095359e-05,0.00016685608333643666,7.971216967548307e-05,-0.0002539999969973902,0.0002539999969973902,9.0
kā,1.16920977008847e-05,-1.1193539206575209e-05,4.985584943094908e-07,2.2885636907459907e-05,2.2885636907459907e-05,17.0
kāhaki,0.00018072506958922524,-0.00011534589166179339,6.537917792743185e-05,0.0002960709612510186,0.0002960709612510186,19.0
kāhore,-8.714391366095359e-05,0.00016685608333643666,7.971216967548307e-05,-0.0002539999969973902,0.0002539999969973902,9.0
kāhui,-8.714391366095359e-05,0.00016685608333643666,7.971216967548307e-05,-0.0002539999969973902,0.0002539999969973902,11.0
kāinga,0.002580033531535531,-0.00044909441057529477,0.0021309391209602363,0.003029127942110826,0.003029127942110826,48.0
kākahi,-8.714391366095359e-05,0.00016685608333643666,7.971216967548307e-05,-0.0002539999969973902,0.0002539999969973902,10.0
kākahu,0.00018072506958922524,-0.00011534589166179339,6.537917792743185e-05,0.0002960709612510186,0.0002960709612510186,27.0
kākai,-8.714391366095359e-05,0.00016685608333643666,7.971216967548307e-05,-0.0002539999969973902,0.0002539999969973902,9.0
kākano,1.16920977008847e-05,-1.1193539206575209e-05,4.985584943094908e-07,2.2885636907459907e-05,2.2885636907459907e-05,20.0
kākā,-8.714391366095359e-05,0.00016685608333643666,7.971216967548307e-05,-0.0002539999969973902,0.0002539999969973902,9.0
kānataraka,-8.714391366095359e-05,0.00016685608333643666,7.971216967548307e-05,-0.0002539999969973902,0.0002539999969973902,11.0
kānga,-8.714391366095359e-05,0.00016685608333643666,7.971216967548307e-05,-0.0002539999969973902,0.0002539999969973902,9.0
kāore,-8.714391366095359e-05,0.00016685608333643666,7.971216967548307e-05,-0.0002539999969973902,0.0002539999969973902,9.0
kāpene,-8.714391366095359e-05,0.00016685608333643666,7.971216967548307e-05,-0.0002539999969973902,0.0002539999969973902,15.0
kāpuapua,-8.714391366095359e-05,0.00016685608333643666,7.971216967548307e-05,-0.0002539999969973902,0.0002539999969973902,9.0
kāpō,1.16920977008847e-05,-1.1193539206575209e-05,4.985584943094908e-07,2.2885636907459907e-05,2.2885636907459907e-05,12.0
kārangirangi,0.00018072506958922524,-0.00011534589166179339,6.537917792743185e-05,0.0002960709612510186,0.0002960709612510186,10.0
kāre,-8.714391366095359e-05,0.00016685608333643666,7.971216967548307e-05,-0.0002539999969973902,0.0002539999969973902,10.0
kāreti,-8.714391366095359e-05,0.00016685608333643666,7.971216967548307e-05,-0.0002539999969973902,0.0002539999969973902,10.0
kārewa,-8.714391366095359e-05,0.00016685608333643666,7.971216967548307e-05,-0.0002539999969973902,0.0002539999969973902,9.0
kāuta,-8.714391366095359e-05,0.00016685608333643666,7.971216967548307e-05,-0.0002539999969973902,0.0002539999969973902,9.0
kāwai,-8.714391366095359e-05,0.00016685608333643666,7.971216967548307e-05,-0.0002539999969973902,0.0002539999969973902,11.0
kāwana,-9.824481794496256e-05,0.00012540746176243703,2.7162643817474466e-05,-0.0002236522797073996,0.0002236522797073996,54.0
kāwanatanga,1.16920977008847e-05,-1.1193539206575209e-05,4.985584943094908e-07,2.2885636907459907e-05,2.2885636907459907e-05,66.0
kāwhaki,-8.714391366095359e-05,0.00016685608333643666,7.971216967548307e-05,-0.0002539999969973902,0.0002539999969973902,10.0
kēkete,-8.714391366095359e-05,0.00016685608333643666,7.971216967548307e-05,-0.0002539999969973902,0.0002539999969973902,9.0
kēkē,-8.714391366095359e-05,0.00016685608333643666,7.971216967548307e-05,-0.0002539999969973902,0.0002539999969973902,9.0
kēmu,-8.714391366095359e-05,0.00016685608333643666,7.971216967548307e-05,-0.0002539999969973902,0.0002539999969973902,31.0
kēti,-8.714391366095359e-05,0.00016685608333643666,7.971216967548307e-05,-0.0002539999969973902,0.0002539999969973902,9.0
kī,0.006174773632589958,-0.003860556637592375,0.0023142169949975826,0.010035330270182333,0.010035330270182333,671.0
kīanga,-8.714391366095359e-05,0.00016685608333643666,7.971216967548307e-05,-0.0002539999969973902,0.0002539999969973902,10.0
kīhai,-8.714391366095359e-05,0.00016685608333643666,7.971216967548307e-05,-0.0002539999969973902,0.0002539999969973902,9.0
kīkī,-8.714391366095359e-05,0.00016685608333643666,7.971216967548307e-05,-0.0002539999969973902,0.0002539999969973902,9.0
kīnaki,-0.0001801338761723495,0.0006898114117588971,0.0005096775355865476,-0.0008699452879312466,0.0008699452879312466,12.0
kīngi,-8.714391366095359e-05,0.00016685608333643666,7.971216967548307e-05,-0.0002539999969973902,0.0002539999969973902,11.0
kīngitanga,-8.714391366095359e-05,0.00016685608333643666,7.971216967548307e-05,-0.0002539999969973902,0.0002539999969973902,14.0
kō,-8.714391366095359e-05,0.00016685608333643666,7.971216967548307e-05,-0.0002539999969973902,0.0002539999969973902,9.0
kōanga,-8.714391366095359e-05,0.00016685608333643666,7.971216967548307e-05,-0.0002539999969973902,0.0002539999969973902,10.0
kōauau,-8.714391366095359e-05,0.00016685608333643666,7.971216967548307e-05,-0.0002539999969973902,0.0002539999969973902,9.0
kōemiemi,-8.714391366095359e-05,0.00016685608333643666,7.971216967548307e-05,-0.0002539999969973902,0.0002539999969973902,9.0
kōhamo,-8.714391366095359e-05,0.00016685608333643666,7.971216967548307e-05,-0.0002539999969973902,0.0002539999969973902,10.0
kōhanga,1.16920977008847e-05,-1.1193539206575209e-05,4.985584943094908e-07,2.2885636907459907e-05,2.2885636907459907e-05,20.0
kōhao,-8.714391366095359e-05,0.00016685608333643666,7.971216967548307e-05,-0.0002539999969973902,0.0002539999969973902,9.0
kōhatu,-8.714391366095359e-05,0.00016685608333643666,7.971216967548307e-05,-0.0002539999969973902,0.0002539999969973902,17.0
kōhue,1.16920977008847e-05,-1.1193539206575209e-05,4.985584943094908e-07,2.2885636907459907e-05,2.2885636907459907e-05,9.0
kōhungahunga,1.16920977008847e-05,-1.1193539206575209e-05,4.985584943094908e-07,2.2885636907459907e-05,2.2885636907459907e-05,9.0
kōhuru,-0.000348199742619273,0.004666931972871418,0.004318732230252145,-0.005015131715490691,0.005015131715490691,18.0
kōhūhū,-8.714391366095359e-05,0.00016685608333643666,7.971216967548307e-05,-0.0002539999969973902,0.0002539999969973902,10.0
kōingo,-8.714391366095359e-05,0.00016685608333643666,7.971216967548307e-05,-0.0002539999969973902,0.0002539999969973902,9.0
kōkiri,0.0009227388557643784,-0.0005436262665429214,0.000379112589221457,0.0014663651223072998,0.0014663651223072998,40.0
kōkōtanga,-8.714391366095359e-05,0.00016685608333643666,7.971216967548307e-05,-0.0002539999969973902,0.0002539999969973902,10.0
kōmihana,-8.714391366095359e-05,0.00016685608333643666,7.971216967548307e-05,-0.0002539999969973902,0.0002539999969973902,22.0
kōnui,-8.714391366095359e-05,0.00016685608333643666,7.971216967548307e-05,-0.0002539999969973902,0.0002539999969973902,8.0
kōpaki,-8.714391366095359e-05,0.00016685608333643666,7.971216967548307e-05,-0.0002539999969973902,0.0002539999969973902,13.0
kōpū,-8.714391366095359e-05,0.00016685608333643666,7.971216967548307e-05,-0.0002539999969973902,0.0002539999969973902,9.0
kōrero,-0.00261962210808468,0.003178353745856221,0.0005587316377715411,-0.005797975853940901,0.005797975853940901,992.0
kōrerorero,0.00018072506958922524,-0.00011534589166179339,6.537917792743185e-05,0.0002960709612510186,0.0002960709612510186,23.0
kōrerotanga,-8.714391366095359e-05,0.00016685608333643666,7.971216967548307e-05,-0.0002539999969973902,0.0002539999969973902,12.0
kōroiroi,-8.714391366095359e-05,0.00016685608333643666,7.971216967548307e-05,-0.0002539999969973902,0.0002539999969973902,8.0
kōrorirori,-8.714391366095359e-05,0.00016685608333643666,7.971216967548307e-05,-0.0002539999969973902,0.0002539999969973902,10.0
kōti,-8.714391366095359e-05,0.00016685608333643666,7.971216967548307e-05,-0.0002539999969973902,0.0002539999969973902,30.0
kōtiro,-8.714391366095359e-05,0.00016685608333643666,7.971216967548307e-05,-0.0002539999969973902,0.0002539999969973902,9.0
kōtore,-8.714391366095359e-05,0.00016685608333643666,7.971216967548307e-05,-0.0002539999969973902,0.0002539999969973902,9.0
kōura,-8.714391366095359e-05,0.00016685608333643666,7.971216967548307e-05,-0.0002539999969973902,0.0002539999969973902,9.0
kōwae,-8.714391366095359e-05,0.00016685608333643666,7.971216967548307e-05,-0.0002539999969973902,0.0002539999969973902,9.0
kōwhaiwhaitanga,-8.714391366095359e-05,0.00016685608333643666,7.971216967548307e-05,-0.0002539999969973902,0.0002539999969973902,9.0
kōwhaki,-8.714391366095359e-05,0.00016685608333643666,7.971216967548307e-05,-0.0002539999969973902,0.0002539999969973902,11.0
kū,-8.714391366095359e-05,0.00016685608333643666,7.971216967548307e-05,-0.0002539999969973902,0.0002539999969973902,9.0
kūare,0.00018072506958922524,-0.00011534589166179339,6.537917792743185e-05,0.0002960709612510186,0.0002960709612510186,20.0
kūaretanga,-8.714391366095359e-05,0.00016685608333643666,7.971216967548307e-05,-0.0002539999969973902,0.0002539999969973902,9.0
kūkū,-8.714391366095359e-05,0.00016685608333643666,7.971216967548307e-05,-0.0002539999969973902,0.0002539999969973902,9.0
kūpapa,-8.714391366095359e-05,0.00016685608333643666,7.971216967548307e-05,-0.0002539999969973902,0.0002539999969973902,9.0
kūpeke,-8.714391366095359e-05,0.00016685608333643666,7.971216967548307e-05,-0.0002539999969973902,0.0002539999969973902,11.0
kūrararirari,-8.714391366095359e-05,0.00016685608333643666,7.971216967548307e-05,-0.0002539999969973902,0.0002539999969973902,9.0
kūrarirari,-8.714391366095359e-05,0.00016685608333643666,7.971216967548307e-05,-0.0002539999969973902,0.0002539999969973902,9.0
league,-8.714391366095359e-05,0.00016685608333643666,7.971216967548307e-05,-0.0002539999969973902,0.0002539999969973902,9.0
local,1.16920977008847e-05,-1.1193539206575209e-05,4.985584943094908e-07,2.2885636907459907e-05,2.2885636907459907e-05,11.0
maeko,-8.714391366095359e-05,0.00016685608333643666,7.971216967548307e-05,-0.0002539999969973902,0.0002539999969973902,9.0
maha,0.0001789106516269165,-0.00013702542997452203,4.188522165239446e-05,0.00031593608160143856,0.00031593608160143856,142.0
mahana,0.00039534404544735313,-0.0001892431617495871,0.00020610088369776603,0.0005845872071969403,0.0005845872071969403,24.0
mahanatanga,-8.714391366095359e-05,0.00016685608333643666,7.971216967548307e-05,-0.0002539999969973902,0.0002539999969973902,9.0
mahara,0.0058495434247405635,-0.0005894858070222688,0.005260057617718294,0.006439029231762833,0.006439029231762833,95.0
maharatanga,-8.714391366095359e-05,0.00016685608333643666,7.971216967548307e-05,-0.0002539999969973902,0.0002539999969973902,10.0
mahau,-8.714391366095359e-05,0.00016685608333643666,7.971216967548307e-05,-0.0002539999969973902,0.0002539999969973902,15.0
mahea,-8.714391366095359e-05,0.00016685608333643666,7.971216967548307e-05,-0.0002539999969973902,0.0002539999969973902,16.0
mahi,0.0033993023809114125,-0.0026034831695159175,0.000795819211395495,0.0060027855504273305,0.0060027855504273305,766.0
mahinga,-8.714391366095359e-05,0.00016685608333643666,7.971216967548307e-05,-0.0002539999969973902,0.0002539999969973902,11.0
mahue,1.16920977008847e-05,-1.1193539206575209e-05,4.985584943094908e-07,2.2885636907459907e-05,2.2885636907459907e-05,83.0
mahuta,-8.714391366095359e-05,0.00016685608333643666,7.971216967548307e-05,-0.0002539999969973902,0.0002539999969973902,9.0
maioha,-8.714391366095359e-05,0.00016685608333643666,7.971216967548307e-05,-0.0002539999969973902,0.0002539999969973902,9.0
maita,-8.714391366095359e-05,0.00016685608333643666,7.971216967548307e-05,-0.0002539999969973902,0.0002539999969973902,9.0
maka,0.00018072506958922524,-0.00011534589166179339,6.537917792743185e-05,0.0002960709612510186,0.0002960709612510186,18.0
makamaka,-8.714391366095359e-05,0.00016685608333643666,7.971216967548307e-05,-0.0002539999969973902,0.0002539999969973902,10.0
makariri,-8.714391366095359e-05,0.00016685608333643666,7.971216967548307e-05,-0.0002539999969973902,0.0002539999969973902,10.0
makere,1.16920977008847e-05,-1.1193539206575209e-05,4.985584943094908e-07,2.2885636907459907e-05,2.2885636907459907e-05,47.0
mamae,0.0006438604641838963,-0.0002465623375302729,0.0003972981266536234,0.0008904228017141692,0.0008904228017141692,41.0
mamaetanga,-8.714391366095359e-05,0.00016685608333643666,7.971216967548307e-05,-0.0002539999969973902,0.0002539999969973902,13.0
mamaha,-8.714391366095359e-05,0.00016685608333643666,7.971216967548307e-05,-0.0002539999969973902,0.0002539999969973902,9.0
mamao,-8.714391366095359e-05,0.00016685608333643666,7.971216967548307e-05,-0.0002539999969973902,0.0002539999969973902,9.0
mana,0.00018072506958922524,-0.00011534589166179339,6.537917792743185e-05,0.0002960709612510186,0.0002960709612510186,349.0
manaaki,-0.0015913183057216604,0.017062790969626467,0.015471472663904806,-0.01865410927534813,0.01865410927534813,90.0
manaakitanga,-8.714391366095359e-05,0.00016685608333643666,7.971216967548307e-05,-0.0002539999969973902,0.0002539999969973902,9.0
manahau,0.00018072506958922524,-0.00011534589166179339,6.537917792743185e-05,0.0002960709612510186,0.0002960709612510186,10.0
manako,-8.714391366095359e-05,0.00016685608333643666,7.971216967548307e-05,-0.0002539999969973902,0.0002539999969973902,14.0
manatū,1.16920977008847e-05,-1.1193539206575209e-05,4.985584943094908e-07,2.2885636907459907e-05,2.2885636907459907e-05,10.0
manawa,0.0006438604641838963,-0.0002465623375302729,0.0003972981266536234,0.0008904228017141692,0.0008904228017141692,22.0
manawanui,-8.714391366095359e-05,0.00016685608333643666,7.971216967548307e-05,-0.0002539999969973902,0.0002539999969973902,11.0
manawapā,0.00018072506958922524,-0.00011534589166179339,6.537917792743185e-05,0.0002960709612510186,0.0002960709612510186,16.0
mane,-8.714391366095359e-05,0.00016685608333643666,7.971216967548307e-05,-0.0002539999969973902,0.0002539999969973902,11.0
manene,1.16920977008847e-05,-1.1193539206575209e-05,4.985584943094908e-07,2.2885636907459907e-05,2.2885636907459907e-05,10.0
manga,-8.714391366095359e-05,0.00016685608333643666,7.971216967548307e-05,-0.0002539999969973902,0.0002539999969973902,9.0
mangungu,-8.714391366095359e-05,0.00016685608333643666,7.971216967548307e-05,-0.0002539999969973902,0.0002539999969973902,9.0
manini,-8.714391366095359e-05,0.00016685608333643666,7.971216967548307e-05,-0.0002539999969973902,0.0002539999969973902,8.0
mano,-8.714391366095359e-05,0.00016685608333643666,7.971216967548307e-05,-0.0002539999969973902,0.0002539999969973902,15.0
manu,-8.714391366095359e-05,0.00016685608333643666,7.971216967548307e-05,-0.0002539999969973902,0.0002539999969973902,19.0
manuhiri,-8.714391366095359e-05,0.00016685608333643666,7.971216967548307e-05,-0.0002539999969973902,0.0002539999969973902,13.0
maoa,-8.714391366095359e-05,0.00016685608333643666,7.971216967548307e-05,-0.0002539999969973902,0.0002539999969973902,13.0
mara,-8.714391366095359e-05,0.00016685608333643666,7.971216967548307e-05,-0.0002539999969973902,0.0002539999969973902,11.0
marae,0.01469946950200867,-0.0007606851220692207,0.01393878437993945,0.01546015462407789,0.01546015462407789,177.0
marama,0.00018072506958922524,-0.00011534589166179339,6.537917792743185e-05,0.0002960709612510186,0.0002960709612510186,59.0
maramataka,-8.714391366095359e-05,0.00016685608333643666,7.971216967548307e-05,-0.0002539999969973902,0.0002539999969973902,10.0
maranga,-8.714391366095359e-05,0.00016685608333643666,7.971216967548307e-05,-0.0002539999969973902,0.0002539999969973902,9.0
marangai,1.16920977008847e-05,-1.1193539206575209e-05,4.985584943094908e-07,2.2885636907459907e-05,2.2885636907459907e-05,11.0
marara,1.16920977008847e-05,-1.1193539206575209e-05,4.985584943094908e-07,2.2885636907459907e-05,2.2885636907459907e-05,18.0
marautanga,-8.714391366095359e-05,0.00016685608333643666,7.971216967548307e-05,-0.0002539999969973902,0.0002539999969973902,9.0
maremare,1.16920977008847e-05,-1.1193539206575209e-05,4.985584943094908e-07,2.2885636907459907e-05,2.2885636907459907e-05,10.0
marere,-8.714391366095359e-05,0.00016685608333643666,7.971216967548307e-05,-0.0002539999969973902,0.0002539999969973902,9.0
mareti,-8.714391366095359e-05,0.00016685608333643666,7.971216967548307e-05,-0.0002539999969973902,0.0002539999969973902,9.0
maringi,-8.714391366095359e-05,0.00016685608333643666,7.971216967548307e-05,-0.0002539999969973902,0.0002539999969973902,15.0
marino,0.00018072506958922524,-0.00011534589166179339,6.537917792743185e-05,0.0002960709612510186,0.0002960709612510186,17.0
maro,-8.714391366095359e-05,0.00016685608333643666,7.971216967548307e-05,-0.0002539999969973902,0.0002539999969973902,10.0
maroke,0.00018072506958922524,-0.00011534589166179339,6.537917792743185e-05,0.0002960709612510186,0.0002960709612510186,13.0
maru,-8.714391366095359e-05,0.00016685608333643666,7.971216967548307e-05,-0.0002539999969973902,0.0002539999969973902,67.0
marumaru,-8.714391366095359e-05,0.00016685608333643666,7.971216967548307e-05,-0.0002539999969973902,0.0002539999969973902,11.0
marū,-8.714391366095359e-05,0.00016685608333643666,7.971216967548307e-05,-0.0002539999969973902,0.0002539999969973902,9.0
mata,1.16920977008847e-05,-1.1193539206575209e-05,4.985584943094908e-07,2.2885636907459907e-05,2.2885636907459907e-05,43.0
mataara,-8.714391366095359e-05,0.00016685608333643666,7.971216967548307e-05,-0.0002539999969973902,0.0002539999969973902,25.0
matakite,-8.714391366095359e-05,0.00016685608333643666,7.971216967548307e-05,-0.0002539999969973902,0.0002539999969973902,10.0
mataku,0.0022176205534817518,-0.00042461196007328474,0.001793008593408467,0.0026422325135550366,0.0026422325135550366,35.0
matapihi,-8.714391366095359e-05,0.00016685608333643666,7.971216967548307e-05,-0.0002539999969973902,0.0002539999969973902,9.0
matapiko,1.16920977008847e-05,-1.1193539206575209e-05,4.985584943094908e-07,2.2885636907459907e-05,2.2885636907459907e-05,9.0
matatau,0.00018072506958922524,-0.00011534589166179339,6.537917792743185e-05,0.0002960709612510186,0.0002960709612510186,62.0
matau,-8.714391366095359e-05,0.00016685608333643666,7.971216967548307e-05,-0.0002539999969973902,0.0002539999969973902,12.0
mate,0.002954659378630403,-0.0004714451367478172,0.002483214241882586,0.0034261045153782203,0.0034261045153782203,185.0
matekai,-8.714391366095359e-05,0.00016685608333643666,7.971216967548307e-05,-0.0002539999969973902,0.0002539999969973902,10.0
matemate,0.00018072506958922524,-0.00011534589166179339,6.537917792743185e-05,0.0002960709612510186,0.0002960709612510186,34.0
matemateao,-8.714391366095359e-05,0.00016685608333643666,7.971216967548307e-05,-0.0002539999969973902,0.0002539999969973902,9.0
matenga,-8.714391366095359e-05,0.00016685608333643666,7.971216967548307e-05,-0.0002539999969973902,0.0002539999969973902,29.0
matetanga,-8.714391366095359e-05,0.00016685608333643666,7.971216967548307e-05,-0.0002539999969973902,0.0002539999969973902,11.0
matika,-8.714391366095359e-05,0.00016685608333643666,7.971216967548307e-05,-0.0002539999969973902,0.0002539999969973902,9.0
matora,-8.714391366095359e-05,0.00016685608333643666,7.971216967548307e-05,-0.0002539999969973902,0.0002539999969973902,9.0
matua,-8.714391366095359e-05,0.00016685608333643666,7.971216967548307e-05,-0.0002539999969973902,0.0002539999969973902,18.0
matā,-8.714391366095359e-05,0.00016685608333643666,7.971216967548307e-05,-0.0002539999969973902,0.0002539999969973902,16.0
matū,-8.714391366095359e-05,0.00016685608333643666,7.971216967548307e-05,-0.0002539999969973902,0.0002539999969973902,9.0
mau,0.00735011234372336,-0.0034701528679225825,0.0038799594758007778,0.010820265211645943,0.010820265211645943,596.0
mauhere,-8.714391366095359e-05,0.00016685608333643666,7.971216967548307e-05,-0.0002539999969973902,0.0002539999969973902,22.0
mauherehere,-8.714391366095359e-05,0.00016685608333643666,7.971216967548307e-05,-0.0002539999969973902,0.0002539999969973902,9.0
maumahara,0.003399305383438139,-0.0007657310203275226,0.0026335743631106163,0.004165036403765662,0.004165036403765662,61.0
maumaharatanga,-8.714391366095359e-05,0.00016685608333643666,7.971216967548307e-05,-0.0002539999969973902,0.0002539999969973902,9.0
maumau,-8.714391366095359e-05,0.00016685608333643666,7.971216967548307e-05,-0.0002539999969973902,0.0002539999969973902,11.0
maunga,-8.714391366095359e-05,0.00016685608333643666,7.971216967548307e-05,-0.0002539999969973902,0.0002539999969973902,31.0
maunu,-8.714391366095359e-05,0.00016685608333643666,7.971216967548307e-05,-0.0002539999969973902,0.0002539999969973902,12.0
mauri,-8.714391366095359e-05,0.00016685608333643666,7.971216967548307e-05,-0.0002539999969973902,0.0002539999969973902,42.0
mautanga,-8.714391366095359e-05,0.00016685608333643666,7.971216967548307e-05,-0.0002539999969973902,0.0002539999969973902,12.0
mawehe,-8.714391366095359e-05,0.00016685608333643666,7.971216967548307e-05,-0.0002539999969973902,0.0002539999969973902,9.0
mc,-8.714391366095359e-05,0.00016685608333643666,7.971216967548307e-05,-0.0002539999969973902,0.0002539999969973902,9.0
mea,-1.96699864328833e-05,1.9822363874526767e-05,1.5237744164346576e-07,-3.949235030741007e-05,3.949235030741007e-05,1116.0
meahia,-8.714391366095359e-05,0.00016685608333643666,7.971216967548307e-05,-0.0002539999969973902,0.0002539999969973902,11.0
meke,-8.714391366095359e-05,0.00016685608333643666,7.971216967548307e-05,-0.0002539999969973902,0.0002539999969973902,10.0
mekemeke,-8.714391366095359e-05,0.00016685608333643666,7.971216967548307e-05,-0.0002539999969973902,0.0002539999969973902,9.0
mema,-0.0001801338761723495,0.0006898114117588971,0.0005096775355865476,-0.0008699452879312466,0.0008699452879312466,27.0
memeha,1.16920977008847e-05,-1.1193539206575209e-05,4.985584943094908e-07,2.2885636907459907e-05,2.2885636907459907e-05,13.0
mene,-8.714391366095359e-05,0.00016685608333643666,7.971216967548307e-05,-0.0002539999969973902,0.0002539999969973902,23.0
menetia,-8.714391366095359e-05,0.00016685608333643666,7.971216967548307e-05,-0.0002539999969973902,0.0002539999969973902,9.0
mere,-8.714391366095359e-05,0.00016685608333643666,7.971216967548307e-05,-0.0002539999969973902,0.0002539999969973902,9.0
mihi,0.04379497579125087,-0.0028186574873494893,0.04097631830390138,0.04661363327860036,0.04661363327860036,526.0
mihimihi,-8.714391366095359e-05,0.00016685608333643666,7.971216967548307e-05,-0.0002539999969973902,0.0002539999969973902,11.0
mikirapu,-8.714391366095359e-05,0.00016685608333643666,7.971216967548307e-05,-0.0002539999969973902,0.0002539999969973902,9.0
mimi,-8.714391366095359e-05,0.00016685608333643666,7.971216967548307e-05,-0.0002539999969973902,0.0002539999969973902,13.0
mimiti,1.16920977008847e-05,-1.1193539206575209e-05,4.985584943094908e-07,2.2885636907459907e-05,2.2885636907459907e-05,13.0
mince,-8.714391366095359e-05,0.00016685608333643666,7.971216967548307e-05,-0.0002539999969973902,0.0002539999969973902,9.0
minenga,-8.714391366095359e-05,0.00016685608333643666,7.971216967548307e-05,-0.0002539999969973902,0.0002539999969973902,10.0
minita,0.00039534404544735313,-0.0001892431617495871,0.00020610088369776603,0.0005845872071969403,0.0005845872071969403,91.0
miraka,-8.714391366095359e-05,0.00016685608333643666,7.971216967548307e-05,-0.0002539999969973902,0.0002539999969973902,13.0
miri,-8.714391366095359e-05,0.00016685608333643666,7.971216967548307e-05,-0.0002539999969973902,0.0002539999969973902,10.0
mirimiri,1.16920977008847e-05,-1.1193539206575209e-05,4.985584943094908e-07,2.2885636907459907e-05,2.2885636907459907e-05,15.0
miro,-8.714391366095359e-05,0.00016685608333643666,7.971216967548307e-05,-0.0002539999969973902,0.0002539999969973902,11.0
mita,-8.714391366095359e-05,0.00016685608333643666,7.971216967548307e-05,-0.0002539999969973902,0.0002539999969973902,18.0
mmp,-8.714391366095359e-05,0.00016685608333643666,7.971216967548307e-05,-0.0002539999969973902,0.0002539999969973902,9.0
moana,-8.714391366095359e-05,0.00016685608333643666,7.971216967548307e-05,-0.0002539999969973902,0.0002539999969973902,38.0
moana-nui-ā-kiwa,-8.714391366095359e-05,0.00016685608333643666,7.971216967548307e-05,-0.0002539999969973902,0.0002539999969973902,12.0
moari,-8.714391366095359e-05,0.00016685608333643666,7.971216967548307e-05,-0.0002539999969973902,0.0002539999969973902,10.0
moe,0.00035552296279364433,-0.00025527242788310673,0.0001002505349105376,0.0006107953906767511,0.0006107953906767511,248.0
moemoe,-0.0001801338761723495,0.0006898114117588971,0.0005096775355865476,-0.0008699452879312466,0.0008699452879312466,16.0
moemoeā,1.16920977008847e-05,-1.1193539206575209e-05,4.985584943094908e-07,2.2885636907459907e-05,2.2885636907459907e-05,13.0
moenga,-8.714391366095359e-05,0.00016685608333643666,7.971216967548307e-05,-0.0002539999969973902,0.0002539999969973902,12.0
moetanga,-8.714391366095359e-05,0.00016685608333643666,7.971216967548307e-05,-0.0002539999969973902,0.0002539999969973902,10.0
moka,-8.714391366095359e-05,0.00016685608333643666,7.971216967548307e-05,-0.0002539999969973902,0.0002539999969973902,11.0
moke,-8.714391366095359e-05,0.00016685608333643666,7.971216967548307e-05,-0.0002539999969973902,0.0002539999969973902,9.0
mokemoke,-8.714391366095359e-05,0.00016685608333643666,7.971216967548307e-05,-0.0002539999969973902,0.0002539999969973902,10.0
moko,-8.714391366095359e-05,0.00016685608333643666,7.971216967548307e-05,-0.0002539999969973902,0.0002539999969973902,11.0
mokopuna,-8.714391366095359e-05,0.00016685608333643666,7.971216967548307e-05,-0.0002539999969973902,0.0002539999969973902,26.0
momi,-8.714391366095359e-05,0.00016685608333643666,7.971216967548307e-05,-0.0002539999969973902,0.0002539999969973902,11.0
momo,-8.714391366095359e-05,0.00016685608333643666,7.971216967548307e-05,-0.0002539999969973902,0.0002539999969973902,9.0
momoe,-8.714391366095359e-05,0.00016685608333643666,7.971216967548307e-05,-0.0002539999969973902,0.0002539999969973902,9.0
moni,1.16920977008847e-05,-1.1193539206575209e-05,4.985584943094908e-07,2.2885636907459907e-05,2.2885636907459907e-05,25.0
more,-8.714391366095359e-05,0.00016685608333643666,7.971216967548307e-05,-0.0002539999969973902,0.0002539999969973902,10.0
morimori,-0.0001801338761723495,0.0006898114117588971,0.0005096775355865476,-0.0008699452879312466,0.0008699452879312466,9.0
moss,-8.714391366095359e-05,0.00016685608333643666,7.971216967548307e-05,-0.0002539999969973902,0.0002539999969973902,9.0
motu,0.00018072506958922524,-0.00011534589166179339,6.537917792743185e-05,0.0002960709612510186,0.0002960709612510186,28.0
motu-ngangara,-0.0001801338761723495,0.0006898114117588971,0.0005096775355865476,-0.0008699452879312466,0.0008699452879312466,9.0
motukā,-8.714391366095359e-05,0.00016685608333643666,7.971216967548307e-05,-0.0002539999969973902,0.0002539999969973902,9.0
motumotu,-8.714391366095359e-05,0.00016685608333643666,7.971216967548307e-05,-0.0002539999969973902,0.0002539999969973902,9.0
moumou,0.00018072506958922524,-0.00011534589166179339,6.537917792743185e-05,0.0002960709612510186,0.0002960709612510186,21.0
moutere,0.00018072506958922524,-0.00011534589166179339,6.537917792743185e-05,0.0002960709612510186,0.0002960709612510186,39.0
mua,0.00018072506958922524,-0.00011534589166179339,6.537917792743185e-05,0.0002960709612510186,0.0002960709612510186,10.0
mui,0.0015346077909858737,-0.000367292784292599,0.0011673150066932748,0.0019019005752784726,0.0019019005752784726,21.0
muku,-0.0001801338761723495,0.0006898114117588971,0.0005096775355865476,-0.0008699452879312466,0.0008699452879312466,12.0
mura,-8.714391366095359e-05,0.00016685608333643666,7.971216967548307e-05,-0.0002539999969973902,0.0002539999969973902,26.0
muramura,-8.714391366095359e-05,0.00016685608333643666,7.971216967548307e-05,-0.0002539999969973902,0.0002539999969973902,13.0
muru,-0.0004690590343699645,0.002694348350008001,0.0022252893156380366,-0.0031634073843779652,0.0031634073843779652,21.0
murunga,-8.714391366095359e-05,0.00016685608333643666,7.971216967548307e-05,-0.0002539999969973902,0.0002539999969973902,9.0
mutu,0.00039534404544735313,-0.0001892431617495871,0.00020610088369776603,0.0005845872071969403,0.0005845872071969403,528.0
mutumutu,-8.714391366095359e-05,0.00016685608333643666,7.971216967548307e-05,-0.0002539999969973902,0.0002539999969973902,9.0
mutunga,-8.714391366095359e-05,0.00016685608333643666,7.971216967548307e-05,-0.0002539999969973902,0.0002539999969973902,102.0
muturanga,-8.714391366095359e-05,0.00016685608333643666,7.971216967548307e-05,-0.0002539999969973902,0.0002539999969973902,13.0
mututanga,-8.714391366095359e-05,0.00016685608333643666,7.971216967548307e-05,-0.0002539999969973902,0.0002539999969973902,20.0
mā,-8.714391366095359e-05,0.00016685608333643666,7.971216967548307e-05,-0.0002539999969973902,0.0002539999969973902,11.0
māeneene,0.00018072506958922524,-0.00011534589166179339,6.537917792743185e-05,0.0002960709612510186,0.0002960709612510186,13.0
māharahara,0.0058495434247405635,-0.0005894858070222688,0.005260057617718294,0.006439029231762833,0.006439029231762833,37.0
māhia,-8.714391366095359e-05,0.00016685608333643666,7.971216967548307e-05,-0.0002539999969973902,0.0002539999969973902,12.0
māhita,-8.714391366095359e-05,0.00016685608333643666,7.971216967548307e-05,-0.0002539999969973902,0.0002539999969973902,11.0
māhorahora,-8.714391366095359e-05,0.00016685608333643666,7.971216967548307e-05,-0.0002539999969973902,0.0002539999969973902,9.0
māhunga,-8.714391366095359e-05,0.00016685608333643666,7.971216967548307e-05,-0.0002539999969973902,0.0002539999969973902,13.0
māhū,-8.714391366095359e-05,0.00016685608333643666,7.971216967548307e-05,-0.0002539999969973902,0.0002539999969973902,8.0
māia,-8.714391366095359e-05,0.00016685608333643666,7.971216967548307e-05,-0.0002539999969973902,0.0002539999969973902,17.0
māiatanga,-8.714391366095359e-05,0.00016685608333643666,7.971216967548307e-05,-0.0002539999969973902,0.0002539999969973902,9.0
māka,-8.714391366095359e-05,0.00016685608333643666,7.971216967548307e-05,-0.0002539999969973902,0.0002539999969973902,11.0
mākū,-8.714391366095359e-05,0.00016685608333643666,7.971216967548307e-05,-0.0002539999969973902,0.0002539999969973902,11.0
māminga,-8.714391366095359e-05,0.00016685608333643666,7.971216967548307e-05,-0.0002539999969973902,0.0002539999969973902,10.0
māmā,-8.714391366095359e-05,0.00016685608333643666,7.971216967548307e-05,-0.0002539999969973902,0.0002539999969973902,33.0
māngai,0.00018072506958922524,-0.00011534589166179339,6.537917792743185e-05,0.0002960709612510186,0.0002960709612510186,32.0
māngere,0.00018072506958922524,-0.00011534589166179339,6.537917792743185e-05,0.0002960709612510186,0.0002960709612510186,12.0
mānuka,-8.714391366095359e-05,0.00016685608333643666,7.971216967548307e-05,-0.0002539999969973902,0.0002539999969973902,10.0
mānutanga,-8.714391366095359e-05,0.00016685608333643666,7.971216967548307e-05,-0.0002539999969973902,0.0002539999969973902,9.0
māori,-8.714391366095359e-05,0.00016685608333643666,7.971216967548307e-05,-0.0002539999969973902,0.0002539999969973902,53.0
māoritanga,-8.714391366095359e-05,0.00016685608333643666,7.971216967548307e-05,-0.0002539999969973902,0.0002539999969973902,10.0
māra,1.16920977008847e-05,-1.1193539206575209e-05,4.985584943094908e-07,2.2885636907459907e-05,2.2885636907459907e-05,9.0
mārakerake,0.00018072506958922524,-0.00011534589166179339,6.537917792743185e-05,0.0002960709612510186,0.0002960709612510186,10.0
mārama,0.004142365445412119,-0.000528764312528503,0.0036136011328836157,0.004671129757940622,0.004671129757940622,111.0
māramatanga,-8.714391366095359e-05,0.00016685608333643666,7.971216967548307e-05,-0.0002539999969973902,0.0002539999969973902,15.0
mārena,-8.714391366095359e-05,0.00016685608333643666,7.971216967548307e-05,-0.0002539999969973902,0.0002539999969973902,15.0
mārenatanga,-8.714391366095359e-05,0.00016685608333643666,7.971216967548307e-05,-0.0002539999969973902,0.0002539999969973902,9.0
māroha,-8.714391366095359e-05,0.00016685608333643666,7.971216967548307e-05,-0.0002539999969973902,0.0002539999969973902,10.0
mārō,0.0012173834070815612,-0.0003329924008801863,0.0008843910062013749,0.0015503758079617475,0.0015503758079617475,38.0
mārōtanga,-8.714391366095359e-05,0.00016685608333643666,7.971216967548307e-05,-0.0002539999969973902,0.0002539999969973902,9.0
mātai,1.16920977008847e-05,-1.1193539206575209e-05,4.985584943094908e-07,2.2885636907459907e-05,2.2885636907459907e-05,9.0
mātaka,-8.714391366095359e-05,0.00016685608333643666,7.971216967548307e-05,-0.0002539999969973902,0.0002539999969973902,9.0
mātaki,1.16920977008847e-05,-1.1193539206575209e-05,4.985584943094908e-07,2.2885636907459907e-05,2.2885636907459907e-05,15.0
mātakitaki,2.33841954017694e-05,-2.2387078413150418e-05,9.971169886189816e-07,4.5771273814919814e-05,4.5771273814919814e-05,61.0
mātao,0.0006438604641838963,-0.0002465623375302729,0.0003972981266536234,0.0008904228017141692,0.0008904228017141692,14.0
mātau,0.006747247895249285,-0.0006151943758784164,0.0061320535193708685,0.007362442271127701,0.007362442271127701,76.0
mātauranga,-8.714391366095359e-05,0.00016685608333643666,7.971216967548307e-05,-0.0002539999969973902,0.0002539999969973902,45.0
mātenga,-8.714391366095359e-05,0.00016685608333643666,7.971216967548307e-05,-0.0002539999969973902,0.0002539999969973902,11.0
mātotoru,0.0006438604641838963,-0.0002465623375302729,0.0003972981266536234,0.0008904228017141692,0.0008904228017141692,23.0
mātotorutanga,-8.714391366095359e-05,0.00016685608333643666,7.971216967548307e-05,-0.0002539999969973902,0.0002539999969973902,11.0
mātua,-0.0001801338761723495,0.0006898114117588971,0.0005096775355865476,-0.0008699452879312466,0.0008699452879312466,14.0
māturuturu,-8.714391366095359e-05,0.00016685608333643666,7.971216967548307e-05,-0.0002539999969973902,0.0002539999969973902,15.0
mātāmua,-8.714391366095359e-05,0.00016685608333643666,7.971216967548307e-05,-0.0002539999969973902,0.0002539999969973902,17.0
mātāpuna,-8.714391366095359e-05,0.00016685608333643666,7.971216967548307e-05,-0.0002539999969973902,0.0002539999969973902,9.0
māuiui,0.000919389914246826,-0.0002933955142048053,0.0006259944000420207,0.0012127854284516312,0.0012127854284516312,27.0
māuiuitanga,-8.714391366095359e-05,0.00016685608333643666,7.971216967548307e-05,-0.0002539999969973902,0.0002539999969973902,9.0
māunu,-8.714391366095359e-05,0.00016685608333643666,7.971216967548307e-05,-0.0002539999969973902,0.0002539999969973902,10.0
mīhana,-8.714391366095359e-05,0.00016685608333643666,7.971216967548307e-05,-0.0002539999969973902,0.0002539999969973902,11.0
mīharo,0.000919389914246826,-0.0002933955142048053,0.0006259944000420207,0.0012127854284516312,0.0012127854284516312,30.0
mīharotanga,-8.714391366095359e-05,0.00016685608333643666,7.971216967548307e-05,-0.0002539999969973902,0.0002539999969973902,9.0
mīhini,-8.714391366095359e-05,0.00016685608333643666,7.971216967548307e-05,-0.0002539999969973902,0.0002539999969973902,12.0
mīti,-8.714391366095359e-05,0.00016685608333643666,7.971216967548307e-05,-0.0002539999969973902,0.0002539999969973902,9.0
mītingi,-8.714391366095359e-05,0.00016685608333643666,7.971216967548307e-05,-0.0002539999969973902,0.0002539999969973902,9.0
mōhio,0.10853235094024219,-0.003522185164630847,0.10501016577561134,0.11205453610487304,0.11205453610487304,1074.0
mōhioranga,-8.714391366095359e-05,0.00016685608333643666,7.971216967548307e-05,-0.0002539999969973902,0.0002539999969973902,9.0
mōhiotanga,-8.714391366095359e-05,0.00016685608333643666,7.971216967548307e-05,-0.0002539999969973902,0.0002539999969973902,11.0
mōkai,-8.714391366095359e-05,0.00016685608333643666,7.971216967548307e-05,-0.0002539999969973902,0.0002539999969973902,11.0
mōmona,0.00018072506958922524,-0.00011534589166179339,6.537917792743185e-05,0.0002960709612510186,0.0002960709612510186,16.0
mōrehu,1.16920977008847e-05,-1.1193539206575209e-05,4.985584943094908e-07,2.2885636907459907e-05,2.2885636907459907e-05,16.0
mōrena,-8.714391366095359e-05,0.00016685608333643666,7.971216967548307e-05,-0.0002539999969973902,0.0002539999969973902,10.0
mōteatea,-8.714391366095359e-05,0.00016685608333643666,7.971216967548307e-05,-0.0002539999969973902,0.0002539999969973902,10.0
mōtini,-8.714391366095359e-05,0.00016685608333643666,7.971216967548307e-05,-0.0002539999969973902,0.0002539999969973902,9.0
mōwai,-8.714391366095359e-05,0.00016685608333643666,7.971216967548307e-05,-0.0002539999969973902,0.0002539999969973902,9.0
nama,0.00018072506958922524,-0.00011534589166179339,6.537917792743185e-05,0.0002960709612510186,0.0002960709612510186,25.0
nanakia,-0.0001801338761723495,0.0006898114117588971,0.0005096775355865476,-0.0008699452879312466,0.0008699452879312466,12.0
national,-8.714391366095359e-05,0.00016685608333643666,7.971216967548307e-05,-0.0002539999969973902,0.0002539999969973902,8.0
nehu,-8.714391366095359e-05,0.00016685608333643666,7.971216967548307e-05,-0.0002539999969973902,0.0002539999969973902,12.0
nei,-8.714391366095359e-05,0.00016685608333643666,7.971216967548307e-05,-0.0002539999969973902,0.0002539999969973902,9.0
neke,0.00018072506958922524,-0.00011534589166179339,6.537917792743185e-05,0.0002960709612510186,0.0002960709612510186,76.0
nekeneke,1.16920977008847e-05,-1.1193539206575209e-05,4.985584943094908e-07,2.2885636907459907e-05,2.2885636907459907e-05,12.0
nekenga,-8.714391366095359e-05,0.00016685608333643666,7.971216967548307e-05,-0.0002539999969973902,0.0002539999969973902,13.0
netipaoro,-8.714391366095359e-05,0.00016685608333643666,7.971216967548307e-05,-0.0002539999969973902,0.0002539999969973902,10.0
new,-8.714391366095359e-05,0.00016685608333643666,7.971216967548307e-05,-0.0002539999969973902,0.0002539999969973902,9.0
ngahau,-8.714391366095359e-05,0.00016685608333643666,7.971216967548307e-05,-0.0002539999969973902,0.0002539999969973902,9.0
ngahere,-8.714391366095359e-05,0.00016685608333643666,7.971216967548307e-05,-0.0002539999969973902,0.0002539999969973902,16.0
ngahoro,0.00039534404544735313,-0.0001892431617495871,0.00020610088369776603,0.0005845872071969403,0.0005845872071969403,13.0
ngahorotanga,-8.714391366095359e-05,0.00016685608333643666,7.971216967548307e-05,-0.0002539999969973902,0.0002539999969973902,10.0
ngahua,-8.714391366095359e-05,0.00016685608333643666,7.971216967548307e-05,-0.0002539999969973902,0.0002539999969973902,9.0
ngaki,1.16920977008847e-05,-1.1193539206575209e-05,4.985584943094908e-07,2.2885636907459907e-05,2.2885636907459907e-05,12.0
ngako,-8.714391366095359e-05,0.00016685608333643666,7.971216967548307e-05,-0.0002539999969973902,0.0002539999969973902,9.0
ngana,-8.714391366095359e-05,0.00016685608333643666,7.971216967548307e-05,-0.0002539999969973902,0.0002539999969973902,9.0
nganga,-8.714391366095359e-05,0.00016685608333643666,7.971216967548307e-05,-0.0002539999969973902,0.0002539999969973902,9.0
ngangaeore,-8.714391366095359e-05,0.00016685608333643666,7.971216967548307e-05,-0.0002539999969973902,0.0002539999969973902,10.0
ngangaro,-8.714391366095359e-05,0.00016685608333643666,7.971216967548307e-05,-0.0002539999969973902,0.0002539999969973902,9.0
ngapu,1.16920977008847e-05,-1.1193539206575209e-05,4.985584943094908e-07,2.2885636907459907e-05,2.2885636907459907e-05,9.0
ngaro,0.003340477881060673,-0.0004920058117217542,0.0028484720693389186,0.003832483692782427,0.003832483692782427,154.0
ngaronga,-8.714391366095359e-05,0.00016685608333643666,7.971216967548307e-05,-0.0002539999969973902,0.0002539999969973902,15.0
ngarongaro,0.00039534404544735313,-0.0001892431617495871,0.00020610088369776603,0.0005845872071969403,0.0005845872071969403,18.0
ngarotanga,-8.714391366095359e-05,0.00016685608333643666,7.971216967548307e-05,-0.0002539999969973902,0.0002539999969973902,11.0
ngaru,-8.714391366095359e-05,0.00016685608333643666,7.971216967548307e-05,-0.0002539999969973902,0.0002539999969973902,10.0
ngatari,-8.714391366095359e-05,0.00016685608333643666,7.971216967548307e-05,-0.0002539999969973902,0.0002539999969973902,11.0
ngau,-0.00017428782732190718,0.0003337121666728733,0.00015942433935096613,-0.0005079999939947804,0.0005079999939947804,26.0
ngaungau,-8.714391366095359e-05,0.00016685608333643666,7.971216967548307e-05,-0.0002539999969973902,0.0002539999969973902,10.0
ngawhā,1.16920977008847e-05,-1.1193539206575209e-05,4.985584943094908e-07,2.2885636907459907e-05,2.2885636907459907e-05,9.0
ngenge,1.16920977008847e-05,-1.1193539206575209e-05,4.985584943094908e-07,2.2885636907459907e-05,2.2885636907459907e-05,16.0
ngohengohe,-8.714391366095359e-05,0.00016685608333643666,7.971216967548307e-05,-0.0002539999969973902,0.0002539999969973902,10.0
ngoikore,0.000919389914246826,-0.0002933955142048053,0.0006259944000420207,0.0012127854284516312,0.0012127854284516312,24.0
ngote,-8.714391366095359e-05,0.00016685608333643666,7.971216967548307e-05,-0.0002539999969973902,0.0002539999969973902,10.0
ngotengote,-8.714391366095359e-05,0.00016685608333643666,7.971216967548307e-05,-0.0002539999969973902,0.0002539999969973902,9.0
nguha,-8.714391366095359e-05,0.00016685608333643666,7.971216967548307e-05,-0.0002539999969973902,0.0002539999969973902,9.0
ngunguru,-8.714391366095359e-05,0.00016685608333643666,7.971216967548307e-05,-0.0002539999969973902,0.0002539999969973902,10.0
ngutu,1.16920977008847e-05,-1.1193539206575209e-05,4.985584943094908e-07,2.2885636907459907e-05,2.2885636907459907e-05,9.0
ngāherehere,-8.714391366095359e-05,0.00016685608333643666,7.971216967548307e-05,-0.0002539999969973902,0.0002539999969973902,10.0
ngākau,0.0006438604641838963,-0.0002465623375302729,0.0003972981266536234,0.0008904228017141692,0.0008904228017141692,46.0
ngākaunui,0.00039534404544735313,-0.0001892431617495871,0.00020610088369776603,0.0005845872071969403,0.0005845872071969403,28.0
ngārara,-8.714391366095359e-05,0.00016685608333643666,7.971216967548307e-05,-0.0002539999969973902,0.0002539999969973902,8.0
ngāruru,1.16920977008847e-05,-1.1193539206575209e-05,4.985584943094908e-07,2.2885636907459907e-05,2.2885636907459907e-05,9.0
ngātahi,-8.714391366095359e-05,0.00016685608333643666,7.971216967548307e-05,-0.0002539999969973902,0.0002539999969973902,9.0
ngāti,-8.714391366095359e-05,0.00016685608333643666,7.971216967548307e-05,-0.0002539999969973902,0.0002539999969973902,9.0
ngāwari,1.16920977008847e-05,-1.1193539206575209e-05,4.985584943094908e-07,2.2885636907459907e-05,2.2885636907459907e-05,30.0
ngōki,-8.714391366095359e-05,0.00016685608333643666,7.971216967548307e-05,-0.0002539999969973902,0.0002539999969973902,12.0
ngū,1.16920977008847e-05,-1.1193539206575209e-05,4.985584943094908e-07,2.2885636907459907e-05,2.2885636907459907e-05,9.0
night,-8.714391366095359e-05,0.00016685608333643666,7.971216967548307e-05,-0.0002539999969973902,0.0002539999969973902,10.0
niho,-8.714391366095359e-05,0.00016685608333643666,7.971216967548307e-05,-0.0002539999969973902,0.0002539999969973902,10.0
nineteen,-8.714391366095359e-05,0.00016685608333643666,7.971216967548307e-05,-0.0002539999969973902,0.0002539999969973902,9.0
niupepa,-8.714391366095359e-05,0.00016685608333643666,7.971216967548307e-05,-0.0002539999969973902,0.0002539999969973902,12.0
nohinohi,-8.714391366095359e-05,0.00016685608333643666,7.971216967548307e-05,-0.0002539999969973902,0.0002539999969973902,11.0
noho,0.030647907577302656,-0.0037685766774250133,0.02687933089987764,0.03441648425472767,0.03441648425472767,988.0
nohoanga,-8.714391366095359e-05,0.00016685608333643666,7.971216967548307e-05,-0.0002539999969973902,0.0002539999969973902,14.0
nohonga,-8.714391366095359e-05,0.00016685608333643666,7.971216967548307e-05,-0.0002539999969973902,0.0002539999969973902,15.0
nohonoho,-8.714391366095359e-05,0.00016685608333643666,7.971216967548307e-05,-0.0002539999969973902,0.0002539999969973902,18.0
nohopuku,0.00018072506958922524,-0.00011534589166179339,6.537917792743185e-05,0.0002960709612510186,0.0002960709612510186,11.0
nohotanga,-8.714391366095359e-05,0.00016685608333643666,7.971216967548307e-05,-0.0002539999969973902,0.0002539999969973902,10.0
nui,0.0086172024833628,-0.0006599807583969824,0.007957221724965819,0.009277183241759782,0.009277183241759782,399.0
nuinga,0.00018072506958922524,-0.00011534589166179339,6.537917792743185e-05,0.0002960709612510186,0.0002960709612510186,274.0
nuku,-8.714391366095359e-05,0.00016685608333643666,7.971216967548307e-05,-0.0002539999969973902,0.0002539999969973902,52.0
nukunuku,-8.714391366095359e-05,0.00016685608333643666,7.971216967548307e-05,-0.0002539999969973902,0.0002539999969973902,11.0
nunui,-8.714391366095359e-05,0.00016685608333643666,7.971216967548307e-05,-0.0002539999969973902,0.0002539999969973902,13.0
nunumi,-8.714391366095359e-05,0.00016685608333643666,7.971216967548307e-05,-0.0002539999969973902,0.0002539999969973902,9.0
nz,-8.714391366095359e-05,0.00016685608333643666,7.971216967548307e-05,-0.0002539999969973902,0.0002539999969973902,9.0
nzei,-8.714391366095359e-05,0.00016685608333643666,7.971216967548307e-05,-0.0002539999969973902,0.0002539999969973902,11.0
nānā,-8.714391366095359e-05,0.00016685608333643666,7.971216967548307e-05,-0.0002539999969973902,0.0002539999969973902,11.0
nēra,-8.714391366095359e-05,0.00016685608333643666,7.971216967548307e-05,-0.0002539999969973902,0.0002539999969973902,10.0
nīkau,-8.714391366095359e-05,0.00016685608333643666,7.971216967548307e-05,-0.0002539999969973902,0.0002539999969973902,9.0
nūpepa,-8.714391366095359e-05,0.00016685608333643666,7.971216967548307e-05,-0.0002539999969973902,0.0002539999969973902,10.0
oati,-8.714391366095359e-05,0.00016685608333643666,7.971216967548307e-05,-0.0002539999969973902,0.0002539999969973902,12.0
oha,-8.714391366095359e-05,0.00016685608333643666,7.971216967548307e-05,-0.0002539999969973902,0.0002539999969973902,9.0
ohia,-8.714391366095359e-05,0.00016685608333643666,7.971216967548307e-05,-0.0002539999969973902,0.0002539999969973902,9.0
oho,0.00018072506958922524,-0.00011534589166179339,6.537917792743185e-05,0.0002960709612510186,0.0002960709612510186,35.0
ohooho,0.00018072506958922524,-0.00011534589166179339,6.537917792743185e-05,0.0002960709612510186,0.0002960709612510186,15.0
ohorere,0.0001789106516269165,-0.00013702542997452203,4.188522165239446e-05,0.00031593608160143856,0.00031593608160143856,20.0
ohoreretanga,-8.714391366095359e-05,0.00016685608333643666,7.971216967548307e-05,-0.0002539999969973902,0.0002539999969973902,9.0
ohu,1.16920977008847e-05,-1.1193539206575209e-05,4.985584943094908e-07,2.2885636907459907e-05,2.2885636907459907e-05,11.0
oioi,1.16920977008847e-05,-1.1193539206575209e-05,4.985584943094908e-07,2.2885636907459907e-05,2.2885636907459907e-05,9.0
oka,-8.714391366095359e-05,0.00016685608333643666,7.971216967548307e-05,-0.0002539999969973902,0.0002539999969973902,8.0
okioki,-8.714391366095359e-05,0.00016685608333643666,7.971216967548307e-05,-0.0002539999969973902,0.0002539999969973902,20.0
oma,0.0006438604641838963,-0.0002465623375302729,0.0003972981266536234,0.0008904228017141692,0.0008904228017141692,29.0
omaoma,-8.714391366095359e-05,0.00016685608333643666,7.971216967548307e-05,-0.0002539999969973902,0.0002539999969973902,10.0
one,1.16920977008847e-05,-1.1193539206575209e-05,4.985584943094908e-07,2.2885636907459907e-05,2.2885636907459907e-05,12.0
oneone,-8.714391366095359e-05,0.00016685608333643666,7.971216967548307e-05,-0.0002539999969973902,0.0002539999969973902,11.0
onepū,-8.714391366095359e-05,0.00016685608333643666,7.971216967548307e-05,-0.0002539999969973902,0.0002539999969973902,9.0
ono,-8.714391366095359e-05,0.00016685608333643666,7.971216967548307e-05,-0.0002539999969973902,0.0002539999969973902,51.0
opa,-8.714391366095359e-05,0.00016685608333643666,7.971216967548307e-05,-0.0002539999969973902,0.0002539999969973902,9.0
ope,-8.714391366095359e-05,0.00016685608333643666,7.971216967548307e-05,-0.0002539999969973902,0.0002539999969973902,17.0
ora,0.007876678238923483,-0.0010401119532482818,0.006836566285675201,0.008916790192171765,0.008916790192171765,731.0
oranga,-0.0001801338761723495,0.0006898114117588971,0.0005096775355865476,-0.0008699452879312466,0.0008699452879312466,38.0
ore,-8.714391366095359e-05,0.00016685608333643666,7.971216967548307e-05,-0.0002539999969973902,0.0002539999969973902,10.0
oreore,1.16920977008847e-05,-1.1193539206575209e-05,4.985584943094908e-07,2.2885636907459907e-05,2.2885636907459907e-05,10.0
oriori,1.16920977008847e-05,-1.1193539206575209e-05,4.985584943094908e-07,2.2885636907459907e-05,2.2885636907459907e-05,9.0
oro,-8.714391366095359e-05,0.00016685608333643666,7.971216967548307e-05,-0.0002539999969973902,0.0002539999969973902,9.0
orokohanga,-8.714391366095359e-05,0.00016685608333643666,7.971216967548307e-05,-0.0002539999969973902,0.0002539999969973902,9.0
otaota,-8.714391366095359e-05,0.00016685608333643666,7.971216967548307e-05,-0.0002539999969973902,0.0002539999969973902,9.0
oti,-0.00034857565464381437,0.0006674243333457466,0.00031884867870193227,-0.001015999987989561,0.001015999987989561,342.0
otihanga,-8.714391366095359e-05,0.00016685608333643666,7.971216967548307e-05,-0.0002539999969973902,0.0002539999969973902,10.0
otinga,-8.714391366095359e-05,0.00016685608333643666,7.971216967548307e-05,-0.0002539999969973902,0.0002539999969973902,17.0
otioti,-8.714391366095359e-05,0.00016685608333643666,7.971216967548307e-05,-0.0002539999969973902,0.0002539999969973902,8.0
otitanga,-8.714391366095359e-05,0.00016685608333643666,7.971216967548307e-05,-0.0002539999969973902,0.0002539999969973902,9.0
pacific,-8.714391366095359e-05,0.00016685608333643666,7.971216967548307e-05,-0.0002539999969973902,0.0002539999969973902,9.0
packhouse,-8.714391366095359e-05,0.00016685608333643666,7.971216967548307e-05,-0.0002539999969973902,0.0002539999969973902,10.0
pae,-8.714391366095359e-05,0.00016685608333643666,7.971216967548307e-05,-0.0002539999969973902,0.0002539999969973902,20.0
paenga,-8.714391366095359e-05,0.00016685608333643666,7.971216967548307e-05,-0.0002539999969973902,0.0002539999969973902,12.0
paepae,0.00039534404544735313,-0.0001892431617495871,0.00020610088369776603,0.0005845872071969403,0.0005845872071969403,12.0
paera,1.16920977008847e-05,-1.1193539206575209e-05,4.985584943094908e-07,2.2885636907459907e-05,2.2885636907459907e-05,10.0
paeroa,-8.714391366095359e-05,0.00016685608333643666,7.971216967548307e-05,-0.0002539999969973902,0.0002539999969973902,10.0
pahemo,-8.714391366095359e-05,0.00016685608333643666,7.971216967548307e-05,-0.0002539999969973902,0.0002539999969973902,11.0
pahi,-8.714391366095359e-05,0.00016685608333643666,7.971216967548307e-05,-0.0002539999969973902,0.0002539999969973902,9.0
pahore,-8.714391366095359e-05,0.00016685608333643666,7.971216967548307e-05,-0.0002539999969973902,0.0002539999969973902,10.0
pahure,-8.714391366095359e-05,0.00016685608333643666,7.971216967548307e-05,-0.0002539999969973902,0.0002539999969973902,20.0
pahuretanga,-8.714391366095359e-05,0.00016685608333643666,7.971216967548307e-05,-0.0002539999969973902,0.0002539999969973902,10.0
pahū,1.16920977008847e-05,-1.1193539206575209e-05,4.985584943094908e-07,2.2885636907459907e-05,2.2885636907459907e-05,30.0
pahūpahū,0.00018072506958922524,-0.00011534589166179339,6.537917792743185e-05,0.0002960709612510186,0.0002960709612510186,10.0
pahūtanga,-8.714391366095359e-05,0.00016685608333643666,7.971216967548307e-05,-0.0002539999969973902,0.0002539999969973902,13.0
pai,0.06636248142732151,-0.0018415287809753463,0.06452095264634616,0.06820401020829686,0.06820401020829686,573.0
paihana,1.16920977008847e-05,-1.1193539206575209e-05,4.985584943094908e-07,2.2885636907459907e-05,2.2885636907459907e-05,10.0
paiheneti,-8.714391366095359e-05,0.00016685608333643666,7.971216967548307e-05,-0.0002539999969973902,0.0002539999969973902,10.0
paihere,1.16920977008847e-05,-1.1193539206575209e-05,4.985584943094908e-07,2.2885636907459907e-05,2.2885636907459907e-05,16.0
paina,-8.714391366095359e-05,0.00016685608333643666,7.971216967548307e-05,-0.0002539999969973902,0.0002539999969973902,11.0
painga,-8.714391366095359e-05,0.00016685608333643666,7.971216967548307e-05,-0.0002539999969973902,0.0002539999969973902,22.0
paipai,-8.714391366095359e-05,0.00016685608333643666,7.971216967548307e-05,-0.0002539999969973902,0.0002539999969973902,9.0
paipera,-8.714391366095359e-05,0.00016685608333643666,7.971216967548307e-05,-0.0002539999969973902,0.0002539999969973902,9.0
paitini,-8.714391366095359e-05,0.00016685608333643666,7.971216967548307e-05,-0.0002539999969973902,0.0002539999969973902,9.0
pakanga,0.0001789106516269165,-0.00013702542997452203,4.188522165239446e-05,0.00031593608160143856,0.00031593608160143856,63.0
pakari,0.0012173834070815612,-0.0003329924008801863,0.0008843910062013749,0.0015503758079617475,0.0015503758079617475,60.0
pakaru,0.00039534404544735313,-0.0001892431617495871,0.00020610088369776603,0.0005845872071969403,0.0005845872071969403,52.0
pakarutanga,1.16920977008847e-05,-1.1193539206575209e-05,4.985584943094908e-07,2.2885636907459907e-05,2.2885636907459907e-05,10.0
pakeke,0.00018072506958922524,-0.00011534589166179339,6.537917792743185e-05,0.0002960709612510186,0.0002960709612510186,65.0
pakeketanga,-8.714391366095359e-05,0.00016685608333643666,7.971216967548307e-05,-0.0002539999969973902,0.0002539999969973902,11.0
pakepake,-8.714391366095359e-05,0.00016685608333643666,7.971216967548307e-05,-0.0002539999969973902,0.0002539999969973902,8.0
paki,-8.714391366095359e-05,0.00016685608333643666,7.971216967548307e-05,-0.0002539999969973902,0.0002539999969973902,11.0
pakinga,-8.714391366095359e-05,0.00016685608333643666,7.971216967548307e-05,-0.0002539999969973902,0.0002539999969973902,9.0
pakipaki,-8.714391366095359e-05,0.00016685608333643666,7.971216967548307e-05,-0.0002539999969973902,0.0002539999969973902,11.0
pakitara,-8.714391366095359e-05,0.00016685608333643666,7.971216967548307e-05,-0.0002539999969973902,0.0002539999969973902,10.0
paku,-8.714391366095359e-05,0.00016685608333643666,7.971216967548307e-05,-0.0002539999969973902,0.0002539999969973902,11.0
pakupaku,-8.714391366095359e-05,0.00016685608333643666,7.971216967548307e-05,-0.0002539999969973902,0.0002539999969973902,13.0
pana,1.16920977008847e-05,-1.1193539206575209e-05,4.985584943094908e-07,2.2885636907459907e-05,2.2885636907459907e-05,57.0
panapana,-8.714391366095359e-05,0.00016685608333643666,7.971216967548307e-05,-0.0002539999969973902,0.0002539999969973902,9.0
panepane,-8.714391366095359e-05,0.00016685608333643666,7.971216967548307e-05,-0.0002539999969973902,0.0002539999969973902,10.0
panga,-0.0001801338761723495,0.0006898114117588971,0.0005096775355865476,-0.0008699452879312466,0.0008699452879312466,19.0
pangapanga,-8.714391366095359e-05,0.00016685608333643666,7.971216967548307e-05,-0.0002539999969973902,0.0002539999969973902,9.0
pango,-8.714391366095359e-05,0.00016685608333643666,7.971216967548307e-05,-0.0002539999969973902,0.0002539999969973902,11.0
pani,-8.714391366095359e-05,0.00016685608333643666,7.971216967548307e-05,-0.0002539999969973902,0.0002539999969973902,15.0
pao,-8.714391366095359e-05,0.00016685608333643666,7.971216967548307e-05,-0.0002539999969973902,0.0002539999969973902,10.0
paoho,1.16920977008847e-05,-1.1193539206575209e-05,4.985584943094908e-07,2.2885636907459907e-05,2.2885636907459907e-05,24.0
paopao,-0.0001801338761723495,0.0006898114117588971,0.0005096775355865476,-0.0008699452879312466,0.0008699452879312466,9.0
paopaoa,-8.714391366095359e-05,0.00016685608333643666,7.971216967548307e-05,-0.0002539999969973902,0.0002539999969973902,10.0
paoro,-8.714391366095359e-05,0.00016685608333643666,7.971216967548307e-05,-0.0002539999969973902,0.0002539999969973902,12.0
papa,0.0015346077909858737,-0.000367292784292599,0.0011673150066932748,0.0019019005752784726,0.0019019005752784726,62.0
papahoro,-8.714391366095359e-05,0.00016685608333643666,7.971216967548307e-05,-0.0002539999969973902,0.0002539999969973902,10.0
papai,-8.714391366095359e-05,0.00016685608333643666,7.971216967548307e-05,-0.0002539999969973902,0.0002539999969973902,12.0
papaki,0.00018072506958922524,-0.00011534589166179339,6.537917792743185e-05,0.0002960709612510186,0.0002960709612510186,11.0
papanui,-8.714391366095359e-05,0.00016685608333643666,7.971216967548307e-05,-0.0002539999969973902,0.0002539999969973902,9.0
papaoro,0.0006438604641838963,-0.0002465623375302729,0.0003972981266536234,0.0008904228017141692,0.0008904228017141692,18.0
papatai,1.16920977008847e-05,-1.1193539206575209e-05,4.985584943094908e-07,2.2885636907459907e-05,2.2885636907459907e-05,9.0
papu,-8.714391366095359e-05,0.00016685608333643666,7.971216967548307e-05,-0.0002539999969973902,0.0002539999969973902,9.0
papā,-8.714391366095359e-05,0.00016685608333643666,7.971216967548307e-05,-0.0002539999969973902,0.0002539999969973902,10.0
para,-0.00034857565464381437,0.0006674243333457466,0.00031884867870193227,-0.001015999987989561,0.001015999987989561,15.0
parai,-8.714391366095359e-05,0.00016685608333643666,7.971216967548307e-05,-0.0002539999969973902,0.0002539999969973902,9.0
paraihe,-8.714391366095359e-05,0.00016685608333643666,7.971216967548307e-05,-0.0002539999969973902,0.0002539999969973902,10.0
paraire,-8.714391366095359e-05,0.00016685608333643666,7.971216967548307e-05,-0.0002539999969973902,0.0002539999969973902,16.0
paranihia,-8.714391366095359e-05,0.00016685608333643666,7.971216967548307e-05,-0.0002539999969973902,0.0002539999969973902,8.0
pararahi,-8.714391366095359e-05,0.00016685608333643666,7.971216967548307e-05,-0.0002539999969973902,0.0002539999969973902,9.0
paratī,-8.714391366095359e-05,0.00016685608333643666,7.971216967548307e-05,-0.0002539999969973902,0.0002539999969973902,9.0
parau,-0.0001801338761723495,0.0006898114117588971,0.0005096775355865476,-0.0008699452879312466,0.0008699452879312466,12.0
pare,-0.00017428782732190718,0.0003337121666728733,0.00015942433935096613,-0.0005079999939947804,0.0005079999939947804,20.0
parekura,-8.714391366095359e-05,0.00016685608333643666,7.971216967548307e-05,-0.0002539999969973902,0.0002539999969973902,9.0
parekuratanga,-8.714391366095359e-05,0.00016685608333643666,7.971216967548307e-05,-0.0002539999969973902,0.0002539999969973902,10.0
pari,-8.714391366095359e-05,0.00016685608333643666,7.971216967548307e-05,-0.0002539999969973902,0.0002539999969973902,9.0
pari-haka,-8.714391366095359e-05,0.00016685608333643666,7.971216967548307e-05,-0.0002539999969973902,0.0002539999969973902,9.0
paru,0.00018072506958922524,-0.00011534589166179339,6.537917792743185e-05,0.0002960709612510186,0.0002960709612510186,14.0
paruparu,-8.714391366095359e-05,0.00016685608333643666,7.971216967548307e-05,-0.0002539999969973902,0.0002539999969973902,9.0
pass,1.16920977008847e-05,-1.1193539206575209e-05,4.985584943094908e-07,2.2885636907459907e-05,2.2885636907459907e-05,9.0
passport,-8.714391366095359e-05,0.00016685608333643666,7.971216967548307e-05,-0.0002539999969973902,0.0002539999969973902,9.0
pata,-8.714391366095359e-05,0.00016685608333643666,7.971216967548307e-05,-0.0002539999969973902,0.0002539999969973902,9.0
patapatai,-0.0001801338761723495,0.0006898114117588971,0.0005096775355865476,-0.0008699452879312466,0.0008699452879312466,11.0
patia,-8.714391366095359e-05,0.00016685608333643666,7.971216967548307e-05,-0.0002539999969973902,0.0002539999969973902,10.0
patipati,-8.714391366095359e-05,0.00016685608333643666,7.971216967548307e-05,-0.0002539999969973902,0.0002539999969973902,10.0
patu,0.000722900278356901,-0.00046138356664717357,0.0002615167117097274,0.0011842838450040745,0.0011842838450040745,76.0
patunga,-8.714391366095359e-05,0.00016685608333643666,7.971216967548307e-05,-0.0002539999969973902,0.0002539999969973902,9.0
patupatu,1.16920977008847e-05,-1.1193539206575209e-05,4.985584943094908e-07,2.2885636907459907e-05,2.2885636907459907e-05,11.0
patō,-8.714391366095359e-05,0.00016685608333643666,7.971216967548307e-05,-0.0002539999969973902,0.0002539999969973902,9.0
pau,0.00039534404544735313,-0.0001892431617495871,0.00020610088369776603,0.0005845872071969403,0.0005845872071969403,102.0
paunga,-8.714391366095359e-05,0.00016685608333643666,7.971216967548307e-05,-0.0002539999969973902,0.0002539999969973902,18.0
pea,1.16920977008847e-05,-1.1193539206575209e-05,4.985584943094908e-07,2.2885636907459907e-05,2.2885636907459907e-05,9.0
pei,-0.0001801338761723495,0.0006898114117588971,0.0005096775355865476,-0.0008699452879312466,0.0008699452879312466,15.0
peita,-8.714391366095359e-05,0.00016685608333643666,7.971216967548307e-05,-0.0002539999969973902,0.0002539999969973902,11.0
peka,-8.714391366095359e-05,0.00016685608333643666,7.971216967548307e-05,-0.0002539999969973902,0.0002539999969973902,33.0
pekanga,-8.714391366095359e-05,0.00016685608333643666,7.971216967548307e-05,-0.0002539999969973902,0.0002539999969973902,9.0
peke,-8.714391366095359e-05,0.00016685608333643666,7.971216967548307e-05,-0.0002539999969973902,0.0002539999969973902,31.0
pekehanga,-8.714391366095359e-05,0.00016685608333643666,7.971216967548307e-05,-0.0002539999969973902,0.0002539999969973902,9.0
pekepeke,-8.714391366095359e-05,0.00016685608333643666,7.971216967548307e-05,-0.0002539999969973902,0.0002539999969973902,10.0
pekepoho,-8.714391366095359e-05,0.00016685608333643666,7.971216967548307e-05,-0.0002539999969973902,0.0002539999969973902,9.0
penu,-8.714391366095359e-05,0.00016685608333643666,7.971216967548307e-05,-0.0002539999969973902,0.0002539999969973902,10.0
pepa,-8.714391366095359e-05,0.00016685608333643666,7.971216967548307e-05,-0.0002539999969973902,0.0002539999969973902,10.0
pepeha,-8.714391366095359e-05,0.00016685608333643666,7.971216967548307e-05,-0.0002539999969973902,0.0002539999969973902,13.0
pere,-8.714391366095359e-05,0.00016685608333643666,7.971216967548307e-05,-0.0002539999969973902,0.0002539999969973902,9.0
perehitini,-8.714391366095359e-05,0.00016685608333643666,7.971216967548307e-05,-0.0002539999969973902,0.0002539999969973902,18.0
pereki,-8.714391366095359e-05,0.00016685608333643666,7.971216967548307e-05,-0.0002539999969973902,0.0002539999969973902,9.0
peruperu,-8.714391366095359e-05,0.00016685608333643666,7.971216967548307e-05,-0.0002539999969973902,0.0002539999969973902,9.0
perēhi,-8.714391366095359e-05,0.00016685608333643666,7.971216967548307e-05,-0.0002539999969973902,0.0002539999969973902,9.0
peti,-8.714391366095359e-05,0.00016685608333643666,7.971216967548307e-05,-0.0002539999969973902,0.0002539999969973902,9.0
petihana,-0.00017428782732190718,0.0003337121666728733,0.00015942433935096613,-0.0005079999939947804,0.0005079999939947804,10.0
piharau,-8.714391366095359e-05,0.00016685608333643666,7.971216967548307e-05,-0.0002539999969973902,0.0002539999969973902,9.0
pihi,-8.714391366095359e-05,0.00016685608333643666,7.971216967548307e-05,-0.0002539999969973902,0.0002539999969973902,9.0
pihinga,-8.714391366095359e-05,0.00016685608333643666,7.971216967548307e-05,-0.0002539999969973902,0.0002539999969973902,9.0
piki,0.0030692155819717474,-0.000734585568585198,0.0023346300133865495,0.0038038011505569453,0.0038038011505569453,133.0
pikitia,-8.714391366095359e-05,0.00016685608333643666,7.971216967548307e-05,-0.0002539999969973902,0.0002539999969973902,11.0
pinenga,-8.714391366095359e-05,0.00016685608333643666,7.971216967548307e-05,-0.0002539999969973902,0.0002539999969973902,9.0
pio,-8.714391366095359e-05,0.00016685608333643666,7.971216967548307e-05,-0.0002539999969973902,0.0002539999969973902,9.0
pioi,-8.714391366095359e-05,0.00016685608333643666,7.971216967548307e-05,-0.0002539999969973902,0.0002539999969973902,9.0
pirau,-8.714391366095359e-05,0.00016685608333643666,7.971216967548307e-05,-0.0002539999969973902,0.0002539999969973902,15.0
pire,-8.714391366095359e-05,0.00016685608333643666,7.971216967548307e-05,-0.0002539999969973902,0.0002539999969973902,19.0
piri,0.00039534404544735313,-0.0001892431617495871,0.00020610088369776603,0.0005845872071969403,0.0005845872071969403,47.0
pirihimana,-8.714391366095359e-05,0.00016685608333643666,7.971216967548307e-05,-0.0002539999969973902,0.0002539999969973902,12.0
pirimia,-8.714391366095359e-05,0.00016685608333643666,7.971216967548307e-05,-0.0002539999969973902,0.0002539999969973902,26.0
piringa,-8.714391366095359e-05,0.00016685608333643666,7.971216967548307e-05,-0.0002539999969973902,0.0002539999969973902,11.0
piripiri,-8.714391366095359e-05,0.00016685608333643666,7.971216967548307e-05,-0.0002539999969973902,0.0002539999969973902,9.0
piriti,-8.714391366095359e-05,0.00016685608333643666,7.971216967548307e-05,-0.0002539999969973902,0.0002539999969973902,11.0
piro,-8.714391366095359e-05,0.00016685608333643666,7.971216967548307e-05,-0.0002539999969973902,0.0002539999969973902,12.0
pitiana,-8.714391366095359e-05,0.00016685608333643666,7.971216967548307e-05,-0.0002539999969973902,0.0002539999969973902,8.0
pito,-8.714391366095359e-05,0.00016685608333643666,7.971216967548307e-05,-0.0002539999969973902,0.0002539999969973902,29.0
piu,-8.714391366095359e-05,0.00016685608333643666,7.971216967548307e-05,-0.0002539999969973902,0.0002539999969973902,13.0
playground,1.16920977008847e-05,-1.1193539206575209e-05,4.985584943094908e-07,2.2885636907459907e-05,2.2885636907459907e-05,9.0
poai,-8.714391366095359e-05,0.00016685608333643666,7.971216967548307e-05,-0.0002539999969973902,0.0002539999969973902,8.0
poari,1.16920977008847e-05,-1.1193539206575209e-05,4.985584943094908e-07,2.2885636907459907e-05,2.2885636907459907e-05,76.0
poho,-8.714391366095359e-05,0.00016685608333643666,7.971216967548307e-05,-0.0002539999969973902,0.0002539999969973902,14.0
poho-o-rāwiri,1.16920977008847e-05,-1.1193539206575209e-05,4.985584943094908e-07,2.2885636907459907e-05,2.2885636907459907e-05,9.0
pohū,-8.714391366095359e-05,0.00016685608333643666,7.971216967548307e-05,-0.0002539999969973902,0.0002539999969973902,8.0
poipoi,-0.0003030599201586864,0.0029013725210157316,0.0025983126008570453,-0.003204432441174418,0.003204432441174418,42.0
poitūkohu,-8.714391366095359e-05,0.00016685608333643666,7.971216967548307e-05,-0.0002539999969973902,0.0002539999969973902,9.0
poka,-8.714391366095359e-05,0.00016685608333643666,7.971216967548307e-05,-0.0002539999969973902,0.0002539999969973902,17.0
pokatanga,-8.714391366095359e-05,0.00016685608333643666,7.971216967548307e-05,-0.0002539999969973902,0.0002539999969973902,9.0
poke,-8.714391366095359e-05,0.00016685608333643666,7.971216967548307e-05,-0.0002539999969973902,0.0002539999969973902,11.0
poki,-8.714391366095359e-05,0.00016685608333643666,7.971216967548307e-05,-0.0002539999969973902,0.0002539999969973902,9.0
poko,-8.714391366095359e-05,0.00016685608333643666,7.971216967548307e-05,-0.0002539999969973902,0.0002539999969973902,9.0
policy,-8.714391366095359e-05,0.00016685608333643666,7.971216967548307e-05,-0.0002539999969973902,0.0002539999969973902,9.0
pono,-8.714391366095359e-05,0.00016685608333643666,7.971216967548307e-05,-0.0002539999969973902,0.0002539999969973902,17.0
pononga,-8.714391366095359e-05,0.00016685608333643666,7.971216967548307e-05,-0.0002539999969973902,0.0002539999969973902,11.0
popoki,-8.714391366095359e-05,0.00016685608333643666,7.971216967548307e-05,-0.0002539999969973902,0.0002539999969973902,8.0
poro,-8.714391366095359e-05,0.00016685608333643666,7.971216967548307e-05,-0.0002539999969973902,0.0002539999969973902,21.0
poroporo,-8.714391366095359e-05,0.00016685608333643666,7.971216967548307e-05,-0.0002539999969973902,0.0002539999969973902,12.0
poroporoaki,-8.714391366095359e-05,0.00016685608333643666,7.971216967548307e-05,-0.0002539999969973902,0.0002539999969973902,18.0
porotiti,-8.714391366095359e-05,0.00016685608333643666,7.971216967548307e-05,-0.0002539999969973902,0.0002539999969973902,9.0
porowhiu,-8.714391366095359e-05,0.00016685608333643666,7.971216967548307e-05,-0.0002539999969973902,0.0002539999969973902,11.0
poti,-8.714391366095359e-05,0.00016685608333643666,7.971216967548307e-05,-0.0002539999969973902,0.0002539999969973902,10.0
poto,0.0006438604641838963,-0.0002465623375302729,0.0003972981266536234,0.0008904228017141692,0.0008904228017141692,18.0
pou,1.16920977008847e-05,-1.1193539206575209e-05,4.985584943094908e-07,2.2885636907459907e-05,2.2885636907459907e-05,25.0
pou-e-rua,-8.714391366095359e-05,0.00016685608333643666,7.971216967548307e-05,-0.0002539999969973902,0.0002539999969973902,8.0
poua,-8.714391366095359e-05,0.00016685608333643666,7.971216967548307e-05,-0.0002539999969973902,0.0002539999969973902,9.0
pouaka,-8.714391366095359e-05,0.00016685608333643666,7.971216967548307e-05,-0.0002539999969973902,0.0002539999969973902,39.0
pouako,-8.714391366095359e-05,0.00016685608333643666,7.971216967548307e-05,-0.0002539999969973902,0.0002539999969973902,9.0
pouaru,-8.714391366095359e-05,0.00016685608333643666,7.971216967548307e-05,-0.0002539999969973902,0.0002539999969973902,9.0
poukai,-8.714391366095359e-05,0.00016685608333643666,7.971216967548307e-05,-0.0002539999969973902,0.0002539999969973902,12.0
pounamu,-8.714391366095359e-05,0.00016685608333643666,7.971216967548307e-05,-0.0002539999969973902,0.0002539999969973902,9.0
poupou,-8.714391366095359e-05,0.00016685608333643666,7.971216967548307e-05,-0.0002539999969973902,0.0002539999969973902,11.0
poutokomanawa,-8.714391366095359e-05,0.00016685608333643666,7.971216967548307e-05,-0.0002539999969973902,0.0002539999969973902,13.0
poutāpeta,-8.714391366095359e-05,0.00016685608333643666,7.971216967548307e-05,-0.0002539999969973902,0.0002539999969973902,9.0
poutūtanga,-8.714391366095359e-05,0.00016685608333643666,7.971216967548307e-05,-0.0002539999969973902,0.0002539999969973902,10.0
pouwhenua,-8.714391366095359e-05,0.00016685608333643666,7.971216967548307e-05,-0.0002539999969973902,0.0002539999969973902,8.0
ppta,-8.714391366095359e-05,0.00016685608333643666,7.971216967548307e-05,-0.0002539999969973902,0.0002539999969973902,9.0
practise,-8.714391366095359e-05,0.00016685608333643666,7.971216967548307e-05,-0.0002539999969973902,0.0002539999969973902,9.0
preserve,-8.714391366095359e-05,0.00016685608333643666,7.971216967548307e-05,-0.0002539999969973902,0.0002539999969973902,9.0
pretty,-8.714391366095359e-05,0.00016685608333643666,7.971216967548307e-05,-0.0002539999969973902,0.0002539999969973902,10.0
pua,-8.714391366095359e-05,0.00016685608333643666,7.971216967548307e-05,-0.0002539999969973902,0.0002539999969973902,10.0
puaki,-8.714391366095359e-05,0.00016685608333643666,7.971216967548307e-05,-0.0002539999969973902,0.0002539999969973902,11.0
puakinga,-8.714391366095359e-05,0.00016685608333643666,7.971216967548307e-05,-0.0002539999969973902,0.0002539999969973902,9.0
puare,-8.714391366095359e-05,0.00016685608333643666,7.971216967548307e-05,-0.0002539999969973902,0.0002539999969973902,23.0
puaretanga,-8.714391366095359e-05,0.00016685608333643666,7.971216967548307e-05,-0.0002539999969973902,0.0002539999969973902,12.0
puea,-8.714391366095359e-05,0.00016685608333643666,7.971216967548307e-05,-0.0002539999969973902,0.0002539999969973902,12.0
puehu,-8.714391366095359e-05,0.00016685608333643666,7.971216967548307e-05,-0.0002539999969973902,0.0002539999969973902,17.0
puhi,-8.714391366095359e-05,0.00016685608333643666,7.971216967548307e-05,-0.0002539999969973902,0.0002539999969973902,9.0
puhipuhi,-8.714391366095359e-05,0.00016685608333643666,7.971216967548307e-05,-0.0002539999969973902,0.0002539999969973902,10.0
puihi,-8.714391366095359e-05,0.00016685608333643666,7.971216967548307e-05,-0.0002539999969973902,0.0002539999969973902,8.0
pukapuka,-8.714391366095359e-05,0.00016685608333643666,7.971216967548307e-05,-0.0002539999969973902,0.0002539999969973902,19.0
puke,-8.714391366095359e-05,0.00016685608333643666,7.971216967548307e-05,-0.0002539999969973902,0.0002539999969973902,11.0
puku,0.00039534404544735313,-0.0001892431617495871,0.00020610088369776603,0.0005845872071969403,0.0005845872071969403,26.0
pukupuku,-8.714391366095359e-05,0.00016685608333643666,7.971216967548307e-05,-0.0002539999969973902,0.0002539999969973902,9.0
pukuriri,0.000919389914246826,-0.0002933955142048053,0.0006259944000420207,0.0012127854284516312,0.0012127854284516312,20.0
puna,-8.714391366095359e-05,0.00016685608333643666,7.971216967548307e-05,-0.0002539999969973902,0.0002539999969973902,25.0
pune,-8.714391366095359e-05,0.00016685608333643666,7.971216967548307e-05,-0.0002539999969973902,0.0002539999969973902,9.0
punga,-8.714391366095359e-05,0.00016685608333643666,7.971216967548307e-05,-0.0002539999969973902,0.0002539999969973902,10.0
puni,-8.714391366095359e-05,0.00016685608333643666,7.971216967548307e-05,-0.0002539999969973902,0.0002539999969973902,10.0
puoro,-8.714391366095359e-05,0.00016685608333643666,7.971216967548307e-05,-0.0002539999969973902,0.0002539999969973902,9.0
pupuhi,0.0018686456404839334,-0.0003975478666600234,0.00147109777382391,0.0022661935071439567,0.0022661935071439567,39.0
pupuri,-0.00038839673729752306,0.000557752879491858,0.00016935614219433498,-0.0009461496167893811,0.0009461496167893811,68.0
pupuru,1.16920977008847e-05,-1.1193539206575209e-05,4.985584943094908e-07,2.2885636907459907e-05,2.2885636907459907e-05,17.0
pupū,0.00018072506958922524,-0.00011534589166179339,6.537917792743185e-05,0.0002960709612510186,0.0002960709612510186,23.0
pura,-8.714391366095359e-05,0.00016685608333643666,7.971216967548307e-05,-0.0002539999969973902,0.0002539999969973902,10.0
pure,-8.714391366095359e-05,0.00016685608333643666,7.971216967548307e-05,-0.0002539999969973902,0.0002539999969973902,11.0
purei,0.003736626289322666,-0.0005110420234231982,0.0032255842658994675,0.004247668312745864,0.004247668312745864,41.0
pureitanga,-8.714391366095359e-05,0.00016685608333643666,7.971216967548307e-05,-0.0002539999969973902,0.0002539999969973902,8.0
puri,0.002954659378630403,-0.0004714451367478172,0.002483214241882586,0.0034261045153782203,0.0034261045153782203,38.0
puru,0.000919389914246826,-0.0002933955142048053,0.0006259944000420207,0.0012127854284516312,0.0012127854284516312,61.0
puruheka,-8.714391366095359e-05,0.00016685608333643666,7.971216967548307e-05,-0.0002539999969973902,0.0002539999969973902,9.0
puruma,-8.714391366095359e-05,0.00016685608333643666,7.971216967548307e-05,-0.0002539999969973902,0.0002539999969973902,9.0
purutiti,1.16920977008847e-05,-1.1193539206575209e-05,4.985584943094908e-07,2.2885636907459907e-05,2.2885636907459907e-05,9.0
puta,0.005950174630291614,-0.00122066901290394,0.004729505617387674,0.007170843643195554,0.007170843643195554,1018.0
putahanga,-8.714391366095359e-05,0.00016685608333643666,7.971216967548307e-05,-0.0002539999969973902,0.0002539999969973902,9.0
putanga,-8.714391366095359e-05,0.00016685608333643666,7.971216967548307e-05,-0.0002539999969973902,0.0002539999969973902,37.0
putaputa,1.16920977008847e-05,-1.1193539206575209e-05,4.985584943094908e-07,2.2885636907459907e-05,2.2885636907459907e-05,22.0
putatanga,-8.714391366095359e-05,0.00016685608333643666,7.971216967548307e-05,-0.0002539999969973902,0.0002539999969973902,14.0
puti,-8.714391366095359e-05,0.00016685608333643666,7.971216967548307e-05,-0.0002539999969973902,0.0002539999969973902,9.0
putiputi,-8.714391366095359e-05,0.00016685608333643666,7.971216967548307e-05,-0.0002539999969973902,0.0002539999969973902,13.0
putu,-8.714391366095359e-05,0.00016685608333643666,7.971216967548307e-05,-0.0002539999969973902,0.0002539999969973902,12.0
puāwai,1.16920977008847e-05,-1.1193539206575209e-05,4.985584943094908e-07,2.2885636907459907e-05,2.2885636907459907e-05,39.0
puāwaitanga,-8.714391366095359e-05,0.00016685608333643666,7.971216967548307e-05,-0.0002539999969973902,0.0002539999969973902,13.0
pā,0.007373449451903917,-0.0013235701631411781,0.006049879288762739,0.008697019615045095,0.008697019615045095,985.0
pāhi,-8.714391366095359e-05,0.00016685608333643666,7.971216967548307e-05,-0.0002539999969973902,0.0002539999969973902,15.0
pāinaina,-8.714391366095359e-05,0.00016685608333643666,7.971216967548307e-05,-0.0002539999969973902,0.0002539999969973902,10.0
pākaitore,-0.0001801338761723495,0.0006898114117588971,0.0005096775355865476,-0.0008699452879312466,0.0008699452879312466,9.0
pākarukaru,-8.714391366095359e-05,0.00016685608333643666,7.971216967548307e-05,-0.0002539999969973902,0.0002539999969973902,10.0
pākehā,1.16920977008847e-05,-1.1193539206575209e-05,4.985584943094908e-07,2.2885636907459907e-05,2.2885636907459907e-05,39.0
pākeke,-8.714391366095359e-05,0.00016685608333643666,7.971216967548307e-05,-0.0002539999969973902,0.0002539999969973902,9.0
pākihi,-8.714391366095359e-05,0.00016685608333643666,7.971216967548307e-05,-0.0002539999969973902,0.0002539999969973902,9.0
pākira,-8.714391366095359e-05,0.00016685608333643666,7.971216967548307e-05,-0.0002539999969973902,0.0002539999969973902,9.0
pākoha,-8.714391366095359e-05,0.00016685608333643666,7.971216967548307e-05,-0.0002539999969973902,0.0002539999969973902,9.0
pākura,-8.714391366095359e-05,0.00016685608333643666,7.971216967548307e-05,-0.0002539999969973902,0.0002539999969973902,9.0
pākōkō,-8.714391366095359e-05,0.00016685608333643666,7.971216967548307e-05,-0.0002539999969973902,0.0002539999969973902,12.0
pāmu,-8.714391366095359e-05,0.00016685608333643666,7.971216967548307e-05,-0.0002539999969973902,0.0002539999969973902,13.0
pāmutanga,-8.714391366095359e-05,0.00016685608333643666,7.971216967548307e-05,-0.0002539999969973902,0.0002539999969973902,8.0
pānga,-8.714391366095359e-05,0.00016685608333643666,7.971216967548307e-05,-0.0002539999969973902,0.0002539999969973902,13.0
pānui,-0.0002614317409828608,0.0005005682500093101,0.00023913650902644928,-0.0007619999909921709,0.0007619999909921709,92.0
pānuitanga,-8.714391366095359e-05,0.00016685608333643666,7.971216967548307e-05,-0.0002539999969973902,0.0002539999969973902,12.0
pāoroorotanga,-8.714391366095359e-05,0.00016685608333643666,7.971216967548307e-05,-0.0002539999969973902,0.0002539999969973902,9.0
pāpaku,-0.0001801338761723495,0.0006898114117588971,0.0005096775355865476,-0.0008699452879312466,0.0008699452879312466,9.0
pāpuni,-8.714391366095359e-05,0.00016685608333643666,7.971216967548307e-05,-0.0002539999969973902,0.0002539999969973902,9.0
pāpā,-8.714391366095359e-05,0.00016685608333643666,7.971216967548307e-05,-0.0002539999969973902,0.0002539999969973902,17.0
pāpāhi,1.16920977008847e-05,-1.1193539206575209e-05,4.985584943094908e-07,2.2885636907459907e-05,2.2885636907459907e-05,9.0
pāpōuri,-8.714391366095359e-05,0.00016685608333643666,7.971216967548307e-05,-0.0002539999969973902,0.0002539999969973902,9.0
pārekareka,-8.714391366095359e-05,0.00016685608333643666,7.971216967548307e-05,-0.0002539999969973902,0.0002539999969973902,9.0
pāremata,-8.714391366095359e-05,0.00016685608333643666,7.971216967548307e-05,-0.0002539999969973902,0.0002539999969973902,10.0
pātai,-9.306755343624721e-05,0.00010691891240387157,1.3851358967624356e-05,-0.0001999864658401188,0.0001999864658401188,106.0
pātaitai,-8.714391366095359e-05,0.00016685608333643666,7.971216967548307e-05,-0.0002539999969973902,0.0002539999969973902,13.0
pātaitanga,-8.714391366095359e-05,0.00016685608333643666,7.971216967548307e-05,-0.0002539999969973902,0.0002539999969973902,11.0
pātaka,-8.714391366095359e-05,0.00016685608333643666,7.971216967548307e-05,-0.0002539999969973902,0.0002539999969973902,22.0
pātanga,-8.714391366095359e-05,0.00016685608333643666,7.971216967548307e-05,-0.0002539999969973902,0.0002539999969973902,9.0
pātata,-8.714391366095359e-05,0.00016685608333643666,7.971216967548307e-05,-0.0002539999969973902,0.0002539999969973902,13.0
pātene,-8.714391366095359e-05,0.00016685608333643666,7.971216967548307e-05,-0.0002539999969973902,0.0002539999969973902,10.0
pātere,-8.714391366095359e-05,0.00016685608333643666,7.971216967548307e-05,-0.0002539999969973902,0.0002539999969973902,11.0
pāti,-8.714391366095359e-05,0.00016685608333643666,7.971216967548307e-05,-0.0002539999969973902,0.0002539999969973902,13.0
pātiki,-8.714391366095359e-05,0.00016685608333643666,7.971216967548307e-05,-0.0002539999969973902,0.0002539999969973902,9.0
pātukituki,-0.0001801338761723495,0.0006898114117588971,0.0005096775355865476,-0.0008699452879312466,0.0008699452879312466,15.0
pātū,-8.714391366095359e-05,0.00016685608333643666,7.971216967548307e-05,-0.0002539999969973902,0.0002539999969973902,9.0
pāua,-8.714391366095359e-05,0.00016685608333643666,7.971216967548307e-05,-0.0002539999969973902,0.0002539999969973902,9.0
pāwaha,-8.714391366095359e-05,0.00016685608333643666,7.971216967548307e-05,-0.0002539999969973902,0.0002539999969973902,9.0
pēhea,0.020649181811941756,-0.001387276318954974,0.019261905492986783,0.02203645813089673,0.02203645813089673,220.0
pēhi,0.0022176205534817518,-0.00042461196007328474,0.001793008593408467,0.0026422325135550366,0.0026422325135550366,33.0
pēke,1.16920977008847e-05,-1.1193539206575209e-05,4.985584943094908e-07,2.2885636907459907e-05,2.2885636907459907e-05,13.0
pēne,-8.714391366095359e-05,0.00016685608333643666,7.971216967548307e-05,-0.0002539999969973902,0.0002539999969973902,9.0
pēnei,0.0006438604641838963,-0.0002465623375302729,0.0003972981266536234,0.0008904228017141692,0.0008904228017141692,91.0
pēneki,-8.714391366095359e-05,0.00016685608333643666,7.971216967548307e-05,-0.0002539999969973902,0.0002539999969973902,11.0
pēnā,0.00039534404544735313,-0.0001892431617495871,0.00020610088369776603,0.0005845872071969403,0.0005845872071969403,22.0
pēpi,-8.714391366095359e-05,0.00016685608333643666,7.971216967548307e-05,-0.0002539999969973902,0.0002539999969973902,12.0
pēpē,-8.714391366095359e-05,0.00016685608333643666,7.971216967548307e-05,-0.0002539999969973902,0.0002539999969973902,9.0
pēraka,-8.714391366095359e-05,0.00016685608333643666,7.971216967548307e-05,-0.0002539999969973902,0.0002539999969973902,9.0
pērā,0.005531775552405487,-0.0009210255858928622,0.004610749966512624,0.0064528011382983495,0.0064528011382983495,100.0
pēwhea,-8.714391366095359e-05,0.00016685608333643666,7.971216967548307e-05,-0.0002539999969973902,0.0002539999969973902,14.0
pēwheatanga,-8.714391366095359e-05,0.00016685608333643666,7.971216967548307e-05,-0.0002539999969973902,0.0002539999969973902,9.0
pīata,-8.714391366095359e-05,0.00016685608333643666,7.971216967548307e-05,-0.0002539999969973902,0.0002539999969973902,11.0
pīhau,-8.714391366095359e-05,0.00016685608333643666,7.971216967548307e-05,-0.0002539999969973902,0.0002539999969973902,9.0
pīhopa,-8.714391366095359e-05,0.00016685608333643666,7.971216967548307e-05,-0.0002539999969973902,0.0002539999969973902,41.0
pīhopatanga,-8.714391366095359e-05,0.00016685608333643666,7.971216967548307e-05,-0.0002539999969973902,0.0002539999969973902,11.0
pīkau,-0.00027312383868374545,0.0020918213136898417,0.0018186974750060963,-0.002364945152373587,0.002364945152373587,22.0
pīra,-0.0001801338761723495,0.0006898114117588971,0.0005096775355865476,-0.0008699452879312466,0.0008699452879312466,19.0
pīrangi,0.020745673915615624,-0.000827544381833841,0.019918129533781782,0.021573218297449466,0.021573218297449466,121.0
pō,-8.714391366095359e-05,0.00016685608333643666,7.971216967548307e-05,-0.0002539999969973902,0.0002539999969973902,67.0
pōhara,0.00018072506958922524,-0.00011534589166179339,6.537917792743185e-05,0.0002960709612510186,0.0002960709612510186,14.0
pōharatanga,-8.714391366095359e-05,0.00016685608333643666,7.971216967548307e-05,-0.0002539999969973902,0.0002539999969973902,9.0
pōhatu,-8.714391366095359e-05,0.00016685608333643666,7.971216967548307e-05,-0.0002539999969973902,0.0002539999969973902,10.0
pōhiri,-0.00046524555516641103,0.000763555179966334,0.000298309624799923,-0.001228800735132745,0.001228800735132745,44.0
pōhā,-8.714391366095359e-05,0.00016685608333643666,7.971216967548307e-05,-0.0002539999969973902,0.0002539999969973902,9.0
pōhēhē,0.000919389914246826,-0.0002933955142048053,0.0006259944000420207,0.0012127854284516312,0.0012127854284516312,30.0
pōka,-8.714391366095359e-05,0.00016685608333643666,7.971216967548307e-05,-0.0002539999969973902,0.0002539999969973902,9.0
pōkai,-8.714391366095359e-05,0.00016685608333643666,7.971216967548307e-05,-0.0002539999969973902,0.0002539999969973902,9.0
pōkaikaha,0.00018072506958922524,-0.00011534589166179339,6.537917792743185e-05,0.0002960709612510186,0.0002960709612510186,11.0
pōneke,1.16920977008847e-05,-1.1193539206575209e-05,4.985584943094908e-07,2.2885636907459907e-05,2.2885636907459907e-05,9.0
pōnānā,-8.714391366095359e-05,0.00016685608333643666,7.971216967548307e-05,-0.0002539999969973902,0.0002539999969973902,9.0
pōrangi,-8.714391366095359e-05,0.00016685608333643666,7.971216967548307e-05,-0.0002539999969973902,0.0002539999969973902,9.0
pōrearea,1.16920977008847e-05,-1.1193539206575209e-05,4.985584943094908e-07,2.2885636907459907e-05,2.2885636907459907e-05,10.0
pōro,-8.714391366095359e-05,0.00016685608333643666,7.971216967548307e-05,-0.0002539999969973902,0.0002539999969973902,9.0
pōtae,-8.714391366095359e-05,0.00016685608333643666,7.971216967548307e-05,-0.0002539999969973902,0.0002539999969973902,14.0
pōtete,0.00018072506958922524,-0.00011534589166179339,6.537917792743185e-05,0.0002960709612510186,0.0002960709612510186,10.0
pōti,1.16920977008847e-05,-1.1193539206575209e-05,4.985584943094908e-07,2.2885636907459907e-05,2.2885636907459907e-05,26.0
pōtiki,-8.714391366095359e-05,0.00016685608333643666,7.971216967548307e-05,-0.0002539999969973902,0.0002539999969973902,11.0
pōtitanga,-8.714391366095359e-05,0.00016685608333643666,7.971216967548307e-05,-0.0002539999969973902,0.0002539999969973902,10.0
pōuri,0.002954659378630403,-0.0004714451367478172,0.002483214241882586,0.0034261045153782203,0.0034261045153782203,37.0
pōuritanga,-8.714391366095359e-05,0.00016685608333643666,7.971216967548307e-05,-0.0002539999969973902,0.0002539999969973902,10.0
pōwhiri,-0.0005404016285170486,0.002069434235276692,0.0015290326067596434,-0.0026098358637937405,0.0026098358637937405,39.0
pū,-8.714391366095359e-05,0.00016685608333643666,7.971216967548307e-05,-0.0002539999969973902,0.0002539999969973902,17.0
pū-o-rei,-8.714391366095359e-05,0.00016685608333643666,7.971216967548307e-05,-0.0002539999969973902,0.0002539999969973902,10.0
pūaha,-8.714391366095359e-05,0.00016685608333643666,7.971216967548307e-05,-0.0002539999969973902,0.0002539999969973902,9.0
pūareare,-8.714391366095359e-05,0.00016685608333643666,7.971216967548307e-05,-0.0002539999969973902,0.0002539999969973902,10.0
pūhae,-8.714391366095359e-05,0.00016685608333643666,7.971216967548307e-05,-0.0002539999969973902,0.0002539999969973902,9.0
pūhaehae,0.0006438604641838963,-0.0002465623375302729,0.0003972981266536234,0.0008904228017141692,0.0008904228017141692,12.0
pūhiatanga,-8.714391366095359e-05,0.00016685608333643666,7.971216967548307e-05,-0.0002539999969973902,0.0002539999969973902,10.0
pūhā,-8.714391366095359e-05,0.00016685608333643666,7.971216967548307e-05,-0.0002539999969973902,0.0002539999969973902,8.0
pūkana,-8.714391366095359e-05,0.00016685608333643666,7.971216967548307e-05,-0.0002539999969973902,0.0002539999969973902,11.0
pūkenga,-8.714391366095359e-05,0.00016685608333643666,7.971216967548307e-05,-0.0002539999969973902,0.0002539999969973902,9.0
pūkoro,-8.714391366095359e-05,0.00016685608333643666,7.971216967548307e-05,-0.0002539999969973902,0.0002539999969973902,9.0
pūkōrero,-8.714391366095359e-05,0.00016685608333643666,7.971216967548307e-05,-0.0002539999969973902,0.0002539999969973902,9.0
pūmanawa,-8.714391366095359e-05,0.00016685608333643666,7.971216967548307e-05,-0.0002539999969973902,0.0002539999969973902,9.0
pūmau,-8.714391366095359e-05,0.00016685608333643666,7.971216967548307e-05,-0.0002539999969973902,0.0002539999969973902,21.0
pūremu,-0.0001801338761723495,0.0006898114117588971,0.0005096775355865476,-0.0008699452879312466,0.0008699452879312466,9.0
pūrena,-8.714391366095359e-05,0.00016685608333643666,7.971216967548307e-05,-0.0002539999969973902,0.0002539999969973902,10.0
pūrere,-8.714391366095359e-05,0.00016685608333643666,7.971216967548307e-05,-0.0002539999969973902,0.0002539999969973902,10.0
pūrerehua,-8.714391366095359e-05,0.00016685608333643666,7.971216967548307e-05,-0.0002539999969973902,0.0002539999969973902,8.0
pūrongo,-8.714391366095359e-05,0.00016685608333643666,7.971216967548307e-05,-0.0002539999969973902,0.0002539999969973902,15.0
pūru,-8.714391366095359e-05,0.00016685608333643666,7.971216967548307e-05,-0.0002539999969973902,0.0002539999969973902,13.0
pūrutoiha,-8.714391366095359e-05,0.00016685608333643666,7.971216967548307e-05,-0.0002539999969973902,0.0002539999969973902,10.0
pūrākau,-8.714391366095359e-05,0.00016685608333643666,7.971216967548307e-05,-0.0002539999969973902,0.0002539999969973902,9.0
pūtahitanga,-8.714391366095359e-05,0.00016685608333643666,7.971216967548307e-05,-0.0002539999969973902,0.0002539999969973902,10.0
pūtake,-8.714391366095359e-05,0.00016685608333643666,7.971216967548307e-05,-0.0002539999969973902,0.0002539999969973902,65.0
pūtaketanga,-8.714391366095359e-05,0.00016685608333643666,7.971216967548307e-05,-0.0002539999969973902,0.0002539999969973902,11.0
pūtea,-8.714391366095359e-05,0.00016685608333643666,7.971216967548307e-05,-0.0002539999969973902,0.0002539999969973902,40.0
pūtiki,-8.714391366095359e-05,0.00016685608333643666,7.971216967548307e-05,-0.0002539999969973902,0.0002539999969973902,10.0
pūtātara,-8.714391366095359e-05,0.00016685608333643666,7.971216967548307e-05,-0.0002539999969973902,0.0002539999969973902,9.0
pūwaha,-8.714391366095359e-05,0.00016685608333643666,7.971216967548307e-05,-0.0002539999969973902,0.0002539999969973902,10.0
pūwahatanga,-8.714391366095359e-05,0.00016685608333643666,7.971216967548307e-05,-0.0002539999969973902,0.0002539999969973902,9.0
pūwherowhero,-8.714391366095359e-05,0.00016685608333643666,7.971216967548307e-05,-0.0002539999969973902,0.0002539999969973902,9.0
quota,-8.714391366095359e-05,0.00016685608333643666,7.971216967548307e-05,-0.0002539999969973902,0.0002539999969973902,9.0
rahi,0.0006438604641838963,-0.0002465623375302729,0.0003972981266536234,0.0008904228017141692,0.0008904228017141692,104.0
rahinga,-8.714391366095359e-05,0.00016685608333643666,7.971216967548307e-05,-0.0002539999969973902,0.0002539999969973902,18.0
raiti,-8.714391366095359e-05,0.00016685608333643666,7.971216967548307e-05,-0.0002539999969973902,0.0002539999969973902,9.0
raiwhara,-8.714391366095359e-05,0.00016685608333643666,7.971216967548307e-05,-0.0002539999969973902,0.0002539999969973902,9.0
raka,-8.714391366095359e-05,0.00016685608333643666,7.971216967548307e-05,-0.0002539999969973902,0.0002539999969973902,11.0
rakaraka,-8.714391366095359e-05,0.00016685608333643666,7.971216967548307e-05,-0.0002539999969973902,0.0002539999969973902,9.0
rake,-8.714391366095359e-05,0.00016685608333643666,7.971216967548307e-05,-0.0002539999969973902,0.0002539999969973902,9.0
raki,1.16920977008847e-05,-1.1193539206575209e-05,4.985584943094908e-07,2.2885636907459907e-05,2.2885636907459907e-05,14.0
raki-paewhenua,-8.714391366095359e-05,0.00016685608333643666,7.971216967548307e-05,-0.0002539999969973902,0.0002539999969973902,9.0
rakiraki,-8.714391366095359e-05,0.00016685608333643666,7.971216967548307e-05,-0.0002539999969973902,0.0002539999969973902,10.0
rakuraku,-8.714391366095359e-05,0.00016685608333643666,7.971216967548307e-05,-0.0002539999969973902,0.0002539999969973902,10.0
rama,-8.714391366095359e-05,0.00016685608333643666,7.971216967548307e-05,-0.0002539999969973902,0.0002539999969973902,10.0
ranea,-8.714391366095359e-05,0.00016685608333643666,7.971216967548307e-05,-0.0002539999969973902,0.0002539999969973902,8.0
ranga,-8.714391366095359e-05,0.00016685608333643666,7.971216967548307e-05,-0.0002539999969973902,0.0002539999969973902,10.0
rangahau,0.0005421752087676756,-0.0003460376749853801,0.00019613753378229547,0.0008882128837530556,0.0008882128837530556,35.0
rangahautanga,-8.714391366095359e-05,0.00016685608333643666,7.971216967548307e-05,-0.0002539999969973902,0.0002539999969973902,9.0
rangatahi,-8.714391366095359e-05,0.00016685608333643666,7.971216967548307e-05,-0.0002539999969973902,0.0002539999969973902,17.0
rangatira,0.00018072506958922524,-0.00011534589166179339,6.537917792743185e-05,0.0002960709612510186,0.0002960709612510186,69.0
rangatiratanga,-8.714391366095359e-05,0.00016685608333643666,7.971216967548307e-05,-0.0002539999969973902,0.0002539999969973902,19.0
rangi,0.00018072506958922524,-0.00011534589166179339,6.537917792743185e-05,0.0002960709612510186,0.0002960709612510186,35.0
rangi-ātea,-8.714391366095359e-05,0.00016685608333643666,7.971216967548307e-05,-0.0002539999969973902,0.0002539999969973902,10.0
rangimārie,-8.714391366095359e-05,0.00016685608333643666,7.971216967548307e-05,-0.0002539999969973902,0.0002539999969973902,20.0
rangirua,0.0006438604641838963,-0.0002465623375302729,0.0003972981266536234,0.0008904228017141692,0.0008904228017141692,13.0
rapa,1.16920977008847e-05,-1.1193539206575209e-05,4.985584943094908e-07,2.2885636907459907e-05,2.2885636907459907e-05,18.0
rapirapi,1.16920977008847e-05,-1.1193539206575209e-05,4.985584943094908e-07,2.2885636907459907e-05,2.2885636907459907e-05,11.0
rapu,0.0027968500904793285,-0.0015920809097323821,0.0012047691807469463,0.00438893100021171,0.00438893100021171,125.0
rapuhanga,-8.714391366095359e-05,0.00016685608333643666,7.971216967548307e-05,-0.0002539999969973902,0.0002539999969973902,9.0
rapunga,-8.714391366095359e-05,0.00016685608333643666,7.971216967548307e-05,-0.0002539999969973902,0.0002539999969973902,11.0
rapurapu,1.16920977008847e-05,-1.1193539206575209e-05,4.985584943094908e-07,2.2885636907459907e-05,2.2885636907459907e-05,10.0
rarata,-8.714391366095359e-05,0.00016685608333643666,7.971216967548307e-05,-0.0002539999969973902,0.0002539999969973902,13.0
rarau,-8.714391366095359e-05,0.00016685608333643666,7.971216967548307e-05,-0.0002539999969973902,0.0002539999969973902,11.0
rarawa,-8.714391366095359e-05,0.00016685608333643666,7.971216967548307e-05,-0.0002539999969973902,0.0002539999969973902,12.0
raru,0.0005664536695017896,-0.0003098855566743488,0.0002565681128274408,0.0008763392261761384,0.0008763392261761384,40.0
raruraru,0.002954659378630403,-0.0004714451367478172,0.002483214241882586,0.0034261045153782203,0.0034261045153782203,39.0
rarutanga,-8.714391366095359e-05,0.00016685608333643666,7.971216967548307e-05,-0.0002539999969973902,0.0002539999969973902,9.0
rata,-8.714391366095359e-05,0.00016685608333643666,7.971216967548307e-05,-0.0002539999969973902,0.0002539999969973902,17.0
ratarata,-8.714391366095359e-05,0.00016685608333643666,7.971216967548307e-05,-0.0002539999969973902,0.0002539999969973902,9.0
rau,-8.714391366095359e-05,0.00016685608333643666,7.971216967548307e-05,-0.0002539999969973902,0.0002539999969973902,41.0
rauemi,-8.714391366095359e-05,0.00016685608333643666,7.971216967548307e-05,-0.0002539999969973902,0.0002539999969973902,10.0
rauhī,-8.714391366095359e-05,0.00016685608333643666,7.971216967548307e-05,-0.0002539999969973902,0.0002539999969973902,9.0
rauparaha,-8.714391366095359e-05,0.00016685608333643666,7.971216967548307e-05,-0.0002539999969973902,0.0002539999969973902,9.0
raupatu,-0.00023452951718498226,0.0013471741750040005,0.0011126446578190183,-0.0015817036921889826,0.0015817036921889826,12.0
raupā,1.16920977008847e-05,-1.1193539206575209e-05,4.985584943094908e-07,2.2885636907459907e-05,2.2885636907459907e-05,10.0
rawe,0.00018072506958922524,-0.00011534589166179339,6.537917792743185e-05,0.0002960709612510186,0.0002960709612510186,29.0
raweke,-9.306755343624721e-05,0.00010691891240387157,1.3851358967624356e-05,-0.0001999864658401188,0.0001999864658401188,19.0
rawerawe,-8.714391366095359e-05,0.00016685608333643666,7.971216967548307e-05,-0.0002539999969973902,0.0002539999969973902,9.0
reanga,-8.714391366095359e-05,0.00016685608333643666,7.971216967548307e-05,-0.0002539999969973902,0.0002539999969973902,10.0
regional,-8.714391366095359e-05,0.00016685608333643666,7.971216967548307e-05,-0.0002539999969973902,0.0002539999969973902,9.0
rehu,-8.714391366095359e-05,0.00016685608333643666,7.971216967548307e-05,-0.0002539999969973902,0.0002539999969973902,9.0
reihi,-8.714391366095359e-05,0.00016685608333643666,7.971216967548307e-05,-0.0002539999969973902,0.0002539999969973902,9.0
reka,1.16920977008847e-05,-1.1193539206575209e-05,4.985584943094908e-07,2.2885636907459907e-05,2.2885636907459907e-05,30.0
rekareka,-8.714391366095359e-05,0.00016685608333643666,7.971216967548307e-05,-0.0002539999969973902,0.0002539999969973902,17.0
reo,0.0001789106516269165,-0.00013702542997452203,4.188522165239446e-05,0.00031593608160143856,0.00031593608160143856,287.0
rere,0.0021988853257696238,-0.0007894212955121425,0.0014094640302574812,0.002988306621281766,0.002988306621281766,162.0
rerekē,1.16920977008847e-05,-1.1193539206575209e-05,4.985584943094908e-07,2.2885636907459907e-05,2.2885636907459907e-05,66.0
rerekētanga,-8.714391366095359e-05,0.00016685608333643666,7.971216967548307e-05,-0.0002539999969973902,0.0002539999969973902,35.0
rerenga,-8.714391366095359e-05,0.00016685608333643666,7.971216967548307e-05,-0.0002539999969973902,0.0002539999969973902,13.0
rererangi,-8.714391366095359e-05,0.00016685608333643666,7.971216967548307e-05,-0.0002539999969973902,0.0002539999969973902,8.0
rererere,1.16920977008847e-05,-1.1193539206575209e-05,4.985584943094908e-07,2.2885636907459907e-05,2.2885636907459907e-05,9.0
reri,1.16920977008847e-05,-1.1193539206575209e-05,4.985584943094908e-07,2.2885636907459907e-05,2.2885636907459907e-05,24.0
reta,-8.714391366095359e-05,0.00016685608333643666,7.971216967548307e-05,-0.0002539999969973902,0.0002539999969973902,12.0
reti,-8.714391366095359e-05,0.00016685608333643666,7.971216967548307e-05,-0.0002539999969973902,0.0002539999969973902,10.0
retireti,-8.714391366095359e-05,0.00016685608333643666,7.971216967548307e-05,-0.0002539999969973902,0.0002539999969973902,11.0
rewa,-8.714391366095359e-05,0.00016685608333643666,7.971216967548307e-05,-0.0002539999969973902,0.0002539999969973902,21.0
rewherī,-0.0001801338761723495,0.0006898114117588971,0.0005096775355865476,-0.0008699452879312466,0.0008699452879312466,9.0
ria,-8.714391366095359e-05,0.00016685608333643666,7.971216967548307e-05,-0.0002539999969973902,0.0002539999969973902,9.0
rihi,-8.714391366095359e-05,0.00016685608333643666,7.971216967548307e-05,-0.0002539999969973902,0.0002539999969973902,9.0
rika,-8.714391366095359e-05,0.00016685608333643666,7.971216967548307e-05,-0.0002539999969973902,0.0002539999969973902,14.0
rikarika,0.002954659378630403,-0.0004714451367478172,0.002483214241882586,0.0034261045153782203,0.0034261045153782203,22.0
rima,0.00018072506958922524,-0.00011534589166179339,6.537917792743185e-05,0.0002960709612510186,0.0002960709612510186,66.0
ringa,-8.714391366095359e-05,0.00016685608333643666,7.971216967548307e-05,-0.0002539999969973902,0.0002539999969973902,26.0
ringa-tū,-8.714391366095359e-05,0.00016685608333643666,7.971216967548307e-05,-0.0002539999969973902,0.0002539999969973902,10.0
ringaringa,-8.714391366095359e-05,0.00016685608333643666,7.971216967548307e-05,-0.0002539999969973902,0.0002539999969973902,11.0
ringi,-8.714391366095359e-05,0.00016685608333643666,7.971216967548307e-05,-0.0002539999969973902,0.0002539999969973902,12.0
riri,-8.714391366095359e-05,0.00016685608333643666,7.971216967548307e-05,-0.0002539999969973902,0.0002539999969973902,40.0
riririri,-8.714391366095359e-05,0.00016685608333643666,7.971216967548307e-05,-0.0002539999969973902,0.0002539999969973902,9.0
riro,-0.00017428782732190718,0.0003337121666728733,0.00015942433935096613,-0.0005079999939947804,0.0005079999939947804,464.0
rirohanga,-8.714391366095359e-05,0.00016685608333643666,7.971216967548307e-05,-0.0002539999969973902,0.0002539999969973902,9.0
rironga,-8.714391366095359e-05,0.00016685608333643666,7.971216967548307e-05,-0.0002539999969973902,0.0002539999969973902,10.0
rite,0.000919389914246826,-0.0002933955142048053,0.0006259944000420207,0.0012127854284516312,0.0012127854284516312,75.0
riterite,-8.714391366095359e-05,0.00016685608333643666,7.971216967548307e-05,-0.0002539999969973902,0.0002539999969973902,9.0
rito,-8.714391366095359e-05,0.00016685608333643666,7.971216967548307e-05,-0.0002539999969973902,0.0002539999969973902,12.0
riu,-8.714391366095359e-05,0.00016685608333643666,7.971216967548307e-05,-0.0002539999969973902,0.0002539999969973902,17.0
roa,-8.714391366095359e-05,0.00016685608333643666,7.971216967548307e-05,-0.0002539999969973902,0.0002539999969973902,281.0
roanga,-8.714391366095359e-05,0.00016685608333643666,7.971216967548307e-05,-0.0002539999969973902,0.0002539999969973902,22.0
rohe,0.00039534404544735313,-0.0001892431617495871,0.00020610088369776603,0.0005845872071969403,0.0005845872071969403,150.0
rohenga,-8.714391366095359e-05,0.00016685608333643666,7.971216967548307e-05,-0.0002539999969973902,0.0002539999969973902,9.0
roko,-8.714391366095359e-05,0.00016685608333643666,7.971216967548307e-05,-0.0002539999969973902,0.0002539999969973902,10.0
rokohanga,-8.714391366095359e-05,0.00016685608333643666,7.971216967548307e-05,-0.0002539999969973902,0.0002539999969973902,9.0
rongo,0.01905944849481765,-0.000810966287526733,0.018248482207290917,0.01987041478234438,0.01987041478234438,549.0
rongo-mai-te-aru,-8.714391366095359e-05,0.00016685608333643666,7.971216967548307e-05,-0.0002539999969973902,0.0002539999969973902,9.0
rongohanga,-8.714391366095359e-05,0.00016685608333643666,7.971216967548307e-05,-0.0002539999969973902,0.0002539999969973902,11.0
rongonga,-8.714391366095359e-05,0.00016685608333643666,7.971216967548307e-05,-0.0002539999969973902,0.0002539999969973902,9.0
rongonui,-8.714391366095359e-05,0.00016685608333643666,7.971216967548307e-05,-0.0002539999969973902,0.0002539999969973902,15.0
rongopai,-8.714391366095359e-05,0.00016685608333643666,7.971216967548307e-05,-0.0002539999969973902,0.0002539999969973902,17.0
rongotanga,-8.714391366095359e-05,0.00016685608333643666,7.971216967548307e-05,-0.0002539999969973902,0.0002539999969973902,16.0
rongoā,-0.0001801338761723495,0.0006898114117588971,0.0005096775355865476,-0.0008699452879312466,0.0008699452879312466,14.0
rori,-8.714391366095359e-05,0.00016685608333643666,7.971216967548307e-05,-0.0002539999969973902,0.0002539999969973902,15.0
rorirori,-8.714391366095359e-05,0.00016685608333643666,7.971216967548307e-05,-0.0002539999969973902,0.0002539999969973902,10.0
roro,1.16920977008847e-05,-1.1193539206575209e-05,4.985584943094908e-07,2.2885636907459907e-05,2.2885636907459907e-05,14.0
roroa,-8.714391366095359e-05,0.00016685608333643666,7.971216967548307e-05,-0.0002539999969973902,0.0002539999969973902,9.0
roto,1.16920977008847e-05,-1.1193539206575209e-05,4.985584943094908e-07,2.2885636907459907e-05,2.2885636907459907e-05,12.0
rsa,-8.714391366095359e-05,0.00016685608333643666,7.971216967548307e-05,-0.0002539999969973902,0.0002539999969973902,9.0
rua,-0.00019419836864876153,0.000278876439745929,8.467807109716749e-05,-0.0004730748083946906,0.0004730748083946906,167.0
ruaki,-8.714391366095359e-05,0.00016685608333643666,7.971216967548307e-05,-0.0002539999969973902,0.0002539999969973902,12.0
ruarua,-8.714391366095359e-05,0.00016685608333643666,7.971216967548307e-05,-0.0002539999969973902,0.0002539999969973902,10.0
rui,-0.00023452951718498226,0.0013471741750040005,0.0011126446578190183,-0.0015817036921889826,0.0015817036921889826,18.0
ruihi,-8.714391366095359e-05,0.00016685608333643666,7.971216967548307e-05,-0.0002539999969973902,0.0002539999969973902,16.0
ruirui,-8.714391366095359e-05,0.00016685608333643666,7.971216967548307e-05,-0.0002539999969973902,0.0002539999969973902,12.0
ruke,-0.0001801338761723495,0.0006898114117588971,0.0005096775355865476,-0.0008699452879312466,0.0008699452879312466,17.0
ruku,1.16920977008847e-05,-1.1193539206575209e-05,4.985584943094908e-07,2.2885636907459907e-05,2.2885636907459907e-05,17.0
rukurukutanga,-8.714391366095359e-05,0.00016685608333643666,7.971216967548307e-05,-0.0002539999969973902,0.0002539999969973902,10.0
runga,-8.714391366095359e-05,0.00016685608333643666,7.971216967548307e-05,-0.0002539999969973902,0.0002539999969973902,9.0
rure,-8.714391366095359e-05,0.00016685608333643666,7.971216967548307e-05,-0.0002539999969973902,0.0002539999969973902,10.0
rā,-8.714391366095359e-05,0.00016685608333643666,7.971216967548307e-05,-0.0002539999969973902,0.0002539999969973902,140.0
rāhoroi,-8.714391366095359e-05,0.00016685608333643666,7.971216967548307e-05,-0.0002539999969973902,0.0002539999969973902,16.0
rāhui,-0.00017428782732190718,0.0003337121666728733,0.00015942433935096613,-0.0005079999939947804,0.0005079999939947804,41.0
rāhuihui,-8.714391366095359e-05,0.00016685608333643666,7.971216967548307e-05,-0.0002539999969973902,0.0002539999969973902,21.0
rākai,-8.714391366095359e-05,0.00016685608333643666,7.971216967548307e-05,-0.0002539999969973902,0.0002539999969973902,11.0
rākau,-8.714391366095359e-05,0.00016685608333643666,7.971216967548307e-05,-0.0002539999969973902,0.0002539999969973902,31.0
rākārepe,-8.714391366095359e-05,0.00016685608333643666,7.971216967548307e-05,-0.0002539999969973902,0.0002539999969973902,8.0
rāpaki,1.16920977008847e-05,-1.1193539206575209e-05,4.985584943094908e-07,2.2885636907459907e-05,2.2885636907459907e-05,9.0
rāpopoto,0.0012173834070815612,-0.0003329924008801863,0.0008843910062013749,0.0015503758079617475,0.0015503758079617475,18.0
rārangi,1.16920977008847e-05,-1.1193539206575209e-05,4.985584943094908e-07,2.2885636907459907e-05,2.2885636907459907e-05,16.0
rātapu,1.16920977008847e-05,-1.1193539206575209e-05,4.985584943094908e-07,2.2885636907459907e-05,2.2885636907459907e-05,16.0
rātou,-8.714391366095359e-05,0.00016685608333643666,7.971216967548307e-05,-0.0002539999969973902,0.0002539999969973902,9.0
rāwhara,-8.714391366095359e-05,0.00016685608333643666,7.971216967548307e-05,-0.0002539999969973902,0.0002539999969973902,9.0
rāwhiti,-8.714391366095359e-05,0.00016685608333643666,7.971216967548307e-05,-0.0002539999969973902,0.0002539999969973902,10.0
rēhi,-8.714391366095359e-05,0.00016685608333643666,7.971216967548307e-05,-0.0002539999969973902,0.0002539999969973902,9.0
rēhita,0.00039534404544735313,-0.0001892431617495871,0.00020610088369776603,0.0005845872071969403,0.0005845872071969403,27.0
rēmana,-8.714391366095359e-05,0.00016685608333643666,7.971216967548307e-05,-0.0002539999969973902,0.0002539999969973902,10.0
rērere,1.16920977008847e-05,-1.1193539206575209e-05,4.985584943094908e-07,2.2885636907459907e-05,2.2885636907459907e-05,10.0
rēwara,-8.714391366095359e-05,0.00016685608333643666,7.971216967548307e-05,-0.0002539999969973902,0.0002539999969973902,11.0
rīhaina,-8.714391366095359e-05,0.00016685608333643666,7.971216967548307e-05,-0.0002539999969973902,0.0002539999969973902,12.0
rīhainatanga,-8.714391366095359e-05,0.00016685608333643666,7.971216967548307e-05,-0.0002539999969973902,0.0002539999969973902,9.0
rīhi,0.0015346077909858737,-0.000367292784292599,0.0011673150066932748,0.0019019005752784726,0.0019019005752784726,29.0
rīketa,-8.714391366095359e-05,0.00016685608333643666,7.971216967548307e-05,-0.0002539999969973902,0.0002539999969973902,13.0
rīki,-8.714391366095359e-05,0.00016685608333643666,7.971216967548307e-05,-0.0002539999969973902,0.0002539999969973902,10.0
rīngi,-8.714391366095359e-05,0.00016685608333643666,7.971216967548307e-05,-0.0002539999969973902,0.0002539999969973902,13.0
rīpeka,-8.714391366095359e-05,0.00016685608333643666,7.971216967548307e-05,-0.0002539999969973902,0.0002539999969973902,10.0
rīpene,-8.714391366095359e-05,0.00016685608333643666,7.971216967548307e-05,-0.0002539999969973902,0.0002539999969973902,12.0
rīpoata,-8.714391366095359e-05,0.00016685608333643666,7.971216967548307e-05,-0.0002539999969973902,0.0002539999969973902,40.0
rītaia,-8.714391366095359e-05,0.00016685608333643666,7.971216967548307e-05,-0.0002539999969973902,0.0002539999969973902,12.0
rīti,-8.714391366095359e-05,0.00016685608333643666,7.971216967548307e-05,-0.0002539999969973902,0.0002539999969973902,8.0
rīwai,-8.714391366095359e-05,0.00016685608333643666,7.971216967548307e-05,-0.0002539999969973902,0.0002539999969973902,10.0
rō,-0.0001801338761723495,0.0006898114117588971,0.0005096775355865476,-0.0008699452879312466,0.0008699452879312466,9.0
rōha,-8.714391366095359e-05,0.00016685608333643666,7.971216967548307e-05,-0.0002539999969973902,0.0002539999969973902,9.0
rōia,-8.714391366095359e-05,0.00016685608333643666,7.971216967548307e-05,-0.0002539999969973902,0.0002539999969973902,10.0
rōpū,0.0006438604641838963,-0.0002465623375302729,0.0003972981266536234,0.0008904228017141692,0.0008904228017141692,131.0
rū,-8.714391366095359e-05,0.00016685608333643666,7.971216967548307e-05,-0.0002539999969973902,0.0002539999969973902,9.0
rūkahu,-0.0001801338761723495,0.0006898114117588971,0.0005096775355865476,-0.0008699452879312466,0.0008699452879312466,11.0
rūma,-8.714391366095359e-05,0.00016685608333643666,7.971216967548307e-05,-0.0002539999969973902,0.0002539999969973902,9.0
rūmene,-8.714391366095359e-05,0.00016685608333643666,7.971216967548307e-05,-0.0002539999969973902,0.0002539999969973902,9.0
rūnanga,-8.714391366095359e-05,0.00016685608333643666,7.971216967548307e-05,-0.0002539999969973902,0.0002539999969973902,58.0
rūnā,-8.714391366095359e-05,0.00016685608333643666,7.971216967548307e-05,-0.0002539999969973902,0.0002539999969973902,9.0
rūpeke,-8.714391366095359e-05,0.00016685608333643666,7.971216967548307e-05,-0.0002539999969973902,0.0002539999969973902,13.0
rūri,-8.714391366095359e-05,0.00016685608333643666,7.971216967548307e-05,-0.0002539999969973902,0.0002539999969973902,12.0
rūruhi,-8.714391366095359e-05,0.00016685608333643666,7.971216967548307e-05,-0.0002539999969973902,0.0002539999969973902,8.0
rūrū,-0.0001801338761723495,0.0006898114117588971,0.0005096775355865476,-0.0008699452879312466,0.0008699452879312466,10.0
rūātoki,-0.0001801338761723495,0.0006898114117588971,0.0005096775355865476,-0.0008699452879312466,0.0008699452879312466,9.0
saxophone,-8.714391366095359e-05,0.00016685608333643666,7.971216967548307e-05,-0.0002539999969973902,0.0002539999969973902,9.0
shopping,1.16920977008847e-05,-1.1193539206575209e-05,4.985584943094908e-07,2.2885636907459907e-05,2.2885636907459907e-05,9.0
sixty,-8.714391366095359e-05,0.00016685608333643666,7.971216967548307e-05,-0.0002539999969973902,0.0002539999969973902,9.0
sky,1.16920977008847e-05,-1.1193539206575209e-05,4.985584943094908e-07,2.2885636907459907e-05,2.2885636907459907e-05,9.0
speaker,-8.714391366095359e-05,0.00016685608333643666,7.971216967548307e-05,-0.0002539999969973902,0.0002539999969973902,9.0
stockade,-8.714391366095359e-05,0.00016685608333643666,7.971216967548307e-05,-0.0002539999969973902,0.0002539999969973902,9.0
stratford,-0.0001801338761723495,0.0006898114117588971,0.0005096775355865476,-0.0008699452879312466,0.0008699452879312466,9.0
super,-8.714391366095359e-05,0.00016685608333643666,7.971216967548307e-05,-0.0002539999969973902,0.0002539999969973902,10.0
tae,-0.00057785031639523,0.004978893697108963,0.004401043380713733,-0.005556744013504193,0.005556744013504193,1338.0
taehanga,-8.714391366095359e-05,0.00016685608333643666,7.971216967548307e-05,-0.0002539999969973902,0.0002539999969973902,11.0
taenga,-8.714391366095359e-05,0.00016685608333643666,7.971216967548307e-05,-0.0002539999969973902,0.0002539999969973902,81.0
taetanga,-8.714391366095359e-05,0.00016685608333643666,7.971216967548307e-05,-0.0002539999969973902,0.0002539999969973902,24.0
taha,0.006747247895249285,-0.0006151943758784164,0.0061320535193708685,0.007362442271127701,0.007362442271127701,259.0
tahanga,-8.714391366095359e-05,0.00016685608333643666,7.971216967548307e-05,-0.0002539999969973902,0.0002539999969973902,9.0
tahi,0.00039534404544735313,-0.0001892431617495871,0.00020610088369776603,0.0005845872071969403,0.0005845872071969403,26.0
tahitahi,-0.0001801338761723495,0.0006898114117588971,0.0005096775355865476,-0.0008699452879312466,0.0008699452879312466,11.0
tahu,-0.00023452951718498226,0.0013471741750040005,0.0011126446578190183,-0.0015817036921889826,0.0015817036921889826,38.0
tahuri,0.0015346077909858737,-0.000367292784292599,0.0011673150066932748,0.0019019005752784726,0.0019019005752784726,101.0
tahuritanga,-8.714391366095359e-05,0.00016685608333643666,7.971216967548307e-05,-0.0002539999969973902,0.0002539999969973902,10.0
tahutahu,-8.714391366095359e-05,0.00016685608333643666,7.971216967548307e-05,-0.0002539999969973902,0.0002539999969973902,9.0
tahuti,-8.714391366095359e-05,0.00016685608333643666,7.971216967548307e-05,-0.0002539999969973902,0.0002539999969973902,11.0
tai,0.00039534404544735313,-0.0001892431617495871,0.00020610088369776603,0.0005845872071969403,0.0005845872071969403,27.0
taiapa,1.16920977008847e-05,-1.1193539206575209e-05,4.985584943094908e-07,2.2885636907459907e-05,2.2885636907459907e-05,12.0
taiepa,-8.714391366095359e-05,0.00016685608333643666,7.971216967548307e-05,-0.0002539999969973902,0.0002539999969973902,9.0
taikaha,1.16920977008847e-05,-1.1193539206575209e-05,4.985584943094908e-07,2.2885636907459907e-05,2.2885636907459907e-05,16.0
taimaha,-8.714391366095359e-05,0.00016685608333643666,7.971216967548307e-05,-0.0002539999969973902,0.0002539999969973902,10.0
taimahatanga,-8.714391366095359e-05,0.00016685608333643666,7.971216967548307e-05,-0.0002539999969973902,0.0002539999969973902,8.0
taina,-8.714391366095359e-05,0.00016685608333643666,7.971216967548307e-05,-0.0002539999969973902,0.0002539999969973902,10.0
taitama,-8.714391366095359e-05,0.00016685608333643666,7.971216967548307e-05,-0.0002539999969973902,0.0002539999969973902,9.0
taitamariki,-8.714391366095359e-05,0.00016685608333643666,7.971216967548307e-05,-0.0002539999969973902,0.0002539999969973902,9.0
taitara,-8.714391366095359e-05,0.00016685608333643666,7.971216967548307e-05,-0.0002539999969973902,0.0002539999969973902,17.0
taiāwhio,-8.714391366095359e-05,0.00016685608333643666,7.971216967548307e-05,-0.0002539999969973902,0.0002539999969973902,12.0
taka,0.0006438604641838963,-0.0002465623375302729,0.0003972981266536234,0.0008904228017141692,0.0008904228017141692,118.0
taka-hue,-0.0001801338761723495,0.0006898114117588971,0.0005096775355865476,-0.0008699452879312466,0.0008699452879312466,9.0
takahi,-0.0009366399610871563,0.002241752591171225,0.0013051126300840685,-0.0031783925522583813,0.0031783925522583813,60.0
takahitanga,-8.714391366095359e-05,0.00016685608333643666,7.971216967548307e-05,-0.0002539999969973902,0.0002539999969973902,12.0
takahuri,0.00039534404544735313,-0.0001892431617495871,0.00020610088369776603,0.0005845872071969403,0.0005845872071969403,26.0
takai,-0.0001801338761723495,0.0006898114117588971,0.0005096775355865476,-0.0008699452879312466,0.0008699452879312466,14.0
takanga,-8.714391366095359e-05,0.00016685608333643666,7.971216967548307e-05,-0.0002539999969973902,0.0002539999969973902,11.0
takapakari,1.16920977008847e-05,-1.1193539206575209e-05,4.985584943094908e-07,2.2885636907459907e-05,2.2885636907459907e-05,9.0
takariri,0.00018072506958922524,-0.00011534589166179339,6.537917792743185e-05,0.0002960709612510186,0.0002960709612510186,10.0
takaroa,-8.714391366095359e-05,0.00016685608333643666,7.971216967548307e-05,-0.0002539999969973902,0.0002539999969973902,10.0
takataka,-8.714391366095359e-05,0.00016685608333643666,7.971216967548307e-05,-0.0002539999969973902,0.0002539999969973902,13.0
takatakahi,-0.00037721470547915037,0.0009630134136969216,0.0005857987082177713,-0.001340228119176072,0.001340228119176072,17.0
takatakoto,-8.714391366095359e-05,0.00016685608333643666,7.971216967548307e-05,-0.0002539999969973902,0.0002539999969973902,9.0
takatū,1.16920977008847e-05,-1.1193539206575209e-05,4.985584943094908e-07,2.2885636907459907e-05,2.2885636907459907e-05,12.0
takawaenga,-0.0001801338761723495,0.0006898114117588971,0.0005096775355865476,-0.0008699452879312466,0.0008699452879312466,10.0
takaware,-8.714391366095359e-05,0.00016685608333643666,7.971216967548307e-05,-0.0002539999969973902,0.0002539999969973902,12.0
take,0.00039534404544735313,-0.0001892431617495871,0.00020610088369776603,0.0005845872071969403,0.0005845872071969403,119.0
takenga,-8.714391366095359e-05,0.00016685608333643666,7.971216967548307e-05,-0.0002539999969973902,0.0002539999969973902,9.0
taketake,0.00018072506958922524,-0.00011534589166179339,6.537917792743185e-05,0.0002960709612510186,0.0002960709612510186,10.0
taki,-0.00023452951718498226,0.0013471741750040005,0.0011126446578190183,-0.0015817036921889826,0.0015817036921889826,21.0
takinoho,-8.714391366095359e-05,0.00016685608333643666,7.971216967548307e-05,-0.0002539999969973902,0.0002539999969973902,9.0
takitaki,-8.714391366095359e-05,0.00016685608333643666,7.971216967548307e-05,-0.0002539999969973902,0.0002539999969973902,11.0
takitoru,-8.714391366095359e-05,0.00016685608333643666,7.971216967548307e-05,-0.0002539999969973902,0.0002539999969973902,9.0
takiwā,1.16920977008847e-05,-1.1193539206575209e-05,4.985584943094908e-07,2.2885636907459907e-05,2.2885636907459907e-05,18.0
takoha,2.33841954017694e-05,-2.2387078413150418e-05,9.971169886189816e-07,4.5771273814919814e-05,4.5771273814919814e-05,12.0
takoto,0.0006438604641838963,-0.0002465623375302729,0.0003972981266536234,0.0008904228017141692,0.0008904228017141692,122.0
takotoranga,-8.714391366095359e-05,0.00016685608333643666,7.971216967548307e-05,-0.0002539999969973902,0.0002539999969973902,14.0
takutai,-8.714391366095359e-05,0.00016685608333643666,7.971216967548307e-05,-0.0002539999969973902,0.0002539999969973902,10.0
takutaku,-0.0001801338761723495,0.0006898114117588971,0.0005096775355865476,-0.0008699452879312466,0.0008699452879312466,9.0
tama,-8.714391366095359e-05,0.00016685608333643666,7.971216967548307e-05,-0.0002539999969973902,0.0002539999969973902,14.0
tamaiti,-8.714391366095359e-05,0.00016685608333643666,7.971216967548307e-05,-0.0002539999969973902,0.0002539999969973902,26.0
tamariki,0.00018072506958922524,-0.00011534589166179339,6.537917792743185e-05,0.0002960709612510186,0.0002960709612510186,20.0
tamāhine,-8.714391366095359e-05,0.00016685608333643666,7.971216967548307e-05,-0.0002539999969973902,0.0002539999969973902,13.0
tangata,1.16920977008847e-05,-1.1193539206575209e-05,4.985584943094908e-07,2.2885636907459907e-05,2.2885636907459907e-05,205.0
tangi,-0.0026355329654870097,0.00784980672278912,0.00521427375730211,-0.010485339688276129,0.010485339688276129,166.0
tangitanga,-8.714391366095359e-05,0.00016685608333643666,7.971216967548307e-05,-0.0002539999969973902,0.0002539999969973902,9.0
tango,-0.0007459928374381609,0.004761221517479281,0.00401522868004112,-0.0055072143549174425,0.0055072143549174425,87.0
tangotanga,-8.714391366095359e-05,0.00016685608333643666,7.971216967548307e-05,-0.0002539999969973902,0.0002539999969973902,8.0
tangotango,-8.714391366095359e-05,0.00016685608333643666,7.971216967548307e-05,-0.0002539999969973902,0.0002539999969973902,12.0
tanu,-8.714391366095359e-05,0.00016685608333643666,7.971216967548307e-05,-0.0002539999969973902,0.0002539999969973902,19.0
tao,-0.0001801338761723495,0.0006898114117588971,0.0005096775355865476,-0.0008699452879312466,0.0008699452879312466,11.0
taonga,-0.0001801338761723495,0.0006898114117588971,0.0005096775355865476,-0.0008699452879312466,0.0008699452879312466,50.0
tapa,-0.00023452951718498226,0.0013471741750040005,0.0011126446578190183,-0.0015817036921889826,0.0015817036921889826,28.0
tapahi,-0.00017428782732190718,0.0003337121666728733,0.00015942433935096613,-0.0005079999939947804,0.0005079999939947804,44.0
tapatapahi,-8.714391366095359e-05,0.00016685608333643666,7.971216967548307e-05,-0.0002539999969973902,0.0002539999969973902,12.0
tapu,-8.714391366095359e-05,0.00016685608333643666,7.971216967548307e-05,-0.0002539999969973902,0.0002539999969973902,40.0
taputapu,-8.714391366095359e-05,0.00016685608333643666,7.971216967548307e-05,-0.0002539999969973902,0.0002539999969973902,8.0
tara,-8.714391366095359e-05,0.00016685608333643666,7.971216967548307e-05,-0.0002539999969973902,0.0002539999969973902,10.0
tarai,3.507629310265405e-05,-3.358061761972557e-05,1.4956754829284808e-06,6.865691072237962e-05,6.865691072237962e-05,28.0
taraipiunara,-8.714391366095359e-05,0.00016685608333643666,7.971216967548307e-05,-0.0002539999969973902,0.0002539999969973902,23.0
taraiwa,-8.714391366095359e-05,0.00016685608333643666,7.971216967548307e-05,-0.0002539999969973902,0.0002539999969973902,13.0
tare,-8.714391366095359e-05,0.00016685608333643666,7.971216967548307e-05,-0.0002539999969973902,0.0002539999969973902,15.0
tareka,-8.714391366095359e-05,0.00016685608333643666,7.971216967548307e-05,-0.0002539999969973902,0.0002539999969973902,8.0
taretare,-8.714391366095359e-05,0.00016685608333643666,7.971216967548307e-05,-0.0002539999969973902,0.0002539999969973902,9.0
tari,0.0012877209283677926,-0.0004931246750605458,0.0007945962533072468,0.0017808456034283384,0.0017808456034283384,116.0
taringa,1.16920977008847e-05,-1.1193539206575209e-05,4.985584943094908e-07,2.2885636907459907e-05,2.2885636907459907e-05,10.0
tata,0.0006438604641838963,-0.0002465623375302729,0.0003972981266536234,0.0008904228017141692,0.0008904228017141692,141.0
tatae,-8.714391366095359e-05,0.00016685608333643666,7.971216967548307e-05,-0.0002539999969973902,0.0002539999969973902,9.0
tatanga,-8.714391366095359e-05,0.00016685608333643666,7.971216967548307e-05,-0.0002539999969973902,0.0002539999969973902,9.0
tatangi,-8.714391366095359e-05,0.00016685608333643666,7.971216967548307e-05,-0.0002539999969973902,0.0002539999969973902,10.0
tatari,0.007670544690167593,-0.0006385624154894429,0.00703198227467815,0.008309107105657037,0.008309107105657037,92.0
tatau,-8.714391366095359e-05,0.00016685608333643666,7.971216967548307e-05,-0.0002539999969973902,0.0002539999969973902,18.0
tatū,0.00039534404544735313,-0.0001892431617495871,0.00020610088369776603,0.0005845872071969403,0.0005845872071969403,87.0
tatūtanga,-8.714391366095359e-05,0.00016685608333643666,7.971216967548307e-05,-0.0002539999969973902,0.0002539999969973902,9.0
tau,-9.824481794496256e-05,0.00012540746176243703,2.7162643817474466e-05,-0.0002236522797073996,0.0002236522797073996,485.0
taua,-8.714391366095359e-05,0.00016685608333643666,7.971216967548307e-05,-0.0002539999969973902,0.0002539999969973902,8.0
tauhou,1.16920977008847e-05,-1.1193539206575209e-05,4.985584943094908e-07,2.2885636907459907e-05,2.2885636907459907e-05,11.0
tauihu,-8.714391366095359e-05,0.00016685608333643666,7.971216967548307e-05,-0.0002539999969973902,0.0002539999969973902,12.0
tauira,-0.0001801338761723495,0.0006898114117588971,0.0005096775355865476,-0.0008699452879312466,0.0008699452879312466,21.0
tauiwi,-8.714391366095359e-05,0.00016685608333643666,7.971216967548307e-05,-0.0002539999969973902,0.0002539999969973902,9.0
taukume,1.16920977008847e-05,-1.1193539206575209e-05,4.985584943094908e-07,2.2885636907459907e-05,2.2885636907459907e-05,9.0
taukumekume,0.0006438604641838963,-0.0002465623375302729,0.0003972981266536234,0.0008904228017141692,0.0008904228017141692,15.0
taumaha,0.0018686456404839334,-0.0003975478666600234,0.00147109777382391,0.0022661935071439567,0.0022661935071439567,34.0
taumahatanga,-8.714391366095359e-05,0.00016685608333643666,7.971216967548307e-05,-0.0002539999969973902,0.0002539999969973902,14.0
taumata,0.000919389914246826,-0.0002933955142048053,0.0006259944000420207,0.0012127854284516312,0.0012127854284516312,27.0
taumau,-8.714391366095359e-05,0.00016685608333643666,7.971216967548307e-05,-0.0002539999969973902,0.0002539999969973902,9.0
taunaha,-8.714391366095359e-05,0.00016685608333643666,7.971216967548307e-05,-0.0002539999969973902,0.0002539999969973902,9.0
taunga,-0.0001801338761723495,0.0006898114117588971,0.0005096775355865476,-0.0008699452879312466,0.0008699452879312466,26.0
taunu,0.00018072506958922524,-0.00011534589166179339,6.537917792743185e-05,0.0002960709612510186,0.0002960709612510186,11.0
tauparapara,-8.714391366095359e-05,0.00016685608333643666,7.971216967548307e-05,-0.0002539999969973902,0.0002539999969973902,9.0
taupatu,-8.714391366095359e-05,0.00016685608333643666,7.971216967548307e-05,-0.0002539999969973902,0.0002539999969973902,10.0
taupatupatu,1.16920977008847e-05,-1.1193539206575209e-05,4.985584943094908e-07,2.2885636907459907e-05,2.2885636907459907e-05,10.0
taupoki,-8.714391366095359e-05,0.00016685608333643666,7.971216967548307e-05,-0.0002539999969973902,0.0002539999969973902,11.0
taupā,-8.714391366095359e-05,0.00016685608333643666,7.971216967548307e-05,-0.0002539999969973902,0.0002539999969973902,9.0
taura,1.16920977008847e-05,-1.1193539206575209e-05,4.985584943094908e-07,2.2885636907459907e-05,2.2885636907459907e-05,22.0
taurite,-8.714391366095359e-05,0.00016685608333643666,7.971216967548307e-05,-0.0002539999969973902,0.0002539999969973902,10.0
taurua,-8.714391366095359e-05,0.00016685608333643666,7.971216967548307e-05,-0.0002539999969973902,0.0002539999969973902,9.0
tautau,-8.714391366095359e-05,0.00016685608333643666,7.971216967548307e-05,-0.0002539999969973902,0.0002539999969973902,9.0
tautohe,0.0001789106516269165,-0.00013702542997452203,4.188522165239446e-05,0.00031593608160143856,0.00031593608160143856,23.0
tautohetohe,-9.824481794496256e-05,0.00012540746176243703,2.7162643817474466e-05,-0.0002236522797073996,0.0002236522797073996,16.0
tautoko,0.011710336689683427,-0.004580838903057612,0.007129497786625815,0.01629117559274104,0.01629117559274104,321.0
tautokotanga,-8.714391366095359e-05,0.00016685608333643666,7.971216967548307e-05,-0.0002539999969973902,0.0002539999969973902,9.0
tawhiti,1.16920977008847e-05,-1.1193539206575209e-05,4.985584943094908e-07,2.2885636907459907e-05,2.2885636907459907e-05,25.0
tawhito,-8.714391366095359e-05,0.00016685608333643666,7.971216967548307e-05,-0.0002539999969973902,0.0002539999969973902,11.0
teihana,-8.714391366095359e-05,0.00016685608333643666,7.971216967548307e-05,-0.0002539999969973902,0.0002539999969973902,15.0
teina,-8.714391366095359e-05,0.00016685608333643666,7.971216967548307e-05,-0.0002539999969973902,0.0002539999969973902,10.0
teitei,0.00018072506958922524,-0.00011534589166179339,6.537917792743185e-05,0.0002960709612510186,0.0002960709612510186,15.0
teiteitanga,-8.714391366095359e-05,0.00016685608333643666,7.971216967548307e-05,-0.0002539999969973902,0.0002539999969973902,10.0
teka,-0.0001801338761723495,0.0006898114117588971,0.0005096775355865476,-0.0008699452879312466,0.0008699452879312466,9.0
tekau,0.00039534404544735313,-0.0001892431617495871,0.00020610088369776603,0.0005845872071969403,0.0005845872071969403,124.0
teko,-8.714391366095359e-05,0.00016685608333643666,7.971216967548307e-05,-0.0002539999969973902,0.0002539999969973902,9.0
tekoteko,-8.714391366095359e-05,0.00016685608333643666,7.971216967548307e-05,-0.0002539999969973902,0.0002539999969973902,11.0
tera,-8.714391366095359e-05,0.00016685608333643666,7.971216967548307e-05,-0.0002539999969973902,0.0002539999969973902,9.0
tere,0.0005664536695017896,-0.0003098855566743488,0.0002565681128274408,0.0008763392261761384,0.0008763392261761384,85.0
tereina,-8.714391366095359e-05,0.00016685608333643666,7.971216967548307e-05,-0.0002539999969973902,0.0002539999969973902,12.0
teretere,-8.714391366095359e-05,0.00016685608333643666,7.971216967548307e-05,-0.0002539999969973902,0.0002539999969973902,10.0
the,-8.714391366095359e-05,0.00016685608333643666,7.971216967548307e-05,-0.0002539999969973902,0.0002539999969973902,9.0
three,-8.714391366095359e-05,0.00016685608333643666,7.971216967548307e-05,-0.0002539999969973902,0.0002539999969973902,10.0
tia,-0.0001801338761723495,0.0006898114117588971,0.0005096775355865476,-0.0008699452879312466,0.0008699452879312466,11.0
tiaho,-8.714391366095359e-05,0.00016685608333643666,7.971216967548307e-05,-0.0002539999969973902,0.0002539999969973902,10.0
tiainamana,-8.714391366095359e-05,0.00016685608333643666,7.971216967548307e-05,-0.0002539999969973902,0.0002539999969973902,9.0
tiaki,-0.0015521915068874028,0.005613796939514169,0.004061605432626765,-0.007165988446401572,0.007165988446401572,75.0
tiamana,-8.714391366095359e-05,0.00016685608333643666,7.971216967548307e-05,-0.0002539999969973902,0.0002539999969973902,23.0
tiati,-8.714391366095359e-05,0.00016685608333643666,7.971216967548307e-05,-0.0002539999969973902,0.0002539999969973902,10.0
tihi,-8.714391366095359e-05,0.00016685608333643666,7.971216967548307e-05,-0.0002539999969973902,0.0002539999969973902,10.0
tika,0.021313419468528584,-0.0008328408850968093,0.020480578583431774,0.022146260353625394,0.022146260353625394,409.0
tikanga,-8.714391366095359e-05,0.00016685608333643666,7.971216967548307e-05,-0.0002539999969973902,0.0002539999969973902,139.0
tiki,-0.0007509889734870428,0.0023006922407901023,0.0015497032673030594,-0.003051681214277145,0.003051681214277145,93.0
tikitiki,-0.0001801338761723495,0.0006898114117588971,0.0005096775355865476,-0.0008699452879312466,0.0008699452879312466,11.0
tiko,-8.714391366095359e-05,0.00016685608333643666,7.971216967548307e-05,-0.0002539999969973902,0.0002539999969973902,10.0
timu,-8.714391366095359e-05,0.00016685608333643666,7.971216967548307e-05,-0.0002539999969973902,0.0002539999969973902,12.0
tina,-8.714391366095359e-05,0.00016685608333643666,7.971216967548307e-05,-0.0002539999969973902,0.0002539999969973902,12.0
tinana,-8.714391366095359e-05,0.00016685608333643666,7.971216967548307e-05,-0.0002539999969973902,0.0002539999969973902,27.0
tinei,-8.714391366095359e-05,0.00016685608333643666,7.971216967548307e-05,-0.0002539999969973902,0.0002539999969973902,16.0
tini,-8.714391366095359e-05,0.00016685608333643666,7.971216967548307e-05,-0.0002539999969973902,0.0002539999969973902,57.0
tini-o-maru,-8.714391366095359e-05,0.00016685608333643666,7.971216967548307e-05,-0.0002539999969973902,0.0002539999969973902,11.0
tinihanga,-0.00027312383868374545,0.0020918213136898417,0.0018186974750060963,-0.002364945152373587,0.002364945152373587,18.0
tino,0.019787360419209882,-0.0018332530418301313,0.01795410737737975,0.021620613461040016,0.021620613461040016,404.0
tiotio,-8.714391366095359e-05,0.00016685608333643666,7.971216967548307e-05,-0.0002539999969973902,0.0002539999969973902,10.0
tipitipi,-8.714391366095359e-05,0.00016685608333643666,7.971216967548307e-05,-0.0002539999969973902,0.0002539999969973902,9.0
tipu,0.0012173834070815612,-0.0003329924008801863,0.0008843910062013749,0.0015503758079617475,0.0015503758079617475,58.0
tipua,0.00018072506958922524,-0.00011534589166179339,6.537917792743185e-05,0.0002960709612510186,0.0002960709612510186,10.0
tipuna,-8.714391366095359e-05,0.00016685608333643666,7.971216967548307e-05,-0.0002539999969973902,0.0002539999969973902,19.0
tipuranga,-8.714391366095359e-05,0.00016685608333643666,7.971216967548307e-05,-0.0002539999969973902,0.0002539999969973902,9.0
tira,-8.714391366095359e-05,0.00016685608333643666,7.971216967548307e-05,-0.0002539999969973902,0.0002539999969973902,25.0
tiri,-8.714391366095359e-05,0.00016685608333643666,7.971216967548307e-05,-0.0002539999969973902,0.0002539999969973902,10.0
tiriti,1.16920977008847e-05,-1.1193539206575209e-05,4.985584943094908e-07,2.2885636907459907e-05,2.2885636907459907e-05,108.0
tiro,0.0012877209283677926,-0.0004931246750605458,0.0007945962533072468,0.0017808456034283384,0.0017808456034283384,59.0
tirohanga,-8.714391366095359e-05,0.00016685608333643666,7.971216967548307e-05,-0.0002539999969973902,0.0002539999969973902,21.0
tirotiro,-0.0006614186806077012,0.0017730030268044504,0.0011115843461967493,-0.0024344217074121514,0.0024344217074121514,48.0
titi,-8.714391366095359e-05,0.00016685608333643666,7.971216967548307e-05,-0.0002539999969973902,0.0002539999969973902,14.0
titiro,0.01804514509508829,-0.006257336032960687,0.011787809062127603,0.024302481128048975,0.024302481128048975,671.0
tito,-0.0001801338761723495,0.0006898114117588971,0.0005096775355865476,-0.0008699452879312466,0.0008699452879312466,25.0
tiwhikete,-8.714391366095359e-05,0.00016685608333643666,7.971216967548307e-05,-0.0002539999969973902,0.0002539999969973902,10.0
toa,0.0001789106516269165,-0.00013702542997452203,4.188522165239446e-05,0.00031593608160143856,0.00031593608160143856,68.0
toe,0.0022176205534817518,-0.00042461196007328474,0.001793008593408467,0.0026422325135550366,0.0026422325135550366,28.0
toenga,-8.714391366095359e-05,0.00016685608333643666,7.971216967548307e-05,-0.0002539999969973902,0.0002539999969973902,12.0
toha,3.507629310265405e-05,-3.358061761972557e-05,1.4956754829284808e-06,6.865691072237962e-05,6.865691072237962e-05,28.0
tohatoha,-0.00027312383868374545,0.0020918213136898417,0.0018186974750060963,-0.002364945152373587,0.002364945152373587,20.0
tohe,-9.824481794496256e-05,0.00012540746176243703,2.7162643817474466e-05,-0.0002236522797073996,0.0002236522797073996,23.0
tohetohe,-0.0001801338761723495,0.0006898114117588971,0.0005096775355865476,-0.0008699452879312466,0.0008699452879312466,11.0
tohi,-0.00023452951718498226,0.0013471741750040005,0.0011126446578190183,-0.0015817036921889826,0.0015817036921889826,14.0
tohorā,-8.714391366095359e-05,0.00016685608333643666,7.971216967548307e-05,-0.0002539999969973902,0.0002539999969973902,9.0
tohu,-0.0006061198403173728,0.005802745042031463,0.005196625201714091,-0.006408864882348836,0.006408864882348836,221.0
tohuatanga,-8.714391366095359e-05,0.00016685608333643666,7.971216967548307e-05,-0.0002539999969973902,0.0002539999969973902,9.0
tohunga,-8.714391366095359e-05,0.00016685608333643666,7.971216967548307e-05,-0.0002539999969973902,0.0002539999969973902,38.0
tohungatanga,-8.714391366095359e-05,0.00016685608333643666,7.971216967548307e-05,-0.0002539999969973902,0.0002539999969973902,10.0
tohutohu,-0.0006061198403173728,0.005802745042031463,0.005196625201714091,-0.006408864882348836,0.006408864882348836,35.0
toi,1.16920977008847e-05,-1.1193539206575209e-05,4.985584943094908e-07,2.2885636907459907e-05,2.2885636907459907e-05,46.0
toimaha,-8.714391366095359e-05,0.00016685608333643666,7.971216967548307e-05,-0.0002539999969973902,0.0002539999969973902,9.0
toitū,-8.714391366095359e-05,0.00016685608333643666,7.971216967548307e-05,-0.0002539999969973902,0.0002539999969973902,14.0
toka,-8.714391366095359e-05,0.00016685608333643666,7.971216967548307e-05,-0.0002539999969973902,0.0002539999969973902,12.0
tokanga-nui-ā-noho,-8.714391366095359e-05,0.00016685608333643666,7.971216967548307e-05,-0.0002539999969973902,0.0002539999969973902,9.0
toki,-8.714391366095359e-05,0.00016685608333643666,7.971216967548307e-05,-0.0002539999969973902,0.0002539999969973902,12.0
toko,-8.714391366095359e-05,0.00016685608333643666,7.971216967548307e-05,-0.0002539999969973902,0.0002539999969973902,9.0
tokoiti,1.16920977008847e-05,-1.1193539206575209e-05,4.985584943094908e-07,2.2885636907459907e-05,2.2885636907459907e-05,12.0
tokomaha,0.00018072506958922524,-0.00011534589166179339,6.537917792743185e-05,0.0002960709612510186,0.0002960709612510186,61.0
tokorima,-8.714391366095359e-05,0.00016685608333643666,7.971216967548307e-05,-0.0002539999969973902,0.0002539999969973902,9.0
tokorua,-8.714391366095359e-05,0.00016685608333643666,7.971216967548307e-05,-0.0002539999969973902,0.0002539999969973902,11.0
tokotoko,-8.714391366095359e-05,0.00016685608333643666,7.971216967548307e-05,-0.0002539999969973902,0.0002539999969973902,9.0
tokotoru,-8.714391366095359e-05,0.00016685608333643666,7.971216967548307e-05,-0.0002539999969973902,0.0002539999969973902,11.0
tokowhā,-8.714391366095359e-05,0.00016685608333643666,7.971216967548307e-05,-0.0002539999969973902,0.0002539999969973902,13.0
tomo,-8.714391366095359e-05,0.00016685608333643666,7.971216967548307e-05,-0.0002539999969973902,0.0002539999969973902,27.0
tomotomo,-8.714391366095359e-05,0.00016685608333643666,7.971216967548307e-05,-0.0002539999969973902,0.0002539999969973902,9.0
tonga,0.00018072506958922524,-0.00011534589166179339,6.537917792743185e-05,0.0002960709612510186,0.0002960709612510186,28.0
tono,-0.0005656329295241861,0.0006575526913089959,9.19197617848098e-05,-0.001223185620833182,0.001223185620833182,289.0
tononga,-8.714391366095359e-05,0.00016685608333643666,7.971216967548307e-05,-0.0002539999969973902,0.0002539999969973902,10.0
tonotono,-0.0001801338761723495,0.0006898114117588971,0.0005096775355865476,-0.0008699452879312466,0.0008699452879312466,11.0
tope,-0.0001801338761723495,0.0006898114117588971,0.0005096775355865476,-0.0008699452879312466,0.0008699452879312466,11.0
toremi,-8.714391366095359e-05,0.00016685608333643666,7.971216967548307e-05,-0.0002539999969973902,0.0002539999969973902,10.0
toro,1.16920977008847e-05,-1.1193539206575209e-05,4.985584943094908e-07,2.2885636907459907e-05,2.2885636907459907e-05,28.0
toromi,-8.714391366095359e-05,0.00016685608333643666,7.971216967548307e-05,-0.0002539999969973902,0.0002539999969973902,10.0
torotanga,-8.714391366095359e-05,0.00016685608333643666,7.971216967548307e-05,-0.0002539999969973902,0.0002539999969973902,9.0
torotoro,0.00018072506958922524,-0.00011534589166179339,6.537917792743185e-05,0.0002960709612510186,0.0002960709612510186,13.0
toru,-8.714391366095359e-05,0.00016685608333643666,7.971216967548307e-05,-0.0002539999969973902,0.0002539999969973902,110.0
torutoru,0.00018072506958922524,-0.00011534589166179339,6.537917792743185e-05,0.0002960709612510186,0.0002960709612510186,19.0
toto,-8.714391366095359e-05,0.00016685608333643666,7.971216967548307e-05,-0.0002539999969973902,0.0002539999969973902,11.0
totohe,0.00018072506958922524,-0.00011534589166179339,6.537917792743185e-05,0.0002960709612510186,0.0002960709612510186,17.0
totohu,-8.714391366095359e-05,0.00016685608333643666,7.971216967548307e-05,-0.0002539999969973902,0.0002539999969973902,11.0
totoro,0.0006438604641838963,-0.0002465623375302729,0.0003972981266536234,0.0008904228017141692,0.0008904228017141692,21.0
totō,-8.714391366095359e-05,0.00016685608333643666,7.971216967548307e-05,-0.0002539999969973902,0.0002539999969973902,9.0
tou,-8.714391366095359e-05,0.00016685608333643666,7.971216967548307e-05,-0.0002539999969973902,0.0002539999969973902,9.0
tourism,-8.714391366095359e-05,0.00016685608333643666,7.971216967548307e-05,-0.0002539999969973902,0.0002539999969973902,9.0
train,-8.714391366095359e-05,0.00016685608333643666,7.971216967548307e-05,-0.0002539999969973902,0.0002539999969973902,9.0
tribunal,1.16920977008847e-05,-1.1193539206575209e-05,4.985584943094908e-07,2.2885636907459907e-05,2.2885636907459907e-05,9.0
tua,-8.714391366095359e-05,0.00016685608333643666,7.971216967548307e-05,-0.0002539999969973902,0.0002539999969973902,10.0
tuahine,-8.714391366095359e-05,0.00016685608333643666,7.971216967548307e-05,-0.0002539999969973902,0.0002539999969973902,19.0
tuaiwa,-8.714391366095359e-05,0.00016685608333643666,7.971216967548307e-05,-0.0002539999969973902,0.0002539999969973902,9.0
tuakana,-8.714391366095359e-05,0.00016685608333643666,7.971216967548307e-05,-0.0002539999969973902,0.0002539999969973902,11.0
tuaki,-8.714391366095359e-05,0.00016685608333643666,7.971216967548307e-05,-0.0002539999969973902,0.0002539999969973902,10.0
tuanui,-8.714391366095359e-05,0.00016685608333643666,7.971216967548307e-05,-0.0002539999969973902,0.0002539999969973902,17.0
tuaono,-8.714391366095359e-05,0.00016685608333643666,7.971216967548307e-05,-0.0002539999969973902,0.0002539999969973902,10.0
tuapu,-8.714391366095359e-05,0.00016685608333643666,7.971216967548307e-05,-0.0002539999969973902,0.0002539999969973902,8.0
tuarima,-8.714391366095359e-05,0.00016685608333643666,7.971216967548307e-05,-0.0002539999969973902,0.0002539999969973902,15.0
tuarongo,-8.714391366095359e-05,0.00016685608333643666,7.971216967548307e-05,-0.0002539999969973902,0.0002539999969973902,10.0
tuarua,-0.0001801338761723495,0.0006898114117588971,0.0005096775355865476,-0.0008699452879312466,0.0008699452879312466,26.0
tuarā,-8.714391366095359e-05,0.00016685608333643666,7.971216967548307e-05,-0.0002539999969973902,0.0002539999969973902,17.0
tuatahi,-8.714391366095359e-05,0.00016685608333643666,7.971216967548307e-05,-0.0002539999969973902,0.0002539999969973902,59.0
tuatahitanga,-8.714391366095359e-05,0.00016685608333643666,7.971216967548307e-05,-0.0002539999969973902,0.0002539999969973902,12.0
tuatoru,-8.714391366095359e-05,0.00016685608333643666,7.971216967548307e-05,-0.0002539999969973902,0.0002539999969973902,15.0
tuawaru,0.00018072506958922524,-0.00011534589166179339,6.537917792743185e-05,0.0002960709612510186,0.0002960709612510186,10.0
tuawhā,-8.714391366095359e-05,0.00016685608333643666,7.971216967548307e-05,-0.0002539999969973902,0.0002539999969973902,15.0
tuha,1.16920977008847e-05,-1.1193539206575209e-05,4.985584943094908e-07,2.2885636907459907e-05,2.2885636907459907e-05,10.0
tuhi,-0.0004886352313405348,0.0006804356564299273,0.0001918004250893925,-0.001169070887770462,0.001169070887770462,62.0
tuhinga,-8.714391366095359e-05,0.00016685608333643666,7.971216967548307e-05,-0.0002539999969973902,0.0002539999969973902,9.0
tuhituhi,-0.0003030599201586864,0.0029013725210157316,0.0025983126008570453,-0.003204432441174418,0.003204432441174418,45.0
tuitui,-0.0001801338761723495,0.0006898114117588971,0.0005096775355865476,-0.0008699452879312466,0.0008699452879312466,12.0
tuki,-0.0001801338761723495,0.0006898114117588971,0.0005096775355865476,-0.0008699452879312466,0.0008699452879312466,40.0
tukituki,-0.0001801338761723495,0.0006898114117588971,0.0005096775355865476,-0.0008699452879312466,0.0008699452879312466,11.0
tuku,-0.003103390525839538,0.009337617070040992,0.006234226544201454,-0.01244100759588053,0.01244100759588053,455.0
tukunga,-8.714391366095359e-05,0.00016685608333643666,7.971216967548307e-05,-0.0002539999969973902,0.0002539999969973902,10.0
tukutanga,-8.714391366095359e-05,0.00016685608333643666,7.971216967548307e-05,-0.0002539999969973902,0.0002539999969973902,9.0
tukutuku,-8.714391366095359e-05,0.00016685608333643666,7.971216967548307e-05,-0.0002539999969973902,0.0002539999969973902,19.0
tumeke,1.16920977008847e-05,-1.1193539206575209e-05,4.985584943094908e-07,2.2885636907459907e-05,2.2885636907459907e-05,15.0
tumu,-8.714391366095359e-05,0.00016685608333643666,7.971216967548307e-05,-0.0002539999969973902,0.0002539999969973902,9.0
tumuaki,-8.714391366095359e-05,0.00016685608333643666,7.971216967548307e-05,-0.0002539999969973902,0.0002539999969973902,71.0
tuna,-8.714391366095359e-05,0.00016685608333643666,7.971216967548307e-05,-0.0002539999969973902,0.0002539999969973902,9.0
tungou,1.16920977008847e-05,-1.1193539206575209e-05,4.985584943094908e-07,2.2885636907459907e-05,2.2885636907459907e-05,9.0
tungāne,-8.714391366095359e-05,0.00016685608333643666,7.971216967548307e-05,-0.0002539999969973902,0.0002539999969973902,9.0
tunu,-0.00027312383868374545,0.0020918213136898417,0.0018186974750060963,-0.002364945152373587,0.002364945152373587,14.0
tuohu,0.00039534404544735313,-0.0001892431617495871,0.00020610088369776603,0.0005845872071969403,0.0005845872071969403,17.0
tupu,1.16920977008847e-05,-1.1193539206575209e-05,4.985584943094908e-07,2.2885636907459907e-05,2.2885636907459907e-05,37.0
tupuna,-8.714391366095359e-05,0.00016685608333643666,7.971216967548307e-05,-0.0002539999969973902,0.0002539999969973902,18.0
tuputupu,-8.714391366095359e-05,0.00016685608333643666,7.971216967548307e-05,-0.0002539999969973902,0.0002539999969973902,9.0
turaki,-0.00027312383868374545,0.0020918213136898417,0.0018186974750060963,-0.002364945152373587,0.002364945152373587,21.0
ture,0.00018072506958922524,-0.00011534589166179339,6.537917792743185e-05,0.0002960709612510186,0.0002960709612510186,54.0
turi,0.00018072506958922524,-0.00011534589166179339,6.537917792743185e-05,0.0002960709612510186,0.0002960709612510186,12.0
turituri,-8.714391366095359e-05,0.00016685608333643666,7.971216967548307e-05,-0.0002539999969973902,0.0002539999969973902,8.0
turu,-8.714391366095359e-05,0.00016685608333643666,7.971216967548307e-05,-0.0002539999969973902,0.0002539999969973902,10.0
tutu,-8.714391366095359e-05,0.00016685608333643666,7.971216967548307e-05,-0.0002539999969973902,0.0002539999969973902,10.0
tutuki,-0.00017428782732190718,0.0003337121666728733,0.00015942433935096613,-0.0005079999939947804,0.0005079999939947804,161.0
tutukitanga,-8.714391366095359e-05,0.00016685608333643666,7.971216967548307e-05,-0.0002539999969973902,0.0002539999969973902,14.0
tutuku,-8.714391366095359e-05,0.00016685608333643666,7.971216967548307e-05,-0.0002539999969973902,0.0002539999969973902,8.0
tutū,0.00039534404544735313,-0.0001892431617495871,0.00020610088369776603,0.0005845872071969403,0.0005845872071969403,29.0
tuwhera,0.001673227839986264,-0.0006865201452749044,0.0009867076947113595,0.0023597479852611684,0.0023597479852611684,55.0
tuwheratanga,-8.714391366095359e-05,0.00016685608333643666,7.971216967548307e-05,-0.0002539999969973902,0.0002539999969973902,17.0
tv,-8.714391366095359e-05,0.00016685608333643666,7.971216967548307e-05,-0.0002539999969973902,0.0002539999969973902,9.0
tā,-0.00037721470547915037,0.0009630134136969216,0.0005857987082177713,-0.001340228119176072,0.001340228119176072,37.0
tāhae,-8.447606807798189e-05,9.24273768233499e-05,7.951308745368009e-06,-0.00017690344490133177,0.00017690344490133177,25.0
tāhina,-8.714391366095359e-05,0.00016685608333643666,7.971216967548307e-05,-0.0002539999969973902,0.0002539999969973902,9.0
tāhinga,-8.714391366095359e-05,0.00016685608333643666,7.971216967548307e-05,-0.0002539999969973902,0.0002539999969973902,9.0
tāhoro,-8.714391366095359e-05,0.00016685608333643666,7.971216967548307e-05,-0.0002539999969973902,0.0002539999969973902,9.0
tāhuhu,-8.714391366095359e-05,0.00016685608333643666,7.971216967548307e-05,-0.0002539999969973902,0.0002539999969973902,30.0
tāhurihuri,-8.714391366095359e-05,0.00016685608333643666,7.971216967548307e-05,-0.0002539999969973902,0.0002539999969973902,11.0
tāhū,-8.714391366095359e-05,0.00016685608333643666,7.971216967548307e-05,-0.0002539999969973902,0.0002539999969973902,9.0
tāima,-8.714391366095359e-05,0.00016685608333643666,7.971216967548307e-05,-0.0002539999969973902,0.0002539999969973902,41.0
tāinga,-8.714391366095359e-05,0.00016685608333643666,7.971216967548307e-05,-0.0002539999969973902,0.0002539999969973902,10.0
tāite,-8.714391366095359e-05,0.00016685608333643666,7.971216967548307e-05,-0.0002539999969973902,0.0002539999969973902,16.0
tākaikai,-8.714391366095359e-05,0.00016685608333643666,7.971216967548307e-05,-0.0002539999969973902,0.0002539999969973902,9.0
tākaro,0.00018072506958922524,-0.00011534589166179339,6.537917792743185e-05,0.0002960709612510186,0.0002960709612510186,55.0
tāke,-8.714391366095359e-05,0.00016685608333643666,7.971216967548307e-05,-0.0002539999969973902,0.0002539999969973902,9.0
tākete,0.00018072506958922524,-0.00011534589166179339,6.537917792743185e-05,0.0002960709612510186,0.0002960709612510186,13.0
tāki,-8.714391366095359e-05,0.00016685608333643666,7.971216967548307e-05,-0.0002539999969973902,0.0002539999969973902,11.0
tākiri,-0.00023452951718498226,0.0013471741750040005,0.0011126446578190183,-0.0015817036921889826,0.0015817036921889826,14.0
tāku,-8.714391366095359e-05,0.00016685608333643666,7.971216967548307e-05,-0.0002539999969973902,0.0002539999969973902,9.0
tākuta,-8.714391366095359e-05,0.00016685608333643666,7.971216967548307e-05,-0.0002539999969973902,0.0002539999969973902,9.0
tāmi,0.00103173597788137,-0.0004389964882340231,0.0005927394896473469,0.0014707324661153932,0.0014707324661153932,24.0
tāne,-8.714391366095359e-05,0.00016685608333643666,7.971216967548307e-05,-0.0002539999969973902,0.0002539999969973902,18.0
tāngata,-8.714391366095359e-05,0.00016685608333643666,7.971216967548307e-05,-0.0002539999969973902,0.0002539999969973902,9.0
tāone,-8.714391366095359e-05,0.00016685608333643666,7.971216967548307e-05,-0.0002539999969973902,0.0002539999969973902,34.0
tāpae,-8.714391366095359e-05,0.00016685608333643666,7.971216967548307e-05,-0.0002539999969973902,0.0002539999969973902,13.0
tāpai,-8.714391366095359e-05,0.00016685608333643666,7.971216967548307e-05,-0.0002539999969973902,0.0002539999969973902,13.0
tāpiri,-8.714391366095359e-05,0.00016685608333643666,7.971216967548307e-05,-0.0002539999969973902,0.0002539999969973902,33.0
tāpu,-8.714391366095359e-05,0.00016685608333643666,7.971216967548307e-05,-0.0002539999969973902,0.0002539999969973902,12.0
tāpuke,-8.714391366095359e-05,0.00016685608333643666,7.971216967548307e-05,-0.0002539999969973902,0.0002539999969973902,12.0
tāra,-8.714391366095359e-05,0.00016685608333643666,7.971216967548307e-05,-0.0002539999969973902,0.0002539999969973902,9.0
tārai,-0.00023452951718498226,0.0013471741750040005,0.0011126446578190183,-0.0015817036921889826,0.0015817036921889826,11.0
tārei,-8.714391366095359e-05,0.00016685608333643666,7.971216967548307e-05,-0.0002539999969973902,0.0002539999969973902,9.0
tārewa,0.000919389914246826,-0.0002933955142048053,0.0006259944000420207,0.0012127854284516312,0.0012127854284516312,27.0
tāroa,-8.714391366095359e-05,0.00016685608333643666,7.971216967548307e-05,-0.0002539999969973902,0.0002539999969973902,9.0
tātahitahi,-8.714391366095359e-05,0.00016685608333643666,7.971216967548307e-05,-0.0002539999969973902,0.0002539999969973902,10.0
tātai,-8.714391366095359e-05,0.00016685608333643666,7.971216967548307e-05,-0.0002539999969973902,0.0002539999969973902,13.0
tātaitanga,-8.714391366095359e-05,0.00016685608333643666,7.971216967548307e-05,-0.0002539999969973902,0.0002539999969973902,10.0
tātaki,-0.0001801338761723495,0.0006898114117588971,0.0005096775355865476,-0.0008699452879312466,0.0008699452879312466,11.0
tātaraheke,-8.714391366095359e-05,0.00016685608333643666,7.971216967548307e-05,-0.0002539999969973902,0.0002539999969973902,9.0
tātari,-0.00028307910934717264,0.0008130253073749647,0.000529946198027792,-0.0010961044167221374,0.0010961044167221374,13.0
tātata,-8.714391366095359e-05,0.00016685608333643666,7.971216967548307e-05,-0.0002539999969973902,0.0002539999969973902,9.0
tāti,-8.714391366095359e-05,0.00016685608333643666,7.971216967548307e-05,-0.0002539999969973902,0.0002539999969973902,19.0
tātā,0.00018072506958922524,-0.00011534589166179339,6.537917792743185e-05,0.0002960709612510186,0.0002960709612510186,18.0
tātānga,-8.714391366095359e-05,0.00016685608333643666,7.971216967548307e-05,-0.0002539999969973902,0.0002539999969973902,9.0
tāua,-0.0001801338761723495,0.0006898114117588971,0.0005096775355865476,-0.0008699452879312466,0.0008699452879312466,10.0
tāwai,-8.714391366095359e-05,0.00016685608333643666,7.971216967548307e-05,-0.0002539999969973902,0.0002539999969973902,11.0
tāwhaowhao,-8.714391366095359e-05,0.00016685608333643666,7.971216967548307e-05,-0.0002539999969973902,0.0002539999969973902,9.0
tāwēwē,-8.714391366095359e-05,0.00016685608333643666,7.971216967548307e-05,-0.0002539999969973902,0.0002539999969973902,11.0
tēhi,-8.714391366095359e-05,0.00016685608333643666,7.971216967548307e-05,-0.0002539999969973902,0.0002539999969973902,9.0
tēnei,-0.00023452951718498226,0.0013471741750040005,0.0011126446578190183,-0.0015817036921889826,0.0015817036921889826,10.0
tēnā,-8.714391366095359e-05,0.00016685608333643666,7.971216967548307e-05,-0.0002539999969973902,0.0002539999969973902,9.0
tētahi,-0.00023452951718498226,0.0013471741750040005,0.0011126446578190183,-0.0015817036921889826,0.0015817036921889826,10.0
tētē,-8.714391366095359e-05,0.00016685608333643666,7.971216967548307e-05,-0.0002539999969973902,0.0002539999969973902,9.0
tīhaehae,-8.714391366095359e-05,0.00016685608333643666,7.971216967548307e-05,-0.0002539999969973902,0.0002539999969973902,10.0
tīkai,-0.0001801338761723495,0.0006898114117588971,0.0005096775355865476,-0.0008699452879312466,0.0008699452879312466,9.0
tīkapa,-8.714391366095359e-05,0.00016685608333643666,7.971216967548307e-05,-0.0002539999969973902,0.0002539999969973902,9.0
tīkape,-8.714391366095359e-05,0.00016685608333643666,7.971216967548307e-05,-0.0002539999969973902,0.0002539999969973902,9.0
tīkaro,-8.714391366095359e-05,0.00016685608333643666,7.971216967548307e-05,-0.0002539999969973902,0.0002539999969973902,9.0
tīkiti,-8.714391366095359e-05,0.00016685608333643666,7.971216967548307e-05,-0.0002539999969973902,0.0002539999969973902,11.0
tīma,0.000919389914246826,-0.0002933955142048053,0.0006259944000420207,0.0012127854284516312,0.0012127854284516312,135.0
tīmata,-0.001968553779040015,0.010051271423213817,0.008082717644173803,-0.012019825202253831,0.012019825202253831,541.0
tīmatanga,-8.714391366095359e-05,0.00016685608333643666,7.971216967548307e-05,-0.0002539999969973902,0.0002539999969973902,129.0
tīmatatanga,-8.714391366095359e-05,0.00016685608333643666,7.971216967548307e-05,-0.0002539999969973902,0.0002539999969973902,60.0
tīni,-0.0001801338761723495,0.0006898114117588971,0.0005096775355865476,-0.0008699452879312466,0.0008699452879312466,23.0
tīpoko,-8.714391366095359e-05,0.00016685608333643666,7.971216967548307e-05,-0.0002539999969973902,0.0002539999969973902,9.0
tīpuna,-8.714391366095359e-05,0.00016685608333643666,7.971216967548307e-05,-0.0002539999969973902,0.0002539999969973902,10.0
tīpā,-8.714391366095359e-05,0.00016685608333643666,7.971216967548307e-05,-0.0002539999969973902,0.0002539999969973902,10.0
tīraha,-8.714391366095359e-05,0.00016685608333643666,7.971216967548307e-05,-0.0002539999969973902,0.0002539999969973902,10.0
tītaha,1.16920977008847e-05,-1.1193539206575209e-05,4.985584943094908e-07,2.2885636907459907e-05,2.2885636907459907e-05,14.0
tītoretore,-8.714391366095359e-05,0.00016685608333643666,7.971216967548307e-05,-0.0002539999969973902,0.0002539999969973902,8.0
tītī,-8.714391366095359e-05,0.00016685608333643666,7.971216967548307e-05,-0.0002539999969973902,0.0002539999969973902,11.0
tīwaha,-8.714391366095359e-05,0.00016685608333643666,7.971216967548307e-05,-0.0002539999969973902,0.0002539999969973902,11.0
tīwahawaha,-8.714391366095359e-05,0.00016685608333643666,7.971216967548307e-05,-0.0002539999969973902,0.0002539999969973902,9.0
tō,-0.0004670229499039732,0.001490362646024581,0.0010233396961206076,-0.001957385595928554,0.001957385595928554,42.0
tōhi,-8.714391366095359e-05,0.00016685608333643666,7.971216967548307e-05,-0.0002539999969973902,0.0002539999969973902,9.0
tōmairangi,-8.714391366095359e-05,0.00016685608333643666,7.971216967548307e-05,-0.0002539999969973902,0.0002539999969973902,9.0
tōmuri,0.000919389914246826,-0.0002933955142048053,0.0006259944000420207,0.0012127854284516312,0.0012127854284516312,14.0
tōnga,-8.714391366095359e-05,0.00016685608333643666,7.971216967548307e-05,-0.0002539999969973902,0.0002539999969973902,12.0
tōpū,1.16920977008847e-05,-1.1193539206575209e-05,4.985584943094908e-07,2.2885636907459907e-05,2.2885636907459907e-05,13.0
tōrangapū,-8.714391366095359e-05,0.00016685608333643666,7.971216967548307e-05,-0.0002539999969973902,0.0002539999969973902,20.0
tōtanga,-8.714391366095359e-05,0.00016685608333643666,7.971216967548307e-05,-0.0002539999969973902,0.0002539999969973902,10.0
tōtika,-8.714391366095359e-05,0.00016685608333643666,7.971216967548307e-05,-0.0002539999969973902,0.0002539999969973902,22.0
tū,0.03423285633855659,-0.0021373790567317105,0.03209547728182488,0.0363702353952883,0.0363702353952883,977.0
tūhanga,-8.714391366095359e-05,0.00016685608333643666,7.971216967548307e-05,-0.0002539999969973902,0.0002539999969973902,9.0
tūhono,0.00039534404544735313,-0.0001892431617495871,0.00020610088369776603,0.0005845872071969403,0.0005845872071969403,21.0
tūhonohono,-8.714391366095359e-05,0.00016685608333643666,7.971216967548307e-05,-0.0002539999969973902,0.0002539999969973902,10.0
tūhonohonotanga,-8.714391366095359e-05,0.00016685608333643666,7.971216967548307e-05,-0.0002539999969973902,0.0002539999969973902,11.0
tūhonotanga,-8.714391366095359e-05,0.00016685608333643666,7.971216967548307e-05,-0.0002539999969973902,0.0002539999969973902,9.0
tūkaha,-8.714391366095359e-05,0.00016685608333643666,7.971216967548307e-05,-0.0002539999969973902,0.0002539999969973902,9.0
tūkino,-9.306755343624721e-05,0.00010691891240387157,1.3851358967624356e-05,-0.0001999864658401188,0.0001999864658401188,23.0
tūmanako,0.0005664536695017896,-0.0003098855566743488,0.0002565681128274408,0.0008763392261761384,0.0008763392261761384,72.0
tūmekemeke,-8.714391366095359e-05,0.00016685608333643666,7.971216967548307e-05,-0.0002539999969973902,0.0002539999969973902,9.0
tūnga,0.00018072506958922524,-0.00011534589166179339,6.537917792743185e-05,0.0002960709612510186,0.0002960709612510186,28.0
tūpato,-8.714391366095359e-05,0.00016685608333643666,7.971216967548307e-05,-0.0002539999969973902,0.0002539999969973902,54.0
tūpono,0.00018072506958922524,-0.00011534589166179339,6.537917792743185e-05,0.0002960709612510186,0.0002960709612510186,17.0
tūpou,-8.714391366095359e-05,0.00016685608333643666,7.971216967548307e-05,-0.0002539999969973902,0.0002539999969973902,9.0
tūpuhi,-8.714391366095359e-05,0.00016685608333643666,7.971216967548307e-05,-0.0002539999969973902,0.0002539999969973902,10.0
tūranga,-8.714391366095359e-05,0.00016685608333643666,7.971216967548307e-05,-0.0002539999969973902,0.0002539999969973902,17.0
tūrangawaewae,-8.714391366095359e-05,0.00016685608333643666,7.971216967548307e-05,-0.0002539999969973902,0.0002539999969973902,13.0
tūrei,-8.714391366095359e-05,0.00016685608333643666,7.971216967548307e-05,-0.0002539999969973902,0.0002539999969973902,16.0
tūreiti,-8.714391366095359e-05,0.00016685608333643666,7.971216967548307e-05,-0.0002539999969973902,0.0002539999969973902,15.0
tūroro,-8.714391366095359e-05,0.00016685608333643666,7.971216967548307e-05,-0.0002539999969973902,0.0002539999969973902,9.0
tūru,-8.714391366095359e-05,0.00016685608333643666,7.971216967548307e-05,-0.0002539999969973902,0.0002539999969973902,21.0
tūtaki,-0.0001801338761723495,0.0006898114117588971,0.0005096775355865476,-0.0008699452879312466,0.0008699452879312466,123.0
tūtakitaki,-8.714391366095359e-05,0.00016685608333643666,7.971216967548307e-05,-0.0002539999969973902,0.0002539999969973902,13.0
tūtakitanga,-8.714391366095359e-05,0.00016685608333643666,7.971216967548307e-05,-0.0002539999969973902,0.0002539999969973902,9.0
tūtanga,-8.714391366095359e-05,0.00016685608333643666,7.971216967548307e-05,-0.0002539999969973902,0.0002539999969973902,11.0
tūtehu,-8.714391366095359e-05,0.00016685608333643666,7.971216967548307e-05,-0.0002539999969973902,0.0002539999969973902,22.0
tūtohu,-8.714391366095359e-05,0.00016685608333643666,7.971216967548307e-05,-0.0002539999969973902,0.0002539999969973902,9.0
tūtuki,1.16920977008847e-05,-1.1193539206575209e-05,4.985584943094908e-07,2.2885636907459907e-05,2.2885636907459907e-05,16.0
tūturi,-8.714391366095359e-05,0.00016685608333643666,7.971216967548307e-05,-0.0002539999969973902,0.0002539999969973902,9.0
tūturu,-8.714391366095359e-05,0.00016685608333643666,7.971216967548307e-05,-0.0002539999969973902,0.0002539999969973902,18.0
tūturutanga,-8.714391366095359e-05,0.00016685608333643666,7.971216967548307e-05,-0.0002539999969973902,0.0002539999969973902,13.0
tūtū,1.16920977008847e-05,-1.1193539206575209e-05,4.985584943094908e-07,2.2885636907459907e-05,2.2885636907459907e-05,27.0
ua,-8.714391366095359e-05,0.00016685608333643666,7.971216967548307e-05,-0.0002539999969973902,0.0002539999969973902,9.0
uaua,1.16920977008847e-05,-1.1193539206575209e-05,4.985584943094908e-07,2.2885636907459907e-05,2.2885636907459907e-05,24.0
uauatanga,-8.714391366095359e-05,0.00016685608333643666,7.971216967548307e-05,-0.0002539999969973902,0.0002539999969973902,11.0
uhi,-8.714391366095359e-05,0.00016685608333643666,7.971216967548307e-05,-0.0002539999969973902,0.0002539999969973902,24.0
ui,-0.0001801338761723495,0.0006898114117588971,0.0005096775355865476,-0.0008699452879312466,0.0008699452879312466,15.0
um,-8.714391366095359e-05,0.00016685608333643666,7.971216967548307e-05,-0.0002539999969973902,0.0002539999969973902,12.0
uma,-8.714391366095359e-05,0.00016685608333643666,7.971216967548307e-05,-0.0002539999969973902,0.0002539999969973902,9.0
uniana,-8.714391366095359e-05,0.00016685608333643666,7.971216967548307e-05,-0.0002539999969973902,0.0002539999969973902,11.0
unit,-8.714391366095359e-05,0.00016685608333643666,7.971216967548307e-05,-0.0002539999969973902,0.0002539999969973902,9.0
unu,-8.714391366095359e-05,0.00016685608333643666,7.971216967548307e-05,-0.0002539999969973902,0.0002539999969973902,28.0
upoko,-8.714391366095359e-05,0.00016685608333643666,7.971216967548307e-05,-0.0002539999969973902,0.0002539999969973902,19.0
upoko-o-te-ika,-8.714391366095359e-05,0.00016685608333643666,7.971216967548307e-05,-0.0002539999969973902,0.0002539999969973902,14.0
upoko-rehe,-8.714391366095359e-05,0.00016685608333643666,7.971216967548307e-05,-0.0002539999969973902,0.0002539999969973902,9.0
uri,-8.714391366095359e-05,0.00016685608333643666,7.971216967548307e-05,-0.0002539999969973902,0.0002539999969973902,22.0
uru,0.0015346077909858737,-0.000367292784292599,0.0011673150066932748,0.0019019005752784726,0.0019019005752784726,327.0
urunga,-8.714391366095359e-05,0.00016685608333643666,7.971216967548307e-05,-0.0002539999969973902,0.0002539999969973902,19.0
urupā,-8.714391366095359e-05,0.00016685608333643666,7.971216967548307e-05,-0.0002539999969973902,0.0002539999969973902,13.0
ururoa,-8.714391366095359e-05,0.00016685608333643666,7.971216967548307e-05,-0.0002539999969973902,0.0002539999969973902,12.0
ururua,-8.714391366095359e-05,0.00016685608333643666,7.971216967548307e-05,-0.0002539999969973902,0.0002539999969973902,10.0
urutanga,-8.714391366095359e-05,0.00016685608333643666,7.971216967548307e-05,-0.0002539999969973902,0.0002539999969973902,10.0
uruuru,-8.714391366095359e-05,0.00016685608333643666,7.971216967548307e-05,-0.0002539999969973902,0.0002539999969973902,10.0
uta,0.00018072506958922524,-0.00011534589166179339,6.537917792743185e-05,0.0002960709612510186,0.0002960709612510186,37.0
utu,-0.0009304911103328221,0.001527110359932668,0.000596619249599846,-0.00245760147026549,0.00245760147026549,126.0
uwhi,-8.714391366095359e-05,0.00016685608333643666,7.971216967548307e-05,-0.0002539999969973902,0.0002539999969973902,18.0
vc,-8.714391366095359e-05,0.00016685608333643666,7.971216967548307e-05,-0.0002539999969973902,0.0002539999969973902,9.0
vice,-8.714391366095359e-05,0.00016685608333643666,7.971216967548307e-05,-0.0002539999969973902,0.0002539999969973902,8.0
waea,2.33841954017694e-05,-2.2387078413150418e-05,9.971169886189816e-07,4.5771273814919814e-05,4.5771273814919814e-05,48.0
waenganui,1.16920977008847e-05,-1.1193539206575209e-05,4.985584943094908e-07,2.2885636907459907e-05,2.2885636907459907e-05,14.0
waerea,-8.714391366095359e-05,0.00016685608333643666,7.971216967548307e-05,-0.0002539999969973902,0.0002539999969973902,9.0
waewae,-8.714391366095359e-05,0.00016685608333643666,7.971216967548307e-05,-0.0002539999969973902,0.0002539999969973902,19.0
waha,0.0006438604641838963,-0.0002465623375302729,0.0003972981266536234,0.0008904228017141692,0.0008904228017141692,24.0
wahangū,0.00039534404544735313,-0.0001892431617495871,0.00020610088369776603,0.0005845872071969403,0.0005845872071969403,14.0
wahapū,-8.714391366095359e-05,0.00016685608333643666,7.971216967548307e-05,-0.0002539999969973902,0.0002539999969973902,16.0
waharoa,-8.714391366095359e-05,0.00016685608333643666,7.971216967548307e-05,-0.0002539999969973902,0.0002539999969973902,11.0
wahawaha,-8.714391366095359e-05,0.00016685608333643666,7.971216967548307e-05,-0.0002539999969973902,0.0002539999969973902,11.0
wahine,0.00039534404544735313,-0.0001892431617495871,0.00020610088369776603,0.0005845872071969403,0.0005845872071969403,66.0
wai,0.00039534404544735313,-0.0001892431617495871,0.00020610088369776603,0.0005845872071969403,0.0005845872071969403,51.0
wai-hua,1.16920977008847e-05,-1.1193539206575209e-05,4.985584943094908e-07,2.2885636907459907e-05,2.2885636907459907e-05,9.0
wai-pounamu,1.16920977008847e-05,-1.1193539206575209e-05,4.985584943094908e-07,2.2885636907459907e-05,2.2885636907459907e-05,13.0
wai-roa,-8.714391366095359e-05,0.00016685608333643666,7.971216967548307e-05,-0.0002539999969973902,0.0002539999969973902,9.0
waia,-8.714391366095359e-05,0.00016685608333643666,7.971216967548307e-05,-0.0002539999969973902,0.0002539999969973902,12.0
waiariki,-8.714391366095359e-05,0.00016685608333643666,7.971216967548307e-05,-0.0002539999969973902,0.0002539999969973902,11.0
waiata,-0.0004357195683047679,0.0008342804166821834,0.0003985608483774155,-0.0012699999849869513,0.0012699999849869513,56.0
waihanga,-0.0003761061247395708,0.0006001145333095216,0.00022400840856995075,-0.0009762206580490923,0.0009762206580490923,43.0
waiho,-0.00034857565464381437,0.0006674243333457466,0.00031884867870193227,-0.001015999987989561,0.001015999987989561,101.0
waikura,-8.714391366095359e-05,0.00016685608333643666,7.971216967548307e-05,-0.0002539999969973902,0.0002539999969973902,9.0
waimarie,1.16920977008847e-05,-1.1193539206575209e-05,4.985584943094908e-07,2.2885636907459907e-05,2.2885636907459907e-05,42.0
waimate,-8.714391366095359e-05,0.00016685608333643666,7.971216967548307e-05,-0.0002539999969973902,0.0002539999969973902,9.0
waiora,-8.714391366095359e-05,0.00016685608333643666,7.971216967548307e-05,-0.0002539999969973902,0.0002539999969973902,26.0
waipiro,-8.714391366095359e-05,0.00016685608333643666,7.971216967548307e-05,-0.0002539999969973902,0.0002539999969973902,10.0
waipuke,-8.714391366095359e-05,0.00016685608333643666,7.971216967548307e-05,-0.0002539999969973902,0.0002539999969973902,20.0
wairua,-8.714391366095359e-05,0.00016685608333643666,7.971216967548307e-05,-0.0002539999969973902,0.0002539999969973902,127.0
wairuatanga,-8.714391366095359e-05,0.00016685608333643666,7.971216967548307e-05,-0.0002539999969973902,0.0002539999969973902,10.0
waiwai,-8.714391366095359e-05,0.00016685608333643666,7.971216967548307e-05,-0.0002539999969973902,0.0002539999969973902,9.0
waka,-8.714391366095359e-05,0.00016685608333643666,7.971216967548307e-05,-0.0002539999969973902,0.0002539999969973902,109.0
waka-o-māui,-8.714391366095359e-05,0.00016685608333643666,7.971216967548307e-05,-0.0002539999969973902,0.0002539999969973902,9.0
wana,-8.714391366095359e-05,0.00016685608333643666,7.971216967548307e-05,-0.0002539999969973902,0.0002539999969973902,9.0
wao,-8.714391366095359e-05,0.00016685608333643666,7.971216967548307e-05,-0.0002539999969973902,0.0002539999969973902,17.0
ware,0.0012173834070815612,-0.0003329924008801863,0.0008843910062013749,0.0015503758079617475,0.0015503758079617475,19.0
wareware,0.000919389914246826,-0.0002933955142048053,0.0006259944000420207,0.0012127854284516312,0.0012127854284516312,63.0
waro,-8.714391366095359e-05,0.00016685608333643666,7.971216967548307e-05,-0.0002539999969973902,0.0002539999969973902,9.0
waru,1.16920977008847e-05,-1.1193539206575209e-05,4.985584943094908e-07,2.2885636907459907e-05,2.2885636907459907e-05,43.0
watershed,1.16920977008847e-05,-1.1193539206575209e-05,4.985584943094908e-07,2.2885636907459907e-05,2.2885636907459907e-05,9.0
wawao,1.16920977008847e-05,-1.1193539206575209e-05,4.985584943094908e-07,2.2885636907459907e-05,2.2885636907459907e-05,9.0
wawata,-0.00017428782732190718,0.0003337121666728733,0.00015942433935096613,-0.0005079999939947804,0.0005079999939947804,29.0
wawe,-8.714391366095359e-05,0.00016685608333643666,7.971216967548307e-05,-0.0002539999969973902,0.0002539999969973902,13.0
wehe,0.00018072506958922524,-0.00011534589166179339,6.537917792743185e-05,0.0002960709612510186,0.0002960709612510186,89.0
wehenga,-8.714391366095359e-05,0.00016685608333643666,7.971216967548307e-05,-0.0002539999969973902,0.0002539999969973902,18.0
weheruatanga,-8.714391366095359e-05,0.00016685608333643666,7.971216967548307e-05,-0.0002539999969973902,0.0002539999969973902,9.0
wehetanga,-8.714391366095359e-05,0.00016685608333643666,7.971216967548307e-05,-0.0002539999969973902,0.0002539999969973902,14.0
wehewehe,0.00018072506958922524,-0.00011534589166179339,6.537917792743185e-05,0.0002960709612510186,0.0002960709612510186,25.0
wehi,1.16920977008847e-05,-1.1193539206575209e-05,4.985584943094908e-07,2.2885636907459907e-05,2.2885636907459907e-05,34.0
wenerei,-8.714391366095359e-05,0.00016685608333643666,7.971216967548307e-05,-0.0002539999969973902,0.0002539999969973902,25.0
wepu,-8.714391366095359e-05,0.00016685608333643666,7.971216967548307e-05,-0.0002539999969973902,0.0002539999969973902,19.0
wera,0.00018072506958922524,-0.00011534589166179339,6.537917792743185e-05,0.0002960709612510186,0.0002960709612510186,16.0
weranga,-8.714391366095359e-05,0.00016685608333643666,7.971216967548307e-05,-0.0002539999969973902,0.0002539999969973902,9.0
werawera,-8.714391366095359e-05,0.00016685608333643666,7.971216967548307e-05,-0.0002539999969973902,0.0002539999969973902,11.0
weri,-8.714391366095359e-05,0.00016685608333643666,7.971216967548307e-05,-0.0002539999969973902,0.0002539999969973902,8.0
weriweri,-8.714391366095359e-05,0.00016685608333643666,7.971216967548307e-05,-0.0002539999969973902,0.0002539999969973902,8.0
wero,-0.0003761061247395708,0.0006001145333095216,0.00022400840856995075,-0.0009762206580490923,0.0009762206580490923,40.0
werowero,1.16920977008847e-05,-1.1193539206575209e-05,4.985584943094908e-07,2.2885636907459907e-05,2.2885636907459907e-05,15.0
wete,-8.714391366095359e-05,0.00016685608333643666,7.971216967548307e-05,-0.0002539999969973902,0.0002539999969973902,9.0
wetewete,-8.714391366095359e-05,0.00016685608333643666,7.971216967548307e-05,-0.0002539999969973902,0.0002539999969973902,11.0
weti,-8.714391366095359e-05,0.00016685608333643666,7.971216967548307e-05,-0.0002539999969973902,0.0002539999969973902,9.0
weto,-8.714391366095359e-05,0.00016685608333643666,7.971216967548307e-05,-0.0002539999969973902,0.0002539999969973902,10.0
weu,-8.714391366095359e-05,0.00016685608333643666,7.971216967548307e-05,-0.0002539999969973902,0.0002539999969973902,9.0
wewehe,-8.714391366095359e-05,0.00016685608333643666,7.971216967548307e-05,-0.0002539999969973902,0.0002539999969973902,9.0
whaea,-8.714391366095359e-05,0.00016685608333643666,7.971216967548307e-05,-0.0002539999969973902,0.0002539999969973902,18.0
whai,0.014917464356486894,-0.004032388001870747,0.010885076354616146,0.018949852358357642,0.018949852358357642,572.0
whaikōrero,-8.714391366095359e-05,0.00016685608333643666,7.971216967548307e-05,-0.0002539999969973902,0.0002539999969973902,11.0
whaina,-8.714391366095359e-05,0.00016685608333643666,7.971216967548307e-05,-0.0002539999969973902,0.0002539999969973902,13.0
whaiwhai,3.507629310265405e-05,-3.358061761972557e-05,1.4956754829284808e-06,6.865691072237962e-05,6.865691072237962e-05,57.0
whaka-,-0.0003275194796963782,0.003762646085266072,0.003435126605569694,-0.00409016556496245,0.00409016556496245,13.0
whakaae,0.0014626180012387445,-0.0008910688423117858,0.0005715491589269587,0.0023536868435505304,0.0023536868435505304,298.0
whakaaehanga,-8.714391366095359e-05,0.00016685608333643666,7.971216967548307e-05,-0.0002539999969973902,0.0002539999969973902,9.0
whakaaetanga,-8.714391366095359e-05,0.00016685608333643666,7.971216967548307e-05,-0.0002539999969973902,0.0002539999969973902,9.0
whakaahua,-0.00023452951718498226,0.0013471741750040005,0.0011126446578190183,-0.0015817036921889826,0.0015817036921889826,16.0
whakaahuatanga,-8.714391366095359e-05,0.00016685608333643666,7.971216967548307e-05,-0.0002539999969973902,0.0002539999969973902,9.0
whakaako,-0.0004670229499039732,0.001490362646024581,0.0010233396961206076,-0.001957385595928554,0.001957385595928554,48.0
whakaakoako,-8.714391366095359e-05,0.00016685608333643666,7.971216967548307e-05,-0.0002539999969973902,0.0002539999969973902,10.0
whakaakoranga,-8.714391366095359e-05,0.00016685608333643666,7.971216967548307e-05,-0.0002539999969973902,0.0002539999969973902,10.0
whakaara,-0.0004670229499039732,0.001490362646024581,0.0010233396961206076,-0.001957385595928554,0.001957385595928554,37.0
whakaaraara,-8.714391366095359e-05,0.00016685608333643666,7.971216967548307e-05,-0.0002539999969973902,0.0002539999969973902,10.0
whakaari,-0.0001801338761723495,0.0006898114117588971,0.0005096775355865476,-0.0008699452879312466,0.0008699452879312466,10.0
whakaaro,0.013662753342300377,-0.0025731471808628434,0.011089606161437534,0.01623590052316322,0.01623590052316322,434.0
whakaaroaro,0.0006438604641838963,-0.0002465623375302729,0.0003972981266536234,0.0008904228017141692,0.0008904228017141692,15.0
whakaata,-0.00017428782732190718,0.0003337121666728733,0.00015942433935096613,-0.0005079999939947804,0.0005079999939947804,15.0
whakaataata,1.16920977008847e-05,-1.1193539206575209e-05,4.985584943094908e-07,2.2885636907459907e-05,2.2885636907459907e-05,10.0
whakaatu,-0.0012938901190061814,0.0028903415801654476,0.0015964514611592662,-0.004184231699171629,0.004184231699171629,89.0
whakaaturanga,-8.714391366095359e-05,0.00016685608333643666,7.971216967548307e-05,-0.0002539999969973902,0.0002539999969973902,12.0
whakaatutanga,-8.714391366095359e-05,0.00016685608333643666,7.971216967548307e-05,-0.0002539999969973902,0.0002539999969973902,10.0
whakaawatea,-8.714391366095359e-05,0.00016685608333643666,7.971216967548307e-05,-0.0002539999969973902,0.0002539999969973902,8.0
whakaeke,-9.824481794496256e-05,0.00012540746176243703,2.7162643817474466e-05,-0.0002236522797073996,0.0002236522797073996,42.0
whakaeketanga,-8.714391366095359e-05,0.00016685608333643666,7.971216967548307e-05,-0.0002539999969973902,0.0002539999969973902,13.0
whakaemi,-8.714391366095359e-05,0.00016685608333643666,7.971216967548307e-05,-0.0002539999969973902,0.0002539999969973902,21.0
whakahaere,-0.004149361760270654,0.010593147550666138,0.006443785790395485,-0.014742509310936791,0.014742509310936791,183.0
whakahakiri,-8.714391366095359e-05,0.00016685608333643666,7.971216967548307e-05,-0.0002539999969973902,0.0002539999969973902,9.0
whakaharuru,-8.714391366095359e-05,0.00016685608333643666,7.971216967548307e-05,-0.0002539999969973902,0.0002539999969973902,9.0
whakahau,-0.0005228634819657216,0.0010011365000186202,0.00047827301805289857,-0.0015239999819843418,0.0015239999819843418,59.0
whakahauora,-8.714391366095359e-05,0.00016685608333643666,7.971216967548307e-05,-0.0002539999969973902,0.0002539999969973902,10.0
whakaheke,0.0006438604641838963,-0.0002465623375302729,0.0003972981266536234,0.0008904228017141692,0.0008904228017141692,14.0
whakahere,-8.714391366095359e-05,0.00016685608333643666,7.971216967548307e-05,-0.0002539999969973902,0.0002539999969973902,9.0
whakahiahia,-8.714391366095359e-05,0.00016685608333643666,7.971216967548307e-05,-0.0002539999969973902,0.0002539999969973902,9.0
whakahiato,-8.714391366095359e-05,0.00016685608333643666,7.971216967548307e-05,-0.0002539999969973902,0.0002539999969973902,10.0
whakahihiko,-0.0001801338761723495,0.0006898114117588971,0.0005096775355865476,-0.0008699452879312466,0.0008699452879312466,9.0
whakahirahira,-8.714391366095359e-05,0.00016685608333643666,7.971216967548307e-05,-0.0002539999969973902,0.0002539999969973902,10.0
whakahoahoa,1.16920977008847e-05,-1.1193539206575209e-05,4.985584943094908e-07,2.2885636907459907e-05,2.2885636907459907e-05,10.0
whakahoki,-0.0005228634819657216,0.0010011365000186202,0.00047827301805289857,-0.0015239999819843418,0.0015239999819843418,281.0
whakahokinga,-8.714391366095359e-05,0.00016685608333643666,7.971216967548307e-05,-0.0002539999969973902,0.0002539999969973902,11.0
whakahokitanga,-8.714391366095359e-05,0.00016685608333643666,7.971216967548307e-05,-0.0002539999969973902,0.0002539999969973902,16.0
whakahoko,-8.714391366095359e-05,0.00016685608333643666,7.971216967548307e-05,-0.0002539999969973902,0.0002539999969973902,8.0
whakahokohoko,-8.714391366095359e-05,0.00016685608333643666,7.971216967548307e-05,-0.0002539999969973902,0.0002539999969973902,9.0
whakahono,-8.714391366095359e-05,0.00016685608333643666,7.971216967548307e-05,-0.0002539999969973902,0.0002539999969973902,18.0
whakahonohono,-8.714391366095359e-05,0.00016685608333643666,7.971216967548307e-05,-0.0002539999969973902,0.0002539999969973902,11.0
whakahora,-0.0001801338761723495,0.0006898114117588971,0.0005096775355865476,-0.0008699452879312466,0.0008699452879312466,10.0
whakahoro,-8.714391366095359e-05,0.00016685608333643666,7.971216967548307e-05,-0.0002539999969973902,0.0002539999969973902,9.0
whakahou,-8.714391366095359e-05,0.00016685608333643666,7.971216967548307e-05,-0.0002539999969973902,0.0002539999969973902,21.0
whakahua,-8.714391366095359e-05,0.00016685608333643666,7.971216967548307e-05,-0.0002539999969973902,0.0002539999969973902,24.0
whakahuahua,1.16920977008847e-05,-1.1193539206575209e-05,4.985584943094908e-07,2.2885636907459907e-05,2.2885636907459907e-05,13.0
whakahui,-8.714391366095359e-05,0.00016685608333643666,7.971216967548307e-05,-0.0002539999969973902,0.0002539999969973902,11.0
whakahuihui,-0.00034857565464381437,0.0006674243333457466,0.00031884867870193227,-0.001015999987989561,0.001015999987989561,25.0
whakahuri,-8.714391366095359e-05,0.00016685608333643666,7.971216967548307e-05,-0.0002539999969973902,0.0002539999969973902,12.0
whakahāereere,-8.714391366095359e-05,0.00016685608333643666,7.971216967548307e-05,-0.0002539999969973902,0.0002539999969973902,9.0
whakahāwea,1.16920977008847e-05,-1.1193539206575209e-05,4.985584943094908e-07,2.2885636907459907e-05,2.2885636907459907e-05,16.0
whakahē,0.012972093841958686,-0.001948071450475918,0.011024022391482768,0.014920165292434603,0.014920165292434603,127.0
whakahī,-8.714391366095359e-05,0.00016685608333643666,7.971216967548307e-05,-0.0002539999969973902,0.0002539999969973902,9.0
whakahīhī,-8.714391366095359e-05,0.00016685608333643666,7.971216967548307e-05,-0.0002539999969973902,0.0002539999969973902,11.0
whakahōhā,-8.714391366095359e-05,0.00016685608333643666,7.971216967548307e-05,-0.0002539999969973902,0.0002539999969973902,10.0
whakahōnore,1.16920977008847e-05,-1.1193539206575209e-05,4.985584943094908e-07,2.2885636907459907e-05,2.2885636907459907e-05,19.0
whakaingoa,-0.0001801338761723495,0.0006898114117588971,0.0005096775355865476,-0.0008699452879312466,0.0008699452879312466,37.0
whakaingoatanga,-8.714391366095359e-05,0.00016685608333643666,7.971216967548307e-05,-0.0002539999969973902,0.0002539999969973902,11.0
whakainu,-8.714391366095359e-05,0.00016685608333643666,7.971216967548307e-05,-0.0002539999969973902,0.0002539999969973902,10.0
whakairi,-0.00023452951718498226,0.0013471741750040005,0.0011126446578190183,-0.0015817036921889826,0.0015817036921889826,37.0
whakairiiri,-8.714391366095359e-05,0.00016685608333643666,7.971216967548307e-05,-0.0002539999969973902,0.0002539999969973902,9.0
whakairo,-0.0007843521799942349,0.005506650624749318,0.004722298444755083,-0.0062910028047435534,0.0062910028047435534,25.0
whakaiti,-9.824481794496256e-05,0.00012540746176243703,2.7162643817474466e-05,-0.0002236522797073996,0.0002236522797073996,29.0
whakakaha,0.00018072506958922524,-0.00011534589166179339,6.537917792743185e-05,0.0002960709612510186,0.0002960709612510186,14.0
whakakaingākau,-0.0001801338761723495,0.0006898114117588971,0.0005096775355865476,-0.0008699452879312466,0.0008699452879312466,9.0
whakakake,-8.714391366095359e-05,0.00016685608333643666,7.971216967548307e-05,-0.0002539999969973902,0.0002539999969973902,9.0
whakakamakama,-0.00017428782732190718,0.0003337121666728733,0.00015942433935096613,-0.0005079999939947804,0.0005079999939947804,10.0
whakakapi,-0.0001801338761723495,0.0006898114117588971,0.0005096775355865476,-0.0008699452879312466,0.0008699452879312466,11.0
whakakatakata,1.16920977008847e-05,-1.1193539206575209e-05,4.985584943094908e-07,2.2885636907459907e-05,2.2885636907459907e-05,11.0
whakakaupapa,-0.0001801338761723495,0.0006898114117588971,0.0005096775355865476,-0.0008699452879312466,0.0008699452879312466,13.0
whakakawa,-8.714391366095359e-05,0.00016685608333643666,7.971216967548307e-05,-0.0002539999969973902,0.0002539999969973902,9.0
whakakawe,-0.0001801338761723495,0.0006898114117588971,0.0005096775355865476,-0.0008699452879312466,0.0008699452879312466,9.0
whakakawenata,-8.714391366095359e-05,0.00016685608333643666,7.971216967548307e-05,-0.0002539999969973902,0.0002539999969973902,9.0
whakakeokeo,-0.00023452951718498226,0.0013471741750040005,0.0011126446578190183,-0.0015817036921889826,0.0015817036921889826,10.0
whakakikī,-8.714391366095359e-05,0.00016685608333643666,7.971216967548307e-05,-0.0002539999969973902,0.0002539999969973902,11.0
whakakino,-8.714391366095359e-05,0.00016685608333643666,7.971216967548307e-05,-0.0002539999969973902,0.0002539999969973902,10.0
whakakite,-0.0001801338761723495,0.0006898114117588971,0.0005096775355865476,-0.0008699452879312466,0.0008699452879312466,13.0
whakakitenga,-8.714391366095359e-05,0.00016685608333643666,7.971216967548307e-05,-0.0002539999969973902,0.0002539999969973902,9.0
whakakoakoa,-8.714391366095359e-05,0.00016685608333643666,7.971216967548307e-05,-0.0002539999969973902,0.0002539999969973902,8.0
whakakoi,-8.714391366095359e-05,0.00016685608333643666,7.971216967548307e-05,-0.0002539999969973902,0.0002539999969973902,16.0
whakakopi,-0.00027312383868374545,0.0020918213136898417,0.0018186974750060963,-0.002364945152373587,0.002364945152373587,11.0
whakakore,-8.447606807798189e-05,9.24273768233499e-05,7.951308745368009e-06,-0.00017690344490133177,0.00017690344490133177,57.0
whakakoretake,-8.714391366095359e-05,0.00016685608333643666,7.971216967548307e-05,-0.0002539999969973902,0.0002539999969973902,11.0
whakakorikori,0.00039534404544735313,-0.0001892431617495871,0.00020610088369776603,0.0005845872071969403,0.0005845872071969403,12.0
whakakotahi,-0.00017428782732190718,0.0003337121666728733,0.00015942433935096613,-0.0005079999939947804,0.0005079999939947804,45.0
whakakotahitanga,-8.714391366095359e-05,0.00016685608333643666,7.971216967548307e-05,-0.0002539999969973902,0.0002539999969973902,10.0
whakakotiti,-0.0001801338761723495,0.0006898114117588971,0.0005096775355865476,-0.0008699452879312466,0.0008699452879312466,11.0
whakakuia,1.16920977008847e-05,-1.1193539206575209e-05,4.985584943094908e-07,2.2885636907459907e-05,2.2885636907459907e-05,10.0
whakakā,1.16920977008847e-05,-1.1193539206575209e-05,4.985584943094908e-07,2.2885636907459907e-05,2.2885636907459907e-05,10.0
whakakāhore,1.16920977008847e-05,-1.1193539206575209e-05,4.985584943094908e-07,2.2885636907459907e-05,2.2885636907459907e-05,21.0
whakakākahu,-8.714391366095359e-05,0.00016685608333643666,7.971216967548307e-05,-0.0002539999969973902,0.0002539999969973902,9.0
whakakāti,-8.714391366095359e-05,0.00016685608333643666,7.971216967548307e-05,-0.0002539999969973902,0.0002539999969973902,10.0
whakakātu,-8.714391366095359e-05,0.00016685608333643666,7.971216967548307e-05,-0.0002539999969973902,0.0002539999969973902,9.0
whakakī,1.16920977008847e-05,-1.1193539206575209e-05,4.985584943094908e-07,2.2885636907459907e-05,2.2885636907459907e-05,17.0
whakakīkī,-8.714391366095359e-05,0.00016685608333643666,7.971216967548307e-05,-0.0002539999969973902,0.0002539999969973902,15.0
whakakōpani,-8.714391366095359e-05,0.00016685608333643666,7.971216967548307e-05,-0.0002539999969973902,0.0002539999969973902,9.0
whakamahana,-0.0001801338761723495,0.0006898114117588971,0.0005096775355865476,-0.0008699452879312466,0.0008699452879312466,11.0
whakamahara,-8.714391366095359e-05,0.00016685608333643666,7.971216967548307e-05,-0.0002539999969973902,0.0002539999969973902,14.0
whakamaharatanga,-8.714391366095359e-05,0.00016685608333643666,7.971216967548307e-05,-0.0002539999969973902,0.0002539999969973902,9.0
whakamahi,0.00018568418241336046,-0.00015237127764586867,3.33129047674918e-05,0.00033805546005922913,0.00033805546005922913,67.0
whakamamae,-8.714391366095359e-05,0.00016685608333643666,7.971216967548307e-05,-0.0002539999969973902,0.0002539999969973902,10.0
whakamana,-0.00036611380119514137,0.005608039607723779,0.005241925806528638,-0.00597415340891892,0.00597415340891892,76.0
whakamanatanga,-8.714391366095359e-05,0.00016685608333643666,7.971216967548307e-05,-0.0002539999969973902,0.0002539999969973902,12.0
whakamanuhiri,-0.0001801338761723495,0.0006898114117588971,0.0005096775355865476,-0.0008699452879312466,0.0008699452879312466,9.0
whakamaoa,1.16920977008847e-05,-1.1193539206575209e-05,4.985584943094908e-07,2.2885636907459907e-05,2.2885636907459907e-05,10.0
whakamaroke,-8.714391366095359e-05,0.00016685608333643666,7.971216967548307e-05,-0.0002539999969973902,0.0002539999969973902,10.0
whakamataku,1.16920977008847e-05,-1.1193539206575209e-05,4.985584943094908e-07,2.2885636907459907e-05,2.2885636907459907e-05,11.0
whakamatatau,1.16920977008847e-05,-1.1193539206575209e-05,4.985584943094908e-07,2.2885636907459907e-05,2.2885636907459907e-05,10.0
whakamate,1.16920977008847e-05,-1.1193539206575209e-05,4.985584943094908e-07,2.2885636907459907e-05,2.2885636907459907e-05,9.0
whakamatemate,-8.714391366095359e-05,0.00016685608333643666,7.971216967548307e-05,-0.0002539999969973902,0.0002539999969973902,9.0
whakamau,-0.00028307910934717264,0.0008130253073749647,0.000529946198027792,-0.0010961044167221374,0.0010961044167221374,33.0
whakamaumahara,-8.714391366095359e-05,0.00016685608333643666,7.971216967548307e-05,-0.0002539999969973902,0.0002539999969973902,11.0
whakamauru,1.16920977008847e-05,-1.1193539206575209e-05,4.985584943094908e-07,2.2885636907459907e-05,2.2885636907459907e-05,9.0
whakamawehe,-0.0001801338761723495,0.0006898114117588971,0.0005096775355865476,-0.0008699452879312466,0.0008699452879312466,9.0
whakamihi,-8.714391366095359e-05,0.00016685608333643666,7.971216967548307e-05,-0.0002539999969973902,0.0002539999969973902,14.0
whakaminamina,-8.714391366095359e-05,0.00016685608333643666,7.971216967548307e-05,-0.0002539999969973902,0.0002539999969973902,9.0
whakaminita,-8.714391366095359e-05,0.00016685608333643666,7.971216967548307e-05,-0.0002539999969973902,0.0002539999969973902,10.0
whakamoe,-8.714391366095359e-05,0.00016685608333643666,7.971216967548307e-05,-0.0002539999969973902,0.0002539999969973902,23.0
whakamoemiti,-8.714391366095359e-05,0.00016685608333643666,7.971216967548307e-05,-0.0002539999969973902,0.0002539999969973902,13.0
whakamoemoe,-8.714391366095359e-05,0.00016685608333643666,7.971216967548307e-05,-0.0002539999969973902,0.0002539999969973902,10.0
whakamomori,-8.714391366095359e-05,0.00016685608333643666,7.971216967548307e-05,-0.0002539999969973902,0.0002539999969973902,15.0
whakamua,-8.714391366095359e-05,0.00016685608333643666,7.971216967548307e-05,-0.0002539999969973902,0.0002539999969973902,8.0
whakamuri,-8.714391366095359e-05,0.00016685608333643666,7.971216967548307e-05,-0.0002539999969973902,0.0002539999969973902,9.0
whakamutu,-0.0004690590343699645,0.002694348350008001,0.0022252893156380366,-0.0031634073843779652,0.0031634073843779652,30.0
whakamutunga,-8.714391366095359e-05,0.00016685608333643666,7.971216967548307e-05,-0.0002539999969973902,0.0002539999969973902,31.0
whakamā,1.16920977008847e-05,-1.1193539206575209e-05,4.985584943094908e-07,2.2885636907459907e-05,2.2885636907459907e-05,20.0
whakamākū,-8.714391366095359e-05,0.00016685608333643666,7.971216967548307e-05,-0.0002539999969973902,0.0002539999969973902,9.0
whakamāminga,-8.714391366095359e-05,0.00016685608333643666,7.971216967548307e-05,-0.0002539999969973902,0.0002539999969973902,9.0
whakamāmā,-0.0001801338761723495,0.0006898114117588971,0.0005096775355865476,-0.0008699452879312466,0.0008699452879312466,17.0
whakamāori,-0.0001801338761723495,0.0006898114117588971,0.0005096775355865476,-0.0008699452879312466,0.0008699452879312466,20.0
whakamārama,-0.0010208391204315085,0.006841169230140669,0.0058203301097091605,-0.007862008350572177,0.007862008350572177,106.0
whakamāramatanga,-8.714391366095359e-05,0.00016685608333643666,7.971216967548307e-05,-0.0002539999969973902,0.0002539999969973902,13.0
whakamārō,-8.714391366095359e-05,0.00016685608333643666,7.971216967548307e-05,-0.0002539999969973902,0.0002539999969973902,10.0
whakamātau,1.16920977008847e-05,-1.1193539206575209e-05,4.985584943094908e-07,2.2885636907459907e-05,2.2885636907459907e-05,20.0
whakamātautau,0.0001789106516269165,-0.00013702542997452203,4.188522165239446e-05,0.00031593608160143856,0.00031593608160143856,31.0
whakamīharo,-8.714391366095359e-05,0.00016685608333643666,7.971216967548307e-05,-0.0002539999969973902,0.0002539999969973902,14.0
whakamōhio,-8.714391366095359e-05,0.00016685608333643666,7.971216967548307e-05,-0.0002539999969973902,0.0002539999969973902,22.0
whakananakia,1.16920977008847e-05,-1.1193539206575209e-05,4.985584943094908e-07,2.2885636907459907e-05,2.2885636907459907e-05,9.0
whakaneke,-8.714391366095359e-05,0.00016685608333643666,7.971216967548307e-05,-0.0002539999969973902,0.0002539999969973902,12.0
whakanekeneke,-8.714391366095359e-05,0.00016685608333643666,7.971216967548307e-05,-0.0002539999969973902,0.0002539999969973902,9.0
whakangahau,-8.714391366095359e-05,0.00016685608333643666,7.971216967548307e-05,-0.0002539999969973902,0.0002539999969973902,12.0
whakangaro,-8.714391366095359e-05,0.00016685608333643666,7.971216967548307e-05,-0.0002539999969973902,0.0002539999969973902,15.0
whakangarotanga,-8.714391366095359e-05,0.00016685608333643666,7.971216967548307e-05,-0.0002539999969973902,0.0002539999969973902,9.0
whakangoikore,-0.0001801338761723495,0.0006898114117588971,0.0005096775355865476,-0.0008699452879312466,0.0008699452879312466,9.0
whakangungu,-8.714391366095359e-05,0.00016685608333643666,7.971216967548307e-05,-0.0002539999969973902,0.0002539999969973902,10.0
whakangā,-8.714391366095359e-05,0.00016685608333643666,7.971216967548307e-05,-0.0002539999969973902,0.0002539999969973902,9.0
whakangāwari,-0.00027312383868374545,0.0020918213136898417,0.0018186974750060963,-0.002364945152373587,0.002364945152373587,16.0
whakanoa,-0.0001801338761723495,0.0006898114117588971,0.0005096775355865476,-0.0008699452879312466,0.0008699452879312466,13.0
whakanoho,-8.714391366095359e-05,0.00016685608333643666,7.971216967548307e-05,-0.0002539999969973902,0.0002539999969973902,20.0
whakanohonoho,0.00018072506958922524,-0.00011534589166179339,6.537917792743185e-05,0.0002960709612510186,0.0002960709612510186,12.0
whakanui,0.0005664536695017896,-0.0003098855566743488,0.0002565681128274408,0.0008763392261761384,0.0008763392261761384,85.0
whakanuitanga,-8.714391366095359e-05,0.00016685608333643666,7.971216967548307e-05,-0.0002539999969973902,0.0002539999969973902,12.0
whakanuku,-8.714391366095359e-05,0.00016685608333643666,7.971216967548307e-05,-0.0002539999969973902,0.0002539999969973902,9.0
whakanānā,1.16920977008847e-05,-1.1193539206575209e-05,4.985584943094908e-07,2.2885636907459907e-05,2.2885636907459907e-05,9.0
whakaoho,-0.0001801338761723495,0.0006898114117588971,0.0005096775355865476,-0.0008699452879312466,0.0008699452879312466,11.0
whakaohooho,1.16920977008847e-05,-1.1193539206575209e-05,4.985584943094908e-07,2.2885636907459907e-05,2.2885636907459907e-05,13.0
whakaohorere,-8.714391366095359e-05,0.00016685608333643666,7.971216967548307e-05,-0.0002539999969973902,0.0002539999969973902,9.0
whakaora,-0.00027312383868374545,0.0020918213136898417,0.0018186974750060963,-0.002364945152373587,0.002364945152373587,24.0
whakaoratanga,-8.714391366095359e-05,0.00016685608333643666,7.971216967548307e-05,-0.0002539999969973902,0.0002539999969973902,9.0
whakaoti,-0.0006561845930133382,0.0033504238077379385,0.0026942392147246003,-0.004006608400751277,0.004006608400751277,30.0
whakaotinga,-8.714391366095359e-05,0.00016685608333643666,7.971216967548307e-05,-0.0002539999969973902,0.0002539999969973902,11.0
whakaotitanga,-8.714391366095359e-05,0.00016685608333643666,7.971216967548307e-05,-0.0002539999969973902,0.0002539999969973902,10.0
whakapae,0.002580033531535531,-0.00044909441057529477,0.0021309391209602363,0.003029127942110826,0.003029127942110826,67.0
whakapaera,1.16920977008847e-05,-1.1193539206575209e-05,4.985584943094908e-07,2.2885636907459907e-05,2.2885636907459907e-05,9.0
whakapahore,-8.714391366095359e-05,0.00016685608333643666,7.971216967548307e-05,-0.0002539999969973902,0.0002539999969973902,9.0
whakapahū,-0.00028307910934717264,0.0008130253073749647,0.000529946198027792,-0.0010961044167221374,0.0010961044167221374,16.0
whakapai,-0.0004690590343699645,0.002694348350008001,0.0022252893156380366,-0.0031634073843779652,0.0031634073843779652,29.0
whakapaipai,-8.714391366095359e-05,0.00016685608333643666,7.971216967548307e-05,-0.0002539999969973902,0.0002539999969973902,16.0
whakapakari,0.00039534404544735313,-0.0001892431617495871,0.00020610088369776603,0.0005845872071969403,0.0005845872071969403,30.0
whakapakipaki,-8.714391366095359e-05,0.00016685608333643666,7.971216967548307e-05,-0.0002539999969973902,0.0002539999969973902,9.0
whakapaoho,0.00039534404544735313,-0.0001892431617495871,0.00020610088369776603,0.0005845872071969403,0.0005845872071969403,48.0
whakapapa,-8.714391366095359e-05,0.00016685608333643666,7.971216967548307e-05,-0.0002539999969973902,0.0002539999969973902,30.0
whakaparahako,-8.714391366095359e-05,0.00016685608333643666,7.971216967548307e-05,-0.0002539999969973902,0.0002539999969973902,9.0
whakaparahanga,-8.714391366095359e-05,0.00016685608333643666,7.971216967548307e-05,-0.0002539999969973902,0.0002539999969973902,9.0
whakaparu,-8.714391366095359e-05,0.00016685608333643666,7.971216967548307e-05,-0.0002539999969973902,0.0002539999969973902,9.0
whakapati,0.00039534404544735313,-0.0001892431617495871,0.00020610088369776603,0.0005845872071969403,0.0005845872071969403,18.0
whakapau,-9.306755343624721e-05,0.00010691891240387157,1.3851358967624356e-05,-0.0001999864658401188,0.0001999864658401188,53.0
whakapaunga,-8.714391366095359e-05,0.00016685608333643666,7.971216967548307e-05,-0.0002539999969973902,0.0002539999969973902,11.0
whakapiki,-8.714391366095359e-05,0.00016685608333643666,7.971216967548307e-05,-0.0002539999969973902,0.0002539999969973902,15.0
whakapiri,2.33841954017694e-05,-2.2387078413150418e-05,9.971169886189816e-07,4.5771273814919814e-05,4.5771273814919814e-05,28.0
whakapiripiri,1.16920977008847e-05,-1.1193539206575209e-05,4.985584943094908e-07,2.2885636907459907e-05,2.2885636907459907e-05,9.0
whakapiripiritanga,-8.714391366095359e-05,0.00016685608333643666,7.971216967548307e-05,-0.0002539999969973902,0.0002539999969973902,9.0
whakapohane,-8.714391366095359e-05,0.00016685608333643666,7.971216967548307e-05,-0.0002539999969973902,0.0002539999969973902,9.0
whakapono,0.0022176205534817518,-0.00042461196007328474,0.001793008593408467,0.0026422325135550366,0.0026422325135550366,69.0
whakaponotanga,-8.714391366095359e-05,0.00016685608333643666,7.971216967548307e-05,-0.0002539999969973902,0.0002539999969973902,9.0
whakapoto,-8.714391366095359e-05,0.00016685608333643666,7.971216967548307e-05,-0.0002539999969973902,0.0002539999969973902,9.0
whakapotopoto,-8.714391366095359e-05,0.00016685608333643666,7.971216967548307e-05,-0.0002539999969973902,0.0002539999969973902,9.0
whakapuaki,-0.0001801338761723495,0.0006898114117588971,0.0005096775355865476,-0.0008699452879312466,0.0008699452879312466,20.0
whakapuare,-0.0001801338761723495,0.0006898114117588971,0.0005096775355865476,-0.0008699452879312466,0.0008699452879312466,13.0
whakapuaretanga,-8.714391366095359e-05,0.00016685608333643666,7.971216967548307e-05,-0.0002539999969973902,0.0002539999969973902,10.0
whakapungarehu,-8.714391366095359e-05,0.00016685608333643666,7.971216967548307e-05,-0.0002539999969973902,0.0002539999969973902,9.0
whakapupū,-0.0001801338761723495,0.0006898114117588971,0.0005096775355865476,-0.0008699452879312466,0.0008699452879312466,9.0
whakaputa,-0.0008299955710563905,0.002860574512195685,0.0020305789411392944,-0.0036905700832520756,0.0036905700832520756,88.0
whakaputaputa,-8.714391366095359e-05,0.00016685608333643666,7.971216967548307e-05,-0.0002539999969973902,0.0002539999969973902,9.0
whakapā,-8.714391366095359e-05,0.00016685608333643666,7.971216967548307e-05,-0.0002539999969973902,0.0002539999969973902,21.0
whakapākehā,1.16920977008847e-05,-1.1193539206575209e-05,4.985584943094908e-07,2.2885636907459907e-05,2.2885636907459907e-05,11.0
whakapākehātanga,-8.714391366095359e-05,0.00016685608333643666,7.971216967548307e-05,-0.0002539999969973902,0.0002539999969973902,10.0
whakapānga,-8.714391366095359e-05,0.00016685608333643666,7.971216967548307e-05,-0.0002539999969973902,0.0002539999969973902,9.0
whakapēhi,-8.714391366095359e-05,0.00016685608333643666,7.971216967548307e-05,-0.0002539999969973902,0.0002539999969973902,9.0
whakapēnei,1.16920977008847e-05,-1.1193539206575209e-05,4.985584943094908e-07,2.2885636907459907e-05,2.2885636907459907e-05,10.0
whakapīataata,-0.0001801338761723495,0.0006898114117588971,0.0005096775355865476,-0.0008699452879312466,0.0008699452879312466,9.0
whakapōrearea,0.00039534404544735313,-0.0001892431617495871,0.00020610088369776603,0.0005845872071969403,0.0005845872071969403,14.0
whakapōtae,1.16920977008847e-05,-1.1193539206575209e-05,4.985584943094908e-07,2.2885636907459907e-05,2.2885636907459907e-05,11.0
whakapōtaetanga,-8.714391366095359e-05,0.00016685608333643666,7.971216967548307e-05,-0.0002539999969973902,0.0002539999969973902,9.0
whakapūmau,-8.714391366095359e-05,0.00016685608333643666,7.971216967548307e-05,-0.0002539999969973902,0.0002539999969973902,11.0
whakapūpū,-8.714391366095359e-05,0.00016685608333643666,7.971216967548307e-05,-0.0002539999969973902,0.0002539999969973902,9.0
whakarahi,-0.0001801338761723495,0.0006898114117588971,0.0005096775355865476,-0.0008699452879312466,0.0008699452879312466,26.0
whakarangatira,-0.0005104195602157542,0.0034205846150703345,0.0029101650548545802,-0.003931004175286089,0.003931004175286089,19.0
whakarapu,-8.714391366095359e-05,0.00016685608333643666,7.971216967548307e-05,-0.0002539999969973902,0.0002539999969973902,10.0
whakararata,-0.00023452951718498226,0.0013471741750040005,0.0011126446578190183,-0.0015817036921889826,0.0015817036921889826,10.0
whakararu,0.003736626289322666,-0.0005110420234231982,0.0032255842658994675,0.004247668312745864,0.004247668312745864,28.0
whakararuraru,0.00039534404544735313,-0.0001892431617495871,0.00020610088369776603,0.0005845872071969403,0.0005845872071969403,14.0
whakarauhī,-8.714391366095359e-05,0.00016685608333643666,7.971216967548307e-05,-0.0002539999969973902,0.0002539999969973902,10.0
whakarauika,-8.714391366095359e-05,0.00016685608333643666,7.971216967548307e-05,-0.0002539999969973902,0.0002539999969973902,11.0
whakareanga,-8.714391366095359e-05,0.00016685608333643666,7.971216967548307e-05,-0.0002539999969973902,0.0002539999969973902,10.0
whakarearea,-8.714391366095359e-05,0.00016685608333643666,7.971216967548307e-05,-0.0002539999969973902,0.0002539999969973902,9.0
whakarei,-0.0001801338761723495,0.0006898114117588971,0.0005096775355865476,-0.0008699452879312466,0.0008699452879312466,9.0
whakareka,-0.0001801338761723495,0.0006898114117588971,0.0005096775355865476,-0.0008699452879312466,0.0008699452879312466,9.0
whakarekareka,-8.714391366095359e-05,0.00016685608333643666,7.971216967548307e-05,-0.0002539999969973902,0.0002539999969973902,9.0
whakarere,-8.714391366095359e-05,0.00016685608333643666,7.971216967548307e-05,-0.0002539999969973902,0.0002539999969973902,25.0
whakarerekē,1.16920977008847e-05,-1.1193539206575209e-05,4.985584943094908e-07,2.2885636907459907e-05,2.2885636907459907e-05,21.0
whakarerekētanga,-8.714391366095359e-05,0.00016685608333643666,7.971216967548307e-05,-0.0002539999969973902,0.0002539999969973902,9.0
whakareretanga,-8.714391366095359e-05,0.00016685608333643666,7.971216967548307e-05,-0.0002539999969973902,0.0002539999969973902,10.0
whakareri,0.000919389914246826,-0.0002933955142048053,0.0006259944000420207,0.0012127854284516312,0.0012127854284516312,29.0
whakarerireri,-8.714391366095359e-05,0.00016685608333643666,7.971216967548307e-05,-0.0002539999969973902,0.0002539999969973902,11.0
whakarewa,-8.714391366095359e-05,0.00016685608333643666,7.971216967548307e-05,-0.0002539999969973902,0.0002539999969973902,12.0
whakarite,-0.001659991142112781,0.00572114902439137,0.004061157882278589,-0.007381140166504151,0.007381140166504151,150.0
whakaritenga,-8.714391366095359e-05,0.00016685608333643666,7.971216967548307e-05,-0.0002539999969973902,0.0002539999969973902,9.0
whakariterite,-0.0001801338761723495,0.0006898114117588971,0.0005096775355865476,-0.0008699452879312466,0.0008699452879312466,11.0
whakaroa,-8.714391366095359e-05,0.00016685608333643666,7.971216967548307e-05,-0.0002539999969973902,0.0002539999969973902,13.0
whakarongo,0.009585348216600575,-0.0006797498416582535,0.008905598374942321,0.010265098058258829,0.010265098058258829,355.0
whakarongotanga,-8.714391366095359e-05,0.00016685608333643666,7.971216967548307e-05,-0.0002539999969973902,0.0002539999969973902,10.0
whakarāhui,-0.0001801338761723495,0.0006898114117588971,0.0005096775355865476,-0.0008699452879312466,0.0008699452879312466,10.0
whakarāhuitanga,-8.714391366095359e-05,0.00016685608333643666,7.971216967548307e-05,-0.0002539999969973902,0.0002539999969973902,10.0
whakarāpopoto,-0.0001801338761723495,0.0006898114117588971,0.0005096775355865476,-0.0008699452879312466,0.0008699452879312466,23.0
whakarāpopototanga,-8.714391366095359e-05,0.00016685608333643666,7.971216967548307e-05,-0.0002539999969973902,0.0002539999969973902,10.0
whakarāpotopoto,0.00039534404544735313,-0.0001892431617495871,0.00020610088369776603,0.0005845872071969403,0.0005845872071969403,11.0
whakarārangi,-0.0001801338761723495,0.0006898114117588971,0.0005096775355865476,-0.0008699452879312466,0.0008699452879312466,12.0
whakarū,-8.714391366095359e-05,0.00016685608333643666,7.971216967548307e-05,-0.0002539999969973902,0.0002539999969973902,9.0
whakataetae,0.000919389914246826,-0.0002933955142048053,0.0006259944000420207,0.0012127854284516312,0.0012127854284516312,40.0
whakataha,-8.714391366095359e-05,0.00016685608333643666,7.971216967548307e-05,-0.0002539999969973902,0.0002539999969973902,12.0
whakatairanga,-8.714391366095359e-05,0.00016685608333643666,7.971216967548307e-05,-0.0002539999969973902,0.0002539999969973902,9.0
whakataka,-8.714391366095359e-05,0.00016685608333643666,7.971216967548307e-05,-0.0002539999969973902,0.0002539999969973902,15.0
whakatakahuri,-8.714391366095359e-05,0.00016685608333643666,7.971216967548307e-05,-0.0002539999969973902,0.0002539999969973902,8.0
whakatakariri,0.003340477881060673,-0.0004920058117217542,0.0028484720693389186,0.003832483692782427,0.003832483692782427,20.0
whakatakataka,-8.714391366095359e-05,0.00016685608333643666,7.971216967548307e-05,-0.0002539999969973902,0.0002539999969973902,8.0
whakatakiri,-8.714391366095359e-05,0.00016685608333643666,7.971216967548307e-05,-0.0002539999969973902,0.0002539999969973902,9.0
whakatakoto,-0.0012122396806347456,0.011605490084062926,0.010393250403428181,-0.012817729764697671,0.012817729764697671,121.0
whakatakototanga,-8.714391366095359e-05,0.00016685608333643666,7.971216967548307e-05,-0.0002539999969973902,0.0002539999969973902,12.0
whakatamariki,1.16920977008847e-05,-1.1193539206575209e-05,4.985584943094908e-07,2.2885636907459907e-05,2.2885636907459907e-05,9.0
whakatangi,-0.000360267752344699,0.0013796228235177942,0.0010193550711730952,-0.0017398905758624931,0.0017398905758624931,37.0
whakatangitangi,-8.714391366095359e-05,0.00016685608333643666,7.971216967548307e-05,-0.0002539999969973902,0.0002539999969973902,11.0
whakatango,-8.714391366095359e-05,0.00016685608333643666,7.971216967548307e-05,-0.0002539999969973902,0.0002539999969973902,9.0
whakatapu,-0.00023452951718498226,0.0013471741750040005,0.0011126446578190183,-0.0015817036921889826,0.0015817036921889826,16.0
whakatare,-8.714391366095359e-05,0.00016685608333643666,7.971216967548307e-05,-0.0002539999969973902,0.0002539999969973902,10.0
whakatata,-8.714391366095359e-05,0.00016685608333643666,7.971216967548307e-05,-0.0002539999969973902,0.0002539999969973902,13.0
whakatatanga,-8.714391366095359e-05,0.00016685608333643666,7.971216967548307e-05,-0.0002539999969973902,0.0002539999969973902,11.0
whakatatū,-0.0004670229499039732,0.001490362646024581,0.0010233396961206076,-0.001957385595928554,0.001957385595928554,18.0
whakatatūtanga,-8.714391366095359e-05,0.00016685608333643666,7.971216967548307e-05,-0.0002539999969973902,0.0002539999969973902,10.0
whakatau,-0.0013983466982278446,0.011245250555376183,0.009846903857148337,-0.012643597253604028,0.012643597253604028,145.0
whakatauira,-0.0001801338761723495,0.0006898114117588971,0.0005096775355865476,-0.0008699452879312466,0.0008699452879312466,13.0
whakataukī,-8.714391366095359e-05,0.00016685608333643666,7.971216967548307e-05,-0.0002539999969973902,0.0002539999969973902,16.0
whakataumaha,1.16920977008847e-05,-1.1193539206575209e-05,4.985584943094908e-07,2.2885636907459907e-05,2.2885636907459907e-05,11.0
whakataunga,-8.714391366095359e-05,0.00016685608333643666,7.971216967548307e-05,-0.0002539999969973902,0.0002539999969973902,14.0
whakataupatupatu,-8.714391366095359e-05,0.00016685608333643666,7.971216967548307e-05,-0.0002539999969973902,0.0002539999969973902,9.0
whakatautanga,-8.714391366095359e-05,0.00016685608333643666,7.971216967548307e-05,-0.0002539999969973902,0.0002539999969973902,9.0
whakatautau,-8.714391366095359e-05,0.00016685608333643666,7.971216967548307e-05,-0.0002539999969973902,0.0002539999969973902,9.0
whakatauākī,-8.714391366095359e-05,0.00016685608333643666,7.971216967548307e-05,-0.0002539999969973902,0.0002539999969973902,10.0
whakatawhiti,-8.714391366095359e-05,0.00016685608333643666,7.971216967548307e-05,-0.0002539999969973902,0.0002539999969973902,9.0
whakateka,1.16920977008847e-05,-1.1193539206575209e-05,4.985584943094908e-07,2.2885636907459907e-05,2.2885636907459907e-05,9.0
whakatenetene,0.00018072506958922524,-0.00011534589166179339,6.537917792743185e-05,0.0002960709612510186,0.0002960709612510186,15.0
whakatere,-0.0003030599201586864,0.0029013725210157316,0.0025983126008570453,-0.003204432441174418,0.003204432441174418,22.0
whakatika,0.0010665688883809334,-0.0007658172836493205,0.0003007516047316129,0.0018323861720302538,0.0018323861720302538,78.0
whakatikatika,-0.000891425620663927,0.004693780653783588,0.003802355033119661,-0.005585206274447515,0.005585206274447515,56.0
whakatiki,-8.714391366095359e-05,0.00016685608333643666,7.971216967548307e-05,-0.0002539999969973902,0.0002539999969973902,9.0
whakatinana,-0.0003030599201586864,0.0029013725210157316,0.0025983126008570453,-0.003204432441174418,0.003204432441174418,30.0
whakatinanatanga,-8.714391366095359e-05,0.00016685608333643666,7.971216967548307e-05,-0.0002539999969973902,0.0002539999969973902,12.0
whakatipu,-0.000360267752344699,0.0013796228235177942,0.0010193550711730952,-0.0017398905758624931,0.0017398905758624931,22.0
whakatipuranga,-8.714391366095359e-05,0.00016685608333643666,7.971216967548307e-05,-0.0002539999969973902,0.0002539999969973902,9.0
whakatiwhikete,-8.714391366095359e-05,0.00016685608333643666,7.971216967548307e-05,-0.0002539999969973902,0.0002539999969973902,10.0
whakatoi,0.00018072506958922524,-0.00011534589166179339,6.537917792743185e-05,0.0002960709612510186,0.0002960709612510186,11.0
whakatokomaha,-8.714391366095359e-05,0.00016685608333643666,7.971216967548307e-05,-0.0002539999969973902,0.0002539999969973902,9.0
whakatono,-8.714391366095359e-05,0.00016685608333643666,7.971216967548307e-05,-0.0002539999969973902,0.0002539999969973902,10.0
whakatumatuma,-8.714391366095359e-05,0.00016685608333643666,7.971216967548307e-05,-0.0002539999969973902,0.0002539999969973902,9.0
whakatupu,-8.714391366095359e-05,0.00016685608333643666,7.971216967548307e-05,-0.0002539999969973902,0.0002539999969973902,15.0
whakatupuranga,-8.714391366095359e-05,0.00016685608333643666,7.971216967548307e-05,-0.0002539999969973902,0.0002539999969973902,9.0
whakature,-8.714391366095359e-05,0.00016685608333643666,7.971216967548307e-05,-0.0002539999969973902,0.0002539999969973902,19.0
whakaturituri,-8.714391366095359e-05,0.00016685608333643666,7.971216967548307e-05,-0.0002539999969973902,0.0002539999969973902,11.0
whakatutuki,-0.00037721470547915037,0.0009630134136969216,0.0005857987082177713,-0.001340228119176072,0.001340228119176072,34.0
whakatutukitanga,-8.714391366095359e-05,0.00016685608333643666,7.971216967548307e-05,-0.0002539999969973902,0.0002539999969973902,11.0
whakatutū,-0.00027312383868374545,0.0020918213136898417,0.0018186974750060963,-0.002364945152373587,0.002364945152373587,11.0
whakatuwhera,-0.0011452325897468982,0.004751062951094012,0.0036058303613471137,-0.00589629554084091,0.00589629554084091,43.0
whakatuwheratanga,-8.714391366095359e-05,0.00016685608333643666,7.971216967548307e-05,-0.0002539999969973902,0.0002539999969973902,22.0
whakatā,0.0003614501391784505,-0.00023069178332358679,0.0001307583558548637,0.0005921419225020372,0.0005921419225020372,23.0
whakatāpiri,0.00018072506958922524,-0.00011534589166179339,6.537917792743185e-05,0.0002960709612510186,0.0002960709612510186,11.0
whakatārewa,0.00018072506958922524,-0.00011534589166179339,6.537917792743185e-05,0.0002960709612510186,0.0002960709612510186,18.0
whakatātā,-8.714391366095359e-05,0.00016685608333643666,7.971216967548307e-05,-0.0002539999969973902,0.0002539999969973902,9.0
whakatīmata,-0.0001801338761723495,0.0006898114117588971,0.0005096775355865476,-0.0008699452879312466,0.0008699452879312466,11.0
whakatō,-0.0005462476773674909,0.004183642627379683,0.0036373949500121926,-0.004729890304747174,0.004729890304747174,32.0
whakatōmuri,-0.0001801338761723495,0.0006898114117588971,0.0005096775355865476,-0.0008699452879312466,0.0008699452879312466,9.0
whakatōnga,-8.714391366095359e-05,0.00016685608333643666,7.971216967548307e-05,-0.0002539999969973902,0.0002539999969973902,9.0
whakatōpū,1.16920977008847e-05,-1.1193539206575209e-05,4.985584943094908e-07,2.2885636907459907e-05,2.2885636907459907e-05,22.0
whakatū,0.002147847556050066,-0.0014393833775954317,0.0007084641784546341,0.0035872309336454976,0.0035872309336454976,271.0
whakatūhanga,-8.714391366095359e-05,0.00016685608333643666,7.971216967548307e-05,-0.0002539999969973902,0.0002539999969973902,9.0
whakatūhono,-8.714391366095359e-05,0.00016685608333643666,7.971216967548307e-05,-0.0002539999969973902,0.0002539999969973902,9.0
whakatūpato,-8.714391366095359e-05,0.00016685608333643666,7.971216967548307e-05,-0.0002539999969973902,0.0002539999969973902,17.0
whakatūpeke,-8.714391366095359e-05,0.00016685608333643666,7.971216967548307e-05,-0.0002539999969973902,0.0002539999969973902,9.0
whakatūtanga,-8.714391366095359e-05,0.00016685608333643666,7.971216967548307e-05,-0.0002539999969973902,0.0002539999969973902,13.0
whakatūtuki,-8.714391366095359e-05,0.00016685608333643666,7.971216967548307e-05,-0.0002539999969973902,0.0002539999969973902,9.0
whakatūtū,1.16920977008847e-05,-1.1193539206575209e-05,4.985584943094908e-07,2.2885636907459907e-05,2.2885636907459907e-05,21.0
whakauaua,1.16920977008847e-05,-1.1193539206575209e-05,4.985584943094908e-07,2.2885636907459907e-05,2.2885636907459907e-05,9.0
whakaui,-8.714391366095359e-05,0.00016685608333643666,7.971216967548307e-05,-0.0002539999969973902,0.0002539999969973902,9.0
whakauru,-0.0005404016285170486,0.002069434235276692,0.0015290326067596434,-0.0026098358637937405,0.0026098358637937405,58.0
whakauruuru,-8.714391366095359e-05,0.00016685608333643666,7.971216967548307e-05,-0.0002539999969973902,0.0002539999969973902,13.0
whakautu,-0.0003275194796963782,0.003762646085266072,0.003435126605569694,-0.00409016556496245,0.00409016556496245,67.0
whakaututanga,-8.714391366095359e-05,0.00016685608333643666,7.971216967548307e-05,-0.0002539999969973902,0.0002539999969973902,11.0
whakawahanga,-8.714391366095359e-05,0.00016685608333643666,7.971216967548307e-05,-0.0002539999969973902,0.0002539999969973902,9.0
whakawai,0.00018072506958922524,-0.00011534589166179339,6.537917792743185e-05,0.0002960709612510186,0.0002960709612510186,10.0
whakawaiata,-8.714391366095359e-05,0.00016685608333643666,7.971216967548307e-05,-0.0002539999969973902,0.0002539999969973902,9.0
whakawaiho,1.16920977008847e-05,-1.1193539206575209e-05,4.985584943094908e-07,2.2885636907459907e-05,2.2885636907459907e-05,9.0
whakawaimehameha,0.00039534404544735313,-0.0001892431617495871,0.00020610088369776603,0.0005845872071969403,0.0005845872071969403,11.0
whakawaiwai,-0.0001801338761723495,0.0006898114117588971,0.0005096775355865476,-0.0008699452879312466,0.0008699452879312466,9.0
whakaware,-8.714391366095359e-05,0.00016685608333643666,7.971216967548307e-05,-0.0002539999969973902,0.0002539999969973902,9.0
whakawehe,-8.714391366095359e-05,0.00016685608333643666,7.971216967548307e-05,-0.0002539999969973902,0.0002539999969973902,19.0
whakawehewehe,1.16920977008847e-05,-1.1193539206575209e-05,4.985584943094908e-07,2.2885636907459907e-05,2.2885636907459907e-05,16.0
whakawhanake,-8.714391366095359e-05,0.00016685608333643666,7.971216967548307e-05,-0.0002539999969973902,0.0002539999969973902,9.0
whakawhanaunga,-8.714391366095359e-05,0.00016685608333643666,7.971216967548307e-05,-0.0002539999969973902,0.0002539999969973902,15.0
whakawhanaungatanga,-8.714391366095359e-05,0.00016685608333643666,7.971216967548307e-05,-0.0002539999969973902,0.0002539999969973902,10.0
whakawhawhai,-0.0001801338761723495,0.0006898114117588971,0.0005096775355865476,-0.0008699452879312466,0.0008699452879312466,9.0
whakawhetai,-8.714391366095359e-05,0.00016685608333643666,7.971216967548307e-05,-0.0002539999969973902,0.0002539999969973902,14.0
whakawhirinaki,-8.714391366095359e-05,0.00016685608333643666,7.971216967548307e-05,-0.0002539999969973902,0.0002539999969973902,10.0
whakawhiriwhiri,-0.0001801338761723495,0.0006898114117588971,0.0005096775355865476,-0.0008699452879312466,0.0008699452879312466,10.0
whakawhiti,0.006680955762121346,-0.0009840116234435083,0.005696944138677837,0.007664967385564854,0.007664967385564854,128.0
whakawhitihanga,-8.714391366095359e-05,0.00016685608333643666,7.971216967548307e-05,-0.0002539999969973902,0.0002539999969973902,9.0
whakawhitinga,-8.714391366095359e-05,0.00016685608333643666,7.971216967548307e-05,-0.0002539999969973902,0.0002539999969973902,10.0
whakawhititanga,-8.714391366095359e-05,0.00016685608333643666,7.971216967548307e-05,-0.0002539999969973902,0.0002539999969973902,9.0
whakawhitiwhiti,-9.824481794496256e-05,0.00012540746176243703,2.7162643817474466e-05,-0.0002236522797073996,0.0002236522797073996,27.0
whakawhiu,-8.714391366095359e-05,0.00016685608333643666,7.971216967548307e-05,-0.0002539999969973902,0.0002539999969973902,10.0
whakawhiwhi,-8.714391366095359e-05,0.00016685608333643666,7.971216967548307e-05,-0.0002539999969973902,0.0002539999969973902,40.0
whakawhiwhinga,-8.714391366095359e-05,0.00016685608333643666,7.971216967548307e-05,-0.0002539999969973902,0.0002539999969973902,11.0
whakawhāiti,1.16920977008847e-05,-1.1193539206575209e-05,4.985584943094908e-07,2.2885636907459907e-05,2.2885636907459907e-05,21.0
whakawhānau,-8.714391366095359e-05,0.00016685608333643666,7.971216967548307e-05,-0.0002539999969973902,0.0002539999969973902,9.0
whakawhānautanga,-8.714391366095359e-05,0.00016685608333643666,7.971216967548307e-05,-0.0002539999969973902,0.0002539999969973902,9.0
whakawhānui,-8.714391366095359e-05,0.00016685608333643666,7.971216967548307e-05,-0.0002539999969973902,0.0002539999969973902,24.0
whakawhāriki,-8.714391366095359e-05,0.00016685608333643666,7.971216967548307e-05,-0.0002539999969973902,0.0002539999969973902,10.0
whakawiriwiri,-8.714391366095359e-05,0.00016685608333643666,7.971216967548307e-05,-0.0002539999969973902,0.0002539999969973902,9.0
whakawā,-0.0006561845930133382,0.0033504238077379385,0.0026942392147246003,-0.004006608400751277,0.004006608400751277,53.0
whakawāhihi,-8.714391366095359e-05,0.00016685608333643666,7.971216967548307e-05,-0.0002539999969973902,0.0002539999969973902,10.0
whakawānga,-8.714391366095359e-05,0.00016685608333643666,7.971216967548307e-05,-0.0002539999969973902,0.0002539999969973902,10.0
whakawātea,-0.0009006693808617476,0.0034490570587944855,0.0025483876779327378,-0.004349726439656233,0.004349726439656233,61.0
whakawāwā,-0.0001801338761723495,0.0006898114117588971,0.0005096775355865476,-0.0008699452879312466,0.0008699452879312466,9.0
whakaāhuru,-8.714391366095359e-05,0.00016685608333643666,7.971216967548307e-05,-0.0002539999969973902,0.0002539999969973902,9.0
whakaātaahua,-8.714391366095359e-05,0.00016685608333643666,7.971216967548307e-05,-0.0002539999969973902,0.0002539999969973902,9.0
whakaōrite,-8.714391366095359e-05,0.00016685608333643666,7.971216967548307e-05,-0.0002539999969973902,0.0002539999969973902,9.0
whakaū,-8.714391366095359e-05,0.00016685608333643666,7.971216967548307e-05,-0.0002539999969973902,0.0002539999969973902,14.0
whanaunga,-8.714391366095359e-05,0.00016685608333643666,7.971216967548307e-05,-0.0002539999969973902,0.0002539999969973902,11.0
whanaungatanga,-8.714391366095359e-05,0.00016685608333643666,7.971216967548307e-05,-0.0002539999969973902,0.0002539999969973902,15.0
whanawhana,-8.714391366095359e-05,0.00016685608333643666,7.971216967548307e-05,-0.0002539999969973902,0.0002539999969973902,10.0
whanga,1.16920977008847e-05,-1.1193539206575209e-05,4.985584943094908e-07,2.2885636907459907e-05,2.2885636907459907e-05,18.0
whanga-nui-ā-tara,0.00039534404544735313,-0.0001892431617495871,0.00020610088369776603,0.0005845872071969403,0.0005845872071969403,25.0
whao,-0.0001801338761723495,0.0006898114117588971,0.0005096775355865476,-0.0008699452879312466,0.0008699452879312466,9.0
whaona,-8.714391366095359e-05,0.00016685608333643666,7.971216967548307e-05,-0.0002539999969973902,0.0002539999969973902,10.0
whara,0.00039534404544735313,-0.0001892431617495871,0.00020610088369776603,0.0005845872071969403,0.0005845872071969403,26.0
wharatanga,-8.714391366095359e-05,0.00016685608333643666,7.971216967548307e-05,-0.0002539999969973902,0.0002539999969973902,11.0
whare,0.002580033531535531,-0.00044909441057529477,0.0021309391209602363,0.003029127942110826,0.003029127942110826,191.0
wharekai,-8.714391366095359e-05,0.00016685608333643666,7.971216967548307e-05,-0.0002539999969973902,0.0002539999969973902,14.0
wharekura,-8.714391366095359e-05,0.00016685608333643666,7.971216967548307e-05,-0.0002539999969973902,0.0002539999969973902,12.0
wharenui,-8.714391366095359e-05,0.00016685608333643666,7.971216967548307e-05,-0.0002539999969973902,0.0002539999969973902,10.0
whata-mangō,-0.0001801338761723495,0.0006898114117588971,0.0005096775355865476,-0.0008699452879312466,0.0008699452879312466,9.0
whati,-0.0001801338761723495,0.0006898114117588971,0.0005096775355865476,-0.0008699452879312466,0.0008699452879312466,18.0
whatitoka,-8.714391366095359e-05,0.00016685608333643666,7.971216967548307e-05,-0.0002539999969973902,0.0002539999969973902,9.0
whatiwhati,-8.714391366095359e-05,0.00016685608333643666,7.971216967548307e-05,-0.0002539999969973902,0.0002539999969973902,10.0
whatu,-8.714391366095359e-05,0.00016685608333643666,7.971216967548307e-05,-0.0002539999969973902,0.0002539999969973902,10.0
whatumanawa,-8.714391366095359e-05,0.00016685608333643666,7.971216967548307e-05,-0.0002539999969973902,0.0002539999969973902,10.0
whawhai,0.0007906880908947063,-0.0003784863234991742,0.00041220176739553205,0.0011691744143938806,0.0011691744143938806,57.0
whei,-8.714391366095359e-05,0.00016685608333643666,7.971216967548307e-05,-0.0002539999969973902,0.0002539999969973902,9.0
wheke,-8.714391366095359e-05,0.00016685608333643666,7.971216967548307e-05,-0.0002539999969973902,0.0002539999969973902,10.0
wheketere,-8.714391366095359e-05,0.00016685608333643666,7.971216967548307e-05,-0.0002539999969973902,0.0002539999969973902,9.0
whenua,0.00039534404544735313,-0.0001892431617495871,0.00020610088369776603,0.0005845872071969403,0.0005845872071969403,82.0
wherawhera,0.000919389914246826,-0.0002933955142048053,0.0006259944000420207,0.0012127854284516312,0.0012127854284516312,22.0
whero,1.16920977008847e-05,-1.1193539206575209e-05,4.985584943094908e-07,2.2885636907459907e-05,2.2885636907459907e-05,11.0
whetereihana,-8.714391366095359e-05,0.00016685608333643666,7.971216967548307e-05,-0.0002539999969973902,0.0002539999969973902,9.0
whetū,-8.714391366095359e-05,0.00016685608333643666,7.971216967548307e-05,-0.0002539999969973902,0.0002539999969973902,12.0
whetū-mārama,-8.714391366095359e-05,0.00016685608333643666,7.971216967548307e-05,-0.0002539999969973902,0.0002539999969973902,9.0
whetūrangi,-8.714391366095359e-05,0.00016685608333643666,7.971216967548307e-05,-0.0002539999969973902,0.0002539999969973902,13.0
wheua,-8.714391366095359e-05,0.00016685608333643666,7.971216967548307e-05,-0.0002539999969973902,0.0002539999969973902,10.0
whewhera,-8.714391366095359e-05,0.00016685608333643666,7.971216967548307e-05,-0.0002539999969973902,0.0002539999969973902,11.0
whiore,-8.714391366095359e-05,0.00016685608333643666,7.971216967548307e-05,-0.0002539999969973902,0.0002539999969973902,12.0
whiri,-0.0001801338761723495,0.0006898114117588971,0.0005096775355865476,-0.0008699452879312466,0.0008699452879312466,17.0
whirinaki,0.00039534404544735313,-0.0001892431617495871,0.00020610088369776603,0.0005845872071969403,0.0005845872071969403,18.0
whiriwhiri,-0.0007760088406212762,0.0009410311504566216,0.00016502230983534544,-0.0017170399910778978,0.0017170399910778978,109.0
whiti,0.00039534404544735313,-0.0001892431617495871,0.00020610088369776603,0.0005845872071969403,0.0005845872071969403,45.0
whitinga,-8.714391366095359e-05,0.00016685608333643666,7.971216967548307e-05,-0.0002539999969973902,0.0002539999969973902,15.0
whititanga,-8.714391366095359e-05,0.00016685608333643666,7.971216967548307e-05,-0.0002539999969973902,0.0002539999969973902,9.0
whitiwhiti,-8.714391366095359e-05,0.00016685608333643666,7.971216967548307e-05,-0.0002539999969973902,0.0002539999969973902,10.0
whitu,-8.714391366095359e-05,0.00016685608333643666,7.971216967548307e-05,-0.0002539999969973902,0.0002539999969973902,39.0
whiu,0.0005342543562848204,-0.000371980661957084,0.00016227369432773642,0.0009062350182419043,0.0009062350182419043,76.0
whiutanga,-8.714391366095359e-05,0.00016685608333643666,7.971216967548307e-05,-0.0002539999969973902,0.0002539999969973902,9.0
whiwhi,-0.0002614317409828608,0.0005005682500093101,0.00023913650902644928,-0.0007619999909921709,0.0007619999909921709,138.0
whiwhinga,-8.714391366095359e-05,0.00016685608333643666,7.971216967548307e-05,-0.0002539999969973902,0.0002539999969973902,9.0
whoatu,-0.00017428782732190718,0.0003337121666728733,0.00015942433935096613,-0.0005079999939947804,0.0005079999939947804,26.0
whui,-8.714391366095359e-05,0.00016685608333643666,7.971216967548307e-05,-0.0002539999969973902,0.0002539999969973902,9.0
whutupaoro,-8.714391366095359e-05,0.00016685608333643666,7.971216967548307e-05,-0.0002539999969973902,0.0002539999969973902,10.0
whā,-0.0001801338761723495,0.0006898114117588971,0.0005096775355865476,-0.0008699452879312466,0.0008699452879312466,57.0
whāiatanga,-8.714391366095359e-05,0.00016685608333643666,7.971216967548307e-05,-0.0002539999969973902,0.0002539999969973902,9.0
whāinga,-8.714391366095359e-05,0.00016685608333643666,7.971216967548307e-05,-0.0002539999969973902,0.0002539999969973902,11.0
whāinu,-8.714391366095359e-05,0.00016685608333643666,7.971216967548307e-05,-0.0002539999969973902,0.0002539999969973902,10.0
whāiti,1.16920977008847e-05,-1.1193539206575209e-05,4.985584943094908e-07,2.2885636907459907e-05,2.2885636907459907e-05,21.0
whākanakana,-8.714391366095359e-05,0.00016685608333643666,7.971216967548307e-05,-0.0002539999969973902,0.0002539999969973902,9.0
whākau,-8.714391366095359e-05,0.00016685608333643666,7.971216967548307e-05,-0.0002539999969973902,0.0002539999969973902,10.0
whāki,-0.00028307910934717264,0.0008130253073749647,0.000529946198027792,-0.0010961044167221374,0.0010961044167221374,15.0
whākīkī,1.16920977008847e-05,-1.1193539206575209e-05,4.985584943094908e-07,2.2885636907459907e-05,2.2885636907459907e-05,9.0
whānako,-0.00027312383868374545,0.0020918213136898417,0.0018186974750060963,-0.002364945152373587,0.002364945152373587,15.0
whānau,-8.714391366095359e-05,0.00016685608333643666,7.971216967548307e-05,-0.0002539999969973902,0.0002539999969973902,93.0
whānau-ā-rua-taupare,-8.714391366095359e-05,0.00016685608333643666,7.971216967548307e-05,-0.0002539999969973902,0.0002539999969973902,10.0
whānau-ā-tū-whakairi-ora,-8.714391366095359e-05,0.00016685608333643666,7.971216967548307e-05,-0.0002539999969973902,0.0002539999969973902,9.0
whānautanga,-8.714391366095359e-05,0.00016685608333643666,7.971216967548307e-05,-0.0002539999969973902,0.0002539999969973902,22.0
whāngai,-0.0023090218926138536,0.007894870457755524,0.0055858485651416705,-0.010203892350369378,0.010203892350369378,87.0
whāngaitanga,-8.714391366095359e-05,0.00016685608333643666,7.971216967548307e-05,-0.0002539999969973902,0.0002539999969973902,9.0
whānui,1.16920977008847e-05,-1.1193539206575209e-05,4.985584943094908e-07,2.2885636907459907e-05,2.2885636907459907e-05,38.0
whānuihanga,-8.714391366095359e-05,0.00016685608333643666,7.971216967548307e-05,-0.0002539999969973902,0.0002539999969973902,9.0
whānuitanga,-8.714391366095359e-05,0.00016685608333643666,7.971216967548307e-05,-0.0002539999969973902,0.0002539999969973902,21.0
whāoti,-8.714391366095359e-05,0.00016685608333643666,7.971216967548307e-05,-0.0002539999969973902,0.0002539999969973902,9.0
whāriki,-9.824481794496256e-05,0.00012540746176243703,2.7162643817474466e-05,-0.0002236522797073996,0.0002236522797073996,38.0
whārua,-8.714391366095359e-05,0.00016685608333643666,7.971216967548307e-05,-0.0002539999969973902,0.0002539999969973902,17.0
whārōrō,-8.714391366095359e-05,0.00016685608333643666,7.971216967548307e-05,-0.0002539999969973902,0.0002539999969973902,10.0
whātero,-8.714391366095359e-05,0.00016685608333643666,7.971216967548307e-05,-0.0002539999969973902,0.0002539999969973902,9.0
whāterotero,-8.714391366095359e-05,0.00016685608333643666,7.971216967548307e-05,-0.0002539999969973902,0.0002539999969973902,9.0
whātoro,-8.714391366095359e-05,0.00016685608333643666,7.971216967548307e-05,-0.0002539999969973902,0.0002539999969973902,9.0
whātui-āpiti,-8.714391366095359e-05,0.00016685608333643666,7.971216967548307e-05,-0.0002539999969973902,0.0002539999969973902,9.0
whāwhai,-8.714391366095359e-05,0.00016685608333643666,7.971216967548307e-05,-0.0002539999969973902,0.0002539999969973902,9.0
whāwhā,-8.714391366095359e-05,0.00016685608333643666,7.971216967548307e-05,-0.0002539999969973902,0.0002539999969973902,22.0
whēnei,-8.714391366095359e-05,0.00016685608333643666,7.971216967548307e-05,-0.0002539999969973902,0.0002539999969973902,10.0
whēterotero,-8.714391366095359e-05,0.00016685608333643666,7.971216967548307e-05,-0.0002539999969973902,0.0002539999969973902,10.0
whītiki,-0.0001801338761723495,0.0006898114117588971,0.0005096775355865476,-0.0008699452879312466,0.0008699452879312466,11.0
whīwhiwhi,-8.714391366095359e-05,0.00016685608333643666,7.971216967548307e-05,-0.0002539999969973902,0.0002539999969973902,9.0
wiki,-8.714391366095359e-05,0.00016685608333643666,7.971216967548307e-05,-0.0002539999969973902,0.0002539999969973902,34.0
wikitōria,-0.0001801338761723495,0.0006898114117588971,0.0005096775355865476,-0.0008699452879312466,0.0008699452879312466,56.0
wini,1.16920977008847e-05,-1.1193539206575209e-05,4.985584943094908e-07,2.2885636907459907e-05,2.2885636907459907e-05,18.0
wira,-8.714391366095359e-05,0.00016685608333643666,7.971216967548307e-05,-0.0002539999969973902,0.0002539999969973902,9.0
wiri,-8.714391366095359e-05,0.00016685608333643666,7.971216967548307e-05,-0.0002539999969973902,0.0002539999969973902,13.0
wiriwiri,1.16920977008847e-05,-1.1193539206575209e-05,4.985584943094908e-07,2.2885636907459907e-05,2.2885636907459907e-05,12.0
wā,0.0022176205534817518,-0.00042461196007328474,0.001793008593408467,0.0026422325135550366,0.0026422325135550366,492.0
wāhanga,1.16920977008847e-05,-1.1193539206575209e-05,4.985584943094908e-07,2.2885636907459907e-05,2.2885636907459907e-05,280.0
wāhi,-9.824481794496256e-05,0.00012540746176243703,2.7162643817474466e-05,-0.0002236522797073996,0.0002236522797073996,121.0
wāhinga,-8.714391366095359e-05,0.00016685608333643666,7.971216967548307e-05,-0.0002539999969973902,0.0002539999969973902,9.0
wānanga,-0.00028307910934717264,0.0008130253073749647,0.000529946198027792,-0.0010961044167221374,0.0010961044167221374,37.0
wāriu,-8.714391366095359e-05,0.00016685608333643666,7.971216967548307e-05,-0.0002539999969973902,0.0002539999969973902,45.0
wātea,0.006747247895249285,-0.0006151943758784164,0.0061320535193708685,0.007362442271127701,0.007362442271127701,103.0
wāwāhi,1.16920977008847e-05,-1.1193539206575209e-05,4.985584943094908e-07,2.2885636907459907e-05,2.2885636907459907e-05,21.0
wētahi,-0.0001801338761723495,0.0006898114117588971,0.0005096775355865476,-0.0008699452879312466,0.0008699452879312466,9.0
wīwī,-8.714391366095359e-05,0.00016685608333643666,7.971216967548307e-05,-0.0002539999969973902,0.0002539999969973902,9.0
{unclear,2.33841954017694e-05,-2.2387078413150418e-05,9.971169886189816e-07,4.5771273814919814e-05,4.5771273814919814e-05,16.0
{unclear},-8.714391366095359e-05,0.00016685608333643666,7.971216967548307e-05,-0.0002539999969973902,0.0002539999969973902,13.0
āhei,-0.00028307910934717264,0.0008130253073749647,0.000529946198027792,-0.0010961044167221374,0.0010961044167221374,146.0
āhua,0.0171077871612214,-0.0017548178805329758,0.015352969280688425,0.018862605041754375,0.018862605041754375,615.0
āhuaranga,-8.714391366095359e-05,0.00016685608333643666,7.971216967548307e-05,-0.0002539999969973902,0.0002539999969973902,52.0
āhuatanga,0.00039534404544735313,-0.0001892431617495871,0.00020610088369776603,0.0005845872071969403,0.0005845872071969403,183.0
āhurutanga,-8.714391366095359e-05,0.00016685608333643666,7.971216967548307e-05,-0.0002539999969973902,0.0002539999969973902,10.0
ākau,-8.714391366095359e-05,0.00016685608333643666,7.971216967548307e-05,-0.0002539999969973902,0.0002539999969973902,9.0
āki,0.0018686456404839334,-0.0003975478666600234,0.00147109777382391,0.0022661935071439567,0.0022661935071439567,27.0
ākonga,-8.714391366095359e-05,0.00016685608333643666,7.971216967548307e-05,-0.0002539999969973902,0.0002539999969973902,9.0
ākuhata,-8.714391366095359e-05,0.00016685608333643666,7.971216967548307e-05,-0.0002539999969973902,0.0002539999969973902,9.0
āmene,-8.714391366095359e-05,0.00016685608333643666,7.971216967548307e-05,-0.0002539999969973902,0.0002539999969973902,14.0
āmine,-8.714391366095359e-05,0.00016685608333643666,7.971216967548307e-05,-0.0002539999969973902,0.0002539999969973902,11.0
ānini,-8.714391366095359e-05,0.00016685608333643666,7.971216967548307e-05,-0.0002539999969973902,0.0002539999969973902,11.0
āpiha,-8.714391366095359e-05,0.00016685608333643666,7.971216967548307e-05,-0.0002539999969973902,0.0002539999969973902,12.0
āpiti,-8.714391366095359e-05,0.00016685608333643666,7.971216967548307e-05,-0.0002539999969973902,0.0002539999969973902,18.0
āporo,-8.714391366095359e-05,0.00016685608333643666,7.971216967548307e-05,-0.0002539999969973902,0.0002539999969973902,13.0
āporotī,-8.714391366095359e-05,0.00016685608333643666,7.971216967548307e-05,-0.0002539999969973902,0.0002539999969973902,9.0
āpōtoro,-8.714391366095359e-05,0.00016685608333643666,7.971216967548307e-05,-0.0002539999969973902,0.0002539999969973902,9.0
ārahi,-0.0013177664827435048,0.00392490336139456,0.002607136878651055,-0.005242669844138064,0.005242669844138064,41.0
ārai,0.00039534404544735313,-0.0001892431617495871,0.00020610088369776603,0.0005845872071969403,0.0005845872071969403,15.0
āta,-0.00078678918215698,0.0010271454411994948,0.00024035625904251482,-0.0018139346233564748,0.0018139346233564748,139.0
ātaahua,-8.714391366095359e-05,0.00016685608333643666,7.971216967548307e-05,-0.0002539999969973902,0.0002539999969973902,39.0
āti,-8.714391366095359e-05,0.00016685608333643666,7.971216967548307e-05,-0.0002539999969973902,0.0002539999969973902,11.0
āwanga,0.0012173834070815612,-0.0003329924008801863,0.0008843910062013749,0.0015503758079617475,0.0015503758079617475,14.0
āwangawanga,0.0086172024833628,-0.0006599807583969824,0.007957221724965819,0.009277183241759782,0.009277183241759782,59.0
āwherika,-0.0001801338761723495,0.0006898114117588971,0.0005096775355865476,-0.0008699452879312466,0.0008699452879312466,9.0
āwhina,-0.002335114749519866,0.007451813230122904,0.005116698480603038,-0.00978692797964277,0.00978692797964277,110.0
ēhutu,-8.714391366095359e-05,0.00016685608333643666,7.971216967548307e-05,-0.0002539999969973902,0.0002539999969973902,9.0
ētahi,-0.0001801338761723495,0.0006898114117588971,0.0005096775355865476,-0.0008699452879312466,0.0008699452879312466,9.0
ētita,-8.714391366095359e-05,0.00016685608333643666,7.971216967548307e-05,-0.0002539999969973902,0.0002539999969973902,9.0
īnia,-0.0001801338761723495,0.0006898114117588971,0.0005096775355865476,-0.0008699452879312466,0.0008699452879312466,9.0
ōhākī,-8.714391366095359e-05,0.00016685608333643666,7.971216967548307e-05,-0.0002539999969973902,0.0002539999969973902,10.0
ōi,-8.714391366095359e-05,0.00016685608333643666,7.971216967548307e-05,-0.0002539999969973902,0.0002539999969973902,9.0
ōrite,-0.00017428782732190718,0.0003337121666728733,0.00015942433935096613,-0.0005079999939947804,0.0005079999939947804,54.0
ū,0.0005421752087676756,-0.0003460376749853801,0.00019613753378229547,0.0008882128837530556,0.0008882128837530556,102.0
ūkui,-8.714391366095359e-05,0.00016685608333643666,7.971216967548307e-05,-0.0002539999969973902,0.0002539999969973902,15.0
ūkuikui,-8.714391366095359e-05,0.00016685608333643666,7.971216967548307e-05,-0.0002539999969973902,0.0002539999969973902,9.0
ūmere,1.16920977008847e-05,-1.1193539206575209e-05,4.985584943094908e-07,2.2885636907459907e-05,2.2885636907459907e-05,12.0
ūnga,-8.714391366095359e-05,0.00016685608333643666,7.971216967548307e-05,-0.0002539999969973902,0.0002539999969973902,10.0
ūtanga,-8.714391366095359e-05,0.00016685608333643666,7.971216967548307e-05,-0.0002539999969973902,0.0002539999969973902,15.0
