SubHead,ka,AE,Key,Diff,DiffAbs,Count
aha,0.0007377642308133607,-0.0003518756680709162,0.0003858885627424445,0.001089639898884277,0.001089639898884277,16.0
ahi,2.3517301973723122e-05,-2.2433091759155087e-05,1.0842102145680344e-06,4.595039373287821e-05,4.595039373287821e-05,9.0
ahiahi,2.3517301973723122e-05,-2.2433091759155087e-05,1.0842102145680344e-06,4.595039373287821e-05,4.595039373287821e-05,11.0
aho,2.3517301973723122e-05,-2.2433091759155087e-05,1.0842102145680344e-06,4.595039373287821e-05,4.595039373287821e-05,9.0
ahu,2.3517301973723122e-05,-2.2433091759155087e-05,1.0842102145680344e-06,4.595039373287821e-05,4.595039373287821e-05,16.0
ahurei,2.3517301973723122e-05,-2.2433091759155087e-05,1.0842102145680344e-06,4.595039373287821e-05,4.595039373287821e-05,9.0
aituā,2.3517301973723122e-05,-2.2433091759155087e-05,1.0842102145680344e-06,4.595039373287821e-05,4.595039373287821e-05,9.0
ako,-0.0024027179739593537,0.008021811981025417,0.005619094007066064,-0.01042452995498477,0.01042452995498477,51.0
amo,2.3517301973723122e-05,-2.2433091759155087e-05,1.0842102145680344e-06,4.595039373287821e-05,4.595039373287821e-05,9.0
amokapua,2.3517301973723122e-05,-2.2433091759155087e-05,1.0842102145680344e-06,4.595039373287821e-05,4.595039373287821e-05,9.0
ana,2.3517301973723122e-05,-2.2433091759155087e-05,1.0842102145680344e-06,4.595039373287821e-05,4.595039373287821e-05,9.0
anahera,2.3517301973723122e-05,-2.2433091759155087e-05,1.0842102145680344e-06,4.595039373287821e-05,4.595039373287821e-05,9.0
anga,0.0007377642308133607,-0.0003518756680709162,0.0003858885627424445,0.001089639898884277,0.001089639898884277,10.0
ao,2.3517301973723122e-05,-2.2433091759155087e-05,1.0842102145680344e-06,4.595039373287821e-05,4.595039373287821e-05,16.0
ara,2.3517301973723122e-05,-2.2433091759155087e-05,1.0842102145680344e-06,4.595039373287821e-05,4.595039373287821e-05,14.0
arataki,-0.0009460443069227956,0.006317004024695036,0.005370959717772241,-0.0072630483316178315,0.0072630483316178315,14.0
ariki,2.3517301973723122e-05,-2.2433091759155087e-05,1.0842102145680344e-06,4.595039373287821e-05,4.595039373287821e-05,9.0
aro,2.3517301973723122e-05,-2.2433091759155087e-05,1.0842102145680344e-06,4.595039373287821e-05,4.595039373287821e-05,18.0
aroaro,2.3517301973723122e-05,-2.2433091759155087e-05,1.0842102145680344e-06,4.595039373287821e-05,4.595039373287821e-05,12.0
aroha,0.004127147826346195,-0.000787375065349507,0.003339772760996688,0.004914522891695702,0.004914522891695702,28.0
aronui,2.3517301973723122e-05,-2.2433091759155087e-05,1.0842102145680344e-06,4.595039373287821e-05,4.595039373287821e-05,9.0
ata,2.3517301973723122e-05,-2.2433091759155087e-05,1.0842102145680344e-06,4.595039373287821e-05,4.595039373287821e-05,11.0
atamira,2.3517301973723122e-05,-2.2433091759155087e-05,1.0842102145680344e-06,4.595039373287821e-05,4.595039373287821e-05,9.0
atatū,2.3517301973723122e-05,-2.2433091759155087e-05,1.0842102145680344e-06,4.595039373287821e-05,4.595039373287821e-05,10.0
atawhai,-0.0006672123248921915,0.0025458082434574683,0.0018785959185652766,-0.00321302056834966,0.00321302056834966,12.0
aukati,-0.0005238729763860724,0.0014991631135078624,0.00097529013712179,-0.002023036089893935,0.002023036089893935,10.0
awa,2.3517301973723122e-05,-2.2433091759155087e-05,1.0842102145680344e-06,4.595039373287821e-05,4.595039373287821e-05,12.0
awaawa,2.3517301973723122e-05,-2.2433091759155087e-05,1.0842102145680344e-06,4.595039373287821e-05,4.595039373287821e-05,9.0
awe,2.3517301973723122e-05,-2.2433091759155087e-05,1.0842102145680344e-06,4.595039373287821e-05,4.595039373287821e-05,12.0
awhi,-0.001334424649784383,0.0050916164869149365,0.0037571918371305532,-0.00642604113669932,0.00642604113669932,23.0
ceo,2.3517301973723122e-05,-2.2433091759155087e-05,1.0842102145680344e-06,4.595039373287821e-05,4.595039373287821e-05,9.0
children's,2.3517301973723122e-05,-2.2433091759155087e-05,1.0842102145680344e-06,4.595039373287821e-05,4.595039373287821e-05,9.0
community,2.3517301973723122e-05,-2.2433091759155087e-05,1.0842102145680344e-06,4.595039373287821e-05,4.595039373287821e-05,9.0
congress,2.3517301973723122e-05,-2.2433091759155087e-05,1.0842102145680344e-06,4.595039373287821e-05,4.595039373287821e-05,9.0
ea,0.0007377642308133607,-0.0003518756680709162,0.0003858885627424445,0.001089639898884277,0.001089639898884277,14.0
eke,0.0014755284616267215,-0.0007037513361418324,0.000771777125484889,0.002179279797768554,0.002179279797768554,38.0
ekenga,2.3517301973723122e-05,-2.2433091759155087e-05,1.0842102145680344e-06,4.595039373287821e-05,4.595039373287821e-05,9.0
haere,0.0442335833257459,-0.006420871343852333,0.03781271198189357,0.05065445466959823,0.05065445466959823,210.0
haeremaitanga,2.3517301973723122e-05,-2.2433091759155087e-05,1.0842102145680344e-06,4.595039373287821e-05,4.595039373287821e-05,9.0
haerenga,2.3517301973723122e-05,-2.2433091759155087e-05,1.0842102145680344e-06,4.595039373287821e-05,4.595039373287821e-05,11.0
hahae,2.3517301973723122e-05,-2.2433091759155087e-05,1.0842102145680344e-06,4.595039373287821e-05,4.595039373287821e-05,9.0
hahau,-0.0003218475114592342,0.000614018969105212,0.00029217145764597784,-0.0009358664805644461,0.0009358664805644461,10.0
hahu,2.3517301973723122e-05,-2.2433091759155087e-05,1.0842102145680344e-06,4.595039373287821e-05,4.595039373287821e-05,8.0
haina,-0.0006436950229184683,0.001228037938210424,0.0005843429152919557,-0.0018717329611288923,0.0018717329611288923,14.0
hainamana,2.3517301973723122e-05,-2.2433091759155087e-05,1.0842102145680344e-06,4.595039373287821e-05,4.595039373287821e-05,9.0
haki,2.3517301973723122e-05,-2.2433091759155087e-05,1.0842102145680344e-06,4.595039373287821e-05,4.595039373287821e-05,10.0
hanga,-0.003073579024416547,0.010554763862744504,0.0074811848383279575,-0.013628342887161051,0.013628342887161051,36.0
hangatanga,2.3517301973723122e-05,-2.2433091759155087e-05,1.0842102145680344e-06,4.595039373287821e-05,4.595039373287821e-05,9.0
hao,0.0007377642308133607,-0.0003518756680709162,0.0003858885627424445,0.001089639898884277,0.001089639898884277,9.0
hapū,2.3517301973723122e-05,-2.2433091759155087e-05,1.0842102145680344e-06,4.595039373287821e-05,4.595039373287821e-05,9.0
hara,2.3517301973723122e-05,-2.2433091759155087e-05,1.0842102145680344e-06,4.595039373287821e-05,4.595039373287821e-05,10.0
harakoa,2.3517301973723122e-05,-2.2433091759155087e-05,1.0842102145680344e-06,4.595039373287821e-05,4.595039373287821e-05,10.0
haramai,0.008570963146075654,-0.002043954733148032,0.006527008412927622,0.010614917879223687,0.010614917879223687,38.0
hari,-0.0022550189761442628,0.006990933948025186,0.004735914971880923,-0.009245952924169448,0.009245952924169448,37.0
harikoa,2.3517301973723122e-05,-2.2433091759155087e-05,1.0842102145680344e-06,4.595039373287821e-05,4.595039373287821e-05,16.0
haritanga,2.3517301973723122e-05,-2.2433091759155087e-05,1.0842102145680344e-06,4.595039373287821e-05,4.595039373287821e-05,9.0
harry,-0.0003218475114592342,0.000614018969105212,0.00029217145764597784,-0.0009358664805644461,0.0009358664805644461,9.0
hau,2.3517301973723122e-05,-2.2433091759155087e-05,1.0842102145680344e-06,4.595039373287821e-05,4.595039373287821e-05,10.0
hauhau,4.7034603947446243e-05,-4.4866183518310175e-05,2.168420429136069e-06,9.190078746575642e-05,9.190078746575642e-05,10.0
haumi,2.3517301973723122e-05,-2.2433091759155087e-05,1.0842102145680344e-06,4.595039373287821e-05,4.595039373287821e-05,9.0
haunga,0.0007377642308133607,-0.0003518756680709162,0.0003858885627424445,0.001089639898884277,0.001089639898884277,11.0
hauora,2.3517301973723122e-05,-2.2433091759155087e-05,1.0842102145680344e-06,4.595039373287821e-05,4.595039373287821e-05,9.0
haurua,2.3517301973723122e-05,-2.2433091759155087e-05,1.0842102145680344e-06,4.595039373287821e-05,4.595039373287821e-05,9.0
hautū,-0.0007783949613217929,0.0037125444091559837,0.002934149447834191,-0.004490939370477776,0.004490939370477776,12.0
heamana,2.3517301973723122e-05,-2.2433091759155087e-05,1.0842102145680344e-06,4.595039373287821e-05,4.595039373287821e-05,9.0
hei,2.3517301973723122e-05,-2.2433091759155087e-05,1.0842102145680344e-06,4.595039373287821e-05,4.595039373287821e-05,9.0
heke,7.055190592116942e-05,-6.729927527746531e-05,3.252630643704103e-06,0.00013785118119863474,0.00013785118119863474,27.0
hemo,2.3517301973723122e-05,-2.2433091759155087e-05,1.0842102145680344e-06,4.595039373287821e-05,4.595039373287821e-05,9.0
here,4.7034603947446243e-05,-4.4866183518310175e-05,2.168420429136069e-06,9.190078746575642e-05,9.190078746575642e-05,14.0
heri,4.7034603947446243e-05,-4.4866183518310175e-05,2.168420429136069e-06,9.190078746575642e-05,9.190078746575642e-05,15.0
hia,0.0028569877153585507,-0.0006813182443826773,0.0021756694709758736,0.0035383059597412277,0.0035383059597412277,15.0
hiahia,4.7034603947446243e-05,-4.4866183518310175e-05,2.168420429136069e-06,9.190078746575642e-05,9.190078746575642e-05,63.0
hiakai,2.3517301973723122e-05,-2.2433091759155087e-05,1.0842102145680344e-06,4.595039373287821e-05,4.595039373287821e-05,9.0
hihiko,2.3517301973723122e-05,-2.2433091759155087e-05,1.0842102145680344e-06,4.595039373287821e-05,4.595039373287821e-05,10.0
hika,0.0007377642308133607,-0.0003518756680709162,0.0003858885627424445,0.001089639898884277,0.001089639898884277,9.0
hiki,-0.0012873900458369367,0.002456075876420848,0.0011686858305839114,-0.0037434659222577845,0.0037434659222577845,21.0
hiko,2.3517301973723122e-05,-2.2433091759155087e-05,1.0842102145680344e-06,4.595039373287821e-05,4.595039373287821e-05,9.0
hikuwai,2.3517301973723122e-05,-2.2433091759155087e-05,1.0842102145680344e-06,4.595039373287821e-05,4.595039373287821e-05,9.0
himalayas,2.3517301973723122e-05,-2.2433091759155087e-05,1.0842102145680344e-06,4.595039373287821e-05,4.595039373287821e-05,8.0
hinengaro,2.3517301973723122e-05,-2.2433091759155087e-05,1.0842102145680344e-06,4.595039373287821e-05,4.595039373287821e-05,9.0
hinga,0.006951552376091695,-0.0009472953299033155,0.006004257046188379,0.00789884770599501,0.00789884770599501,20.0
hingahinga,2.3517301973723122e-05,-2.2433091759155087e-05,1.0842102145680344e-06,4.595039373287821e-05,4.595039373287821e-05,9.0
hipa,2.3517301973723122e-05,-2.2433091759155087e-05,1.0842102145680344e-06,4.595039373287821e-05,4.595039373287821e-05,10.0
hira,2.3517301973723122e-05,-2.2433091759155087e-05,1.0842102145680344e-06,4.595039373287821e-05,4.595039373287821e-05,9.0
hiwi,0.0007377642308133607,-0.0003518756680709162,0.0003858885627424445,0.001089639898884277,0.001089639898884277,10.0
hoatu,-0.0012873900458369367,0.002456075876420848,0.0011686858305839114,-0.0037434659222577845,0.0037434659222577845,21.0
hoatuhanga,2.3517301973723122e-05,-2.2433091759155087e-05,1.0842102145680344e-06,4.595039373287821e-05,4.595039373287821e-05,9.0
hoe,2.3517301973723122e-05,-2.2433091759155087e-05,1.0842102145680344e-06,4.595039373287821e-05,4.595039373287821e-05,11.0
hohou,-0.0003218475114592342,0.000614018969105212,0.00029217145764597784,-0.0009358664805644461,0.0009358664805644461,9.0
hoki,0.044959249782577676,-0.002680406794012399,0.042278842988565275,0.04763965657659008,0.04763965657659008,108.0
hokinga,2.3517301973723122e-05,-2.2433091759155087e-05,1.0842102145680344e-06,4.595039373287821e-05,4.595039373287821e-05,9.0
hokitanga,2.3517301973723122e-05,-2.2433091759155087e-05,1.0842102145680344e-06,4.595039373287821e-05,4.595039373287821e-05,9.0
hoko,-0.0013955605798960597,0.0035499240606481517,0.002154363480752092,-0.004945484640544211,0.004945484640544211,29.0
hokohoko,0.0007377642308133607,-0.0003518756680709162,0.0003858885627424445,0.001089639898884277,0.001089639898884277,9.0
homai,-0.0010477459527721447,0.0029983262270157247,0.00195058027424358,-0.00404607217978787,0.00404607217978787,17.0
hono,-0.0003218475114592342,0.000614018969105212,0.00029217145764597784,-0.0009358664805644461,0.0009358664805644461,13.0
hopu,-0.0003218475114592342,0.000614018969105212,0.00029217145764597784,-0.0009358664805644461,0.0009358664805644461,12.0
hoputanga,2.3517301973723122e-05,-2.2433091759155087e-05,1.0842102145680344e-06,4.595039373287821e-05,4.595039373287821e-05,9.0
hora,0.0007377642308133607,-0.0003518756680709162,0.0003858885627424445,0.001089639898884277,0.001089639898884277,16.0
hore,0.0007377642308133607,-0.0003518756680709162,0.0003858885627424445,0.001089639898884277,0.001089639898884277,10.0
horo,2.3517301973723122e-05,-2.2433091759155087e-05,1.0842102145680344e-06,4.595039373287821e-05,4.595039373287821e-05,9.0
horoi,-0.0003218475114592342,0.000614018969105212,0.00029217145764597784,-0.0009358664805644461,0.0009358664805644461,11.0
hou,0.0007377642308133607,-0.0003518756680709162,0.0003858885627424445,0.001089639898884277,0.001089639898884277,10.0
hua,4.7034603947446243e-05,-4.4866183518310175e-05,2.168420429136069e-06,9.190078746575642e-05,9.190078746575642e-05,20.0
huaki,2.3517301973723122e-05,-2.2433091759155087e-05,1.0842102145680344e-06,4.595039373287821e-05,4.595039373287821e-05,9.0
huarahi,2.3517301973723122e-05,-2.2433091759155087e-05,1.0842102145680344e-06,4.595039373287821e-05,4.595039373287821e-05,16.0
hui,0.004127147826346195,-0.000787375065349507,0.003339772760996688,0.004914522891695702,0.004914522891695702,33.0
huihui,0.004127147826346195,-0.000787375065349507,0.003339772760996688,0.004914522891695702,0.004914522891695702,18.0
huihuinga,2.3517301973723122e-05,-2.2433091759155087e-05,1.0842102145680344e-06,4.595039373287821e-05,4.595039373287821e-05,9.0
huinga,2.3517301973723122e-05,-2.2433091759155087e-05,1.0842102145680344e-06,4.595039373287821e-05,4.595039373287821e-05,9.0
huna,2.3517301973723122e-05,-2.2433091759155087e-05,1.0842102145680344e-06,4.595039373287821e-05,4.595039373287821e-05,10.0
hunga,2.3517301973723122e-05,-2.2433091759155087e-05,1.0842102145680344e-06,4.595039373287821e-05,4.595039373287821e-05,13.0
hunuhunu,2.3517301973723122e-05,-2.2433091759155087e-05,1.0842102145680344e-06,4.595039373287821e-05,4.595039373287821e-05,9.0
hura,-0.0003218475114592342,0.000614018969105212,0.00029217145764597784,-0.0009358664805644461,0.0009358664805644461,9.0
huratanga,2.3517301973723122e-05,-2.2433091759155087e-05,1.0842102145680344e-06,4.595039373287821e-05,4.595039373287821e-05,9.0
huri,0.01695378787636152,-0.0020215216413888766,0.014932266234972643,0.018975309517750397,0.018975309517750397,52.0
huri-nui,2.3517301973723122e-05,-2.2433091759155087e-05,1.0842102145680344e-06,4.595039373287821e-05,4.595039373287821e-05,10.0
huritau,2.3517301973723122e-05,-2.2433091759155087e-05,1.0842102145680344e-06,4.595039373287821e-05,4.595039373287821e-05,9.0
huruhuru,2.3517301973723122e-05,-2.2433091759155087e-05,1.0842102145680344e-06,4.595039373287821e-05,4.595039373287821e-05,10.0
huti,-0.0003218475114592342,0.000614018969105212,0.00029217145764597784,-0.0009358664805644461,0.0009358664805644461,10.0
hā,2.3517301973723122e-05,-2.2433091759155087e-05,1.0842102145680344e-06,4.595039373287821e-05,4.595039373287821e-05,9.0
hāhi,2.3517301973723122e-05,-2.2433091759155087e-05,1.0842102145680344e-06,4.595039373287821e-05,4.595039373287821e-05,9.0
hākari,2.3517301973723122e-05,-2.2433091759155087e-05,1.0842102145680344e-06,4.595039373287821e-05,4.595039373287821e-05,11.0
hākinakina,2.3517301973723122e-05,-2.2433091759155087e-05,1.0842102145680344e-06,4.595039373287821e-05,4.595039373287821e-05,9.0
hāmene,-0.0005238729763860724,0.0014991631135078624,0.00097529013712179,-0.002023036089893935,0.002023036089893935,11.0
hāngai,2.3517301973723122e-05,-2.2433091759155087e-05,1.0842102145680344e-06,4.595039373287821e-05,4.595039373287821e-05,15.0
hāpai,-0.00125448437090198,0.015556440932130974,0.014301956561228995,-0.016810925303032954,0.016810925303032954,24.0
hāparangi,0.0007377642308133607,-0.0003518756680709162,0.0003858885627424445,0.001089639898884277,0.001089639898884277,9.0
hē,0.0007377642308133607,-0.0003518756680709162,0.0003858885627424445,0.001089639898884277,0.001089639898884277,21.0
hī,2.3517301973723122e-05,-2.2433091759155087e-05,1.0842102145680344e-06,4.595039373287821e-05,4.595039373287821e-05,9.0
hīkaka,2.3517301973723122e-05,-2.2433091759155087e-05,1.0842102145680344e-06,4.595039373287821e-05,4.595039373287821e-05,9.0
hīkoi,0.0007377642308133607,-0.0003518756680709162,0.0003858885627424445,0.001089639898884277,0.001089639898884277,15.0
hīkoitanga,2.3517301973723122e-05,-2.2433091759155087e-05,1.0842102145680344e-06,4.595039373287821e-05,4.595039373287821e-05,9.0
hōhipera,2.3517301973723122e-05,-2.2433091759155087e-05,1.0842102145680344e-06,4.595039373287821e-05,4.595039373287821e-05,11.0
hōhonutanga,2.3517301973723122e-05,-2.2433091759155087e-05,1.0842102145680344e-06,4.595039373287821e-05,4.595039373287821e-05,12.0
hōhā,2.3517301973723122e-05,-2.2433091759155087e-05,1.0842102145680344e-06,4.595039373287821e-05,4.595039373287821e-05,12.0
hōiho,2.3517301973723122e-05,-2.2433091759155087e-05,1.0842102145680344e-06,4.595039373287821e-05,4.595039373287821e-05,11.0
hōnore,2.3517301973723122e-05,-2.2433091759155087e-05,1.0842102145680344e-06,4.595039373287821e-05,4.595039373287821e-05,10.0
hōro,2.3517301973723122e-05,-2.2433091759155087e-05,1.0842102145680344e-06,4.595039373287821e-05,4.595039373287821e-05,9.0
hūmārie,2.3517301973723122e-05,-2.2433091759155087e-05,1.0842102145680344e-06,4.595039373287821e-05,4.595039373287821e-05,9.0
hūnuku,0.0007377642308133607,-0.0003518756680709162,0.0003858885627424445,0.001089639898884277,0.001089639898884277,9.0
hūpoki,-0.0003218475114592342,0.000614018969105212,0.00029217145764597784,-0.0009358664805644461,0.0009358664805644461,10.0
ihi,2.3517301973723122e-05,-2.2433091759155087e-05,1.0842102145680344e-06,4.595039373287821e-05,4.595039373287821e-05,10.0
ihu,2.3517301973723122e-05,-2.2433091759155087e-05,1.0842102145680344e-06,4.595039373287821e-05,4.595039373287821e-05,11.0
ika,2.3517301973723122e-05,-2.2433091759155087e-05,1.0842102145680344e-06,4.595039373287821e-05,4.595039373287821e-05,10.0
ingarangi,-0.0003218475114592342,0.000614018969105212,0.00029217145764597784,-0.0009358664805644461,0.0009358664805644461,9.0
ingoa,0.0007377642308133607,-0.0003518756680709162,0.0003858885627424445,0.001089639898884277,0.001089639898884277,26.0
inoi,-0.0005238729763860724,0.0014991631135078624,0.00097529013712179,-0.002023036089893935,0.002023036089893935,13.0
iri,0.0007377642308133607,-0.0003518756680709162,0.0003858885627424445,0.001089639898884277,0.001089639898884277,9.0
irāmutu,2.3517301973723122e-05,-2.2433091759155087e-05,1.0842102145680344e-06,4.595039373287821e-05,4.595039373287821e-05,9.0
iti,2.3517301973723122e-05,-2.2433091759155087e-05,1.0842102145680344e-06,4.595039373287821e-05,4.595039373287821e-05,9.0
itiiti,2.3517301973723122e-05,-2.2433091759155087e-05,1.0842102145680344e-06,4.595039373287821e-05,4.595039373287821e-05,9.0
iuniana,2.3517301973723122e-05,-2.2433091759155087e-05,1.0842102145680344e-06,4.595039373287821e-05,4.595039373287821e-05,9.0
iwa,2.3517301973723122e-05,-2.2433091759155087e-05,1.0842102145680344e-06,4.595039373287821e-05,4.595039373287821e-05,14.0
iwi,2.3517301973723122e-05,-2.2433091759155087e-05,1.0842102145680344e-06,4.595039373287821e-05,4.595039373287821e-05,38.0
kaha,2.3517301973723122e-05,-2.2433091759155087e-05,1.0842102145680344e-06,4.595039373287821e-05,4.595039373287821e-05,66.0
kahurangi,2.3517301973723122e-05,-2.2433091759155087e-05,1.0842102145680344e-06,4.595039373287821e-05,4.595039373287821e-05,9.0
kai,0.0006674266019193686,-0.0004774923443627042,0.00018993425755666437,0.0011449189462820726,0.0011449189462820726,24.0
kaiako,2.3517301973723122e-05,-2.2433091759155087e-05,1.0842102145680344e-06,4.595039373287821e-05,4.595039373287821e-05,11.0
kaiarataki,-0.0003218475114592342,0.000614018969105212,0.00029217145764597784,-0.0009358664805644461,0.0009358664805644461,9.0
kaihautū,2.3517301973723122e-05,-2.2433091759155087e-05,1.0842102145680344e-06,4.595039373287821e-05,4.595039373287821e-05,11.0
kaikawe,2.3517301973723122e-05,-2.2433091759155087e-05,1.0842102145680344e-06,4.595039373287821e-05,4.595039373287821e-05,9.0
kaikōrero,2.3517301973723122e-05,-2.2433091759155087e-05,1.0842102145680344e-06,4.595039373287821e-05,4.595039373287821e-05,10.0
kaimahi,2.3517301973723122e-05,-2.2433091759155087e-05,1.0842102145680344e-06,4.595039373287821e-05,4.595039373287821e-05,9.0
kaitiaki,-0.0003218475114592342,0.000614018969105212,0.00029217145764597784,-0.0009358664805644461,0.0009358664805644461,10.0
kaitohutohu,2.3517301973723122e-05,-2.2433091759155087e-05,1.0842102145680344e-06,4.595039373287821e-05,4.595039373287821e-05,9.0
kaitākaro,2.3517301973723122e-05,-2.2433091759155087e-05,1.0842102145680344e-06,4.595039373287821e-05,4.595039373287821e-05,9.0
kaiwhakahaere,-0.0005238729763860724,0.0014991631135078624,0.00097529013712179,-0.002023036089893935,0.002023036089893935,12.0
kaiwhakairo,2.3517301973723122e-05,-2.2433091759155087e-05,1.0842102145680344e-06,4.595039373287821e-05,4.595039373287821e-05,9.0
kaiwhakatuwhera,2.3517301973723122e-05,-2.2433091759155087e-05,1.0842102145680344e-06,4.595039373287821e-05,4.595039373287821e-05,9.0
kaiwhakawā,2.3517301973723122e-05,-2.2433091759155087e-05,1.0842102145680344e-06,4.595039373287821e-05,4.595039373287821e-05,9.0
kaiārahi,2.3517301973723122e-05,-2.2433091759155087e-05,1.0842102145680344e-06,4.595039373287821e-05,4.595039373287821e-05,9.0
kakapa,2.3517301973723122e-05,-2.2433091759155087e-05,1.0842102145680344e-06,4.595039373287821e-05,4.595039373287821e-05,9.0
kake,0.0007377642308133607,-0.0003518756680709162,0.0003858885627424445,0.001089639898884277,0.001089639898884277,11.0
kamupene,2.3517301973723122e-05,-2.2433091759155087e-05,1.0842102145680344e-06,4.595039373287821e-05,4.595039373287821e-05,9.0
kanga,2.3517301973723122e-05,-2.2433091759155087e-05,1.0842102145680344e-06,4.595039373287821e-05,4.595039373287821e-05,9.0
kanohi,2.3517301973723122e-05,-2.2433091759155087e-05,1.0842102145680344e-06,4.595039373287821e-05,4.595039373287821e-05,10.0
kaokao,2.3517301973723122e-05,-2.2433091759155087e-05,1.0842102145680344e-06,4.595039373287821e-05,4.595039373287821e-05,9.0
kapi,-0.0003218475114592342,0.000614018969105212,0.00029217145764597784,-0.0009358664805644461,0.0009358664805644461,11.0
kapo,4.7034603947446243e-05,-4.4866183518310175e-05,2.168420429136069e-06,9.190078746575642e-05,9.190078746575642e-05,12.0
kara,2.3517301973723122e-05,-2.2433091759155087e-05,1.0842102145680344e-06,4.595039373287821e-05,4.595039373287821e-05,9.0
karakia,0.0007377642308133607,-0.0003518756680709162,0.0003858885627424445,0.001089639898884277,0.001089639898884277,13.0
karanga,-0.0007140326518124606,0.001021670769145158,0.00030763811733269743,-0.0017357034209576187,0.0017357034209576187,40.0
karapu,2.3517301973723122e-05,-2.2433091759155087e-05,1.0842102145680344e-06,4.595039373287821e-05,4.595039373287821e-05,9.0
karauna,2.3517301973723122e-05,-2.2433091759155087e-05,1.0842102145680344e-06,4.595039373287821e-05,4.595039373287821e-05,10.0
karawhiu,2.3517301973723122e-05,-2.2433091759155087e-05,1.0842102145680344e-06,4.595039373287821e-05,4.595039373287821e-05,8.0
karawhiuwhiu,2.3517301973723122e-05,-2.2433091759155087e-05,1.0842102145680344e-06,4.595039373287821e-05,4.595039373287821e-05,9.0
karikari,0.0007377642308133607,-0.0003518756680709162,0.0003858885627424445,0.001089639898884277,0.001089639898884277,9.0
karo,2.3517301973723122e-05,-2.2433091759155087e-05,1.0842102145680344e-06,4.595039373287821e-05,4.595039373287821e-05,9.0
kata,0.0007377642308133607,-0.0003518756680709162,0.0003858885627424445,0.001089639898884277,0.001089639898884277,9.0
katakata,2.3517301973723122e-05,-2.2433091759155087e-05,1.0842102145680344e-06,4.595039373287821e-05,4.595039373287821e-05,9.0
kati,4.7034603947446243e-05,-4.4866183518310175e-05,2.168420429136069e-06,9.190078746575642e-05,9.190078746575642e-05,12.0
kaua,2.3517301973723122e-05,-2.2433091759155087e-05,1.0842102145680344e-06,4.595039373287821e-05,4.595039373287821e-05,25.0
kauae,2.3517301973723122e-05,-2.2433091759155087e-05,1.0842102145680344e-06,4.595039373287821e-05,4.595039373287821e-05,9.0
kauaka,2.3517301973723122e-05,-2.2433091759155087e-05,1.0842102145680344e-06,4.595039373287821e-05,4.595039373287821e-05,9.0
kauhau,2.3517301973723122e-05,-2.2433091759155087e-05,1.0842102145680344e-06,4.595039373287821e-05,4.595039373287821e-05,11.0
kaumātua,0.0007377642308133607,-0.0003518756680709162,0.0003858885627424445,0.001089639898884277,0.001089639898884277,14.0
kaunihera,2.3517301973723122e-05,-2.2433091759155087e-05,1.0842102145680344e-06,4.595039373287821e-05,4.595039373287821e-05,11.0
kaupapa,2.3517301973723122e-05,-2.2433091759155087e-05,1.0842102145680344e-06,4.595039373287821e-05,4.595039373287821e-05,33.0
kaute,2.3517301973723122e-05,-2.2433091759155087e-05,1.0842102145680344e-06,4.595039373287821e-05,4.595039373287821e-05,9.0
kawa,2.3517301973723122e-05,-2.2433091759155087e-05,1.0842102145680344e-06,4.595039373287821e-05,4.595039373287821e-05,12.0
kawe,-0.001291409120355753,0.017246204117754727,0.015954794997398974,-0.01853761323811048,0.01853761323811048,29.0
kawenata,2.3517301973723122e-05,-2.2433091759155087e-05,1.0842102145680344e-06,4.595039373287821e-05,4.595039373287821e-05,9.0
kereimi,2.3517301973723122e-05,-2.2433091759155087e-05,1.0842102145680344e-06,4.595039373287821e-05,4.595039373287821e-05,9.0
kerikeri,2.3517301973723122e-05,-2.2433091759155087e-05,1.0842102145680344e-06,4.595039373287821e-05,4.595039373287821e-05,9.0
kerēmu,-0.0003218475114592342,0.000614018969105212,0.00029217145764597784,-0.0009358664805644461,0.0009358664805644461,9.0
kikī,2.3517301973723122e-05,-2.2433091759155087e-05,1.0842102145680344e-06,4.595039373287821e-05,4.595039373287821e-05,10.0
kimi,-0.0006436950229184683,0.001228037938210424,0.0005843429152919557,-0.0018717329611288923,0.0018717329611288923,27.0
kimikimi,2.3517301973723122e-05,-2.2433091759155087e-05,1.0842102145680344e-06,4.595039373287821e-05,4.595039373287821e-05,9.0
kino,2.3517301973723122e-05,-2.2433091759155087e-05,1.0842102145680344e-06,4.595039373287821e-05,4.595039373287821e-05,9.0
kiore,2.3517301973723122e-05,-2.2433091759155087e-05,1.0842102145680344e-06,4.595039373287821e-05,4.595039373287821e-05,8.0
kiri,-0.0003218475114592342,0.000614018969105212,0.00029217145764597784,-0.0009358664805644461,0.0009358664805644461,9.0
kite,0.05880391922551929,-0.004773864003139601,0.054030055222379685,0.06357778322865888,0.06357778322865888,181.0
kitekite,2.3517301973723122e-05,-2.2433091759155087e-05,1.0842102145680344e-06,4.595039373287821e-05,4.595039373287821e-05,11.0
kitenga,2.3517301973723122e-05,-2.2433091759155087e-05,1.0842102145680344e-06,4.595039373287821e-05,4.595039373287821e-05,9.0
kitetanga,2.3517301973723122e-05,-2.2433091759155087e-05,1.0842102145680344e-06,4.595039373287821e-05,4.595039373287821e-05,9.0
koa,0.0007377642308133607,-0.0003518756680709162,0.0003858885627424445,0.001089639898884277,0.001089639898884277,17.0
koha,-0.0003218475114592342,0.000614018969105212,0.00029217145764597784,-0.0009358664805644461,0.0009358664805644461,9.0
kohete,2.3517301973723122e-05,-2.2433091759155087e-05,1.0842102145680344e-06,4.595039373287821e-05,4.595039373287821e-05,9.0
kohi,7.055190592116942e-05,-6.729927527746531e-05,3.252630643704103e-06,0.00013785118119863474,0.00013785118119863474,13.0
kohinga,2.3517301973723122e-05,-2.2433091759155087e-05,1.0842102145680344e-06,4.595039373287821e-05,4.595039373287821e-05,9.0
kohukohu,2.3517301973723122e-05,-2.2433091759155087e-05,1.0842102145680344e-06,4.595039373287821e-05,4.595039373287821e-05,9.0
komiti,2.3517301973723122e-05,-2.2433091759155087e-05,1.0842102145680344e-06,4.595039373287821e-05,4.595039373287821e-05,11.0
konā,-0.0003218475114592342,0.000614018969105212,0.00029217145764597784,-0.0009358664805644461,0.0009358664805644461,9.0
kore,0.004127147826346195,-0.000787375065349507,0.003339772760996688,0.004914522891695702,0.004914522891695702,82.0
koretake,2.3517301973723122e-05,-2.2433091759155087e-05,1.0842102145680344e-06,4.595039373287821e-05,4.595039373287821e-05,9.0
korikori,2.3517301973723122e-05,-2.2433091759155087e-05,1.0842102145680344e-06,4.595039373287821e-05,4.595039373287821e-05,9.0
koroua,2.3517301973723122e-05,-2.2433091759155087e-05,1.0842102145680344e-06,4.595039373287821e-05,4.595039373287821e-05,9.0
korōria,2.3517301973723122e-05,-2.2433091759155087e-05,1.0842102145680344e-06,4.595039373287821e-05,4.595039373287821e-05,9.0
kotahi,2.3517301973723122e-05,-2.2433091759155087e-05,1.0842102145680344e-06,4.595039373287821e-05,4.595039373287821e-05,16.0
koti,0.0007377642308133607,-0.0003518756680709162,0.0003858885627424445,0.001089639898884277,0.001089639898884277,10.0
kotiti,-0.0003218475114592342,0.000614018969105212,0.00029217145764597784,-0.0009358664805644461,0.0009358664805644461,11.0
kuhu,0.002400323759181409,-0.0009158649780754919,0.001484458781105917,0.003316188737256901,0.003316188737256901,16.0
kui,-0.0003218475114592342,0.000614018969105212,0.00029217145764597784,-0.0009358664805644461,0.0009358664805644461,9.0
kuia,-0.0003218475114592342,0.000614018969105212,0.00029217145764597784,-0.0009358664805644461,0.0009358664805644461,11.0
kuki,2.3517301973723122e-05,-2.2433091759155087e-05,1.0842102145680344e-06,4.595039373287821e-05,4.595039373287821e-05,9.0
kukume,2.3517301973723122e-05,-2.2433091759155087e-05,1.0842102145680344e-06,4.595039373287821e-05,4.595039373287821e-05,10.0
kume,2.3517301973723122e-05,-2.2433091759155087e-05,1.0842102145680344e-06,4.595039373287821e-05,4.595039373287821e-05,11.0
kupu,2.3517301973723122e-05,-2.2433091759155087e-05,1.0842102145680344e-06,4.595039373287821e-05,4.595039373287821e-05,13.0
kura,-0.0003218475114592342,0.000614018969105212,0.00029217145764597784,-0.0009358664805644461,0.0009358664805644461,26.0
kuti,2.3517301973723122e-05,-2.2433091759155087e-05,1.0842102145680344e-06,4.595039373287821e-05,4.595039373287821e-05,9.0
kā,2.3517301973723122e-05,-2.2433091759155087e-05,1.0842102145680344e-06,4.595039373287821e-05,4.595039373287821e-05,9.0
kāhaki,0.0007377642308133607,-0.0003518756680709162,0.0003858885627424445,0.001089639898884277,0.001089639898884277,12.0
kāinga,2.3517301973723122e-05,-2.2433091759155087e-05,1.0842102145680344e-06,4.595039373287821e-05,4.595039373287821e-05,15.0
kākahi,0.0007377642308133607,-0.0003518756680709162,0.0003858885627424445,0.001089639898884277,0.001089639898884277,9.0
kākahu,2.3517301973723122e-05,-2.2433091759155087e-05,1.0842102145680344e-06,4.595039373287821e-05,4.595039373287821e-05,9.0
kāpene,2.3517301973723122e-05,-2.2433091759155087e-05,1.0842102145680344e-06,4.595039373287821e-05,4.595039373287821e-05,9.0
kāpō,2.3517301973723122e-05,-2.2433091759155087e-05,1.0842102145680344e-06,4.595039373287821e-05,4.595039373287821e-05,9.0
kāreti,2.3517301973723122e-05,-2.2433091759155087e-05,1.0842102145680344e-06,4.595039373287821e-05,4.595039373287821e-05,9.0
kāwana,-0.0003218475114592342,0.000614018969105212,0.00029217145764597784,-0.0009358664805644461,0.0009358664805644461,16.0
kāwanatanga,2.3517301973723122e-05,-2.2433091759155087e-05,1.0842102145680344e-06,4.595039373287821e-05,4.595039373287821e-05,13.0
kēmu,2.3517301973723122e-05,-2.2433091759155087e-05,1.0842102145680344e-06,4.595039373287821e-05,4.595039373287821e-05,10.0
kī,-0.003159973125444494,0.004822863926058631,0.0016628908006141368,-0.007982837051503124,0.007982837051503124,93.0
kōhatu,2.3517301973723122e-05,-2.2433091759155087e-05,1.0842102145680344e-06,4.595039373287821e-05,4.595039373287821e-05,11.0
kōhue,2.3517301973723122e-05,-2.2433091759155087e-05,1.0842102145680344e-06,4.595039373287821e-05,4.595039373287821e-05,9.0
kōhuru,-0.0006672123248921915,0.0025458082434574683,0.0018785959185652766,-0.00321302056834966,0.00321302056834966,12.0
kōingo,2.3517301973723122e-05,-2.2433091759155087e-05,1.0842102145680344e-06,4.595039373287821e-05,4.595039373287821e-05,9.0
kōkiri,-0.0003570163259062303,0.000510835384572579,0.00015381905866634871,-0.0008678517104788094,0.0008678517104788094,15.0
kōmihana,2.3517301973723122e-05,-2.2433091759155087e-05,1.0842102145680344e-06,4.595039373287821e-05,4.595039373287821e-05,9.0
kōrero,-0.008129832127123253,0.03166635301321618,0.023536520886092926,-0.03979618514033943,0.03979618514033943,166.0
kōrerorero,0.0007377642308133607,-0.0003518756680709162,0.0003858885627424445,0.001089639898884277,0.001089639898884277,11.0
kōti,2.3517301973723122e-05,-2.2433091759155087e-05,1.0842102145680344e-06,4.595039373287821e-05,4.595039373287821e-05,10.0
kūare,2.3517301973723122e-05,-2.2433091759155087e-05,1.0842102145680344e-06,4.595039373287821e-05,4.595039373287821e-05,9.0
maha,4.7034603947446243e-05,-4.4866183518310175e-05,2.168420429136069e-06,9.190078746575642e-05,9.190078746575642e-05,28.0
mahara,0.0007377642308133607,-0.0003518756680709162,0.0003858885627424445,0.001089639898884277,0.001089639898884277,14.0
mahau,2.3517301973723122e-05,-2.2433091759155087e-05,1.0842102145680344e-06,4.595039373287821e-05,4.595039373287821e-05,9.0
mahi,-0.004330301478888354,0.010326657637985891,0.005996356159097537,-0.014656959116874245,0.014656959116874245,124.0
mahue,0.0017127227410005561,-0.0005445872213542643,0.001168135519646292,0.0022573099623548203,0.0022573099623548203,20.0
maka,2.3517301973723122e-05,-2.2433091759155087e-05,1.0842102145680344e-06,4.595039373287821e-05,4.595039373287821e-05,9.0
makere,2.3517301973723122e-05,-2.2433091759155087e-05,1.0842102145680344e-06,4.595039373287821e-05,4.595039373287821e-05,12.0
mamae,2.3517301973723122e-05,-2.2433091759155087e-05,1.0842102145680344e-06,4.595039373287821e-05,4.595039373287821e-05,11.0
mana,2.3517301973723122e-05,-2.2433091759155087e-05,1.0842102145680344e-06,4.595039373287821e-05,4.595039373287821e-05,43.0
manaaki,-0.0014166280681788253,0.02432371938737084,0.022907091319192014,-0.025740347455549668,0.025740347455549668,28.0
manako,2.3517301973723122e-05,-2.2433091759155087e-05,1.0842102145680344e-06,4.595039373287821e-05,4.595039373287821e-05,9.0
manatū,2.3517301973723122e-05,-2.2433091759155087e-05,1.0842102145680344e-06,4.595039373287821e-05,4.595039373287821e-05,9.0
manawa,2.3517301973723122e-05,-2.2433091759155087e-05,1.0842102145680344e-06,4.595039373287821e-05,4.595039373287821e-05,10.0
manawanui,2.3517301973723122e-05,-2.2433091759155087e-05,1.0842102145680344e-06,4.595039373287821e-05,4.595039373287821e-05,9.0
manene,2.3517301973723122e-05,-2.2433091759155087e-05,1.0842102145680344e-06,4.595039373287821e-05,4.595039373287821e-05,9.0
mano,2.3517301973723122e-05,-2.2433091759155087e-05,1.0842102145680344e-06,4.595039373287821e-05,4.595039373287821e-05,9.0
manu,2.3517301973723122e-05,-2.2433091759155087e-05,1.0842102145680344e-06,4.595039373287821e-05,4.595039373287821e-05,9.0
maoa,2.3517301973723122e-05,-2.2433091759155087e-05,1.0842102145680344e-06,4.595039373287821e-05,4.595039373287821e-05,10.0
marae,2.3517301973723122e-05,-2.2433091759155087e-05,1.0842102145680344e-06,4.595039373287821e-05,4.595039373287821e-05,29.0
marama,2.3517301973723122e-05,-2.2433091759155087e-05,1.0842102145680344e-06,4.595039373287821e-05,4.595039373287821e-05,15.0
marangai,2.3517301973723122e-05,-2.2433091759155087e-05,1.0842102145680344e-06,4.595039373287821e-05,4.595039373287821e-05,10.0
mareti,2.3517301973723122e-05,-2.2433091759155087e-05,1.0842102145680344e-06,4.595039373287821e-05,4.595039373287821e-05,9.0
maringi,2.3517301973723122e-05,-2.2433091759155087e-05,1.0842102145680344e-06,4.595039373287821e-05,4.595039373287821e-05,9.0
marino,2.3517301973723122e-05,-2.2433091759155087e-05,1.0842102145680344e-06,4.595039373287821e-05,4.595039373287821e-05,10.0
maroke,2.3517301973723122e-05,-2.2433091759155087e-05,1.0842102145680344e-06,4.595039373287821e-05,4.595039373287821e-05,9.0
maru,2.3517301973723122e-05,-2.2433091759155087e-05,1.0842102145680344e-06,4.595039373287821e-05,4.595039373287821e-05,12.0
marumaru,2.3517301973723122e-05,-2.2433091759155087e-05,1.0842102145680344e-06,4.595039373287821e-05,4.595039373287821e-05,9.0
mata,2.3517301973723122e-05,-2.2433091759155087e-05,1.0842102145680344e-06,4.595039373287821e-05,4.595039373287821e-05,14.0
mataara,2.3517301973723122e-05,-2.2433091759155087e-05,1.0842102145680344e-06,4.595039373287821e-05,4.595039373287821e-05,9.0
mataku,2.3517301973723122e-05,-2.2433091759155087e-05,1.0842102145680344e-06,4.595039373287821e-05,4.595039373287821e-05,11.0
matatau,0.0007377642308133607,-0.0003518756680709162,0.0003858885627424445,0.001089639898884277,0.001089639898884277,12.0
mate,0.005497634362598857,-0.0008740297976660253,0.004623604564932831,0.006371664160264882,0.006371664160264882,30.0
matemate,2.3517301973723122e-05,-2.2433091759155087e-05,1.0842102145680344e-06,4.595039373287821e-05,4.595039373287821e-05,9.0
matenga,2.3517301973723122e-05,-2.2433091759155087e-05,1.0842102145680344e-06,4.595039373287821e-05,4.595039373287821e-05,11.0
matetanga,2.3517301973723122e-05,-2.2433091759155087e-05,1.0842102145680344e-06,4.595039373287821e-05,4.595039373287821e-05,9.0
matua,2.3517301973723122e-05,-2.2433091759155087e-05,1.0842102145680344e-06,4.595039373287821e-05,4.595039373287821e-05,9.0
matā,2.3517301973723122e-05,-2.2433091759155087e-05,1.0842102145680344e-06,4.595039373287821e-05,4.595039373287821e-05,9.0
mau,0.003363369602412939,-0.002205712651867587,0.001157656950545352,0.005569082254280527,0.005569082254280527,97.0
mauhere,2.3517301973723122e-05,-2.2433091759155087e-05,1.0842102145680344e-06,4.595039373287821e-05,4.595039373287821e-05,11.0
maumahara,4.7034603947446243e-05,-4.4866183518310175e-05,2.168420429136069e-06,9.190078746575642e-05,9.190078746575642e-05,19.0
maunga,2.3517301973723122e-05,-2.2433091759155087e-05,1.0842102145680344e-06,4.595039373287821e-05,4.595039373287821e-05,11.0
mauri,2.3517301973723122e-05,-2.2433091759155087e-05,1.0842102145680344e-06,4.595039373287821e-05,4.595039373287821e-05,14.0
mea,0.007200971277544224,-0.002747594934226475,0.0044533763433177494,0.009948566211770699,0.009948566211770699,126.0
meahia,2.3517301973723122e-05,-2.2433091759155087e-05,1.0842102145680344e-06,4.595039373287821e-05,4.595039373287821e-05,9.0
mema,-0.0003218475114592342,0.000614018969105212,0.00029217145764597784,-0.0009358664805644461,0.0009358664805644461,11.0
memeha,0.0007377642308133607,-0.0003518756680709162,0.0003858885627424445,0.001089639898884277,0.001089639898884277,9.0
mene,2.3517301973723122e-05,-2.2433091759155087e-05,1.0842102145680344e-06,4.595039373287821e-05,4.595039373287821e-05,11.0
menetia,2.3517301973723122e-05,-2.2433091759155087e-05,1.0842102145680344e-06,4.595039373287821e-05,4.595039373287821e-05,9.0
mihi,0.0034254454820011123,-0.0010891744427085285,0.002336271039292584,0.0045146199247096406,0.0045146199247096406,83.0
mimi,2.3517301973723122e-05,-2.2433091759155087e-05,1.0842102145680344e-06,4.595039373287821e-05,4.595039373287821e-05,9.0
minita,2.3517301973723122e-05,-2.2433091759155087e-05,1.0842102145680344e-06,4.595039373287821e-05,4.595039373287821e-05,14.0
miraka,2.3517301973723122e-05,-2.2433091759155087e-05,1.0842102145680344e-06,4.595039373287821e-05,4.595039373287821e-05,9.0
moana,2.3517301973723122e-05,-2.2433091759155087e-05,1.0842102145680344e-06,4.595039373287821e-05,4.595039373287821e-05,11.0
moe,0.01390310475218339,-0.001894590659806631,0.012008514092376759,0.01579769541199002,0.01579769541199002,25.0
moemoe,-0.0003218475114592342,0.000614018969105212,0.00029217145764597784,-0.0009358664805644461,0.0009358664805644461,9.0
moetanga,2.3517301973723122e-05,-2.2433091759155087e-05,1.0842102145680344e-06,4.595039373287821e-05,4.595039373287821e-05,9.0
momo,2.3517301973723122e-05,-2.2433091759155087e-05,1.0842102145680344e-06,4.595039373287821e-05,4.595039373287821e-05,8.0
moni,2.3517301973723122e-05,-2.2433091759155087e-05,1.0842102145680344e-06,4.595039373287821e-05,4.595039373287821e-05,9.0
moss,2.3517301973723122e-05,-2.2433091759155087e-05,1.0842102145680344e-06,4.595039373287821e-05,4.595039373287821e-05,9.0
motu,2.3517301973723122e-05,-2.2433091759155087e-05,1.0842102145680344e-06,4.595039373287821e-05,4.595039373287821e-05,11.0
moutere,2.3517301973723122e-05,-2.2433091759155087e-05,1.0842102145680344e-06,4.595039373287821e-05,4.595039373287821e-05,12.0
mua,2.3517301973723122e-05,-2.2433091759155087e-05,1.0842102145680344e-06,4.595039373287821e-05,4.595039373287821e-05,10.0
mui,0.0007377642308133607,-0.0003518756680709162,0.0003858885627424445,0.001089639898884277,0.001089639898884277,11.0
muku,-0.0003218475114592342,0.000614018969105212,0.00029217145764597784,-0.0009358664805644461,0.0009358664805644461,9.0
mura,2.3517301973723122e-05,-2.2433091759155087e-05,1.0842102145680344e-06,4.595039373287821e-05,4.595039373287821e-05,9.0
muru,-0.0007783949613217929,0.0037125444091559837,0.002934149447834191,-0.004490939370477776,0.004490939370477776,14.0
murunga,2.3517301973723122e-05,-2.2433091759155087e-05,1.0842102145680344e-06,4.595039373287821e-05,4.595039373287821e-05,9.0
mutu,0.015139646486393201,-0.0012034723739777864,0.013936174112415415,0.016343118860370986,0.016343118860370986,58.0
mutunga,2.3517301973723122e-05,-2.2433091759155087e-05,1.0842102145680344e-06,4.595039373287821e-05,4.595039373287821e-05,19.0
mututanga,2.3517301973723122e-05,-2.2433091759155087e-05,1.0842102145680344e-06,4.595039373287821e-05,4.595039373287821e-05,11.0
māharahara,2.3517301973723122e-05,-2.2433091759155087e-05,1.0842102145680344e-06,4.595039373287821e-05,4.595039373287821e-05,12.0
māhita,2.3517301973723122e-05,-2.2433091759155087e-05,1.0842102145680344e-06,4.595039373287821e-05,4.595039373287821e-05,10.0
māia,2.3517301973723122e-05,-2.2433091759155087e-05,1.0842102145680344e-06,4.595039373287821e-05,4.595039373287821e-05,9.0
māmā,0.0007377642308133607,-0.0003518756680709162,0.0003858885627424445,0.001089639898884277,0.001089639898884277,11.0
māngai,2.3517301973723122e-05,-2.2433091759155087e-05,1.0842102145680344e-06,4.595039373287821e-05,4.595039373287821e-05,15.0
māngere,2.3517301973723122e-05,-2.2433091759155087e-05,1.0842102145680344e-06,4.595039373287821e-05,4.595039373287821e-05,9.0
māori,2.3517301973723122e-05,-2.2433091759155087e-05,1.0842102145680344e-06,4.595039373287821e-05,4.595039373287821e-05,13.0
māra,2.3517301973723122e-05,-2.2433091759155087e-05,1.0842102145680344e-06,4.595039373287821e-05,4.595039373287821e-05,9.0
mārakerake,2.3517301973723122e-05,-2.2433091759155087e-05,1.0842102145680344e-06,4.595039373287821e-05,4.595039373287821e-05,9.0
mārama,2.3517301973723122e-05,-2.2433091759155087e-05,1.0842102145680344e-06,4.595039373287821e-05,4.595039373287821e-05,21.0
māramatanga,2.3517301973723122e-05,-2.2433091759155087e-05,1.0842102145680344e-06,4.595039373287821e-05,4.595039373287821e-05,9.0
mārena,0.0007377642308133607,-0.0003518756680709162,0.0003858885627424445,0.001089639898884277,0.001089639898884277,9.0
mārenatanga,2.3517301973723122e-05,-2.2433091759155087e-05,1.0842102145680344e-06,4.595039373287821e-05,4.595039373287821e-05,9.0
mārō,2.3517301973723122e-05,-2.2433091759155087e-05,1.0842102145680344e-06,4.595039373287821e-05,4.595039373287821e-05,9.0
mātakitaki,0.0006766283007016842,-0.00043028929008500646,0.00024633901061667777,0.0011069175907866906,0.0011069175907866906,13.0
mātau,2.3517301973723122e-05,-2.2433091759155087e-05,1.0842102145680344e-06,4.595039373287821e-05,4.595039373287821e-05,29.0
mātauranga,2.3517301973723122e-05,-2.2433091759155087e-05,1.0842102145680344e-06,4.595039373287821e-05,4.595039373287821e-05,12.0
mātenga,2.3517301973723122e-05,-2.2433091759155087e-05,1.0842102145680344e-06,4.595039373287821e-05,4.595039373287821e-05,8.0
mātotoru,2.3517301973723122e-05,-2.2433091759155087e-05,1.0842102145680344e-06,4.595039373287821e-05,4.595039373287821e-05,11.0
mātua,-0.0003218475114592342,0.000614018969105212,0.00029217145764597784,-0.0009358664805644461,0.0009358664805644461,9.0
māturuturu,2.3517301973723122e-05,-2.2433091759155087e-05,1.0842102145680344e-06,4.595039373287821e-05,4.595039373287821e-05,9.0
mātāmua,2.3517301973723122e-05,-2.2433091759155087e-05,1.0842102145680344e-06,4.595039373287821e-05,4.595039373287821e-05,9.0
māuiui,0.0007377642308133607,-0.0003518756680709162,0.0003858885627424445,0.001089639898884277,0.001089639898884277,12.0
mīhana,2.3517301973723122e-05,-2.2433091759155087e-05,1.0842102145680344e-06,4.595039373287821e-05,4.595039373287821e-05,10.0
mīharo,2.3517301973723122e-05,-2.2433091759155087e-05,1.0842102145680344e-06,4.595039373287821e-05,4.595039373287821e-05,11.0
mōhio,0.009803673054365204,-0.002158084069184443,0.007645588985180761,0.011961757123549646,0.011961757123549646,149.0
mōhiotanga,2.3517301973723122e-05,-2.2433091759155087e-05,1.0842102145680344e-06,4.595039373287821e-05,4.595039373287821e-05,9.0
mōmona,0.0007377642308133607,-0.0003518756680709162,0.0003858885627424445,0.001089639898884277,0.001089639898884277,9.0
mōrehu,2.3517301973723122e-05,-2.2433091759155087e-05,1.0842102145680344e-06,4.595039373287821e-05,4.595039373287821e-05,9.0
nama,2.3517301973723122e-05,-2.2433091759155087e-05,1.0842102145680344e-06,4.595039373287821e-05,4.595039373287821e-05,10.0
neke,0.0007377642308133607,-0.0003518756680709162,0.0003858885627424445,0.001089639898884277,0.001089639898884277,13.0
nekenga,2.3517301973723122e-05,-2.2433091759155087e-05,1.0842102145680344e-06,4.595039373287821e-05,4.595039373287821e-05,9.0
new,2.3517301973723122e-05,-2.2433091759155087e-05,1.0842102145680344e-06,4.595039373287821e-05,4.595039373287821e-05,9.0
ngahere,2.3517301973723122e-05,-2.2433091759155087e-05,1.0842102145680344e-06,4.595039373287821e-05,4.595039373287821e-05,9.0
ngahorotanga,2.3517301973723122e-05,-2.2433091759155087e-05,1.0842102145680344e-06,4.595039373287821e-05,4.595039373287821e-05,8.0
ngangaeore,2.3517301973723122e-05,-2.2433091759155087e-05,1.0842102145680344e-06,4.595039373287821e-05,4.595039373287821e-05,9.0
ngaro,0.004127147826346195,-0.000787375065349507,0.003339772760996688,0.004914522891695702,0.004914522891695702,23.0
ngaronga,2.3517301973723122e-05,-2.2433091759155087e-05,1.0842102145680344e-06,4.595039373287821e-05,4.595039373287821e-05,10.0
ngarongaro,2.3517301973723122e-05,-2.2433091759155087e-05,1.0842102145680344e-06,4.595039373287821e-05,4.595039373287821e-05,9.0
ngatari,2.3517301973723122e-05,-2.2433091759155087e-05,1.0842102145680344e-06,4.595039373287821e-05,4.595039373287821e-05,9.0
ngau,-0.0003218475114592342,0.000614018969105212,0.00029217145764597784,-0.0009358664805644461,0.0009358664805644461,9.0
ngenge,0.0007377642308133607,-0.0003518756680709162,0.0003858885627424445,0.001089639898884277,0.001089639898884277,9.0
ngoikore,2.3517301973723122e-05,-2.2433091759155087e-05,1.0842102145680344e-06,4.595039373287821e-05,4.595039373287821e-05,10.0
ngunguru,2.3517301973723122e-05,-2.2433091759155087e-05,1.0842102145680344e-06,4.595039373287821e-05,4.595039373287821e-05,9.0
ngākau,2.3517301973723122e-05,-2.2433091759155087e-05,1.0842102145680344e-06,4.595039373287821e-05,4.595039373287821e-05,13.0
ngākaunui,2.3517301973723122e-05,-2.2433091759155087e-05,1.0842102145680344e-06,4.595039373287821e-05,4.595039373287821e-05,11.0
ngāwari,2.3517301973723122e-05,-2.2433091759155087e-05,1.0842102145680344e-06,4.595039373287821e-05,4.595039373287821e-05,11.0
ngōki,0.0017127227410005561,-0.0005445872213542643,0.001168135519646292,0.0022573099623548203,0.0022573099623548203,10.0
ngū,2.3517301973723122e-05,-2.2433091759155087e-05,1.0842102145680344e-06,4.595039373287821e-05,4.595039373287821e-05,9.0
niho,2.3517301973723122e-05,-2.2433091759155087e-05,1.0842102145680344e-06,4.595039373287821e-05,4.595039373287821e-05,9.0
niupepa,2.3517301973723122e-05,-2.2433091759155087e-05,1.0842102145680344e-06,4.595039373287821e-05,4.595039373287821e-05,9.0
noho,0.015509695444624955,-0.0035225374295403634,0.011987158015084591,0.01903223287416532,0.01903223287416532,134.0
nohonga,2.3517301973723122e-05,-2.2433091759155087e-05,1.0842102145680344e-06,4.595039373287821e-05,4.595039373287821e-05,9.0
nohonoho,0.0007377642308133607,-0.0003518756680709162,0.0003858885627424445,0.001089639898884277,0.001089639898884277,9.0
nohopuku,2.3517301973723122e-05,-2.2433091759155087e-05,1.0842102145680344e-06,4.595039373287821e-05,4.595039373287821e-05,10.0
nohotanga,2.3517301973723122e-05,-2.2433091759155087e-05,1.0842102145680344e-06,4.595039373287821e-05,4.595039373287821e-05,9.0
nui,0.013401115832813134,-0.001162117156777392,0.012238998676035742,0.014563232989590526,0.014563232989590526,40.0
nuinga,2.3517301973723122e-05,-2.2433091759155087e-05,1.0842102145680344e-06,4.595039373287821e-05,4.595039373287821e-05,23.0
nuku,0.0007377642308133607,-0.0003518756680709162,0.0003858885627424445,0.001089639898884277,0.001089639898884277,12.0
nzei,2.3517301973723122e-05,-2.2433091759155087e-05,1.0842102145680344e-06,4.595039373287821e-05,4.595039373287821e-05,9.0
oati,2.3517301973723122e-05,-2.2433091759155087e-05,1.0842102145680344e-06,4.595039373287821e-05,4.595039373287821e-05,9.0
oho,2.3517301973723122e-05,-2.2433091759155087e-05,1.0842102145680344e-06,4.595039373287821e-05,4.595039373287821e-05,10.0
ohooho,2.3517301973723122e-05,-2.2433091759155087e-05,1.0842102145680344e-06,4.595039373287821e-05,4.595039373287821e-05,11.0
ohorere,4.7034603947446243e-05,-4.4866183518310175e-05,2.168420429136069e-06,9.190078746575642e-05,9.190078746575642e-05,10.0
ohoreretanga,2.3517301973723122e-05,-2.2433091759155087e-05,1.0842102145680344e-06,4.595039373287821e-05,4.595039373287821e-05,9.0
okioki,0.0007377642308133607,-0.0003518756680709162,0.0003858885627424445,0.001089639898884277,0.001089639898884277,10.0
oma,0.0017127227410005561,-0.0005445872213542643,0.001168135519646292,0.0022573099623548203,0.0022573099623548203,12.0
one,2.3517301973723122e-05,-2.2433091759155087e-05,1.0842102145680344e-06,4.595039373287821e-05,4.595039373287821e-05,9.0
onepū,2.3517301973723122e-05,-2.2433091759155087e-05,1.0842102145680344e-06,4.595039373287821e-05,4.595039373287821e-05,9.0
ono,2.3517301973723122e-05,-2.2433091759155087e-05,1.0842102145680344e-06,4.595039373287821e-05,4.595039373287821e-05,19.0
ope,2.3517301973723122e-05,-2.2433091759155087e-05,1.0842102145680344e-06,4.595039373287821e-05,4.595039373287821e-05,9.0
ora,0.0034254454820011123,-0.0010891744427085285,0.002336271039292584,0.0045146199247096406,0.0045146199247096406,111.0
oranga,-0.0003218475114592342,0.000614018969105212,0.00029217145764597784,-0.0009358664805644461,0.0009358664805644461,9.0
otaota,2.3517301973723122e-05,-2.2433091759155087e-05,1.0842102145680344e-06,4.595039373287821e-05,4.595039373287821e-05,9.0
oti,0.0006674266019193686,-0.0004774923443627042,0.00018993425755666437,0.0011449189462820726,0.0011449189462820726,43.0
packhouse,2.3517301973723122e-05,-2.2433091759155087e-05,1.0842102145680344e-06,4.595039373287821e-05,4.595039373287821e-05,9.0
pae,2.3517301973723122e-05,-2.2433091759155087e-05,1.0842102145680344e-06,4.595039373287821e-05,4.595039373287821e-05,9.0
paera,2.3517301973723122e-05,-2.2433091759155087e-05,1.0842102145680344e-06,4.595039373287821e-05,4.595039373287821e-05,9.0
pahemo,2.3517301973723122e-05,-2.2433091759155087e-05,1.0842102145680344e-06,4.595039373287821e-05,4.595039373287821e-05,9.0
pahure,0.0007377642308133607,-0.0003518756680709162,0.0003858885627424445,0.001089639898884277,0.001089639898884277,9.0
pahū,2.3517301973723122e-05,-2.2433091759155087e-05,1.0842102145680344e-06,4.595039373287821e-05,4.595039373287821e-05,9.0
pahūtanga,2.3517301973723122e-05,-2.2433091759155087e-05,1.0842102145680344e-06,4.595039373287821e-05,4.595039373287821e-05,9.0
pai,0.002400323759181409,-0.0009158649780754919,0.001484458781105917,0.003316188737256901,0.003316188737256901,88.0
paihana,2.3517301973723122e-05,-2.2433091759155087e-05,1.0842102145680344e-06,4.595039373287821e-05,4.595039373287821e-05,9.0
paiheneti,2.3517301973723122e-05,-2.2433091759155087e-05,1.0842102145680344e-06,4.595039373287821e-05,4.595039373287821e-05,8.0
paihere,2.3517301973723122e-05,-2.2433091759155087e-05,1.0842102145680344e-06,4.595039373287821e-05,4.595039373287821e-05,10.0
pakanga,-0.0003218475114592342,0.000614018969105212,0.00029217145764597784,-0.0009358664805644461,0.0009358664805644461,16.0
pakari,0.0007377642308133607,-0.0003518756680709162,0.0003858885627424445,0.001089639898884277,0.001089639898884277,17.0
pakaru,0.0007377642308133607,-0.0003518756680709162,0.0003858885627424445,0.001089639898884277,0.001089639898884277,13.0
pakeke,0.0007377642308133607,-0.0003518756680709162,0.0003858885627424445,0.001089639898884277,0.001089639898884277,14.0
paki,0.0007377642308133607,-0.0003518756680709162,0.0003858885627424445,0.001089639898884277,0.001089639898884277,9.0
paku,2.3517301973723122e-05,-2.2433091759155087e-05,1.0842102145680344e-06,4.595039373287821e-05,4.595039373287821e-05,9.0
pakupaku,2.3517301973723122e-05,-2.2433091759155087e-05,1.0842102145680344e-06,4.595039373287821e-05,4.595039373287821e-05,9.0
pana,2.3517301973723122e-05,-2.2433091759155087e-05,1.0842102145680344e-06,4.595039373287821e-05,4.595039373287821e-05,14.0
panga,-0.0003218475114592342,0.000614018969105212,0.00029217145764597784,-0.0009358664805644461,0.0009358664805644461,9.0
pangapanga,2.3517301973723122e-05,-2.2433091759155087e-05,1.0842102145680344e-06,4.595039373287821e-05,4.595039373287821e-05,9.0
pango,2.3517301973723122e-05,-2.2433091759155087e-05,1.0842102145680344e-06,4.595039373287821e-05,4.595039373287821e-05,9.0
paoho,2.3517301973723122e-05,-2.2433091759155087e-05,1.0842102145680344e-06,4.595039373287821e-05,4.595039373287821e-05,11.0
paopao,-0.0003218475114592342,0.000614018969105212,0.00029217145764597784,-0.0009358664805644461,0.0009358664805644461,9.0
papa,2.3517301973723122e-05,-2.2433091759155087e-05,1.0842102145680344e-06,4.595039373287821e-05,4.595039373287821e-05,12.0
papahoro,2.3517301973723122e-05,-2.2433091759155087e-05,1.0842102145680344e-06,4.595039373287821e-05,4.595039373287821e-05,9.0
papaoro,0.0007377642308133607,-0.0003518756680709162,0.0003858885627424445,0.001089639898884277,0.001089639898884277,9.0
para,-0.0006672123248921915,0.0025458082434574683,0.0018785959185652766,-0.00321302056834966,0.00321302056834966,12.0
parau,-0.0003218475114592342,0.000614018969105212,0.00029217145764597784,-0.0009358664805644461,0.0009358664805644461,9.0
pare,-0.0003218475114592342,0.000614018969105212,0.00029217145764597784,-0.0009358664805644461,0.0009358664805644461,11.0
parekuratanga,2.3517301973723122e-05,-2.2433091759155087e-05,1.0842102145680344e-06,4.595039373287821e-05,4.595039373287821e-05,9.0
paru,2.3517301973723122e-05,-2.2433091759155087e-05,1.0842102145680344e-06,4.595039373287821e-05,4.595039373287821e-05,10.0
patapatai,-0.0003218475114592342,0.000614018969105212,0.00029217145764597784,-0.0009358664805644461,0.0009358664805644461,9.0
patu,-0.00035946613959718767,0.0004571917250770314,9.772558547984376e-05,-0.0008166578646742191,0.0008166578646742191,17.0
patunga,2.3517301973723122e-05,-2.2433091759155087e-05,1.0842102145680344e-06,4.595039373287821e-05,4.595039373287821e-05,9.0
pau,0.0017127227410005561,-0.0005445872213542643,0.001168135519646292,0.0022573099623548203,0.0022573099623548203,21.0
paunga,2.3517301973723122e-05,-2.2433091759155087e-05,1.0842102145680344e-06,4.595039373287821e-05,4.595039373287821e-05,9.0
pei,-0.0003218475114592342,0.000614018969105212,0.00029217145764597784,-0.0009358664805644461,0.0009358664805644461,9.0
peita,2.3517301973723122e-05,-2.2433091759155087e-05,1.0842102145680344e-06,4.595039373287821e-05,4.595039373287821e-05,9.0
peka,2.3517301973723122e-05,-2.2433091759155087e-05,1.0842102145680344e-06,4.595039373287821e-05,4.595039373287821e-05,10.0
pekanga,2.3517301973723122e-05,-2.2433091759155087e-05,1.0842102145680344e-06,4.595039373287821e-05,4.595039373287821e-05,9.0
peke,2.3517301973723122e-05,-2.2433091759155087e-05,1.0842102145680344e-06,4.595039373287821e-05,4.595039373287821e-05,8.0
pekepeke,0.0007377642308133607,-0.0003518756680709162,0.0003858885627424445,0.001089639898884277,0.001089639898884277,9.0
penu,0.0007377642308133607,-0.0003518756680709162,0.0003858885627424445,0.001089639898884277,0.001089639898884277,9.0
pepa,2.3517301973723122e-05,-2.2433091759155087e-05,1.0842102145680344e-06,4.595039373287821e-05,4.595039373287821e-05,9.0
petihana,-0.0003218475114592342,0.000614018969105212,0.00029217145764597784,-0.0009358664805644461,0.0009358664805644461,9.0
piki,0.005713975430717101,-0.0013626364887653545,0.004351338941951747,0.0070766119194824555,0.0070766119194824555,25.0
pioi,2.3517301973723122e-05,-2.2433091759155087e-05,1.0842102145680344e-06,4.595039373287821e-05,4.595039373287821e-05,9.0
pirau,2.3517301973723122e-05,-2.2433091759155087e-05,1.0842102145680344e-06,4.595039373287821e-05,4.595039373287821e-05,9.0
piri,0.0007377642308133607,-0.0003518756680709162,0.0003858885627424445,0.001089639898884277,0.001089639898884277,9.0
pirimia,2.3517301973723122e-05,-2.2433091759155087e-05,1.0842102145680344e-06,4.595039373287821e-05,4.595039373287821e-05,12.0
piriti,2.3517301973723122e-05,-2.2433091759155087e-05,1.0842102145680344e-06,4.595039373287821e-05,4.595039373287821e-05,9.0
piro,2.3517301973723122e-05,-2.2433091759155087e-05,1.0842102145680344e-06,4.595039373287821e-05,4.595039373287821e-05,10.0
pito,2.3517301973723122e-05,-2.2433091759155087e-05,1.0842102145680344e-06,4.595039373287821e-05,4.595039373287821e-05,12.0
piu,2.3517301973723122e-05,-2.2433091759155087e-05,1.0842102145680344e-06,4.595039373287821e-05,4.595039373287821e-05,9.0
poari,2.3517301973723122e-05,-2.2433091759155087e-05,1.0842102145680344e-06,4.595039373287821e-05,4.595039373287821e-05,15.0
poho,2.3517301973723122e-05,-2.2433091759155087e-05,1.0842102145680344e-06,4.595039373287821e-05,4.595039373287821e-05,9.0
poipoi,-0.0003570163259062303,0.000510835384572579,0.00015381905866634871,-0.0008678517104788094,0.0008678517104788094,13.0
poitūkohu,2.3517301973723122e-05,-2.2433091759155087e-05,1.0842102145680344e-06,4.595039373287821e-05,4.595039373287821e-05,9.0
poka,2.3517301973723122e-05,-2.2433091759155087e-05,1.0842102145680344e-06,4.595039373287821e-05,4.595039373287821e-05,9.0
poke,2.3517301973723122e-05,-2.2433091759155087e-05,1.0842102145680344e-06,4.595039373287821e-05,4.595039373287821e-05,9.0
policy,2.3517301973723122e-05,-2.2433091759155087e-05,1.0842102145680344e-06,4.595039373287821e-05,4.595039373287821e-05,9.0
pono,2.3517301973723122e-05,-2.2433091759155087e-05,1.0842102145680344e-06,4.595039373287821e-05,4.595039373287821e-05,9.0
pononga,2.3517301973723122e-05,-2.2433091759155087e-05,1.0842102145680344e-06,4.595039373287821e-05,4.595039373287821e-05,9.0
pou,2.3517301973723122e-05,-2.2433091759155087e-05,1.0842102145680344e-06,4.595039373287821e-05,4.595039373287821e-05,9.0
pouaka,2.3517301973723122e-05,-2.2433091759155087e-05,1.0842102145680344e-06,4.595039373287821e-05,4.595039373287821e-05,9.0
poutokomanawa,2.3517301973723122e-05,-2.2433091759155087e-05,1.0842102145680344e-06,4.595039373287821e-05,4.595039373287821e-05,10.0
pretty,2.3517301973723122e-05,-2.2433091759155087e-05,1.0842102145680344e-06,4.595039373287821e-05,4.595039373287821e-05,9.0
pua,0.0007377642308133607,-0.0003518756680709162,0.0003858885627424445,0.001089639898884277,0.001089639898884277,9.0
puaki,2.3517301973723122e-05,-2.2433091759155087e-05,1.0842102145680344e-06,4.595039373287821e-05,4.595039373287821e-05,9.0
puare,2.3517301973723122e-05,-2.2433091759155087e-05,1.0842102145680344e-06,4.595039373287821e-05,4.595039373287821e-05,9.0
puea,0.0007377642308133607,-0.0003518756680709162,0.0003858885627424445,0.001089639898884277,0.001089639898884277,9.0
puihi,2.3517301973723122e-05,-2.2433091759155087e-05,1.0842102145680344e-06,4.595039373287821e-05,4.595039373287821e-05,8.0
pukapuka,2.3517301973723122e-05,-2.2433091759155087e-05,1.0842102145680344e-06,4.595039373287821e-05,4.595039373287821e-05,9.0
puku,2.3517301973723122e-05,-2.2433091759155087e-05,1.0842102145680344e-06,4.595039373287821e-05,4.595039373287821e-05,11.0
puna,2.3517301973723122e-05,-2.2433091759155087e-05,1.0842102145680344e-06,4.595039373287821e-05,4.595039373287821e-05,9.0
pupuhi,2.3517301973723122e-05,-2.2433091759155087e-05,1.0842102145680344e-06,4.595039373287821e-05,4.595039373287821e-05,9.0
pupuri,-0.0007783949613217929,0.0037125444091559837,0.002934149447834191,-0.004490939370477776,0.004490939370477776,25.0
pupuru,2.3517301973723122e-05,-2.2433091759155087e-05,1.0842102145680344e-06,4.595039373287821e-05,4.595039373287821e-05,9.0
pupū,0.0007377642308133607,-0.0003518756680709162,0.0003858885627424445,0.001089639898884277,0.001089639898884277,12.0
purei,0.0017127227410005561,-0.0005445872213542643,0.001168135519646292,0.0022573099623548203,0.0022573099623548203,15.0
puri,2.3517301973723122e-05,-2.2433091759155087e-05,1.0842102145680344e-06,4.595039373287821e-05,4.595039373287821e-05,11.0
puru,0.0028569877153585507,-0.0006813182443826773,0.0021756694709758736,0.0035383059597412277,0.0035383059597412277,15.0
puruheka,2.3517301973723122e-05,-2.2433091759155087e-05,1.0842102145680344e-06,4.595039373287821e-05,4.595039373287821e-05,9.0
puta,0.05075924001912763,-0.00372454645796977,0.04703469356115786,0.054483786477097396,0.054483786477097396,104.0
putanga,2.3517301973723122e-05,-2.2433091759155087e-05,1.0842102145680344e-06,4.595039373287821e-05,4.595039373287821e-05,11.0
putaputa,0.0007377642308133607,-0.0003518756680709162,0.0003858885627424445,0.001089639898884277,0.001089639898884277,11.0
puāwai,0.0007377642308133607,-0.0003518756680709162,0.0003858885627424445,0.001089639898884277,0.001089639898884277,13.0
pā,0.0069563974073432126,-0.0014745975492752247,0.005481799858067988,0.008430994956618438,0.008430994956618438,161.0
pākaitore,-0.0003218475114592342,0.000614018969105212,0.00029217145764597784,-0.0009358664805644461,0.0009358664805644461,9.0
pākarukaru,2.3517301973723122e-05,-2.2433091759155087e-05,1.0842102145680344e-06,4.595039373287821e-05,4.595039373287821e-05,8.0
pākehā,2.3517301973723122e-05,-2.2433091759155087e-05,1.0842102145680344e-06,4.595039373287821e-05,4.595039373287821e-05,10.0
pānga,2.3517301973723122e-05,-2.2433091759155087e-05,1.0842102145680344e-06,4.595039373287821e-05,4.595039373287821e-05,9.0
pānui,4.7034603947446243e-05,-4.4866183518310175e-05,2.168420429136069e-06,9.190078746575642e-05,9.190078746575642e-05,17.0
pānuitanga,2.3517301973723122e-05,-2.2433091759155087e-05,1.0842102145680344e-06,4.595039373287821e-05,4.595039373287821e-05,9.0
pāpaku,-0.0003218475114592342,0.000614018969105212,0.00029217145764597784,-0.0009358664805644461,0.0009358664805644461,9.0
pāpā,2.3517301973723122e-05,-2.2433091759155087e-05,1.0842102145680344e-06,4.595039373287821e-05,4.595039373287821e-05,10.0
pāpāhi,2.3517301973723122e-05,-2.2433091759155087e-05,1.0842102145680344e-06,4.595039373287821e-05,4.595039373287821e-05,9.0
pātai,0.0034254454820011123,-0.0010891744427085285,0.002336271039292584,0.0045146199247096406,0.0045146199247096406,18.0
pātaitai,2.3517301973723122e-05,-2.2433091759155087e-05,1.0842102145680344e-06,4.595039373287821e-05,4.595039373287821e-05,9.0
pātaitanga,2.3517301973723122e-05,-2.2433091759155087e-05,1.0842102145680344e-06,4.595039373287821e-05,4.595039373287821e-05,9.0
pātaka,2.3517301973723122e-05,-2.2433091759155087e-05,1.0842102145680344e-06,4.595039373287821e-05,4.595039373287821e-05,9.0
pātukituki,-0.0003218475114592342,0.000614018969105212,0.00029217145764597784,-0.0009358664805644461,0.0009358664805644461,9.0
pēhea,0.011707943787021963,-0.001116817641661268,0.010591126145360695,0.012824761428683232,0.012824761428683232,34.0
pēhi,2.3517301973723122e-05,-2.2433091759155087e-05,1.0842102145680344e-06,4.595039373287821e-05,4.595039373287821e-05,11.0
pēnei,0.0028569877153585507,-0.0006813182443826773,0.0021756694709758736,0.0035383059597412277,0.0035383059597412277,20.0
pēnā,2.3517301973723122e-05,-2.2433091759155087e-05,1.0842102145680344e-06,4.595039373287821e-05,4.595039373287821e-05,9.0
pēpi,2.3517301973723122e-05,-2.2433091759155087e-05,1.0842102145680344e-06,4.595039373287821e-05,4.595039373287821e-05,9.0
pēraka,2.3517301973723122e-05,-2.2433091759155087e-05,1.0842102145680344e-06,4.595039373287821e-05,4.595039373287821e-05,9.0
pērā,4.7034603947446243e-05,-4.4866183518310175e-05,2.168420429136069e-06,9.190078746575642e-05,9.190078746575642e-05,22.0
pēwhea,2.3517301973723122e-05,-2.2433091759155087e-05,1.0842102145680344e-06,4.595039373287821e-05,4.595039373287821e-05,9.0
pīata,2.3517301973723122e-05,-2.2433091759155087e-05,1.0842102145680344e-06,4.595039373287821e-05,4.595039373287821e-05,9.0
pīhopa,2.3517301973723122e-05,-2.2433091759155087e-05,1.0842102145680344e-06,4.595039373287821e-05,4.595039373287821e-05,11.0
pīkau,-0.0006672123248921915,0.0025458082434574683,0.0018785959185652766,-0.00321302056834966,0.00321302056834966,12.0
pīra,-0.0003218475114592342,0.000614018969105212,0.00029217145764597784,-0.0009358664805644461,0.0009358664805644461,10.0
pīrangi,0.0028569877153585507,-0.0006813182443826773,0.0021756694709758736,0.0035383059597412277,0.0035383059597412277,26.0
pō,2.3517301973723122e-05,-2.2433091759155087e-05,1.0842102145680344e-06,4.595039373287821e-05,4.595039373287821e-05,12.0
pōhatu,2.3517301973723122e-05,-2.2433091759155087e-05,1.0842102145680344e-06,4.595039373287821e-05,4.595039373287821e-05,9.0
pōhiri,-0.0007783949613217929,0.0037125444091559837,0.002934149447834191,-0.004490939370477776,0.004490939370477776,15.0
pōhēhē,0.004127147826346195,-0.000787375065349507,0.003339772760996688,0.004914522891695702,0.004914522891695702,13.0
pōrearea,2.3517301973723122e-05,-2.2433091759155087e-05,1.0842102145680344e-06,4.595039373287821e-05,4.595039373287821e-05,9.0
pōtae,2.3517301973723122e-05,-2.2433091759155087e-05,1.0842102145680344e-06,4.595039373287821e-05,4.595039373287821e-05,9.0
pōti,0.0007377642308133607,-0.0003518756680709162,0.0003858885627424445,0.001089639898884277,0.001089639898884277,10.0
pōtitanga,2.3517301973723122e-05,-2.2433091759155087e-05,1.0842102145680344e-06,4.595039373287821e-05,4.595039373287821e-05,9.0
pōuri,2.3517301973723122e-05,-2.2433091759155087e-05,1.0842102145680344e-06,4.595039373287821e-05,4.595039373287821e-05,10.0
pōwhiri,-0.0006930140488859913,0.0011017737611804378,0.0004087597122944465,-0.0017947878100664292,0.0017947878100664292,17.0
pū,2.3517301973723122e-05,-2.2433091759155087e-05,1.0842102145680344e-06,4.595039373287821e-05,4.595039373287821e-05,9.0
pūhiatanga,2.3517301973723122e-05,-2.2433091759155087e-05,1.0842102145680344e-06,4.595039373287821e-05,4.595039373287821e-05,9.0
pūmau,2.3517301973723122e-05,-2.2433091759155087e-05,1.0842102145680344e-06,4.595039373287821e-05,4.595039373287821e-05,9.0
pūremu,-0.0003218475114592342,0.000614018969105212,0.00029217145764597784,-0.0009358664805644461,0.0009358664805644461,9.0
pūru,2.3517301973723122e-05,-2.2433091759155087e-05,1.0842102145680344e-06,4.595039373287821e-05,4.595039373287821e-05,9.0
pūrutoiha,0.0007377642308133607,-0.0003518756680709162,0.0003858885627424445,0.001089639898884277,0.001089639898884277,9.0
pūtake,2.3517301973723122e-05,-2.2433091759155087e-05,1.0842102145680344e-06,4.595039373287821e-05,4.595039373287821e-05,14.0
pūtaketanga,2.3517301973723122e-05,-2.2433091759155087e-05,1.0842102145680344e-06,4.595039373287821e-05,4.595039373287821e-05,9.0
pūtea,2.3517301973723122e-05,-2.2433091759155087e-05,1.0842102145680344e-06,4.595039373287821e-05,4.595039373287821e-05,11.0
rahi,2.3517301973723122e-05,-2.2433091759155087e-05,1.0842102145680344e-06,4.595039373287821e-05,4.595039373287821e-05,14.0
raki,2.3517301973723122e-05,-2.2433091759155087e-05,1.0842102145680344e-06,4.595039373287821e-05,4.595039373287821e-05,9.0
rakuraku,2.3517301973723122e-05,-2.2433091759155087e-05,1.0842102145680344e-06,4.595039373287821e-05,4.595039373287821e-05,8.0
rama,2.3517301973723122e-05,-2.2433091759155087e-05,1.0842102145680344e-06,4.595039373287821e-05,4.595039373287821e-05,9.0
ranga,2.3517301973723122e-05,-2.2433091759155087e-05,1.0842102145680344e-06,4.595039373287821e-05,4.595039373287821e-05,9.0
rangahau,2.3517301973723122e-05,-2.2433091759155087e-05,1.0842102145680344e-06,4.595039373287821e-05,4.595039373287821e-05,10.0
rangatahi,2.3517301973723122e-05,-2.2433091759155087e-05,1.0842102145680344e-06,4.595039373287821e-05,4.595039373287821e-05,9.0
rangatira,2.3517301973723122e-05,-2.2433091759155087e-05,1.0842102145680344e-06,4.595039373287821e-05,4.595039373287821e-05,15.0
rangi,2.3517301973723122e-05,-2.2433091759155087e-05,1.0842102145680344e-06,4.595039373287821e-05,4.595039373287821e-05,12.0
rangimārie,2.3517301973723122e-05,-2.2433091759155087e-05,1.0842102145680344e-06,4.595039373287821e-05,4.595039373287821e-05,9.0
rangirua,2.3517301973723122e-05,-2.2433091759155087e-05,1.0842102145680344e-06,4.595039373287821e-05,4.595039373287821e-05,9.0
rapu,-0.0010125771383251488,0.007727157097409025,0.006714579959083877,-0.008739734235734174,0.008739734235734174,28.0
rarau,2.3517301973723122e-05,-2.2433091759155087e-05,1.0842102145680344e-06,4.595039373287821e-05,4.595039373287821e-05,9.0
raru,-0.0003218475114592342,0.000614018969105212,0.00029217145764597784,-0.0009358664805644461,0.0009358664805644461,13.0
raruraru,2.3517301973723122e-05,-2.2433091759155087e-05,1.0842102145680344e-06,4.595039373287821e-05,4.595039373287821e-05,13.0
rau,2.3517301973723122e-05,-2.2433091759155087e-05,1.0842102145680344e-06,4.595039373287821e-05,4.595039373287821e-05,10.0
raupatu,-0.0005238729763860724,0.0014991631135078624,0.00097529013712179,-0.002023036089893935,0.002023036089893935,10.0
rawe,0.0007377642308133607,-0.0003518756680709162,0.0003858885627424445,0.001089639898884277,0.001089639898884277,13.0
raweke,-0.0005238729763860724,0.0014991631135078624,0.00097529013712179,-0.002023036089893935,0.002023036089893935,12.0
reihi,2.3517301973723122e-05,-2.2433091759155087e-05,1.0842102145680344e-06,4.595039373287821e-05,4.595039373287821e-05,9.0
reka,2.3517301973723122e-05,-2.2433091759155087e-05,1.0842102145680344e-06,4.595039373287821e-05,4.595039373287821e-05,10.0
rekareka,0.0007377642308133607,-0.0003518756680709162,0.0003858885627424445,0.001089639898884277,0.001089639898884277,10.0
reo,-0.0003218475114592342,0.000614018969105212,0.00029217145764597784,-0.0009358664805644461,0.0009358664805644461,32.0
rere,7.055190592116942e-05,-6.729927527746531e-05,3.252630643704103e-06,0.00013785118119863474,0.00013785118119863474,24.0
rerekē,2.3517301973723122e-05,-2.2433091759155087e-05,1.0842102145680344e-06,4.595039373287821e-05,4.595039373287821e-05,12.0
rerekētanga,2.3517301973723122e-05,-2.2433091759155087e-05,1.0842102145680344e-06,4.595039373287821e-05,4.595039373287821e-05,10.0
reri,2.3517301973723122e-05,-2.2433091759155087e-05,1.0842102145680344e-06,4.595039373287821e-05,4.595039373287821e-05,10.0
reta,2.3517301973723122e-05,-2.2433091759155087e-05,1.0842102145680344e-06,4.595039373287821e-05,4.595039373287821e-05,9.0
reti,0.0007377642308133607,-0.0003518756680709162,0.0003858885627424445,0.001089639898884277,0.001089639898884277,9.0
retireti,0.0007377642308133607,-0.0003518756680709162,0.0003858885627424445,0.001089639898884277,0.001089639898884277,10.0
rewa,0.0007377642308133607,-0.0003518756680709162,0.0003858885627424445,0.001089639898884277,0.001089639898884277,10.0
rewherī,-0.0003218475114592342,0.000614018969105212,0.00029217145764597784,-0.0009358664805644461,0.0009358664805644461,9.0
rikarika,0.0007377642308133607,-0.0003518756680709162,0.0003858885627424445,0.001089639898884277,0.001089639898884277,11.0
rima,0.0007377642308133607,-0.0003518756680709162,0.0003858885627424445,0.001089639898884277,0.001089639898884277,17.0
ringa,2.3517301973723122e-05,-2.2433091759155087e-05,1.0842102145680344e-06,4.595039373287821e-05,4.595039373287821e-05,11.0
ringaringa,2.3517301973723122e-05,-2.2433091759155087e-05,1.0842102145680344e-06,4.595039373287821e-05,4.595039373287821e-05,9.0
ringi,2.3517301973723122e-05,-2.2433091759155087e-05,1.0842102145680344e-06,4.595039373287821e-05,4.595039373287821e-05,9.0
riri,2.3517301973723122e-05,-2.2433091759155087e-05,1.0842102145680344e-06,4.595039373287821e-05,4.595039373287821e-05,10.0
riro,0.005713975430717101,-0.0013626364887653545,0.004351338941951747,0.0070766119194824555,0.0070766119194824555,41.0
rite,2.3517301973723122e-05,-2.2433091759155087e-05,1.0842102145680344e-06,4.595039373287821e-05,4.595039373287821e-05,20.0
riterite,0.0007377642308133607,-0.0003518756680709162,0.0003858885627424445,0.001089639898884277,0.001089639898884277,9.0
riu,2.3517301973723122e-05,-2.2433091759155087e-05,1.0842102145680344e-06,4.595039373287821e-05,4.595039373287821e-05,11.0
roa,0.0007377642308133607,-0.0003518756680709162,0.0003858885627424445,0.001089639898884277,0.001089639898884277,36.0
rohe,2.3517301973723122e-05,-2.2433091759155087e-05,1.0842102145680344e-06,4.595039373287821e-05,4.595039373287821e-05,23.0
rokohanga,0.0007377642308133607,-0.0003518756680709162,0.0003858885627424445,0.001089639898884277,0.001089639898884277,9.0
rongo,0.016919746673042548,-0.0012415154859899235,0.015678231187052624,0.018161262159032472,0.018161262159032472,71.0
rongohanga,2.3517301973723122e-05,-2.2433091759155087e-05,1.0842102145680344e-06,4.595039373287821e-05,4.595039373287821e-05,9.0
rongonui,2.3517301973723122e-05,-2.2433091759155087e-05,1.0842102145680344e-06,4.595039373287821e-05,4.595039373287821e-05,9.0
rongopai,2.3517301973723122e-05,-2.2433091759155087e-05,1.0842102145680344e-06,4.595039373287821e-05,4.595039373287821e-05,11.0
rori,2.3517301973723122e-05,-2.2433091759155087e-05,1.0842102145680344e-06,4.595039373287821e-05,4.595039373287821e-05,9.0
roro,2.3517301973723122e-05,-2.2433091759155087e-05,1.0842102145680344e-06,4.595039373287821e-05,4.595039373287821e-05,9.0
rua,-0.0003218475114592342,0.000614018969105212,0.00029217145764597784,-0.0009358664805644461,0.0009358664805644461,35.0
ruaki,0.0007377642308133607,-0.0003518756680709162,0.0003858885627424445,0.001089639898884277,0.001089639898884277,9.0
rui,-0.0005238729763860724,0.0014991631135078624,0.00097529013712179,-0.002023036089893935,0.002023036089893935,11.0
ruirui,0.0007377642308133607,-0.0003518756680709162,0.0003858885627424445,0.001089639898884277,0.001089639898884277,9.0
ruku,2.3517301973723122e-05,-2.2433091759155087e-05,1.0842102145680344e-06,4.595039373287821e-05,4.595039373287821e-05,10.0
rā,2.3517301973723122e-05,-2.2433091759155087e-05,1.0842102145680344e-06,4.595039373287821e-05,4.595039373287821e-05,16.0
rāhui,0.0014755284616267215,-0.0007037513361418324,0.000771777125484889,0.002179279797768554,0.002179279797768554,13.0
rākau,2.3517301973723122e-05,-2.2433091759155087e-05,1.0842102145680344e-06,4.595039373287821e-05,4.595039373287821e-05,9.0
rākārepe,2.3517301973723122e-05,-2.2433091759155087e-05,1.0842102145680344e-06,4.595039373287821e-05,4.595039373287821e-05,8.0
rāpopoto,2.3517301973723122e-05,-2.2433091759155087e-05,1.0842102145680344e-06,4.595039373287821e-05,4.595039373287821e-05,9.0
rārangi,2.3517301973723122e-05,-2.2433091759155087e-05,1.0842102145680344e-06,4.595039373287821e-05,4.595039373287821e-05,9.0
rēmana,2.3517301973723122e-05,-2.2433091759155087e-05,1.0842102145680344e-06,4.595039373287821e-05,4.595039373287821e-05,9.0
rīhaina,2.3517301973723122e-05,-2.2433091759155087e-05,1.0842102145680344e-06,4.595039373287821e-05,4.595039373287821e-05,10.0
rīhainatanga,2.3517301973723122e-05,-2.2433091759155087e-05,1.0842102145680344e-06,4.595039373287821e-05,4.595039373287821e-05,9.0
rīhi,2.3517301973723122e-05,-2.2433091759155087e-05,1.0842102145680344e-06,4.595039373287821e-05,4.595039373287821e-05,9.0
rīketa,2.3517301973723122e-05,-2.2433091759155087e-05,1.0842102145680344e-06,4.595039373287821e-05,4.595039373287821e-05,9.0
rīki,2.3517301973723122e-05,-2.2433091759155087e-05,1.0842102145680344e-06,4.595039373287821e-05,4.595039373287821e-05,9.0
rīpoata,2.3517301973723122e-05,-2.2433091759155087e-05,1.0842102145680344e-06,4.595039373287821e-05,4.595039373287821e-05,11.0
rōia,2.3517301973723122e-05,-2.2433091759155087e-05,1.0842102145680344e-06,4.595039373287821e-05,4.595039373287821e-05,9.0
rōpū,2.3517301973723122e-05,-2.2433091759155087e-05,1.0842102145680344e-06,4.595039373287821e-05,4.595039373287821e-05,24.0
rūkahu,2.3517301973723122e-05,-2.2433091759155087e-05,1.0842102145680344e-06,4.595039373287821e-05,4.595039373287821e-05,9.0
rūnanga,2.3517301973723122e-05,-2.2433091759155087e-05,1.0842102145680344e-06,4.595039373287821e-05,4.595039373287821e-05,12.0
rūnā,2.3517301973723122e-05,-2.2433091759155087e-05,1.0842102145680344e-06,4.595039373287821e-05,4.595039373287821e-05,9.0
rūpeke,2.3517301973723122e-05,-2.2433091759155087e-05,1.0842102145680344e-06,4.595039373287821e-05,4.595039373287821e-05,10.0
rūātoki,-0.0003218475114592342,0.000614018969105212,0.00029217145764597784,-0.0009358664805644461,0.0009358664805644461,9.0
stratford,-0.0003218475114592342,0.000614018969105212,0.00029217145764597784,-0.0009358664805644461,0.0009358664805644461,9.0
tae,0.038483440538192,-0.006118208583662178,0.032365231954529824,0.04460164912185417,0.04460164912185417,146.0
taenga,2.3517301973723122e-05,-2.2433091759155087e-05,1.0842102145680344e-06,4.595039373287821e-05,4.595039373287821e-05,17.0
taetanga,2.3517301973723122e-05,-2.2433091759155087e-05,1.0842102145680344e-06,4.595039373287821e-05,4.595039373287821e-05,10.0
taha,2.3517301973723122e-05,-2.2433091759155087e-05,1.0842102145680344e-06,4.595039373287821e-05,4.595039373287821e-05,40.0
tahi,0.0007377642308133607,-0.0003518756680709162,0.0003858885627424445,0.001089639898884277,0.001089639898884277,10.0
tahitahi,-0.0003218475114592342,0.000614018969105212,0.00029217145764597784,-0.0009358664805644461,0.0009358664805644461,9.0
tahu,2.3517301973723122e-05,-2.2433091759155087e-05,1.0842102145680344e-06,4.595039373287821e-05,4.595039373287821e-05,8.0
tahuri,0.0007377642308133607,-0.0003518756680709162,0.0003858885627424445,0.001089639898884277,0.001089639898884277,21.0
tai,2.3517301973723122e-05,-2.2433091759155087e-05,1.0842102145680344e-06,4.595039373287821e-05,4.595039373287821e-05,10.0
taiapa,2.3517301973723122e-05,-2.2433091759155087e-05,1.0842102145680344e-06,4.595039373287821e-05,4.595039373287821e-05,9.0
taina,2.3517301973723122e-05,-2.2433091759155087e-05,1.0842102145680344e-06,4.595039373287821e-05,4.595039373287821e-05,9.0
taitamariki,2.3517301973723122e-05,-2.2433091759155087e-05,1.0842102145680344e-06,4.595039373287821e-05,4.595039373287821e-05,9.0
taiāwhio,2.3517301973723122e-05,-2.2433091759155087e-05,1.0842102145680344e-06,4.595039373287821e-05,4.595039373287821e-05,9.0
taka,0.0028569877153585507,-0.0006813182443826773,0.0021756694709758736,0.0035383059597412277,0.0035383059597412277,20.0
taka-hue,-0.0003218475114592342,0.000614018969105212,0.00029217145764597784,-0.0009358664805644461,0.0009358664805644461,9.0
takahi,-0.0009460443069227956,0.006317004024695036,0.005370959717772241,-0.0072630483316178315,0.0072630483316178315,19.0
takahuri,0.0007377642308133607,-0.0003518756680709162,0.0003858885627424445,0.001089639898884277,0.001089639898884277,10.0
takai,-0.0003218475114592342,0.000614018969105212,0.00029217145764597784,-0.0009358664805644461,0.0009358664805644461,9.0
takapakari,2.3517301973723122e-05,-2.2433091759155087e-05,1.0842102145680344e-06,4.595039373287821e-05,4.595039373287821e-05,9.0
takaroa,2.3517301973723122e-05,-2.2433091759155087e-05,1.0842102145680344e-06,4.595039373287821e-05,4.595039373287821e-05,9.0
takatakahi,-0.0003218475114592342,0.000614018969105212,0.00029217145764597784,-0.0009358664805644461,0.0009358664805644461,10.0
takatū,2.3517301973723122e-05,-2.2433091759155087e-05,1.0842102145680344e-06,4.595039373287821e-05,4.595039373287821e-05,10.0
takawaenga,-0.0003218475114592342,0.000614018969105212,0.00029217145764597784,-0.0009358664805644461,0.0009358664805644461,9.0
takaware,2.3517301973723122e-05,-2.2433091759155087e-05,1.0842102145680344e-06,4.595039373287821e-05,4.595039373287821e-05,10.0
take,2.3517301973723122e-05,-2.2433091759155087e-05,1.0842102145680344e-06,4.595039373287821e-05,4.595039373287821e-05,19.0
taki,-0.0003218475114592342,0.000614018969105212,0.00029217145764597784,-0.0009358664805644461,0.0009358664805644461,9.0
takiwā,2.3517301973723122e-05,-2.2433091759155087e-05,1.0842102145680344e-06,4.595039373287821e-05,4.595039373287821e-05,10.0
takoha,-0.0003218475114592342,0.000614018969105212,0.00029217145764597784,-0.0009358664805644461,0.0009358664805644461,10.0
takoto,0.0017127227410005561,-0.0005445872213542643,0.001168135519646292,0.0022573099623548203,0.0022573099623548203,22.0
takotoranga,2.3517301973723122e-05,-2.2433091759155087e-05,1.0842102145680344e-06,4.595039373287821e-05,4.595039373287821e-05,9.0
takutai,2.3517301973723122e-05,-2.2433091759155087e-05,1.0842102145680344e-06,4.595039373287821e-05,4.595039373287821e-05,9.0
tama,2.3517301973723122e-05,-2.2433091759155087e-05,1.0842102145680344e-06,4.595039373287821e-05,4.595039373287821e-05,9.0
tamaiti,2.3517301973723122e-05,-2.2433091759155087e-05,1.0842102145680344e-06,4.595039373287821e-05,4.595039373287821e-05,9.0
tamariki,2.3517301973723122e-05,-2.2433091759155087e-05,1.0842102145680344e-06,4.595039373287821e-05,4.595039373287821e-05,9.0
tamāhine,2.3517301973723122e-05,-2.2433091759155087e-05,1.0842102145680344e-06,4.595039373287821e-05,4.595039373287821e-05,9.0
tangata,0.0007377642308133607,-0.0003518756680709162,0.0003858885627424445,0.001089639898884277,0.001089639898884277,23.0
tangi,-0.0022475195495095,0.02143902916285916,0.019191509613349658,-0.02368654871236866,0.02368654871236866,37.0
tango,-0.0007783949613217929,0.0037125444091559837,0.002934149447834191,-0.004490939370477776,0.004490939370477776,17.0
tanu,2.3517301973723122e-05,-2.2433091759155087e-05,1.0842102145680344e-06,4.595039373287821e-05,4.595039373287821e-05,9.0
tao,-0.0003218475114592342,0.000614018969105212,0.00029217145764597784,-0.0009358664805644461,0.0009358664805644461,9.0
taonga,2.3517301973723122e-05,-2.2433091759155087e-05,1.0842102145680344e-06,4.595039373287821e-05,4.595039373287821e-05,12.0
tapa,0.0014755284616267215,-0.0007037513361418324,0.000771777125484889,0.002179279797768554,0.002179279797768554,12.0
tapahi,0.0006766283007016842,-0.00043028929008500646,0.00024633901061667777,0.0011069175907866906,0.0011069175907866906,14.0
tapu,2.3517301973723122e-05,-2.2433091759155087e-05,1.0842102145680344e-06,4.595039373287821e-05,4.595039373287821e-05,11.0
tarai,-0.0003218475114592342,0.000614018969105212,0.00029217145764597784,-0.0009358664805644461,0.0009358664805644461,12.0
taraipiunara,2.3517301973723122e-05,-2.2433091759155087e-05,1.0842102145680344e-06,4.595039373287821e-05,4.595039373287821e-05,10.0
tari,2.3517301973723122e-05,-2.2433091759155087e-05,1.0842102145680344e-06,4.595039373287821e-05,4.595039373287821e-05,17.0
tata,2.3517301973723122e-05,-2.2433091759155087e-05,1.0842102145680344e-06,4.595039373287821e-05,4.595039373287821e-05,25.0
tatari,0.0028569877153585507,-0.0006813182443826773,0.0021756694709758736,0.0035383059597412277,0.0035383059597412277,20.0
tatū,2.3517301973723122e-05,-2.2433091759155087e-05,1.0842102145680344e-06,4.595039373287821e-05,4.595039373287821e-05,18.0
tau,0.01390310475218339,-0.001894590659806631,0.012008514092376759,0.01579769541199002,0.01579769541199002,61.0
tauira,-0.0003218475114592342,0.000614018969105212,0.00029217145764597784,-0.0009358664805644461,0.0009358664805644461,9.0
taukumekume,2.3517301973723122e-05,-2.2433091759155087e-05,1.0842102145680344e-06,4.595039373287821e-05,4.595039373287821e-05,9.0
taumaha,2.3517301973723122e-05,-2.2433091759155087e-05,1.0842102145680344e-06,4.595039373287821e-05,4.595039373287821e-05,14.0
taumata,2.3517301973723122e-05,-2.2433091759155087e-05,1.0842102145680344e-06,4.595039373287821e-05,4.595039373287821e-05,9.0
taunga,2.3517301973723122e-05,-2.2433091759155087e-05,1.0842102145680344e-06,4.595039373287821e-05,4.595039373287821e-05,10.0
taupatupatu,2.3517301973723122e-05,-2.2433091759155087e-05,1.0842102145680344e-06,4.595039373287821e-05,4.595039373287821e-05,9.0
taupoki,2.3517301973723122e-05,-2.2433091759155087e-05,1.0842102145680344e-06,4.595039373287821e-05,4.595039373287821e-05,9.0
taurite,2.3517301973723122e-05,-2.2433091759155087e-05,1.0842102145680344e-06,4.595039373287821e-05,4.595039373287821e-05,9.0
tautohe,2.3517301973723122e-05,-2.2433091759155087e-05,1.0842102145680344e-06,4.595039373287821e-05,4.595039373287821e-05,9.0
tautohetohe,2.3517301973723122e-05,-2.2433091759155087e-05,1.0842102145680344e-06,4.595039373287821e-05,4.595039373287821e-05,9.0
tautoko,-0.0025402224512626947,0.009086667882041759,0.006546445430779064,-0.011626890333304454,0.011626890333304454,55.0
tawhiti,2.3517301973723122e-05,-2.2433091759155087e-05,1.0842102145680344e-06,4.595039373287821e-05,4.595039373287821e-05,11.0
teina,2.3517301973723122e-05,-2.2433091759155087e-05,1.0842102145680344e-06,4.595039373287821e-05,4.595039373287821e-05,9.0
teitei,2.3517301973723122e-05,-2.2433091759155087e-05,1.0842102145680344e-06,4.595039373287821e-05,4.595039373287821e-05,9.0
teiteitanga,2.3517301973723122e-05,-2.2433091759155087e-05,1.0842102145680344e-06,4.595039373287821e-05,4.595039373287821e-05,9.0
teka,-0.0003218475114592342,0.000614018969105212,0.00029217145764597784,-0.0009358664805644461,0.0009358664805644461,9.0
tekau,2.3517301973723122e-05,-2.2433091759155087e-05,1.0842102145680344e-06,4.595039373287821e-05,4.595039373287821e-05,23.0
tere,0.0006766283007016842,-0.00043028929008500646,0.00024633901061667777,0.0011069175907866906,0.0011069175907866906,17.0
tereina,2.3517301973723122e-05,-2.2433091759155087e-05,1.0842102145680344e-06,4.595039373287821e-05,4.595039373287821e-05,9.0
the,2.3517301973723122e-05,-2.2433091759155087e-05,1.0842102145680344e-06,4.595039373287821e-05,4.595039373287821e-05,9.0
three,2.3517301973723122e-05,-2.2433091759155087e-05,1.0842102145680344e-06,4.595039373287821e-05,4.595039373287821e-05,9.0
tia,-0.0003218475114592342,0.000614018969105212,0.00029217145764597784,-0.0009358664805644461,0.0009358664805644461,9.0
tiaho,2.3517301973723122e-05,-2.2433091759155087e-05,1.0842102145680344e-06,4.595039373287821e-05,4.595039373287821e-05,9.0
tiainamana,2.3517301973723122e-05,-2.2433091759155087e-05,1.0842102145680344e-06,4.595039373287821e-05,4.595039373287821e-05,9.0
tiaki,-0.001214602603251987,0.013903274285513714,0.012688671682261727,-0.0151178768887657,0.0151178768887657,23.0
tiamana,2.3517301973723122e-05,-2.2433091759155087e-05,1.0842102145680344e-06,4.595039373287821e-05,4.595039373287821e-05,9.0
tika,0.004127147826346195,-0.000787375065349507,0.003339772760996688,0.004914522891695702,0.004914522891695702,64.0
tikanga,2.3517301973723122e-05,-2.2433091759155087e-05,1.0842102145680344e-06,4.595039373287821e-05,4.595039373287821e-05,21.0
tiki,0.00014110381184233883,-0.00013459855055493063,6.505261287408206e-06,0.0002757023623972695,0.0002757023623972695,22.0
timu,0.0007377642308133607,-0.0003518756680709162,0.0003858885627424445,0.001089639898884277,0.001089639898884277,9.0
tinana,2.3517301973723122e-05,-2.2433091759155087e-05,1.0842102145680344e-06,4.595039373287821e-05,4.595039373287821e-05,13.0
tini,2.3517301973723122e-05,-2.2433091759155087e-05,1.0842102145680344e-06,4.595039373287821e-05,4.595039373287821e-05,15.0
tini-o-maru,2.3517301973723122e-05,-2.2433091759155087e-05,1.0842102145680344e-06,4.595039373287821e-05,4.595039373287821e-05,9.0
tinihanga,-0.0005238729763860724,0.0014991631135078624,0.00097529013712179,-0.002023036089893935,0.002023036089893935,11.0
tino,0.0014755284616267215,-0.0007037513361418324,0.000771777125484889,0.002179279797768554,0.002179279797768554,50.0
tipu,0.0007377642308133607,-0.0003518756680709162,0.0003858885627424445,0.001089639898884277,0.001089639898884277,13.0
tipuna,2.3517301973723122e-05,-2.2433091759155087e-05,1.0842102145680344e-06,4.595039373287821e-05,4.595039373287821e-05,8.0
tira,2.3517301973723122e-05,-2.2433091759155087e-05,1.0842102145680344e-06,4.595039373287821e-05,4.595039373287821e-05,11.0
tiriti,2.3517301973723122e-05,-2.2433091759155087e-05,1.0842102145680344e-06,4.595039373287821e-05,4.595039373287821e-05,16.0
tiro,4.7034603947446243e-05,-4.4866183518310175e-05,2.168420429136069e-06,9.190078746575642e-05,9.190078746575642e-05,17.0
tirohanga,2.3517301973723122e-05,-2.2433091759155087e-05,1.0842102145680344e-06,4.595039373287821e-05,4.595039373287821e-05,9.0
tirotiro,-0.0006436950229184683,0.001228037938210424,0.0005843429152919557,-0.0018717329611288923,0.0018717329611288923,12.0
titiro,0.0009359429497866454,-0.000843193850437541,9.27490993491044e-05,0.0017791368002241866,0.0017791368002241866,99.0
tito,-0.0003218475114592342,0.000614018969105212,0.00029217145764597784,-0.0009358664805644461,0.0009358664805644461,10.0
toa,2.3517301973723122e-05,-2.2433091759155087e-05,1.0842102145680344e-06,4.595039373287821e-05,4.595039373287821e-05,10.0
toe,2.3517301973723122e-05,-2.2433091759155087e-05,1.0842102145680344e-06,4.595039373287821e-05,4.595039373287821e-05,10.0
toenga,2.3517301973723122e-05,-2.2433091759155087e-05,1.0842102145680344e-06,4.595039373287821e-05,4.595039373287821e-05,9.0
toha,-0.0005238729763860724,0.0014991631135078624,0.00097529013712179,-0.002023036089893935,0.002023036089893935,11.0
tohatoha,4.7034603947446243e-05,-4.4866183518310175e-05,2.168420429136069e-06,9.190078746575642e-05,9.190078746575642e-05,11.0
tohe,-0.0003218475114592342,0.000614018969105212,0.00029217145764597784,-0.0009358664805644461,0.0009358664805644461,10.0
tohetohe,-0.0003218475114592342,0.000614018969105212,0.00029217145764597784,-0.0009358664805644461,0.0009358664805644461,9.0
tohu,-0.0012013589869796768,0.004010905990512709,0.002809547003533032,-0.005212264977492385,0.005212264977492385,35.0
tohunga,2.3517301973723122e-05,-2.2433091759155087e-05,1.0842102145680344e-06,4.595039373287821e-05,4.595039373287821e-05,10.0
tohungatanga,2.3517301973723122e-05,-2.2433091759155087e-05,1.0842102145680344e-06,4.595039373287821e-05,4.595039373287821e-05,9.0
tohutohu,-0.0009460443069227956,0.006317004024695036,0.005370959717772241,-0.0072630483316178315,0.0072630483316178315,16.0
toi,2.3517301973723122e-05,-2.2433091759155087e-05,1.0842102145680344e-06,4.595039373287821e-05,4.595039373287821e-05,10.0
toitū,2.3517301973723122e-05,-2.2433091759155087e-05,1.0842102145680344e-06,4.595039373287821e-05,4.595039373287821e-05,9.0
toka,2.3517301973723122e-05,-2.2433091759155087e-05,1.0842102145680344e-06,4.595039373287821e-05,4.595039373287821e-05,9.0
tokoiti,2.3517301973723122e-05,-2.2433091759155087e-05,1.0842102145680344e-06,4.595039373287821e-05,4.595039373287821e-05,9.0
tokomaha,2.3517301973723122e-05,-2.2433091759155087e-05,1.0842102145680344e-06,4.595039373287821e-05,4.595039373287821e-05,14.0
tokowhā,2.3517301973723122e-05,-2.2433091759155087e-05,1.0842102145680344e-06,4.595039373287821e-05,4.595039373287821e-05,9.0
tomo,2.3517301973723122e-05,-2.2433091759155087e-05,1.0842102145680344e-06,4.595039373287821e-05,4.595039373287821e-05,9.0
tonga,2.3517301973723122e-05,-2.2433091759155087e-05,1.0842102145680344e-06,4.595039373287821e-05,4.595039373287821e-05,12.0
tono,-0.0020954919055442894,0.0059966524540314495,0.00390116054848716,-0.00809214435957574,0.00809214435957574,49.0
tonotono,-0.0003218475114592342,0.000614018969105212,0.00029217145764597784,-0.0009358664805644461,0.0009358664805644461,9.0
tope,-0.0003218475114592342,0.000614018969105212,0.00029217145764597784,-0.0009358664805644461,0.0009358664805644461,9.0
toro,2.3517301973723122e-05,-2.2433091759155087e-05,1.0842102145680344e-06,4.595039373287821e-05,4.595039373287821e-05,10.0
toru,2.3517301973723122e-05,-2.2433091759155087e-05,1.0842102145680344e-06,4.595039373287821e-05,4.595039373287821e-05,19.0
torutoru,0.0007377642308133607,-0.0003518756680709162,0.0003858885627424445,0.001089639898884277,0.001089639898884277,9.0
totoro,0.0017127227410005561,-0.0005445872213542643,0.001168135519646292,0.0022573099623548203,0.0022573099623548203,11.0
tou,2.3517301973723122e-05,-2.2433091759155087e-05,1.0842102145680344e-06,4.595039373287821e-05,4.595039373287821e-05,9.0
tuanui,2.3517301973723122e-05,-2.2433091759155087e-05,1.0842102145680344e-06,4.595039373287821e-05,4.595039373287821e-05,10.0
tuarā,2.3517301973723122e-05,-2.2433091759155087e-05,1.0842102145680344e-06,4.595039373287821e-05,4.595039373287821e-05,9.0
tuhi,-0.0012013589869796768,0.004010905990512709,0.002809547003533032,-0.005212264977492385,0.005212264977492385,21.0
tuhituhi,-0.0005238729763860724,0.0014991631135078624,0.00097529013712179,-0.002023036089893935,0.002023036089893935,12.0
tuki,4.7034603947446243e-05,-4.4866183518310175e-05,2.168420429136069e-06,9.190078746575642e-05,9.190078746575642e-05,11.0
tuku,-0.0034969408550383197,0.00953063592621117,0.006033695071172849,-0.01302757678124949,0.01302757678124949,75.0
tumu,2.3517301973723122e-05,-2.2433091759155087e-05,1.0842102145680344e-06,4.595039373287821e-05,4.595039373287821e-05,9.0
tumuaki,2.3517301973723122e-05,-2.2433091759155087e-05,1.0842102145680344e-06,4.595039373287821e-05,4.595039373287821e-05,14.0
tunu,-0.0003218475114592342,0.000614018969105212,0.00029217145764597784,-0.0009358664805644461,0.0009358664805644461,9.0
tuohu,0.0007377642308133607,-0.0003518756680709162,0.0003858885627424445,0.001089639898884277,0.001089639898884277,9.0
tupu,2.3517301973723122e-05,-2.2433091759155087e-05,1.0842102145680344e-06,4.595039373287821e-05,4.595039373287821e-05,11.0
tupuna,2.3517301973723122e-05,-2.2433091759155087e-05,1.0842102145680344e-06,4.595039373287821e-05,4.595039373287821e-05,9.0
turaki,-0.0006672123248921915,0.0025458082434574683,0.0018785959185652766,-0.00321302056834966,0.00321302056834966,11.0
ture,2.3517301973723122e-05,-2.2433091759155087e-05,1.0842102145680344e-06,4.595039373287821e-05,4.595039373287821e-05,14.0
turi,2.3517301973723122e-05,-2.2433091759155087e-05,1.0842102145680344e-06,4.595039373287821e-05,4.595039373287821e-05,9.0
tutu,2.3517301973723122e-05,-2.2433091759155087e-05,1.0842102145680344e-06,4.595039373287821e-05,4.595039373287821e-05,9.0
tutuki,0.0017127227410005561,-0.0005445872213542643,0.001168135519646292,0.0022573099623548203,0.0022573099623548203,23.0
tutū,2.3517301973723122e-05,-2.2433091759155087e-05,1.0842102145680344e-06,4.595039373287821e-05,4.595039373287821e-05,9.0
tuwhera,4.7034603947446243e-05,-4.4866183518310175e-05,2.168420429136069e-06,9.190078746575642e-05,9.190078746575642e-05,12.0
tuwheratanga,2.3517301973723122e-05,-2.2433091759155087e-05,1.0842102145680344e-06,4.595039373287821e-05,4.595039373287821e-05,10.0
tā,-0.0006672123248921915,0.0025458082434574683,0.0018785959185652766,-0.00321302056834966,0.00321302056834966,13.0
tāhae,-0.0005238729763860724,0.0014991631135078624,0.00097529013712179,-0.002023036089893935,0.002023036089893935,12.0
tāhuhu,2.3517301973723122e-05,-2.2433091759155087e-05,1.0842102145680344e-06,4.595039373287821e-05,4.595039373287821e-05,10.0
tāima,2.3517301973723122e-05,-2.2433091759155087e-05,1.0842102145680344e-06,4.595039373287821e-05,4.595039373287821e-05,12.0
tāite,2.3517301973723122e-05,-2.2433091759155087e-05,1.0842102145680344e-06,4.595039373287821e-05,4.595039373287821e-05,10.0
tākaro,0.0017127227410005561,-0.0005445872213542643,0.001168135519646292,0.0022573099623548203,0.0022573099623548203,15.0
tākete,2.3517301973723122e-05,-2.2433091759155087e-05,1.0842102145680344e-06,4.595039373287821e-05,4.595039373287821e-05,9.0
tākiri,-0.0003218475114592342,0.000614018969105212,0.00029217145764597784,-0.0009358664805644461,0.0009358664805644461,9.0
tāmi,-0.0003218475114592342,0.000614018969105212,0.00029217145764597784,-0.0009358664805644461,0.0009358664805644461,12.0
tāne,2.3517301973723122e-05,-2.2433091759155087e-05,1.0842102145680344e-06,4.595039373287821e-05,4.595039373287821e-05,9.0
tāone,2.3517301973723122e-05,-2.2433091759155087e-05,1.0842102145680344e-06,4.595039373287821e-05,4.595039373287821e-05,12.0
tāpiri,2.3517301973723122e-05,-2.2433091759155087e-05,1.0842102145680344e-06,4.595039373287821e-05,4.595039373287821e-05,12.0
tārai,-0.0005238729763860724,0.0014991631135078624,0.00097529013712179,-0.002023036089893935,0.002023036089893935,10.0
tārewa,2.3517301973723122e-05,-2.2433091759155087e-05,1.0842102145680344e-06,4.595039373287821e-05,4.595039373287821e-05,11.0
tātai,0.0007377642308133607,-0.0003518756680709162,0.0003858885627424445,0.001089639898884277,0.001089639898884277,10.0
tātaki,-0.0003218475114592342,0.000614018969105212,0.00029217145764597784,-0.0009358664805644461,0.0009358664805644461,9.0
tātari,-0.0003218475114592342,0.000614018969105212,0.00029217145764597784,-0.0009358664805644461,0.0009358664805644461,9.0
tāti,2.3517301973723122e-05,-2.2433091759155087e-05,1.0842102145680344e-06,4.595039373287821e-05,4.595039373287821e-05,9.0
tātā,2.3517301973723122e-05,-2.2433091759155087e-05,1.0842102145680344e-06,4.595039373287821e-05,4.595039373287821e-05,10.0
tētahi,-0.0005238729763860724,0.0014991631135078624,0.00097529013712179,-0.002023036089893935,0.002023036089893935,10.0
tīkai,-0.0003218475114592342,0.000614018969105212,0.00029217145764597784,-0.0009358664805644461,0.0009358664805644461,9.0
tīkiti,2.3517301973723122e-05,-2.2433091759155087e-05,1.0842102145680344e-06,4.595039373287821e-05,4.595039373287821e-05,9.0
tīma,2.3517301973723122e-05,-2.2433091759155087e-05,1.0842102145680344e-06,4.595039373287821e-05,4.595039373287821e-05,27.0
tīmata,-0.0018003436125976285,0.002432902555379376,0.0006325589427817475,-0.004233246167977004,0.004233246167977004,58.0
tīmatanga,2.3517301973723122e-05,-2.2433091759155087e-05,1.0842102145680344e-06,4.595039373287821e-05,4.595039373287821e-05,22.0
tīmatatanga,2.3517301973723122e-05,-2.2433091759155087e-05,1.0842102145680344e-06,4.595039373287821e-05,4.595039373287821e-05,14.0
tīni,0.0017127227410005561,-0.0005445872213542643,0.001168135519646292,0.0022573099623548203,0.0022573099623548203,10.0
tīraha,2.3517301973723122e-05,-2.2433091759155087e-05,1.0842102145680344e-06,4.595039373287821e-05,4.595039373287821e-05,9.0
tītaha,2.3517301973723122e-05,-2.2433091759155087e-05,1.0842102145680344e-06,4.595039373287821e-05,4.595039373287821e-05,9.0
tō,7.055190592116942e-05,-6.729927527746531e-05,3.252630643704103e-06,0.00013785118119863474,0.00013785118119863474,15.0
tōtanga,2.3517301973723122e-05,-2.2433091759155087e-05,1.0842102145680344e-06,4.595039373287821e-05,4.595039373287821e-05,9.0
tū,0.04879622688091393,-0.002738034761518515,0.046058192119395415,0.051534261642432445,0.051534261642432445,97.0
tūhono,2.3517301973723122e-05,-2.2433091759155087e-05,1.0842102145680344e-06,4.595039373287821e-05,4.595039373287821e-05,13.0
tūkino,-0.0003218475114592342,0.000614018969105212,0.00029217145764597784,-0.0009358664805644461,0.0009358664805644461,11.0
tūmanako,2.3517301973723122e-05,-2.2433091759155087e-05,1.0842102145680344e-06,4.595039373287821e-05,4.595039373287821e-05,12.0
tūnga,2.3517301973723122e-05,-2.2433091759155087e-05,1.0842102145680344e-06,4.595039373287821e-05,4.595039373287821e-05,9.0
tūpato,2.3517301973723122e-05,-2.2433091759155087e-05,1.0842102145680344e-06,4.595039373287821e-05,4.595039373287821e-05,17.0
tūpono,2.3517301973723122e-05,-2.2433091759155087e-05,1.0842102145680344e-06,4.595039373287821e-05,4.595039373287821e-05,9.0
tūpuhi,2.3517301973723122e-05,-2.2433091759155087e-05,1.0842102145680344e-06,4.595039373287821e-05,4.595039373287821e-05,8.0
tūranga,2.3517301973723122e-05,-2.2433091759155087e-05,1.0842102145680344e-06,4.595039373287821e-05,4.595039373287821e-05,9.0
tūrei,2.3517301973723122e-05,-2.2433091759155087e-05,1.0842102145680344e-06,4.595039373287821e-05,4.595039373287821e-05,11.0
tūreiti,2.3517301973723122e-05,-2.2433091759155087e-05,1.0842102145680344e-06,4.595039373287821e-05,4.595039373287821e-05,9.0
tūru,2.3517301973723122e-05,-2.2433091759155087e-05,1.0842102145680344e-06,4.595039373287821e-05,4.595039373287821e-05,12.0
tūtaki,0.004127147826346195,-0.000787375065349507,0.003339772760996688,0.004914522891695702,0.004914522891695702,19.0
tūtehu,2.3517301973723122e-05,-2.2433091759155087e-05,1.0842102145680344e-06,4.595039373287821e-05,4.595039373287821e-05,12.0
tūtuki,2.3517301973723122e-05,-2.2433091759155087e-05,1.0842102145680344e-06,4.595039373287821e-05,4.595039373287821e-05,10.0
tūturu,2.3517301973723122e-05,-2.2433091759155087e-05,1.0842102145680344e-06,4.595039373287821e-05,4.595039373287821e-05,10.0
tūturutanga,2.3517301973723122e-05,-2.2433091759155087e-05,1.0842102145680344e-06,4.595039373287821e-05,4.595039373287821e-05,8.0
tūtū,2.3517301973723122e-05,-2.2433091759155087e-05,1.0842102145680344e-06,4.595039373287821e-05,4.595039373287821e-05,12.0
uaua,0.0007377642308133607,-0.0003518756680709162,0.0003858885627424445,0.001089639898884277,0.001089639898884277,10.0
uhi,2.3517301973723122e-05,-2.2433091759155087e-05,1.0842102145680344e-06,4.595039373287821e-05,4.595039373287821e-05,9.0
ui,4.7034603947446243e-05,-4.4866183518310175e-05,2.168420429136069e-06,9.190078746575642e-05,9.190078746575642e-05,10.0
unu,0.0017127227410005561,-0.0005445872213542643,0.001168135519646292,0.0022573099623548203,0.0022573099623548203,13.0
upoko-o-te-ika,2.3517301973723122e-05,-2.2433091759155087e-05,1.0842102145680344e-06,4.595039373287821e-05,4.595039373287821e-05,9.0
uri,2.3517301973723122e-05,-2.2433091759155087e-05,1.0842102145680344e-06,4.595039373287821e-05,4.595039373287821e-05,9.0
uru,0.00847689393818076,-0.0010107608206944383,0.007466133117486322,0.009487654758875199,0.009487654758875199,41.0
urunga,2.3517301973723122e-05,-2.2433091759155087e-05,1.0842102145680344e-06,4.595039373287821e-05,4.595039373287821e-05,10.0
uruuru,2.3517301973723122e-05,-2.2433091759155087e-05,1.0842102145680344e-06,4.595039373287821e-05,4.595039373287821e-05,9.0
uta,2.3517301973723122e-05,-2.2433091759155087e-05,1.0842102145680344e-06,4.595039373287821e-05,4.595039373287821e-05,11.0
utu,-0.0015716189291582173,0.004497489340523587,0.00292587041136537,-0.006069108269681805,0.006069108269681805,29.0
uwhi,0.0007377642308133607,-0.0003518756680709162,0.0003858885627424445,0.001089639898884277,0.001089639898884277,10.0
waea,2.3517301973723122e-05,-2.2433091759155087e-05,1.0842102145680344e-06,4.595039373287821e-05,4.595039373287821e-05,10.0
waenganui,2.3517301973723122e-05,-2.2433091759155087e-05,1.0842102145680344e-06,4.595039373287821e-05,4.595039373287821e-05,9.0
waewae,2.3517301973723122e-05,-2.2433091759155087e-05,1.0842102145680344e-06,4.595039373287821e-05,4.595039373287821e-05,9.0
waha,2.3517301973723122e-05,-2.2433091759155087e-05,1.0842102145680344e-06,4.595039373287821e-05,4.595039373287821e-05,10.0
wahapū,2.3517301973723122e-05,-2.2433091759155087e-05,1.0842102145680344e-06,4.595039373287821e-05,4.595039373287821e-05,11.0
wahine,2.3517301973723122e-05,-2.2433091759155087e-05,1.0842102145680344e-06,4.595039373287821e-05,4.595039373287821e-05,10.0
wai,2.3517301973723122e-05,-2.2433091759155087e-05,1.0842102145680344e-06,4.595039373287821e-05,4.595039373287821e-05,13.0
waiata,-0.0006436950229184683,0.001228037938210424,0.0005843429152919557,-0.0018717329611288923,0.0018717329611288923,15.0
waihanga,-0.0006672123248921915,0.0025458082434574683,0.0018785959185652766,-0.00321302056834966,0.00321302056834966,17.0
waiho,0.0006674266019193686,-0.0004774923443627042,0.00018993425755666437,0.0011449189462820726,0.0011449189462820726,17.0
waimarie,2.3517301973723122e-05,-2.2433091759155087e-05,1.0842102145680344e-06,4.595039373287821e-05,4.595039373287821e-05,8.0
waimate,2.3517301973723122e-05,-2.2433091759155087e-05,1.0842102145680344e-06,4.595039373287821e-05,4.595039373287821e-05,9.0
waiora,2.3517301973723122e-05,-2.2433091759155087e-05,1.0842102145680344e-06,4.595039373287821e-05,4.595039373287821e-05,9.0
waipuke,0.0007377642308133607,-0.0003518756680709162,0.0003858885627424445,0.001089639898884277,0.001089639898884277,10.0
wairua,2.3517301973723122e-05,-2.2433091759155087e-05,1.0842102145680344e-06,4.595039373287821e-05,4.595039373287821e-05,19.0
waiwai,0.0007377642308133607,-0.0003518756680709162,0.0003858885627424445,0.001089639898884277,0.001089639898884277,9.0
waka,2.3517301973723122e-05,-2.2433091759155087e-05,1.0842102145680344e-06,4.595039373287821e-05,4.595039373287821e-05,22.0
ware,2.3517301973723122e-05,-2.2433091759155087e-05,1.0842102145680344e-06,4.595039373287821e-05,4.595039373287821e-05,9.0
wareware,0.0007377642308133607,-0.0003518756680709162,0.0003858885627424445,0.001089639898884277,0.001089639898884277,15.0
waru,2.3517301973723122e-05,-2.2433091759155087e-05,1.0842102145680344e-06,4.595039373287821e-05,4.595039373287821e-05,9.0
wawata,-0.0003218475114592342,0.000614018969105212,0.00029217145764597784,-0.0009358664805644461,0.0009358664805644461,11.0
wawe,2.3517301973723122e-05,-2.2433091759155087e-05,1.0842102145680344e-06,4.595039373287821e-05,4.595039373287821e-05,9.0
wehe,0.0007377642308133607,-0.0003518756680709162,0.0003858885627424445,0.001089639898884277,0.001089639898884277,19.0
wehenga,2.3517301973723122e-05,-2.2433091759155087e-05,1.0842102145680344e-06,4.595039373287821e-05,4.595039373287821e-05,10.0
wehetanga,2.3517301973723122e-05,-2.2433091759155087e-05,1.0842102145680344e-06,4.595039373287821e-05,4.595039373287821e-05,9.0
wehi,0.0007377642308133607,-0.0003518756680709162,0.0003858885627424445,0.001089639898884277,0.001089639898884277,11.0
wenerei,2.3517301973723122e-05,-2.2433091759155087e-05,1.0842102145680344e-06,4.595039373287821e-05,4.595039373287821e-05,10.0
wera,2.3517301973723122e-05,-2.2433091759155087e-05,1.0842102145680344e-06,4.595039373287821e-05,4.595039373287821e-05,11.0
wero,-0.0007783949613217929,0.0037125444091559837,0.002934149447834191,-0.004490939370477776,0.004490939370477776,14.0
werowero,2.3517301973723122e-05,-2.2433091759155087e-05,1.0842102145680344e-06,4.595039373287821e-05,4.595039373287821e-05,9.0
weto,2.3517301973723122e-05,-2.2433091759155087e-05,1.0842102145680344e-06,4.595039373287821e-05,4.595039373287821e-05,9.0
whai,-0.00026081296231643023,0.0002764319895273952,1.5619027210964954e-05,-0.0005372449518438254,0.0005372449518438254,81.0
whaiwhai,-0.0003218475114592342,0.000614018969105212,0.00029217145764597784,-0.0009358664805644461,0.0009358664805644461,15.0
whaka-,-0.0003218475114592342,0.000614018969105212,0.00029217145764597784,-0.0009358664805644461,0.0009358664805644461,9.0
whakaae,0.002029884902105052,-0.001290867870255019,0.000739017031850033,0.0033207527723600715,0.0033207527723600715,45.0
whakaaetanga,2.3517301973723122e-05,-2.2433091759155087e-05,1.0842102145680344e-06,4.595039373287821e-05,4.595039373287821e-05,9.0
whakaahua,4.7034603947446243e-05,-4.4866183518310175e-05,2.168420429136069e-06,9.190078746575642e-05,9.190078746575642e-05,10.0
whakaako,-0.0006672123248921915,0.0025458082434574683,0.0018785959185652766,-0.00321302056834966,0.00321302056834966,17.0
whakaara,7.055190592116942e-05,-6.729927527746531e-05,3.252630643704103e-06,0.00013785118119863474,0.00013785118119863474,15.0
whakaari,-0.0003218475114592342,0.000614018969105212,0.00029217145764597784,-0.0009358664805644461,0.0009358664805644461,9.0
whakaaro,0.0068508909640022245,-0.002178348885417057,0.004672542078585168,0.009029239849419281,0.009029239849419281,48.0
whakaaroaro,2.3517301973723122e-05,-2.2433091759155087e-05,1.0842102145680344e-06,4.595039373287821e-05,4.595039373287821e-05,9.0
whakaata,-0.0003218475114592342,0.000614018969105212,0.00029217145764597784,-0.0009358664805644461,0.0009358664805644461,9.0
whakaatu,-0.001334424649784383,0.0050916164869149365,0.0037571918371305532,-0.00642604113669932,0.00642604113669932,20.0
whakaeke,-0.0003218475114592342,0.000614018969105212,0.00029217145764597784,-0.0009358664805644461,0.0009358664805644461,14.0
whakaeketanga,2.3517301973723122e-05,-2.2433091759155087e-05,1.0842102145680344e-06,4.595039373287821e-05,4.595039373287821e-05,9.0
whakaemi,2.3517301973723122e-05,-2.2433091759155087e-05,1.0842102145680344e-06,4.595039373287821e-05,4.595039373287821e-05,11.0
whakahaere,-0.003320604359128703,0.030619318047269944,0.02729871368814124,-0.03393992240639865,0.03393992240639865,49.0
whakahau,-0.0007783949613217929,0.0037125444091559837,0.002934149447834191,-0.004490939370477776,0.004490939370477776,16.0
whakaheke,2.3517301973723122e-05,-2.2433091759155087e-05,1.0842102145680344e-06,4.595039373287821e-05,4.595039373287821e-05,10.0
whakahihiko,-0.0003218475114592342,0.000614018969105212,0.00029217145764597784,-0.0009358664805644461,0.0009358664805644461,9.0
whakahoki,0.002029884902105052,-0.001290867870255019,0.000739017031850033,0.0033207527723600715,0.0033207527723600715,32.0
whakahokinga,2.3517301973723122e-05,-2.2433091759155087e-05,1.0842102145680344e-06,4.595039373287821e-05,4.595039373287821e-05,9.0
whakahokitanga,2.3517301973723122e-05,-2.2433091759155087e-05,1.0842102145680344e-06,4.595039373287821e-05,4.595039373287821e-05,9.0
whakahokohoko,0.0007377642308133607,-0.0003518756680709162,0.0003858885627424445,0.001089639898884277,0.001089639898884277,9.0
whakahono,2.3517301973723122e-05,-2.2433091759155087e-05,1.0842102145680344e-06,4.595039373287821e-05,4.595039373287821e-05,10.0
whakahonohono,2.3517301973723122e-05,-2.2433091759155087e-05,1.0842102145680344e-06,4.595039373287821e-05,4.595039373287821e-05,10.0
whakahua,2.3517301973723122e-05,-2.2433091759155087e-05,1.0842102145680344e-06,4.595039373287821e-05,4.595039373287821e-05,9.0
whakahui,0.0007377642308133607,-0.0003518756680709162,0.0003858885627424445,0.001089639898884277,0.001089639898884277,9.0
whakahuihui,-0.0003218475114592342,0.000614018969105212,0.00029217145764597784,-0.0009358664805644461,0.0009358664805644461,12.0
whakahuri,2.3517301973723122e-05,-2.2433091759155087e-05,1.0842102145680344e-06,4.595039373287821e-05,4.595039373287821e-05,9.0
whakahāwea,2.3517301973723122e-05,-2.2433091759155087e-05,1.0842102145680344e-06,4.595039373287821e-05,4.595039373287821e-05,13.0
whakahē,-0.0005238729763860724,0.0014991631135078624,0.00097529013712179,-0.002023036089893935,0.002023036089893935,34.0
whakahīhī,2.3517301973723122e-05,-2.2433091759155087e-05,1.0842102145680344e-06,4.595039373287821e-05,4.595039373287821e-05,9.0
whakahōhā,2.3517301973723122e-05,-2.2433091759155087e-05,1.0842102145680344e-06,4.595039373287821e-05,4.595039373287821e-05,9.0
whakahōnore,0.0007377642308133607,-0.0003518756680709162,0.0003858885627424445,0.001089639898884277,0.001089639898884277,10.0
whakaingoa,-0.0003218475114592342,0.000614018969105212,0.00029217145764597784,-0.0009358664805644461,0.0009358664805644461,10.0
whakainu,2.3517301973723122e-05,-2.2433091759155087e-05,1.0842102145680344e-06,4.595039373287821e-05,4.595039373287821e-05,9.0
whakairi,4.7034603947446243e-05,-4.4866183518310175e-05,2.168420429136069e-06,9.190078746575642e-05,9.190078746575642e-05,11.0
whakairo,-0.0008692377898190296,0.004974981684886291,0.004105743895067261,-0.0058442194747053205,0.0058442194747053205,13.0
whakaiti,-0.0003218475114592342,0.000614018969105212,0.00029217145764597784,-0.0009358664805644461,0.0009358664805644461,9.0
whakakamakama,-0.0003218475114592342,0.000614018969105212,0.00029217145764597784,-0.0009358664805644461,0.0009358664805644461,10.0
whakakaupapa,-0.0003218475114592342,0.000614018969105212,0.00029217145764597784,-0.0009358664805644461,0.0009358664805644461,9.0
whakakawa,2.3517301973723122e-05,-2.2433091759155087e-05,1.0842102145680344e-06,4.595039373287821e-05,4.595039373287821e-05,9.0
whakakawe,-0.0003218475114592342,0.000614018969105212,0.00029217145764597784,-0.0009358664805644461,0.0009358664805644461,9.0
whakakeokeo,-0.0003218475114592342,0.000614018969105212,0.00029217145764597784,-0.0009358664805644461,0.0009358664805644461,9.0
whakakite,-0.0003218475114592342,0.000614018969105212,0.00029217145764597784,-0.0009358664805644461,0.0009358664805644461,9.0
whakakoi,2.3517301973723122e-05,-2.2433091759155087e-05,1.0842102145680344e-06,4.595039373287821e-05,4.595039373287821e-05,9.0
whakakopi,-0.0006672123248921915,0.0025458082434574683,0.0018785959185652766,-0.00321302056834966,0.00321302056834966,11.0
whakakore,7.055190592116942e-05,-6.729927527746531e-05,3.252630643704103e-06,0.00013785118119863474,0.00013785118119863474,13.0
whakakoretake,2.3517301973723122e-05,-2.2433091759155087e-05,1.0842102145680344e-06,4.595039373287821e-05,4.595039373287821e-05,10.0
whakakorikori,2.3517301973723122e-05,-2.2433091759155087e-05,1.0842102145680344e-06,4.595039373287821e-05,4.595039373287821e-05,9.0
whakakotahi,-0.0003218475114592342,0.000614018969105212,0.00029217145764597784,-0.0009358664805644461,0.0009358664805644461,14.0
whakakotiti,-0.0003218475114592342,0.000614018969105212,0.00029217145764597784,-0.0009358664805644461,0.0009358664805644461,9.0
whakakāhore,2.3517301973723122e-05,-2.2433091759155087e-05,1.0842102145680344e-06,4.595039373287821e-05,4.595039373287821e-05,10.0
whakakātu,0.0007377642308133607,-0.0003518756680709162,0.0003858885627424445,0.001089639898884277,0.001089639898884277,9.0
whakakīkī,2.3517301973723122e-05,-2.2433091759155087e-05,1.0842102145680344e-06,4.595039373287821e-05,4.595039373287821e-05,9.0
whakamahana,-0.0003218475114592342,0.000614018969105212,0.00029217145764597784,-0.0009358664805644461,0.0009358664805644461,9.0
whakamahi,0.0006766283007016842,-0.00043028929008500646,0.00024633901061667777,0.0011069175907866906,0.0011069175907866906,19.0
whakamana,-0.0009655425343777026,0.001842056907315636,0.0008765143729379334,-0.0028075994416933386,0.0028075994416933386,20.0
whakamanatanga,2.3517301973723122e-05,-2.2433091759155087e-05,1.0842102145680344e-06,4.595039373287821e-05,4.595039373287821e-05,9.0
whakamanuhiri,-0.0003218475114592342,0.000614018969105212,0.00029217145764597784,-0.0009358664805644461,0.0009358664805644461,9.0
whakamaoa,2.3517301973723122e-05,-2.2433091759155087e-05,1.0842102145680344e-06,4.595039373287821e-05,4.595039373287821e-05,9.0
whakamataku,2.3517301973723122e-05,-2.2433091759155087e-05,1.0842102145680344e-06,4.595039373287821e-05,4.595039373287821e-05,9.0
whakamau,-0.0003218475114592342,0.000614018969105212,0.00029217145764597784,-0.0009358664805644461,0.0009358664805644461,10.0
whakamihi,2.3517301973723122e-05,-2.2433091759155087e-05,1.0842102145680344e-06,4.595039373287821e-05,4.595039373287821e-05,9.0
whakamoe,0.0007377642308133607,-0.0003518756680709162,0.0003858885627424445,0.001089639898884277,0.001089639898884277,9.0
whakamoemoe,2.3517301973723122e-05,-2.2433091759155087e-05,1.0842102145680344e-06,4.595039373287821e-05,4.595039373287821e-05,9.0
whakamomori,2.3517301973723122e-05,-2.2433091759155087e-05,1.0842102145680344e-06,4.595039373287821e-05,4.595039373287821e-05,9.0
whakamutu,-0.0007783949613217929,0.0037125444091559837,0.002934149447834191,-0.004490939370477776,0.004490939370477776,15.0
whakamutunga,2.3517301973723122e-05,-2.2433091759155087e-05,1.0842102145680344e-06,4.595039373287821e-05,4.595039373287821e-05,12.0
whakamā,0.0007377642308133607,-0.0003518756680709162,0.0003858885627424445,0.001089639898884277,0.001089639898884277,9.0
whakamāmā,-0.0003218475114592342,0.000614018969105212,0.00029217145764597784,-0.0009358664805644461,0.0009358664805644461,12.0
whakamārama,-0.00112375977475475,0.01071951458142958,0.009595754806674829,-0.01184327435618433,0.01184327435618433,32.0
whakamāramatanga,2.3517301973723122e-05,-2.2433091759155087e-05,1.0842102145680344e-06,4.595039373287821e-05,4.595039373287821e-05,9.0
whakamātautau,-0.0003218475114592342,0.000614018969105212,0.00029217145764597784,-0.0009358664805644461,0.0009358664805644461,18.0
whakamīharo,2.3517301973723122e-05,-2.2433091759155087e-05,1.0842102145680344e-06,4.595039373287821e-05,4.595039373287821e-05,9.0
whakamōhio,2.3517301973723122e-05,-2.2433091759155087e-05,1.0842102145680344e-06,4.595039373287821e-05,4.595039373287821e-05,8.0
whakangaro,2.3517301973723122e-05,-2.2433091759155087e-05,1.0842102145680344e-06,4.595039373287821e-05,4.595039373287821e-05,9.0
whakangoikore,-0.0003218475114592342,0.000614018969105212,0.00029217145764597784,-0.0009358664805644461,0.0009358664805644461,9.0
whakangāwari,-0.0005238729763860724,0.0014991631135078624,0.00097529013712179,-0.002023036089893935,0.002023036089893935,11.0
whakanoa,-0.0003218475114592342,0.000614018969105212,0.00029217145764597784,-0.0009358664805644461,0.0009358664805644461,10.0
whakanoho,2.3517301973723122e-05,-2.2433091759155087e-05,1.0842102145680344e-06,4.595039373287821e-05,4.595039373287821e-05,9.0
whakanui,4.7034603947446243e-05,-4.4866183518310175e-05,2.168420429136069e-06,9.190078746575642e-05,9.190078746575642e-05,13.0
whakaohooho,2.3517301973723122e-05,-2.2433091759155087e-05,1.0842102145680344e-06,4.595039373287821e-05,4.595039373287821e-05,9.0
whakaora,-0.0006672123248921915,0.0025458082434574683,0.0018785959185652766,-0.00321302056834966,0.00321302056834966,11.0
whakaoti,-0.0010125771383251488,0.007727157097409025,0.006714579959083877,-0.008739734235734174,0.008739734235734174,16.0
whakapae,2.3517301973723122e-05,-2.2433091759155087e-05,1.0842102145680344e-06,4.595039373287821e-05,4.595039373287821e-05,9.0
whakapaera,2.3517301973723122e-05,-2.2433091759155087e-05,1.0842102145680344e-06,4.595039373287821e-05,4.595039373287821e-05,9.0
whakapahū,-0.0005238729763860724,0.0014991631135078624,0.00097529013712179,-0.002023036089893935,0.002023036089893935,10.0
whakapai,-0.0005238729763860724,0.0014991631135078624,0.00097529013712179,-0.002023036089893935,0.002023036089893935,15.0
whakapaipai,2.3517301973723122e-05,-2.2433091759155087e-05,1.0842102145680344e-06,4.595039373287821e-05,4.595039373287821e-05,9.0
whakapakari,2.3517301973723122e-05,-2.2433091759155087e-05,1.0842102145680344e-06,4.595039373287821e-05,4.595039373287821e-05,10.0
whakapaoho,2.3517301973723122e-05,-2.2433091759155087e-05,1.0842102145680344e-06,4.595039373287821e-05,4.595039373287821e-05,12.0
whakapapa,2.3517301973723122e-05,-2.2433091759155087e-05,1.0842102145680344e-06,4.595039373287821e-05,4.595039373287821e-05,13.0
whakapati,2.3517301973723122e-05,-2.2433091759155087e-05,1.0842102145680344e-06,4.595039373287821e-05,4.595039373287821e-05,11.0
whakapau,-0.0003218475114592342,0.000614018969105212,0.00029217145764597784,-0.0009358664805644461,0.0009358664805644461,12.0
whakapaunga,2.3517301973723122e-05,-2.2433091759155087e-05,1.0842102145680344e-06,4.595039373287821e-05,4.595039373287821e-05,9.0
whakapiri,0.0007377642308133607,-0.0003518756680709162,0.0003858885627424445,0.001089639898884277,0.001089639898884277,9.0
whakapono,2.3517301973723122e-05,-2.2433091759155087e-05,1.0842102145680344e-06,4.595039373287821e-05,4.595039373287821e-05,16.0
whakapoto,0.0007377642308133607,-0.0003518756680709162,0.0003858885627424445,0.001089639898884277,0.001089639898884277,9.0
whakapuaki,-0.0003218475114592342,0.000614018969105212,0.00029217145764597784,-0.0009358664805644461,0.0009358664805644461,9.0
whakapuaretanga,2.3517301973723122e-05,-2.2433091759155087e-05,1.0842102145680344e-06,4.595039373287821e-05,4.595039373287821e-05,9.0
whakapupū,-0.0003218475114592342,0.000614018969105212,0.00029217145764597784,-0.0009358664805644461,0.0009358664805644461,9.0
whakaputa,-0.0011959620856890002,0.0026619251175292714,0.0014659630318402711,-0.0038578872032182716,0.0038578872032182716,25.0
whakaputaputa,2.3517301973723122e-05,-2.2433091759155087e-05,1.0842102145680344e-06,4.595039373287821e-05,4.595039373287821e-05,9.0
whakapā,2.3517301973723122e-05,-2.2433091759155087e-05,1.0842102145680344e-06,4.595039373287821e-05,4.595039373287821e-05,10.0
whakapākehā,0.0007377642308133607,-0.0003518756680709162,0.0003858885627424445,0.001089639898884277,0.001089639898884277,10.0
whakapīataata,-0.0003218475114592342,0.000614018969105212,0.00029217145764597784,-0.0009358664805644461,0.0009358664805644461,9.0
whakapōrearea,2.3517301973723122e-05,-2.2433091759155087e-05,1.0842102145680344e-06,4.595039373287821e-05,4.595039373287821e-05,9.0
whakapōtae,2.3517301973723122e-05,-2.2433091759155087e-05,1.0842102145680344e-06,4.595039373287821e-05,4.595039373287821e-05,9.0
whakarahi,-0.0003218475114592342,0.000614018969105212,0.00029217145764597784,-0.0009358664805644461,0.0009358664805644461,10.0
whakarangatira,-0.0006672123248921915,0.0025458082434574683,0.0018785959185652766,-0.00321302056834966,0.00321302056834966,11.0
whakarapu,2.3517301973723122e-05,-2.2433091759155087e-05,1.0842102145680344e-06,4.595039373287821e-05,4.595039373287821e-05,9.0
whakararata,-0.0005238729763860724,0.0014991631135078624,0.00097529013712179,-0.002023036089893935,0.002023036089893935,10.0
whakararu,0.0007377642308133607,-0.0003518756680709162,0.0003858885627424445,0.001089639898884277,0.001089639898884277,14.0
whakararuraru,2.3517301973723122e-05,-2.2433091759155087e-05,1.0842102145680344e-06,4.595039373287821e-05,4.595039373287821e-05,9.0
whakarei,-0.0003218475114592342,0.000614018969105212,0.00029217145764597784,-0.0009358664805644461,0.0009358664805644461,9.0
whakareka,-0.0003218475114592342,0.000614018969105212,0.00029217145764597784,-0.0009358664805644461,0.0009358664805644461,9.0
whakarerekē,2.3517301973723122e-05,-2.2433091759155087e-05,1.0842102145680344e-06,4.595039373287821e-05,4.595039373287821e-05,9.0
whakareri,2.3517301973723122e-05,-2.2433091759155087e-05,1.0842102145680344e-06,4.595039373287821e-05,4.595039373287821e-05,9.0
whakarewa,2.3517301973723122e-05,-2.2433091759155087e-05,1.0842102145680344e-06,4.595039373287821e-05,4.595039373287821e-05,9.0
whakarite,-0.0017384755796380593,0.009949963369772582,0.008211487790134522,-0.011688438949410641,0.011688438949410641,39.0
whakarongo,0.0017127227410005561,-0.0005445872213542643,0.001168135519646292,0.0022573099623548203,0.0022573099623548203,44.0
whakarongotanga,2.3517301973723122e-05,-2.2433091759155087e-05,1.0842102145680344e-06,4.595039373287821e-05,4.595039373287821e-05,9.0
whakarāhui,-0.0003218475114592342,0.000614018969105212,0.00029217145764597784,-0.0009358664805644461,0.0009358664805644461,9.0
whakarāpopoto,-0.0003218475114592342,0.000614018969105212,0.00029217145764597784,-0.0009358664805644461,0.0009358664805644461,12.0
whakarārangi,-0.0003218475114592342,0.000614018969105212,0.00029217145764597784,-0.0009358664805644461,0.0009358664805644461,9.0
whakataetae,2.3517301973723122e-05,-2.2433091759155087e-05,1.0842102145680344e-06,4.595039373287821e-05,4.595039373287821e-05,9.0
whakatakariri,2.3517301973723122e-05,-2.2433091759155087e-05,1.0842102145680344e-06,4.595039373287821e-05,4.595039373287821e-05,9.0
whakatakiri,2.3517301973723122e-05,-2.2433091759155087e-05,1.0842102145680344e-06,4.595039373287821e-05,4.595039373287821e-05,9.0
whakatakoto,-0.0023351848839653785,0.011137633227467952,0.008802448343502573,-0.01347281811143333,0.01347281811143333,32.0
whakatakototanga,2.3517301973723122e-05,-2.2433091759155087e-05,1.0842102145680344e-06,4.595039373287821e-05,4.595039373287821e-05,9.0
whakatangi,-0.0006672123248921915,0.0025458082434574683,0.0018785959185652766,-0.00321302056834966,0.00321302056834966,11.0
whakatapu,-0.0005238729763860724,0.0014991631135078624,0.00097529013712179,-0.002023036089893935,0.002023036089893935,10.0
whakatatanga,2.3517301973723122e-05,-2.2433091759155087e-05,1.0842102145680344e-06,4.595039373287821e-05,4.595039373287821e-05,10.0
whakatatū,-0.0006672123248921915,0.0025458082434574683,0.0018785959185652766,-0.00321302056834966,0.00321302056834966,12.0
whakatau,-0.002121282277626554,0.008768437247394553,0.006647154969767999,-0.010889719525021107,0.010889719525021107,31.0
whakatauira,-0.0003218475114592342,0.000614018969105212,0.00029217145764597784,-0.0009358664805644461,0.0009358664805644461,10.0
whakataukī,2.3517301973723122e-05,-2.2433091759155087e-05,1.0842102145680344e-06,4.595039373287821e-05,4.595039373287821e-05,10.0
whakataumaha,2.3517301973723122e-05,-2.2433091759155087e-05,1.0842102145680344e-06,4.595039373287821e-05,4.595039373287821e-05,9.0
whakataupatupatu,0.0007377642308133607,-0.0003518756680709162,0.0003858885627424445,0.001089639898884277,0.001089639898884277,9.0
whakatauākī,2.3517301973723122e-05,-2.2433091759155087e-05,1.0842102145680344e-06,4.595039373287821e-05,4.595039373287821e-05,10.0
whakateka,2.3517301973723122e-05,-2.2433091759155087e-05,1.0842102145680344e-06,4.595039373287821e-05,4.595039373287821e-05,9.0
whakatere,-0.0005238729763860724,0.0014991631135078624,0.00097529013712179,-0.002023036089893935,0.002023036089893935,10.0
whakatika,-0.0012013589869796768,0.004010905990512709,0.002809547003533032,-0.005212264977492385,0.005212264977492385,23.0
whakatikatika,-0.0010125771383251488,0.007727157097409025,0.006714579959083877,-0.008739734235734174,0.008739734235734174,19.0
whakatinana,-0.0005238729763860724,0.0014991631135078624,0.00097529013712179,-0.002023036089893935,0.002023036089893935,14.0
whakatipu,-0.0003570163259062303,0.000510835384572579,0.00015381905866634871,-0.0008678517104788094,0.0008678517104788094,13.0
whakatokomaha,2.3517301973723122e-05,-2.2433091759155087e-05,1.0842102145680344e-06,4.595039373287821e-05,4.595039373287821e-05,9.0
whakatupu,0.0007377642308133607,-0.0003518756680709162,0.0003858885627424445,0.001089639898884277,0.001089639898884277,9.0
whakature,2.3517301973723122e-05,-2.2433091759155087e-05,1.0842102145680344e-06,4.595039373287821e-05,4.595039373287821e-05,10.0
whakatutuki,-0.0003218475114592342,0.000614018969105212,0.00029217145764597784,-0.0009358664805644461,0.0009358664805644461,10.0
whakatutukitanga,2.3517301973723122e-05,-2.2433091759155087e-05,1.0842102145680344e-06,4.595039373287821e-05,4.595039373287821e-05,9.0
whakatutū,-0.0006672123248921915,0.0025458082434574683,0.0018785959185652766,-0.00321302056834966,0.00321302056834966,11.0
whakatuwhera,-0.0011712486535810204,0.0122897607058499,0.011118512052268879,-0.01346100935943092,0.01346100935943092,22.0
whakatuwheratanga,2.3517301973723122e-05,-2.2433091759155087e-05,1.0842102145680344e-06,4.595039373287821e-05,4.595039373287821e-05,12.0
whakatā,4.7034603947446243e-05,-4.4866183518310175e-05,2.168420429136069e-06,9.190078746575642e-05,9.190078746575642e-05,13.0
whakatārewa,2.3517301973723122e-05,-2.2433091759155087e-05,1.0842102145680344e-06,4.595039373287821e-05,4.595039373287821e-05,9.0
whakatō,-0.0008692377898190296,0.004974981684886291,0.004105743895067261,-0.0058442194747053205,0.0058442194747053205,14.0
whakatōmuri,-0.0003218475114592342,0.000614018969105212,0.00029217145764597784,-0.0009358664805644461,0.0009358664805644461,9.0
whakatōpū,2.3517301973723122e-05,-2.2433091759155087e-05,1.0842102145680344e-06,4.595039373287821e-05,4.595039373287821e-05,9.0
whakatū,-0.0017321205915553418,0.004130663055194357,0.002398542463639015,-0.005862783646749699,0.005862783646749699,45.0
whakatūpeke,0.0007377642308133607,-0.0003518756680709162,0.0003858885627424445,0.001089639898884277,0.001089639898884277,9.0
whakatūtanga,2.3517301973723122e-05,-2.2433091759155087e-05,1.0842102145680344e-06,4.595039373287821e-05,4.595039373287821e-05,10.0
whakatūtū,2.3517301973723122e-05,-2.2433091759155087e-05,1.0842102145680344e-06,4.595039373287821e-05,4.595039373287821e-05,9.0
whakauaua,2.3517301973723122e-05,-2.2433091759155087e-05,1.0842102145680344e-06,4.595039373287821e-05,4.595039373287821e-05,9.0
whakauru,-0.0008660602957776709,0.0020653315275971783,0.0011992712318195074,-0.0029313918233748494,0.0029313918233748494,18.0
whakautu,-0.0006672123248921915,0.0025458082434574683,0.0018785959185652766,-0.00321302056834966,0.00321302056834966,18.0
whakaututanga,2.3517301973723122e-05,-2.2433091759155087e-05,1.0842102145680344e-06,4.595039373287821e-05,4.595039373287821e-05,9.0
whakawaiwai,-0.0003218475114592342,0.000614018969105212,0.00029217145764597784,-0.0009358664805644461,0.0009358664805644461,9.0
whakawehe,0.0007377642308133607,-0.0003518756680709162,0.0003858885627424445,0.001089639898884277,0.001089639898884277,10.0
whakawehewehe,2.3517301973723122e-05,-2.2433091759155087e-05,1.0842102145680344e-06,4.595039373287821e-05,4.595039373287821e-05,11.0
whakawhirinaki,2.3517301973723122e-05,-2.2433091759155087e-05,1.0842102145680344e-06,4.595039373287821e-05,4.595039373287821e-05,9.0
whakawhiriwhiri,-0.0003218475114592342,0.000614018969105212,0.00029217145764597784,-0.0009358664805644461,0.0009358664805644461,9.0
whakawhiti,0.0006766283007016842,-0.00043028929008500646,0.00024633901061667777,0.0011069175907866906,0.0011069175907866906,22.0
whakawhitiwhiti,-0.0003218475114592342,0.000614018969105212,0.00029217145764597784,-0.0009358664805644461,0.0009358664805644461,9.0
whakawhiu,0.0007377642308133607,-0.0003518756680709162,0.0003858885627424445,0.001089639898884277,0.001089639898884277,9.0
whakawhiwhi,2.3517301973723122e-05,-2.2433091759155087e-05,1.0842102145680344e-06,4.595039373287821e-05,4.595039373287821e-05,13.0
whakawhiwhinga,2.3517301973723122e-05,-2.2433091759155087e-05,1.0842102145680344e-06,4.595039373287821e-05,4.595039373287821e-05,9.0
whakawhānui,2.3517301973723122e-05,-2.2433091759155087e-05,1.0842102145680344e-06,4.595039373287821e-05,4.595039373287821e-05,13.0
whakawā,-0.0009460443069227956,0.006317004024695036,0.005370959717772241,-0.0072630483316178315,0.0072630483316178315,19.0
whakawāhihi,2.3517301973723122e-05,-2.2433091759155087e-05,1.0842102145680344e-06,4.595039373287821e-05,4.595039373287821e-05,8.0
whakawātea,-0.001334424649784383,0.0050916164869149365,0.0037571918371305532,-0.00642604113669932,0.00642604113669932,20.0
whanga,2.3517301973723122e-05,-2.2433091759155087e-05,1.0842102145680344e-06,4.595039373287821e-05,4.595039373287821e-05,11.0
whanga-nui-ā-tara,2.3517301973723122e-05,-2.2433091759155087e-05,1.0842102145680344e-06,4.595039373287821e-05,4.595039373287821e-05,10.0
whao,-0.0003218475114592342,0.000614018969105212,0.00029217145764597784,-0.0009358664805644461,0.0009358664805644461,9.0
whara,2.3517301973723122e-05,-2.2433091759155087e-05,1.0842102145680344e-06,4.595039373287821e-05,4.595039373287821e-05,10.0
whare,2.3517301973723122e-05,-2.2433091759155087e-05,1.0842102145680344e-06,4.595039373287821e-05,4.595039373287821e-05,23.0
wharekai,2.3517301973723122e-05,-2.2433091759155087e-05,1.0842102145680344e-06,4.595039373287821e-05,4.595039373287821e-05,9.0
whata-mangō,-0.0003218475114592342,0.000614018969105212,0.00029217145764597784,-0.0009358664805644461,0.0009358664805644461,9.0
whati,2.3517301973723122e-05,-2.2433091759155087e-05,1.0842102145680344e-06,4.595039373287821e-05,4.595039373287821e-05,9.0
whawhai,0.0006766283007016842,-0.00043028929008500646,0.00024633901061667777,0.0011069175907866906,0.0011069175907866906,18.0
whenua,2.3517301973723122e-05,-2.2433091759155087e-05,1.0842102145680344e-06,4.595039373287821e-05,4.595039373287821e-05,13.0
wherawhera,2.3517301973723122e-05,-2.2433091759155087e-05,1.0842102145680344e-06,4.595039373287821e-05,4.595039373287821e-05,9.0
whiri,0.0007377642308133607,-0.0003518756680709162,0.0003858885627424445,0.001089639898884277,0.001089639898884277,9.0
whirinaki,2.3517301973723122e-05,-2.2433091759155087e-05,1.0842102145680344e-06,4.595039373287821e-05,4.595039373287821e-05,9.0
whiriwhiri,-0.00125448437090198,0.015556440932130974,0.014301956561228995,-0.016810925303032954,0.016810925303032954,33.0
whiti,0.0007377642308133607,-0.0003518756680709162,0.0003858885627424445,0.001089639898884277,0.001089639898884277,14.0
whitu,2.3517301973723122e-05,-2.2433091759155087e-05,1.0842102145680344e-06,4.595039373287821e-05,4.595039373287821e-05,11.0
whiu,-0.0006436950229184683,0.001228037938210424,0.0005843429152919557,-0.0018717329611288923,0.0018717329611288923,18.0
whiwhi,0.0006766283007016842,-0.00043028929008500646,0.00024633901061667777,0.0011069175907866906,0.0011069175907866906,18.0
whoatu,-0.0003218475114592342,0.000614018969105212,0.00029217145764597784,-0.0009358664805644461,0.0009358664805644461,9.0
whā,2.3517301973723122e-05,-2.2433091759155087e-05,1.0842102145680344e-06,4.595039373287821e-05,4.595039373287821e-05,13.0
whāinga,2.3517301973723122e-05,-2.2433091759155087e-05,1.0842102145680344e-06,4.595039373287821e-05,4.595039373287821e-05,9.0
whāiti,2.3517301973723122e-05,-2.2433091759155087e-05,1.0842102145680344e-06,4.595039373287821e-05,4.595039373287821e-05,9.0
whāki,-0.0005238729763860724,0.0014991631135078624,0.00097529013712179,-0.002023036089893935,0.002023036089893935,10.0
whākīkī,2.3517301973723122e-05,-2.2433091759155087e-05,1.0842102145680344e-06,4.595039373287821e-05,4.595039373287821e-05,9.0
whānako,-0.0006672123248921915,0.0025458082434574683,0.0018785959185652766,-0.00321302056834966,0.00321302056834966,12.0
whānau,0.0017127227410005561,-0.0005445872213542643,0.001168135519646292,0.0022573099623548203,0.0022573099623548203,16.0
whānau-ā-rua-taupare,2.3517301973723122e-05,-2.2433091759155087e-05,1.0842102145680344e-06,4.595039373287821e-05,4.595039373287821e-05,9.0
whānautanga,2.3517301973723122e-05,-2.2433091759155087e-05,1.0842102145680344e-06,4.595039373287821e-05,4.595039373287821e-05,10.0
whāngai,-0.0022475195495095,0.02143902916285916,0.019191509613349658,-0.02368654871236866,0.02368654871236866,35.0
whānui,2.3517301973723122e-05,-2.2433091759155087e-05,1.0842102145680344e-06,4.595039373287821e-05,4.595039373287821e-05,9.0
whānuitanga,2.3517301973723122e-05,-2.2433091759155087e-05,1.0842102145680344e-06,4.595039373287821e-05,4.595039373287821e-05,11.0
whāriki,-0.0003218475114592342,0.000614018969105212,0.00029217145764597784,-0.0009358664805644461,0.0009358664805644461,12.0
whārua,2.3517301973723122e-05,-2.2433091759155087e-05,1.0842102145680344e-06,4.595039373287821e-05,4.595039373287821e-05,9.0
whāwhā,2.3517301973723122e-05,-2.2433091759155087e-05,1.0842102145680344e-06,4.595039373287821e-05,4.595039373287821e-05,10.0
whītiki,-0.0003218475114592342,0.000614018969105212,0.00029217145764597784,-0.0009358664805644461,0.0009358664805644461,9.0
wiki,2.3517301973723122e-05,-2.2433091759155087e-05,1.0842102145680344e-06,4.595039373287821e-05,4.595039373287821e-05,14.0
wikitōria,0.0006766283007016842,-0.00043028929008500646,0.00024633901061667777,0.0011069175907866906,0.0011069175907866906,15.0
wā,2.3517301973723122e-05,-2.2433091759155087e-05,1.0842102145680344e-06,4.595039373287821e-05,4.595039373287821e-05,77.0
wāhanga,2.3517301973723122e-05,-2.2433091759155087e-05,1.0842102145680344e-06,4.595039373287821e-05,4.595039373287821e-05,35.0
wāhi,0.0007377642308133607,-0.0003518756680709162,0.0003858885627424445,0.001089639898884277,0.001089639898884277,17.0
wānanga,-0.0005238729763860724,0.0014991631135078624,0.00097529013712179,-0.002023036089893935,0.002023036089893935,12.0
wāriu,2.3517301973723122e-05,-2.2433091759155087e-05,1.0842102145680344e-06,4.595039373287821e-05,4.595039373287821e-05,10.0
wātea,0.0017127227410005561,-0.0005445872213542643,0.001168135519646292,0.0022573099623548203,0.0022573099623548203,20.0
wāwāhi,0.0017127227410005561,-0.0005445872213542643,0.001168135519646292,0.0022573099623548203,0.0022573099623548203,10.0
wētahi,-0.0003218475114592342,0.000614018969105212,0.00029217145764597784,-0.0009358664805644461,0.0009358664805644461,9.0
{unclear,-0.0003218475114592342,0.000614018969105212,0.00029217145764597784,-0.0009358664805644461,0.0009358664805644461,12.0
{unclear},2.3517301973723122e-05,-2.2433091759155087e-05,1.0842102145680344e-06,4.595039373287821e-05,4.595039373287821e-05,9.0
āhei,0.005713975430717101,-0.0013626364887653545,0.004351338941951747,0.0070766119194824555,0.0070766119194824555,27.0
āhua,0.0040977717113023955,-0.0014658200732979873,0.0026319516380044084,0.005563591784600383,0.005563591784600383,88.0
āhuaranga,2.3517301973723122e-05,-2.2433091759155087e-05,1.0842102145680344e-06,4.595039373287821e-05,4.595039373287821e-05,17.0
āhuatanga,2.3517301973723122e-05,-2.2433091759155087e-05,1.0842102145680344e-06,4.595039373287821e-05,4.595039373287821e-05,29.0
āki,2.3517301973723122e-05,-2.2433091759155087e-05,1.0842102145680344e-06,4.595039373287821e-05,4.595039373287821e-05,12.0
ākuhata,2.3517301973723122e-05,-2.2433091759155087e-05,1.0842102145680344e-06,4.595039373287821e-05,4.595039373287821e-05,9.0
āmene,2.3517301973723122e-05,-2.2433091759155087e-05,1.0842102145680344e-06,4.595039373287821e-05,4.595039373287821e-05,9.0
āpiha,2.3517301973723122e-05,-2.2433091759155087e-05,1.0842102145680344e-06,4.595039373287821e-05,4.595039373287821e-05,9.0
āporo,2.3517301973723122e-05,-2.2433091759155087e-05,1.0842102145680344e-06,4.595039373287821e-05,4.595039373287821e-05,10.0
ārahi,-0.001334424649784383,0.0050916164869149365,0.0037571918371305532,-0.00642604113669932,0.00642604113669932,19.0
āta,-0.001846681951427523,0.0038753989963560284,0.0020287170449285056,-0.005722080947783551,0.005722080947783551,35.0
ātaahua,2.3517301973723122e-05,-2.2433091759155087e-05,1.0842102145680344e-06,4.595039373287821e-05,4.595039373287821e-05,11.0
āwanga,2.3517301973723122e-05,-2.2433091759155087e-05,1.0842102145680344e-06,4.595039373287821e-05,4.595039373287821e-05,9.0
āwangawanga,0.0007377642308133607,-0.0003518756680709162,0.0003858885627424445,0.001089639898884277,0.001089639898884277,17.0
āwherika,-0.0003218475114592342,0.000614018969105212,0.00029217145764597784,-0.0009358664805644461,0.0009358664805644461,9.0
āwhina,-0.0014166280681788253,0.02432371938737084,0.022907091319192014,-0.025740347455549668,0.025740347455549668,28.0
ōhākī,2.3517301973723122e-05,-2.2433091759155087e-05,1.0842102145680344e-06,4.595039373287821e-05,4.595039373287821e-05,9.0
ōrite,-0.0003218475114592342,0.000614018969105212,0.00029217145764597784,-0.0009358664805644461,0.0009358664805644461,17.0
ū,0.004533998682060993,-0.0012357055071831086,0.003298293174877884,0.005769704189244102,0.005769704189244102,22.0
ūkui,2.3517301973723122e-05,-2.2433091759155087e-05,1.0842102145680344e-06,4.595039373287821e-05,4.595039373287821e-05,9.0
