SubHead,kei.te,AE,Key,Diff,DiffAbs,Count
aha,0.0027556972933561706,-0.0006712428055347134,0.002084454487821457,0.003426940098890884,0.003426940098890884,16.0
ahi,1.2683171573242254e-05,-1.235765291119136e-05,3.255186620508938e-07,2.5040824484433614e-05,2.5040824484433614e-05,9.0
ahiahi,1.2683171573242254e-05,-1.235765291119136e-05,3.255186620508938e-07,2.5040824484433614e-05,2.5040824484433614e-05,11.0
aho,1.2683171573242254e-05,-1.235765291119136e-05,3.255186620508938e-07,2.5040824484433614e-05,2.5040824484433614e-05,9.0
ahu,0.0027556972933561706,-0.0006712428055347134,0.002084454487821457,0.003426940098890884,0.003426940098890884,16.0
ahurei,1.2683171573242254e-05,-1.235765291119136e-05,3.255186620508938e-07,2.5040824484433614e-05,2.5040824484433614e-05,9.0
aituā,1.2683171573242254e-05,-1.235765291119136e-05,3.255186620508938e-07,2.5040824484433614e-05,2.5040824484433614e-05,9.0
ako,-0.0024037971473035813,0.005464906378930036,0.003061109231626455,-0.007868703526233617,0.007868703526233617,51.0
amo,0.0007016074949122848,-0.0003418002292229524,0.0003598072656893324,0.0010434077241352371,0.0010434077241352371,9.0
amokapua,1.2683171573242254e-05,-1.235765291119136e-05,3.255186620508938e-07,2.5040824484433614e-05,2.5040824484433614e-05,9.0
ana,1.2683171573242254e-05,-1.235765291119136e-05,3.255186620508938e-07,2.5040824484433614e-05,2.5040824484433614e-05,9.0
anahera,1.2683171573242254e-05,-1.235765291119136e-05,3.255186620508938e-07,2.5040824484433614e-05,2.5040824484433614e-05,9.0
anga,1.2683171573242254e-05,-1.235765291119136e-05,3.255186620508938e-07,2.5040824484433614e-05,2.5040824484433614e-05,10.0
ao,1.2683171573242254e-05,-1.235765291119136e-05,3.255186620508938e-07,2.5040824484433614e-05,2.5040824484433614e-05,16.0
ara,1.2683171573242254e-05,-1.235765291119136e-05,3.255186620508938e-07,2.5040824484433614e-05,2.5040824484433614e-05,14.0
arataki,-0.0009365412913805691,0.006387532096630782,0.005450990805250213,-0.007324073388011351,0.007324073388011351,14.0
ariki,1.2683171573242254e-05,-1.235765291119136e-05,3.255186620508938e-07,2.5040824484433614e-05,2.5040824484433614e-05,9.0
aro,0.0027556972933561706,-0.0006712428055347134,0.002084454487821457,0.003426940098890884,0.003426940098890884,18.0
aroaro,1.2683171573242254e-05,-1.235765291119136e-05,3.255186620508938e-07,2.5040824484433614e-05,2.5040824484433614e-05,12.0
aroha,0.0016457748152096435,-0.0005345117825063005,0.001111263032703343,0.002180286597715944,0.002180286597715944,28.0
aronui,1.2683171573242254e-05,-1.235765291119136e-05,3.255186620508938e-07,2.5040824484433614e-05,2.5040824484433614e-05,9.0
ata,1.2683171573242254e-05,-1.235765291119136e-05,3.255186620508938e-07,2.5040824484433614e-05,2.5040824484433614e-05,11.0
atamira,1.2683171573242254e-05,-1.235765291119136e-05,3.255186620508938e-07,2.5040824484433614e-05,2.5040824484433614e-05,9.0
atatū,1.2683171573242254e-05,-1.235765291119136e-05,3.255186620508938e-07,2.5040824484433614e-05,2.5040824484433614e-05,10.0
atawhai,-0.000663557980192558,0.002586109998849323,0.001922552018656765,-0.0032496679790418813,0.0032496679790418813,12.0
aukati,-0.0005232252619233966,0.0015293894300517535,0.0010061641681283569,-0.0020526146919751503,0.0020526146919751503,10.0
awa,1.2683171573242254e-05,-1.235765291119136e-05,3.255186620508938e-07,2.5040824484433614e-05,2.5040824484433614e-05,12.0
awaawa,1.2683171573242254e-05,-1.235765291119136e-05,3.255186620508938e-07,2.5040824484433614e-05,2.5040824484433614e-05,9.0
awe,1.2683171573242254e-05,-1.235765291119136e-05,3.255186620508938e-07,2.5040824484433614e-05,2.5040824484433614e-05,12.0
awhi,-0.001327115960385116,0.005172219997698646,0.00384510403731353,-0.006499335958083763,0.006499335958083763,23.0
ceo,1.2683171573242254e-05,-1.235765291119136e-05,3.255186620508938e-07,2.5040824484433614e-05,2.5040824484433614e-05,9.0
children's,1.2683171573242254e-05,-1.235765291119136e-05,3.255186620508938e-07,2.5040824484433614e-05,2.5040824484433614e-05,9.0
community,1.2683171573242254e-05,-1.235765291119136e-05,3.255186620508938e-07,2.5040824484433614e-05,2.5040824484433614e-05,9.0
congress,1.2683171573242254e-05,-1.235765291119136e-05,3.255186620508938e-07,2.5040824484433614e-05,2.5040824484433614e-05,9.0
ea,1.2683171573242254e-05,-1.235765291119136e-05,3.255186620508938e-07,2.5040824484433614e-05,2.5040824484433614e-05,14.0
eke,-0.0003254374043096579,0.0006341698468011394,0.0003087324424914815,-0.0009596072511107972,0.0009596072511107972,38.0
ekenga,1.2683171573242254e-05,-1.235765291119136e-05,3.255186620508938e-07,2.5040824484433614e-05,2.5040824484433614e-05,9.0
haere,0.030520636983717136,-0.005625978069010648,0.024894658914706488,0.03614661505272779,0.03614661505272779,210.0
haeremaitanga,1.2683171573242254e-05,-1.235765291119136e-05,3.255186620508938e-07,2.5040824484433614e-05,2.5040824484433614e-05,9.0
haerenga,1.2683171573242254e-05,-1.235765291119136e-05,3.255186620508938e-07,2.5040824484433614e-05,2.5040824484433614e-05,11.0
hahae,1.2683171573242254e-05,-1.235765291119136e-05,3.255186620508938e-07,2.5040824484433614e-05,2.5040824484433614e-05,9.0
hahau,2.5366343146484508e-05,-2.471530582238272e-05,6.510373241017876e-07,5.008164896886723e-05,5.008164896886723e-05,10.0
hahu,1.2683171573242254e-05,-1.235765291119136e-05,3.255186620508938e-07,2.5040824484433614e-05,2.5040824484433614e-05,8.0
haina,-0.000663557980192558,0.002586109998849323,0.001922552018656765,-0.0032496679790418813,0.0032496679790418813,14.0
hainamana,1.2683171573242254e-05,-1.235765291119136e-05,3.255186620508938e-07,2.5040824484433614e-05,2.5040824484433614e-05,9.0
haki,1.2683171573242254e-05,-1.235765291119136e-05,3.255186620508938e-07,2.5040824484433614e-05,2.5040824484433614e-05,10.0
hanga,-0.0021182673908400713,0.01857511091302249,0.016456843522182418,-0.020693378303862562,0.020693378303862562,36.0
hangatanga,1.2683171573242254e-05,-1.235765291119136e-05,3.255186620508938e-07,2.5040824484433614e-05,2.5040824484433614e-05,9.0
hao,1.2683171573242254e-05,-1.235765291119136e-05,3.255186620508938e-07,2.5040824484433614e-05,2.5040824484433614e-05,9.0
hapū,1.2683171573242254e-05,-1.235765291119136e-05,3.255186620508938e-07,2.5040824484433614e-05,2.5040824484433614e-05,9.0
hara,1.2683171573242254e-05,-1.235765291119136e-05,3.255186620508938e-07,2.5040824484433614e-05,2.5040824484433614e-05,10.0
harakoa,0.0007016074949122848,-0.0003418002292229524,0.0003598072656893324,0.0010434077241352371,0.0010434077241352371,10.0
haramai,0.0021048224847368545,-0.0010254006876688573,0.0010794217970679972,0.003130223172405712,0.003130223172405712,38.0
hari,-0.002186895765390249,0.004616664460365188,0.0024297686949749393,-0.006803560225755437,0.006803560225755437,37.0
harikoa,0.0053202730857166885,-0.0008639543588180616,0.004456318726898627,0.00618422744453475,0.00618422744453475,16.0
haritanga,1.2683171573242254e-05,-1.235765291119136e-05,3.255186620508938e-07,2.5040824484433614e-05,2.5040824484433614e-05,9.0
harry,-0.0003254374043096579,0.0006341698468011394,0.0003087324424914815,-0.0009596072511107972,0.0009596072511107972,9.0
hau,1.2683171573242254e-05,-1.235765291119136e-05,3.255186620508938e-07,2.5040824484433614e-05,2.5040824484433614e-05,10.0
hauhau,-0.0003254374043096579,0.0006341698468011394,0.0003087324424914815,-0.0009596072511107972,0.0009596072511107972,10.0
haumi,1.2683171573242254e-05,-1.235765291119136e-05,3.255186620508938e-07,2.5040824484433614e-05,2.5040824484433614e-05,9.0
haunga,1.2683171573242254e-05,-1.235765291119136e-05,3.255186620508938e-07,2.5040824484433614e-05,2.5040824484433614e-05,11.0
hauora,1.2683171573242254e-05,-1.235765291119136e-05,3.255186620508938e-07,2.5040824484433614e-05,2.5040824484433614e-05,9.0
haurua,1.2683171573242254e-05,-1.235765291119136e-05,3.255186620508938e-07,2.5040824484433614e-05,2.5040824484433614e-05,9.0
hautū,-0.0007724084930287579,0.0037629216033958023,0.0029905131103670443,-0.00453533009642456,0.00453533009642456,12.0
heamana,1.2683171573242254e-05,-1.235765291119136e-05,3.255186620508938e-07,2.5040824484433614e-05,2.5040824484433614e-05,9.0
hei,1.2683171573242254e-05,-1.235765291119136e-05,3.255186620508938e-07,2.5040824484433614e-05,2.5040824484433614e-05,9.0
heke,0.0013093320133930177,-0.0007654364907193022,0.0005438955226737155,0.00207476850411232,0.00207476850411232,27.0
hemo,1.2683171573242254e-05,-1.235765291119136e-05,3.255186620508938e-07,2.5040824484433614e-05,2.5040824484433614e-05,9.0
here,0.0014032149898245696,-0.0006836004584459047,0.0007196145313786649,0.0020868154482704742,0.0020868154482704742,14.0
heri,0.0014032149898245696,-0.0006836004584459047,0.0007196145313786649,0.0020868154482704742,0.0020868154482704742,15.0
hia,1.2683171573242254e-05,-1.235765291119136e-05,3.255186620508938e-07,2.5040824484433614e-05,2.5040824484433614e-05,15.0
hiahia,0.017962504053055658,-0.002058998731199066,0.015903505321856592,0.020021502784254724,0.020021502784254724,63.0
hiakai,1.2683171573242254e-05,-1.235765291119136e-05,3.255186620508938e-07,2.5040824484433614e-05,2.5040824484433614e-05,9.0
hihiko,0.0016457748152096435,-0.0005345117825063005,0.001111263032703343,0.002180286597715944,0.002180286597715944,10.0
hika,1.2683171573242254e-05,-1.235765291119136e-05,3.255186620508938e-07,2.5040824484433614e-05,2.5040824484433614e-05,9.0
hiki,-0.0010016785560754582,0.007807760608192734,0.006806082052117276,-0.008809439164268193,0.008809439164268193,21.0
hiko,1.2683171573242254e-05,-1.235765291119136e-05,3.255186620508938e-07,2.5040824484433614e-05,2.5040824484433614e-05,9.0
hikuwai,1.2683171573242254e-05,-1.235765291119136e-05,3.255186620508938e-07,2.5040824484433614e-05,2.5040824484433614e-05,9.0
himalayas,1.2683171573242254e-05,-1.235765291119136e-05,3.255186620508938e-07,2.5040824484433614e-05,2.5040824484433614e-05,8.0
hinengaro,1.2683171573242254e-05,-1.235765291119136e-05,3.255186620508938e-07,2.5040824484433614e-05,2.5040824484433614e-05,9.0
hinga,1.2683171573242254e-05,-1.235765291119136e-05,3.255186620508938e-07,2.5040824484433614e-05,2.5040824484433614e-05,20.0
hingahinga,1.2683171573242254e-05,-1.235765291119136e-05,3.255186620508938e-07,2.5040824484433614e-05,2.5040824484433614e-05,9.0
hipa,1.2683171573242254e-05,-1.235765291119136e-05,3.255186620508938e-07,2.5040824484433614e-05,2.5040824484433614e-05,10.0
hira,1.2683171573242254e-05,-1.235765291119136e-05,3.255186620508938e-07,2.5040824484433614e-05,2.5040824484433614e-05,9.0
hiwi,1.2683171573242254e-05,-1.235765291119136e-05,3.255186620508938e-07,2.5040824484433614e-05,2.5040824484433614e-05,10.0
hoatu,-0.001397310367736458,0.0036305275714318616,0.0022332172036954034,-0.00502783793916832,0.00502783793916832,21.0
hoatuhanga,1.2683171573242254e-05,-1.235765291119136e-05,3.255186620508938e-07,2.5040824484433614e-05,2.5040824484433614e-05,9.0
hoe,1.2683171573242254e-05,-1.235765291119136e-05,3.255186620508938e-07,2.5040824484433614e-05,2.5040824484433614e-05,11.0
hohou,-0.0003254374043096579,0.0006341698468011394,0.0003087324424914815,-0.0009596072511107972,0.0009596072511107972,9.0
hoki,0.01493344040683472,-0.0019400223595697826,0.012993418047264936,0.0168734627664045,0.0168734627664045,108.0
hokinga,1.2683171573242254e-05,-1.235765291119136e-05,3.255186620508938e-07,2.5040824484433614e-05,2.5040824484433614e-05,9.0
hokitanga,1.2683171573242254e-05,-1.235765291119136e-05,3.255186620508938e-07,2.5040824484433614e-05,2.5040824484433614e-05,9.0
hoko,-0.00108293445736729,0.00168822481946992,0.0006052903621026301,-0.00277115927683721,0.00277115927683721,29.0
hokohoko,1.2683171573242254e-05,-1.235765291119136e-05,3.255186620508938e-07,2.5040824484433614e-05,2.5040824484433614e-05,9.0
homai,-0.0008613458378062968,0.005035434317974073,0.0041740884801677765,-0.00589678015578037,0.00589678015578037,17.0
hono,2.5366343146484508e-05,-2.471530582238272e-05,6.510373241017876e-07,5.008164896886723e-05,5.008164896886723e-05,13.0
hopu,-0.0003254374043096579,0.0006341698468011394,0.0003087324424914815,-0.0009596072511107972,0.0009596072511107972,12.0
hoputanga,1.2683171573242254e-05,-1.235765291119136e-05,3.255186620508938e-07,2.5040824484433614e-05,2.5040824484433614e-05,9.0
hora,0.0007016074949122848,-0.0003418002292229524,0.0003598072656893324,0.0010434077241352371,0.0010434077241352371,16.0
hore,1.2683171573242254e-05,-1.235765291119136e-05,3.255186620508938e-07,2.5040824484433614e-05,2.5040824484433614e-05,10.0
horo,1.2683171573242254e-05,-1.235765291119136e-05,3.255186620508938e-07,2.5040824484433614e-05,2.5040824484433614e-05,9.0
horoi,-0.0003254374043096579,0.0006341698468011394,0.0003087324424914815,-0.0009596072511107972,0.0009596072511107972,11.0
hou,1.2683171573242254e-05,-1.235765291119136e-05,3.255186620508938e-07,2.5040824484433614e-05,2.5040824484433614e-05,10.0
hua,-0.0003254374043096579,0.0006341698468011394,0.0003087324424914815,-0.0009596072511107972,0.0009596072511107972,20.0
huaki,0.0007016074949122848,-0.0003418002292229524,0.0003598072656893324,0.0010434077241352371,0.0010434077241352371,9.0
huarahi,1.2683171573242254e-05,-1.235765291119136e-05,3.255186620508938e-07,2.5040824484433614e-05,2.5040824484433614e-05,16.0
hui,0.008216359193775542,-0.0010006853818464744,0.007215673811929068,0.009217044575622016,0.009217044575622016,33.0
huihui,0.0016457748152096435,-0.0005345117825063005,0.001111263032703343,0.002180286597715944,0.002180286597715944,18.0
huihuinga,1.2683171573242254e-05,-1.235765291119136e-05,3.255186620508938e-07,2.5040824484433614e-05,2.5040824484433614e-05,9.0
huinga,0.0007016074949122848,-0.0003418002292229524,0.0003598072656893324,0.0010434077241352371,0.0010434077241352371,9.0
huna,1.2683171573242254e-05,-1.235765291119136e-05,3.255186620508938e-07,2.5040824484433614e-05,2.5040824484433614e-05,10.0
hunga,1.2683171573242254e-05,-1.235765291119136e-05,3.255186620508938e-07,2.5040824484433614e-05,2.5040824484433614e-05,13.0
hunuhunu,1.2683171573242254e-05,-1.235765291119136e-05,3.255186620508938e-07,2.5040824484433614e-05,2.5040824484433614e-05,9.0
hura,-0.0003254374043096579,0.0006341698468011394,0.0003087324424914815,-0.0009596072511107972,0.0009596072511107972,9.0
huratanga,1.2683171573242254e-05,-1.235765291119136e-05,3.255186620508938e-07,2.5040824484433614e-05,2.5040824484433614e-05,9.0
huri,0.003291549630419287,-0.001069023565012601,0.002222526065406686,0.004360573195431888,0.004360573195431888,52.0
huri-nui,1.2683171573242254e-05,-1.235765291119136e-05,3.255186620508938e-07,2.5040824484433614e-05,2.5040824484433614e-05,10.0
huritau,1.2683171573242254e-05,-1.235765291119136e-05,3.255186620508938e-07,2.5040824484433614e-05,2.5040824484433614e-05,9.0
huruhuru,1.2683171573242254e-05,-1.235765291119136e-05,3.255186620508938e-07,2.5040824484433614e-05,2.5040824484433614e-05,10.0
huti,-0.0003254374043096579,0.0006341698468011394,0.0003087324424914815,-0.0009596072511107972,0.0009596072511107972,10.0
hā,1.2683171573242254e-05,-1.235765291119136e-05,3.255186620508938e-07,2.5040824484433614e-05,2.5040824484433614e-05,9.0
hāhi,1.2683171573242254e-05,-1.235765291119136e-05,3.255186620508938e-07,2.5040824484433614e-05,2.5040824484433614e-05,9.0
hākari,1.2683171573242254e-05,-1.235765291119136e-05,3.255186620508938e-07,2.5040824484433614e-05,2.5040824484433614e-05,11.0
hākinakina,1.2683171573242254e-05,-1.235765291119136e-05,3.255186620508938e-07,2.5040824484433614e-05,2.5040824484433614e-05,9.0
hāmene,-0.000370209372080993,0.0005410617011164703,0.00017085232903547734,-0.0009112710731974633,0.0009112710731974633,11.0
hāngai,1.2683171573242254e-05,-1.235765291119136e-05,3.255186620508938e-07,2.5040824484433614e-05,2.5040824484433614e-05,15.0
hāpai,-0.0018007821221233608,0.011404668145101608,0.009603886022978247,-0.013205450267224968,0.013205450267224968,24.0
hāparangi,1.2683171573242254e-05,-1.235765291119136e-05,3.255186620508938e-07,2.5040824484433614e-05,2.5040824484433614e-05,9.0
hē,0.003988874180876212,-0.0007772996265015433,0.003211574554374669,0.004766173807377755,0.004766173807377755,21.0
hī,1.2683171573242254e-05,-1.235765291119136e-05,3.255186620508938e-07,2.5040824484433614e-05,2.5040824484433614e-05,9.0
hīkaka,0.0007016074949122848,-0.0003418002292229524,0.0003598072656893324,0.0010434077241352371,0.0010434077241352371,9.0
hīkoi,1.2683171573242254e-05,-1.235765291119136e-05,3.255186620508938e-07,2.5040824484433614e-05,2.5040824484433614e-05,15.0
hīkoitanga,1.2683171573242254e-05,-1.235765291119136e-05,3.255186620508938e-07,2.5040824484433614e-05,2.5040824484433614e-05,9.0
hōhipera,0.0007016074949122848,-0.0003418002292229524,0.0003598072656893324,0.0010434077241352371,0.0010434077241352371,11.0
hōhonutanga,1.2683171573242254e-05,-1.235765291119136e-05,3.255186620508938e-07,2.5040824484433614e-05,2.5040824484433614e-05,12.0
hōhā,0.0007016074949122848,-0.0003418002292229524,0.0003598072656893324,0.0010434077241352371,0.0010434077241352371,12.0
hōiho,1.2683171573242254e-05,-1.235765291119136e-05,3.255186620508938e-07,2.5040824484433614e-05,2.5040824484433614e-05,11.0
hōnore,1.2683171573242254e-05,-1.235765291119136e-05,3.255186620508938e-07,2.5040824484433614e-05,2.5040824484433614e-05,10.0
hōro,1.2683171573242254e-05,-1.235765291119136e-05,3.255186620508938e-07,2.5040824484433614e-05,2.5040824484433614e-05,9.0
hūmārie,1.2683171573242254e-05,-1.235765291119136e-05,3.255186620508938e-07,2.5040824484433614e-05,2.5040824484433614e-05,9.0
hūnuku,1.2683171573242254e-05,-1.235765291119136e-05,3.255186620508938e-07,2.5040824484433614e-05,2.5040824484433614e-05,9.0
hūpoki,-0.0003254374043096579,0.0006341698468011394,0.0003087324424914815,-0.0009596072511107972,0.0009596072511107972,10.0
ihi,1.2683171573242254e-05,-1.235765291119136e-05,3.255186620508938e-07,2.5040824484433614e-05,2.5040824484433614e-05,10.0
ihu,0.0007016074949122848,-0.0003418002292229524,0.0003598072656893324,0.0010434077241352371,0.0010434077241352371,11.0
ika,1.2683171573242254e-05,-1.235765291119136e-05,3.255186620508938e-07,2.5040824484433614e-05,2.5040824484433614e-05,10.0
ingarangi,-0.0003254374043096579,0.0006341698468011394,0.0003087324424914815,-0.0009596072511107972,0.0009596072511107972,9.0
ingoa,1.2683171573242254e-05,-1.235765291119136e-05,3.255186620508938e-07,2.5040824484433614e-05,2.5040824484433614e-05,26.0
inoi,-0.000370209372080993,0.0005410617011164703,0.00017085232903547734,-0.0009112710731974633,0.0009112710731974633,13.0
iri,1.2683171573242254e-05,-1.235765291119136e-05,3.255186620508938e-07,2.5040824484433614e-05,2.5040824484433614e-05,9.0
irāmutu,1.2683171573242254e-05,-1.235765291119136e-05,3.255186620508938e-07,2.5040824484433614e-05,2.5040824484433614e-05,9.0
iti,1.2683171573242254e-05,-1.235765291119136e-05,3.255186620508938e-07,2.5040824484433614e-05,2.5040824484433614e-05,9.0
itiiti,1.2683171573242254e-05,-1.235765291119136e-05,3.255186620508938e-07,2.5040824484433614e-05,2.5040824484433614e-05,9.0
iuniana,1.2683171573242254e-05,-1.235765291119136e-05,3.255186620508938e-07,2.5040824484433614e-05,2.5040824484433614e-05,9.0
iwa,1.2683171573242254e-05,-1.235765291119136e-05,3.255186620508938e-07,2.5040824484433614e-05,2.5040824484433614e-05,14.0
iwi,0.0016457748152096435,-0.0005345117825063005,0.001111263032703343,0.002180286597715944,0.002180286597715944,38.0
kaha,0.009760500347098681,-0.0010566659121014098,0.008703834434997271,0.010817166259200092,0.010817166259200092,66.0
kahurangi,1.2683171573242254e-05,-1.235765291119136e-05,3.255186620508938e-07,2.5040824484433614e-05,2.5040824484433614e-05,9.0
kai,-0.0005232252619233966,0.0015293894300517535,0.0010061641681283569,-0.0020526146919751503,0.0020526146919751503,24.0
kaiako,1.2683171573242254e-05,-1.235765291119136e-05,3.255186620508938e-07,2.5040824484433614e-05,2.5040824484433614e-05,11.0
kaiarataki,-0.0003254374043096579,0.0006341698468011394,0.0003087324424914815,-0.0009596072511107972,0.0009596072511107972,9.0
kaihautū,0.0007016074949122848,-0.0003418002292229524,0.0003598072656893324,0.0010434077241352371,0.0010434077241352371,11.0
kaikawe,1.2683171573242254e-05,-1.235765291119136e-05,3.255186620508938e-07,2.5040824484433614e-05,2.5040824484433614e-05,9.0
kaikōrero,1.2683171573242254e-05,-1.235765291119136e-05,3.255186620508938e-07,2.5040824484433614e-05,2.5040824484433614e-05,10.0
kaimahi,1.2683171573242254e-05,-1.235765291119136e-05,3.255186620508938e-07,2.5040824484433614e-05,2.5040824484433614e-05,9.0
kaitiaki,-0.0003254374043096579,0.0006341698468011394,0.0003087324424914815,-0.0009596072511107972,0.0009596072511107972,10.0
kaitohutohu,1.2683171573242254e-05,-1.235765291119136e-05,3.255186620508938e-07,2.5040824484433614e-05,2.5040824484433614e-05,9.0
kaitākaro,1.2683171573242254e-05,-1.235765291119136e-05,3.255186620508938e-07,2.5040824484433614e-05,2.5040824484433614e-05,9.0
kaiwhakahaere,-0.0005232252619233966,0.0015293894300517535,0.0010061641681283569,-0.0020526146919751503,0.0020526146919751503,12.0
kaiwhakairo,1.2683171573242254e-05,-1.235765291119136e-05,3.255186620508938e-07,2.5040824484433614e-05,2.5040824484433614e-05,9.0
kaiwhakatuwhera,1.2683171573242254e-05,-1.235765291119136e-05,3.255186620508938e-07,2.5040824484433614e-05,2.5040824484433614e-05,9.0
kaiwhakawā,1.2683171573242254e-05,-1.235765291119136e-05,3.255186620508938e-07,2.5040824484433614e-05,2.5040824484433614e-05,9.0
kaiārahi,1.2683171573242254e-05,-1.235765291119136e-05,3.255186620508938e-07,2.5040824484433614e-05,2.5040824484433614e-05,9.0
kakapa,1.2683171573242254e-05,-1.235765291119136e-05,3.255186620508938e-07,2.5040824484433614e-05,2.5040824484433614e-05,9.0
kake,1.2683171573242254e-05,-1.235765291119136e-05,3.255186620508938e-07,2.5040824484433614e-05,2.5040824484433614e-05,11.0
kamupene,0.0007016074949122848,-0.0003418002292229524,0.0003598072656893324,0.0010434077241352371,0.0010434077241352371,9.0
kanga,1.2683171573242254e-05,-1.235765291119136e-05,3.255186620508938e-07,2.5040824484433614e-05,2.5040824484433614e-05,9.0
kanohi,1.2683171573242254e-05,-1.235765291119136e-05,3.255186620508938e-07,2.5040824484433614e-05,2.5040824484433614e-05,10.0
kaokao,1.2683171573242254e-05,-1.235765291119136e-05,3.255186620508938e-07,2.5040824484433614e-05,2.5040824484433614e-05,9.0
kapi,-0.0003254374043096579,0.0006341698468011394,0.0003087324424914815,-0.0009596072511107972,0.0009596072511107972,11.0
kapo,2.5366343146484508e-05,-2.471530582238272e-05,6.510373241017876e-07,5.008164896886723e-05,5.008164896886723e-05,12.0
kara,1.2683171573242254e-05,-1.235765291119136e-05,3.255186620508938e-07,2.5040824484433614e-05,2.5040824484433614e-05,9.0
karakia,0.0016457748152096435,-0.0005345117825063005,0.001111263032703343,0.002180286597715944,0.002180286597715944,13.0
karanga,0.0012241271187392294,-0.000894532055637626,0.0003295950631016034,0.002118659174376855,0.002118659174376855,40.0
karapu,1.2683171573242254e-05,-1.235765291119136e-05,3.255186620508938e-07,2.5040824484433614e-05,2.5040824484433614e-05,9.0
karauna,1.2683171573242254e-05,-1.235765291119136e-05,3.255186620508938e-07,2.5040824484433614e-05,2.5040824484433614e-05,10.0
karawhiu,1.2683171573242254e-05,-1.235765291119136e-05,3.255186620508938e-07,2.5040824484433614e-05,2.5040824484433614e-05,8.0
karawhiuwhiu,0.0007016074949122848,-0.0003418002292229524,0.0003598072656893324,0.0010434077241352371,0.0010434077241352371,9.0
karikari,1.2683171573242254e-05,-1.235765291119136e-05,3.255186620508938e-07,2.5040824484433614e-05,2.5040824484433614e-05,9.0
karo,1.2683171573242254e-05,-1.235765291119136e-05,3.255186620508938e-07,2.5040824484433614e-05,2.5040824484433614e-05,9.0
kata,1.2683171573242254e-05,-1.235765291119136e-05,3.255186620508938e-07,2.5040824484433614e-05,2.5040824484433614e-05,9.0
katakata,0.0007016074949122848,-0.0003418002292229524,0.0003598072656893324,0.0010434077241352371,0.0010434077241352371,9.0
kati,-0.0003254374043096579,0.0006341698468011394,0.0003087324424914815,-0.0009596072511107972,0.0009596072511107972,12.0
kaua,1.2683171573242254e-05,-1.235765291119136e-05,3.255186620508938e-07,2.5040824484433614e-05,2.5040824484433614e-05,25.0
kauae,1.2683171573242254e-05,-1.235765291119136e-05,3.255186620508938e-07,2.5040824484433614e-05,2.5040824484433614e-05,9.0
kauaka,1.2683171573242254e-05,-1.235765291119136e-05,3.255186620508938e-07,2.5040824484433614e-05,2.5040824484433614e-05,9.0
kauhau,1.2683171573242254e-05,-1.235765291119136e-05,3.255186620508938e-07,2.5040824484433614e-05,2.5040824484433614e-05,11.0
kaumātua,1.2683171573242254e-05,-1.235765291119136e-05,3.255186620508938e-07,2.5040824484433614e-05,2.5040824484433614e-05,14.0
kaunihera,1.2683171573242254e-05,-1.235765291119136e-05,3.255186620508938e-07,2.5040824484433614e-05,2.5040824484433614e-05,11.0
kaupapa,1.2683171573242254e-05,-1.235765291119136e-05,3.255186620508938e-07,2.5040824484433614e-05,2.5040824484433614e-05,33.0
kaute,1.2683171573242254e-05,-1.235765291119136e-05,3.255186620508938e-07,2.5040824484433614e-05,2.5040824484433614e-05,9.0
kawa,0.0007016074949122848,-0.0003418002292229524,0.0003598072656893324,0.0010434077241352371,0.0010434077241352371,12.0
kawe,-0.0022162603013004913,0.010077102447294692,0.007860842145994201,-0.012293362748595183,0.012293362748595183,29.0
kawenata,1.2683171573242254e-05,-1.235765291119136e-05,3.255186620508938e-07,2.5040824484433614e-05,2.5040824484433614e-05,9.0
kereimi,1.2683171573242254e-05,-1.235765291119136e-05,3.255186620508938e-07,2.5040824484433614e-05,2.5040824484433614e-05,9.0
kerikeri,1.2683171573242254e-05,-1.235765291119136e-05,3.255186620508938e-07,2.5040824484433614e-05,2.5040824484433614e-05,9.0
kerēmu,-0.0003254374043096579,0.0006341698468011394,0.0003087324424914815,-0.0009596072511107972,0.0009596072511107972,9.0
kikī,1.2683171573242254e-05,-1.235765291119136e-05,3.255186620508938e-07,2.5040824484433614e-05,2.5040824484433614e-05,10.0
kimi,0.001999665379328773,-0.0011133389537273182,0.0008863264256014549,0.0031130043330560913,0.0031130043330560913,27.0
kimikimi,0.0007016074949122848,-0.0003418002292229524,0.0003598072656893324,0.0010434077241352371,0.0010434077241352371,9.0
kino,1.2683171573242254e-05,-1.235765291119136e-05,3.255186620508938e-07,2.5040824484433614e-05,2.5040824484433614e-05,9.0
kiore,1.2683171573242254e-05,-1.235765291119136e-05,3.255186620508938e-07,2.5040824484433614e-05,2.5040824484433614e-05,8.0
kiri,-0.0003254374043096579,0.0006341698468011394,0.0003087324424914815,-0.0009596072511107972,0.0009596072511107972,9.0
kite,0.028391735193736667,-0.0038155930999842773,0.02457614209375239,0.032207328293720944,0.032207328293720944,181.0
kitekite,1.2683171573242254e-05,-1.235765291119136e-05,3.255186620508938e-07,2.5040824484433614e-05,2.5040824484433614e-05,11.0
kitenga,1.2683171573242254e-05,-1.235765291119136e-05,3.255186620508938e-07,2.5040824484433614e-05,2.5040824484433614e-05,9.0
kitetanga,1.2683171573242254e-05,-1.235765291119136e-05,3.255186620508938e-07,2.5040824484433614e-05,2.5040824484433614e-05,9.0
koa,0.008216359193775542,-0.0010006853818464744,0.007215673811929068,0.009217044575622016,0.009217044575622016,17.0
koha,-0.0003254374043096579,0.0006341698468011394,0.0003087324424914815,-0.0009596072511107972,0.0009596072511107972,9.0
kohete,0.0007016074949122848,-0.0003418002292229524,0.0003598072656893324,0.0010434077241352371,0.0010434077241352371,9.0
kohi,-0.0005232252619233966,0.0015293894300517535,0.0010061641681283569,-0.0020526146919751503,0.0020526146919751503,13.0
kohinga,1.2683171573242254e-05,-1.235765291119136e-05,3.255186620508938e-07,2.5040824484433614e-05,2.5040824484433614e-05,9.0
kohukohu,1.2683171573242254e-05,-1.235765291119136e-05,3.255186620508938e-07,2.5040824484433614e-05,2.5040824484433614e-05,9.0
komiti,1.2683171573242254e-05,-1.235765291119136e-05,3.255186620508938e-07,2.5040824484433614e-05,2.5040824484433614e-05,11.0
konā,-0.0003254374043096579,0.0006341698468011394,0.0003087324424914815,-0.0009596072511107972,0.0009596072511107972,9.0
kore,0.0007016074949122848,-0.0003418002292229524,0.0003598072656893324,0.0010434077241352371,0.0010434077241352371,82.0
koretake,1.2683171573242254e-05,-1.235765291119136e-05,3.255186620508938e-07,2.5040824484433614e-05,2.5040824484433614e-05,9.0
korikori,0.0007016074949122848,-0.0003418002292229524,0.0003598072656893324,0.0010434077241352371,0.0010434077241352371,9.0
koroua,1.2683171573242254e-05,-1.235765291119136e-05,3.255186620508938e-07,2.5040824484433614e-05,2.5040824484433614e-05,9.0
korōria,1.2683171573242254e-05,-1.235765291119136e-05,3.255186620508938e-07,2.5040824484433614e-05,2.5040824484433614e-05,9.0
kotahi,0.0007016074949122848,-0.0003418002292229524,0.0003598072656893324,0.0010434077241352371,0.0010434077241352371,16.0
koti,1.2683171573242254e-05,-1.235765291119136e-05,3.255186620508938e-07,2.5040824484433614e-05,2.5040824484433614e-05,10.0
kotiti,0.0006314130875609429,-0.0004101384123890789,0.00022127467517186404,0.0010415514999500219,0.0010415514999500219,11.0
kuhu,-0.0003254374043096579,0.0006341698468011394,0.0003087324424914815,-0.0009596072511107972,0.0009596072511107972,16.0
kui,-0.0003254374043096579,0.0006341698468011394,0.0003087324424914815,-0.0009596072511107972,0.0009596072511107972,9.0
kuia,-0.0003254374043096579,0.0006341698468011394,0.0003087324424914815,-0.0009596072511107972,0.0009596072511107972,11.0
kuki,0.0007016074949122848,-0.0003418002292229524,0.0003598072656893324,0.0010434077241352371,0.0010434077241352371,9.0
kukume,0.0016457748152096435,-0.0005345117825063005,0.001111263032703343,0.002180286597715944,0.002180286597715944,10.0
kume,0.0007016074949122848,-0.0003418002292229524,0.0003598072656893324,0.0010434077241352371,0.0010434077241352371,11.0
kupu,1.2683171573242254e-05,-1.235765291119136e-05,3.255186620508938e-07,2.5040824484433614e-05,2.5040824484433614e-05,13.0
kura,0.0022982713014617112,-0.0008957141003795643,0.001402557201082147,0.0031939854018412754,0.0031939854018412754,26.0
kuti,1.2683171573242254e-05,-1.235765291119136e-05,3.255186620508938e-07,2.5040824484433614e-05,2.5040824484433614e-05,9.0
kā,1.2683171573242254e-05,-1.235765291119136e-05,3.255186620508938e-07,2.5040824484433614e-05,2.5040824484433614e-05,9.0
kāhaki,0.0016457748152096435,-0.0005345117825063005,0.001111263032703343,0.002180286597715944,0.002180286597715944,12.0
kāinga,0.0016457748152096435,-0.0005345117825063005,0.001111263032703343,0.002180286597715944,0.002180286597715944,15.0
kākahi,1.2683171573242254e-05,-1.235765291119136e-05,3.255186620508938e-07,2.5040824484433614e-05,2.5040824484433614e-05,9.0
kākahu,1.2683171573242254e-05,-1.235765291119136e-05,3.255186620508938e-07,2.5040824484433614e-05,2.5040824484433614e-05,9.0
kāpene,1.2683171573242254e-05,-1.235765291119136e-05,3.255186620508938e-07,2.5040824484433614e-05,2.5040824484433614e-05,9.0
kāpō,1.2683171573242254e-05,-1.235765291119136e-05,3.255186620508938e-07,2.5040824484433614e-05,2.5040824484433614e-05,9.0
kāreti,1.2683171573242254e-05,-1.235765291119136e-05,3.255186620508938e-07,2.5040824484433614e-05,2.5040824484433614e-05,9.0
kāwana,2.5366343146484508e-05,-2.471530582238272e-05,6.510373241017876e-07,5.008164896886723e-05,5.008164896886723e-05,16.0
kāwanatanga,0.0007016074949122848,-0.0003418002292229524,0.0003598072656893324,0.0010434077241352371,0.0010434077241352371,13.0
kēmu,1.2683171573242254e-05,-1.235765291119136e-05,3.255186620508938e-07,2.5040824484433614e-05,2.5040824484433614e-05,10.0
kī,-0.0022976918405265448,0.002984960882813318,0.0006872690422867734,-0.0052826527233398625,0.0052826527233398625,93.0
kōhatu,1.2683171573242254e-05,-1.235765291119136e-05,3.255186620508938e-07,2.5040824484433614e-05,2.5040824484433614e-05,11.0
kōhue,0.0007016074949122848,-0.0003418002292229524,0.0003598072656893324,0.0010434077241352371,0.0010434077241352371,9.0
kōhuru,-0.000663557980192558,0.002586109998849323,0.001922552018656765,-0.0032496679790418813,0.0032496679790418813,12.0
kōingo,1.2683171573242254e-05,-1.235765291119136e-05,3.255186620508938e-07,2.5040824484433614e-05,2.5040824484433614e-05,9.0
kōkiri,3.80495147197267e-05,-3.707295873357402e-05,9.76555986152678e-07,7.512247345330072e-05,7.512247345330072e-05,15.0
kōmihana,1.2683171573242254e-05,-1.235765291119136e-05,3.255186620508938e-07,2.5040824484433614e-05,2.5040824484433614e-05,9.0
kōrero,-0.007707709618275095,0.01415325078889539,0.006445541170620294,-0.021860960407170484,0.021860960407170484,166.0
kōrerorero,1.2683171573242254e-05,-1.235765291119136e-05,3.255186620508938e-07,2.5040824484433614e-05,2.5040824484433614e-05,11.0
kōti,1.2683171573242254e-05,-1.235765291119136e-05,3.255186620508938e-07,2.5040824484433614e-05,2.5040824484433614e-05,10.0
kūare,0.0007016074949122848,-0.0003418002292229524,0.0003598072656893324,0.0010434077241352371,0.0010434077241352371,9.0
maha,0.0014032149898245696,-0.0006836004584459047,0.0007196145313786649,0.0020868154482704742,0.0020868154482704742,28.0
mahara,0.003988874180876212,-0.0007772996265015433,0.003211574554374669,0.004766173807377755,0.004766173807377755,14.0
mahau,1.2683171573242254e-05,-1.235765291119136e-05,3.255186620508938e-07,2.5040824484433614e-05,2.5040824484433614e-05,9.0
mahi,-0.0019233468252591519,0.0023424792013909588,0.0004191323761318069,-0.00426582602665011,0.00426582602665011,124.0
mahue,0.0007016074949122848,-0.0003418002292229524,0.0003598072656893324,0.0010434077241352371,0.0010434077241352371,20.0
maka,0.0007016074949122848,-0.0003418002292229524,0.0003598072656893324,0.0010434077241352371,0.0010434077241352371,9.0
makere,1.2683171573242254e-05,-1.235765291119136e-05,3.255186620508938e-07,2.5040824484433614e-05,2.5040824484433614e-05,12.0
mamae,0.0016457748152096435,-0.0005345117825063005,0.001111263032703343,0.002180286597715944,0.002180286597715944,11.0
mana,0.0016457748152096435,-0.0005345117825063005,0.001111263032703343,0.002180286597715944,0.002180286597715944,43.0
manaaki,-0.0013972542713029355,0.02450507728663419,0.023107823015331253,-0.025902331557937124,0.025902331557937124,28.0
manako,1.2683171573242254e-05,-1.235765291119136e-05,3.255186620508938e-07,2.5040824484433614e-05,2.5040824484433614e-05,9.0
manatū,0.0007016074949122848,-0.0003418002292229524,0.0003598072656893324,0.0010434077241352371,0.0010434077241352371,9.0
manawa,0.0007016074949122848,-0.0003418002292229524,0.0003598072656893324,0.0010434077241352371,0.0010434077241352371,10.0
manawanui,1.2683171573242254e-05,-1.235765291119136e-05,3.255186620508938e-07,2.5040824484433614e-05,2.5040824484433614e-05,9.0
manene,0.0007016074949122848,-0.0003418002292229524,0.0003598072656893324,0.0010434077241352371,0.0010434077241352371,9.0
mano,1.2683171573242254e-05,-1.235765291119136e-05,3.255186620508938e-07,2.5040824484433614e-05,2.5040824484433614e-05,9.0
manu,1.2683171573242254e-05,-1.235765291119136e-05,3.255186620508938e-07,2.5040824484433614e-05,2.5040824484433614e-05,9.0
maoa,1.2683171573242254e-05,-1.235765291119136e-05,3.255186620508938e-07,2.5040824484433614e-05,2.5040824484433614e-05,10.0
marae,0.009760500347098681,-0.0010566659121014098,0.008703834434997271,0.010817166259200092,0.010817166259200092,29.0
marama,1.2683171573242254e-05,-1.235765291119136e-05,3.255186620508938e-07,2.5040824484433614e-05,2.5040824484433614e-05,15.0
marangai,0.0007016074949122848,-0.0003418002292229524,0.0003598072656893324,0.0010434077241352371,0.0010434077241352371,10.0
mareti,1.2683171573242254e-05,-1.235765291119136e-05,3.255186620508938e-07,2.5040824484433614e-05,2.5040824484433614e-05,9.0
maringi,1.2683171573242254e-05,-1.235765291119136e-05,3.255186620508938e-07,2.5040824484433614e-05,2.5040824484433614e-05,9.0
marino,0.0007016074949122848,-0.0003418002292229524,0.0003598072656893324,0.0010434077241352371,0.0010434077241352371,10.0
maroke,0.0007016074949122848,-0.0003418002292229524,0.0003598072656893324,0.0010434077241352371,0.0010434077241352371,9.0
maru,1.2683171573242254e-05,-1.235765291119136e-05,3.255186620508938e-07,2.5040824484433614e-05,2.5040824484433614e-05,12.0
marumaru,1.2683171573242254e-05,-1.235765291119136e-05,3.255186620508938e-07,2.5040824484433614e-05,2.5040824484433614e-05,9.0
mata,0.0007016074949122848,-0.0003418002292229524,0.0003598072656893324,0.0010434077241352371,0.0010434077241352371,14.0
mataara,1.2683171573242254e-05,-1.235765291119136e-05,3.255186620508938e-07,2.5040824484433614e-05,2.5040824484433614e-05,9.0
mataku,0.0016457748152096435,-0.0005345117825063005,0.001111263032703343,0.002180286597715944,0.002180286597715944,11.0
matatau,1.2683171573242254e-05,-1.235765291119136e-05,3.255186620508938e-07,2.5040824484433614e-05,2.5040824484433614e-05,12.0
mate,0.0027556972933561706,-0.0006712428055347134,0.002084454487821457,0.003426940098890884,0.003426940098890884,30.0
matemate,1.2683171573242254e-05,-1.235765291119136e-05,3.255186620508938e-07,2.5040824484433614e-05,2.5040824484433614e-05,9.0
matenga,1.2683171573242254e-05,-1.235765291119136e-05,3.255186620508938e-07,2.5040824484433614e-05,2.5040824484433614e-05,11.0
matetanga,1.2683171573242254e-05,-1.235765291119136e-05,3.255186620508938e-07,2.5040824484433614e-05,2.5040824484433614e-05,9.0
matua,1.2683171573242254e-05,-1.235765291119136e-05,3.255186620508938e-07,2.5040824484433614e-05,2.5040824484433614e-05,9.0
matā,1.2683171573242254e-05,-1.235765291119136e-05,3.255186620508938e-07,2.5040824484433614e-05,2.5040824484433614e-05,9.0
mau,0.005306507294522495,-0.0029933394909816453,0.00231316780354085,0.00829984678550414,0.00829984678550414,97.0
mauhere,1.2683171573242254e-05,-1.235765291119136e-05,3.255186620508938e-07,2.5040824484433614e-05,2.5040824484433614e-05,11.0
maumahara,0.0006314130875609429,-0.0004101384123890789,0.00022127467517186404,0.0010415514999500219,0.0010415514999500219,19.0
maunga,1.2683171573242254e-05,-1.235765291119136e-05,3.255186620508938e-07,2.5040824484433614e-05,2.5040824484433614e-05,11.0
mauri,1.2683171573242254e-05,-1.235765291119136e-05,3.255186620508938e-07,2.5040824484433614e-05,2.5040824484433614e-05,14.0
mea,7.60990294394534e-05,-7.414591746714805e-05,1.953111972305356e-06,0.00015024494690660145,0.00015024494690660145,126.0
meahia,1.2683171573242254e-05,-1.235765291119136e-05,3.255186620508938e-07,2.5040824484433614e-05,2.5040824484433614e-05,9.0
mema,-0.0003254374043096579,0.0006341698468011394,0.0003087324424914815,-0.0009596072511107972,0.0009596072511107972,11.0
memeha,1.2683171573242254e-05,-1.235765291119136e-05,3.255186620508938e-07,2.5040824484433614e-05,2.5040824484433614e-05,9.0
mene,1.2683171573242254e-05,-1.235765291119136e-05,3.255186620508938e-07,2.5040824484433614e-05,2.5040824484433614e-05,11.0
menetia,1.2683171573242254e-05,-1.235765291119136e-05,3.255186620508938e-07,2.5040824484433614e-05,2.5040824484433614e-05,9.0
mihi,0.036400789891478706,-0.0025333249347342253,0.03386746495674448,0.03893411482621293,0.03893411482621293,83.0
mimi,1.2683171573242254e-05,-1.235765291119136e-05,3.255186620508938e-07,2.5040824484433614e-05,2.5040824484433614e-05,9.0
minita,1.2683171573242254e-05,-1.235765291119136e-05,3.255186620508938e-07,2.5040824484433614e-05,2.5040824484433614e-05,14.0
miraka,1.2683171573242254e-05,-1.235765291119136e-05,3.255186620508938e-07,2.5040824484433614e-05,2.5040824484433614e-05,9.0
moana,1.2683171573242254e-05,-1.235765291119136e-05,3.255186620508938e-07,2.5040824484433614e-05,2.5040824484433614e-05,11.0
moe,2.5366343146484508e-05,-2.471530582238272e-05,6.510373241017876e-07,5.008164896886723e-05,5.008164896886723e-05,25.0
moemoe,-0.0003254374043096579,0.0006341698468011394,0.0003087324424914815,-0.0009596072511107972,0.0009596072511107972,9.0
moetanga,1.2683171573242254e-05,-1.235765291119136e-05,3.255186620508938e-07,2.5040824484433614e-05,2.5040824484433614e-05,9.0
momo,1.2683171573242254e-05,-1.235765291119136e-05,3.255186620508938e-07,2.5040824484433614e-05,2.5040824484433614e-05,8.0
moni,1.2683171573242254e-05,-1.235765291119136e-05,3.255186620508938e-07,2.5040824484433614e-05,2.5040824484433614e-05,9.0
moss,1.2683171573242254e-05,-1.235765291119136e-05,3.255186620508938e-07,2.5040824484433614e-05,2.5040824484433614e-05,9.0
motu,0.0007016074949122848,-0.0003418002292229524,0.0003598072656893324,0.0010434077241352371,0.0010434077241352371,11.0
moutere,0.0007016074949122848,-0.0003418002292229524,0.0003598072656893324,0.0010434077241352371,0.0010434077241352371,12.0
mua,0.0016457748152096435,-0.0005345117825063005,0.001111263032703343,0.002180286597715944,0.002180286597715944,10.0
mui,0.0007016074949122848,-0.0003418002292229524,0.0003598072656893324,0.0010434077241352371,0.0010434077241352371,11.0
muku,-0.0003254374043096579,0.0006341698468011394,0.0003087324424914815,-0.0009596072511107972,0.0009596072511107972,9.0
mura,1.2683171573242254e-05,-1.235765291119136e-05,3.255186620508938e-07,2.5040824484433614e-05,2.5040824484433614e-05,9.0
muru,-0.0007724084930287579,0.0037629216033958023,0.0029905131103670443,-0.00453533009642456,0.00453533009642456,14.0
murunga,1.2683171573242254e-05,-1.235765291119136e-05,3.255186620508938e-07,2.5040824484433614e-05,2.5040824484433614e-05,9.0
mutu,0.0007016074949122848,-0.0003418002292229524,0.0003598072656893324,0.0010434077241352371,0.0010434077241352371,58.0
mutunga,1.2683171573242254e-05,-1.235765291119136e-05,3.255186620508938e-07,2.5040824484433614e-05,2.5040824484433614e-05,19.0
mututanga,1.2683171573242254e-05,-1.235765291119136e-05,3.255186620508938e-07,2.5040824484433614e-05,2.5040824484433614e-05,11.0
māharahara,0.003988874180876212,-0.0007772996265015433,0.003211574554374669,0.004766173807377755,0.004766173807377755,12.0
māhita,1.2683171573242254e-05,-1.235765291119136e-05,3.255186620508938e-07,2.5040824484433614e-05,2.5040824484433614e-05,10.0
māia,1.2683171573242254e-05,-1.235765291119136e-05,3.255186620508938e-07,2.5040824484433614e-05,2.5040824484433614e-05,9.0
māmā,1.2683171573242254e-05,-1.235765291119136e-05,3.255186620508938e-07,2.5040824484433614e-05,2.5040824484433614e-05,11.0
māngai,0.0007016074949122848,-0.0003418002292229524,0.0003598072656893324,0.0010434077241352371,0.0010434077241352371,15.0
māngere,0.0007016074949122848,-0.0003418002292229524,0.0003598072656893324,0.0010434077241352371,0.0010434077241352371,9.0
māori,1.2683171573242254e-05,-1.235765291119136e-05,3.255186620508938e-07,2.5040824484433614e-05,2.5040824484433614e-05,13.0
māra,0.0007016074949122848,-0.0003418002292229524,0.0003598072656893324,0.0010434077241352371,0.0010434077241352371,9.0
mārakerake,0.0007016074949122848,-0.0003418002292229524,0.0003598072656893324,0.0010434077241352371,0.0010434077241352371,9.0
mārama,0.0027556972933561706,-0.0006712428055347134,0.002084454487821457,0.003426940098890884,0.003426940098890884,21.0
māramatanga,1.2683171573242254e-05,-1.235765291119136e-05,3.255186620508938e-07,2.5040824484433614e-05,2.5040824484433614e-05,9.0
mārena,1.2683171573242254e-05,-1.235765291119136e-05,3.255186620508938e-07,2.5040824484433614e-05,2.5040824484433614e-05,9.0
mārenatanga,1.2683171573242254e-05,-1.235765291119136e-05,3.255186620508938e-07,2.5040824484433614e-05,2.5040824484433614e-05,9.0
mārō,0.0007016074949122848,-0.0003418002292229524,0.0003598072656893324,0.0010434077241352371,0.0010434077241352371,9.0
mātakitaki,-0.0003254374043096579,0.0006341698468011394,0.0003087324424914815,-0.0009596072511107972,0.0009596072511107972,13.0
mātau,0.011358954120581426,-0.0011067422028133043,0.010252211917768123,0.01246569632339473,0.01246569632339473,29.0
mātauranga,1.2683171573242254e-05,-1.235765291119136e-05,3.255186620508938e-07,2.5040824484433614e-05,2.5040824484433614e-05,12.0
mātenga,1.2683171573242254e-05,-1.235765291119136e-05,3.255186620508938e-07,2.5040824484433614e-05,2.5040824484433614e-05,8.0
mātotoru,0.0007016074949122848,-0.0003418002292229524,0.0003598072656893324,0.0010434077241352371,0.0010434077241352371,11.0
mātua,-0.0003254374043096579,0.0006341698468011394,0.0003087324424914815,-0.0009596072511107972,0.0009596072511107972,9.0
māturuturu,1.2683171573242254e-05,-1.235765291119136e-05,3.255186620508938e-07,2.5040824484433614e-05,2.5040824484433614e-05,9.0
mātāmua,1.2683171573242254e-05,-1.235765291119136e-05,3.255186620508938e-07,2.5040824484433614e-05,2.5040824484433614e-05,9.0
māuiui,0.0016457748152096435,-0.0005345117825063005,0.001111263032703343,0.002180286597715944,0.002180286597715944,12.0
mīhana,1.2683171573242254e-05,-1.235765291119136e-05,3.255186620508938e-07,2.5040824484433614e-05,2.5040824484433614e-05,10.0
mīharo,1.2683171573242254e-05,-1.235765291119136e-05,3.255186620508938e-07,2.5040824484433614e-05,2.5040824484433614e-05,11.0
mōhio,0.052819205595226904,-0.003765627775325112,0.04905357781990179,0.056584833370552014,0.056584833370552014,149.0
mōhiotanga,1.2683171573242254e-05,-1.235765291119136e-05,3.255186620508938e-07,2.5040824484433614e-05,2.5040824484433614e-05,9.0
mōmona,1.2683171573242254e-05,-1.235765291119136e-05,3.255186620508938e-07,2.5040824484433614e-05,2.5040824484433614e-05,9.0
mōrehu,0.0007016074949122848,-0.0003418002292229524,0.0003598072656893324,0.0010434077241352371,0.0010434077241352371,9.0
nama,0.0007016074949122848,-0.0003418002292229524,0.0003598072656893324,0.0010434077241352371,0.0010434077241352371,10.0
neke,1.2683171573242254e-05,-1.235765291119136e-05,3.255186620508938e-07,2.5040824484433614e-05,2.5040824484433614e-05,13.0
nekenga,1.2683171573242254e-05,-1.235765291119136e-05,3.255186620508938e-07,2.5040824484433614e-05,2.5040824484433614e-05,9.0
new,1.2683171573242254e-05,-1.235765291119136e-05,3.255186620508938e-07,2.5040824484433614e-05,2.5040824484433614e-05,9.0
ngahere,1.2683171573242254e-05,-1.235765291119136e-05,3.255186620508938e-07,2.5040824484433614e-05,2.5040824484433614e-05,9.0
ngahorotanga,1.2683171573242254e-05,-1.235765291119136e-05,3.255186620508938e-07,2.5040824484433614e-05,2.5040824484433614e-05,8.0
ngangaeore,1.2683171573242254e-05,-1.235765291119136e-05,3.255186620508938e-07,2.5040824484433614e-05,2.5040824484433614e-05,9.0
ngaro,0.0007016074949122848,-0.0003418002292229524,0.0003598072656893324,0.0010434077241352371,0.0010434077241352371,23.0
ngaronga,1.2683171573242254e-05,-1.235765291119136e-05,3.255186620508938e-07,2.5040824484433614e-05,2.5040824484433614e-05,10.0
ngarongaro,0.0007016074949122848,-0.0003418002292229524,0.0003598072656893324,0.0010434077241352371,0.0010434077241352371,9.0
ngatari,1.2683171573242254e-05,-1.235765291119136e-05,3.255186620508938e-07,2.5040824484433614e-05,2.5040824484433614e-05,9.0
ngau,-0.0003254374043096579,0.0006341698468011394,0.0003087324424914815,-0.0009596072511107972,0.0009596072511107972,9.0
ngenge,1.2683171573242254e-05,-1.235765291119136e-05,3.255186620508938e-07,2.5040824484433614e-05,2.5040824484433614e-05,9.0
ngoikore,1.2683171573242254e-05,-1.235765291119136e-05,3.255186620508938e-07,2.5040824484433614e-05,2.5040824484433614e-05,10.0
ngunguru,1.2683171573242254e-05,-1.235765291119136e-05,3.255186620508938e-07,2.5040824484433614e-05,2.5040824484433614e-05,9.0
ngākau,1.2683171573242254e-05,-1.235765291119136e-05,3.255186620508938e-07,2.5040824484433614e-05,2.5040824484433614e-05,13.0
ngākaunui,1.2683171573242254e-05,-1.235765291119136e-05,3.255186620508938e-07,2.5040824484433614e-05,2.5040824484433614e-05,11.0
ngāwari,1.2683171573242254e-05,-1.235765291119136e-05,3.255186620508938e-07,2.5040824484433614e-05,2.5040824484433614e-05,11.0
ngōki,1.2683171573242254e-05,-1.235765291119136e-05,3.255186620508938e-07,2.5040824484433614e-05,2.5040824484433614e-05,10.0
ngū,0.0007016074949122848,-0.0003418002292229524,0.0003598072656893324,0.0010434077241352371,0.0010434077241352371,9.0
niho,1.2683171573242254e-05,-1.235765291119136e-05,3.255186620508938e-07,2.5040824484433614e-05,2.5040824484433614e-05,9.0
niupepa,1.2683171573242254e-05,-1.235765291119136e-05,3.255186620508938e-07,2.5040824484433614e-05,2.5040824484433614e-05,9.0
noho,0.019944370904381063,-0.003886498132507716,0.016057872771873347,0.023830869036888778,0.023830869036888778,134.0
nohonga,1.2683171573242254e-05,-1.235765291119136e-05,3.255186620508938e-07,2.5040824484433614e-05,2.5040824484433614e-05,9.0
nohonoho,1.2683171573242254e-05,-1.235765291119136e-05,3.255186620508938e-07,2.5040824484433614e-05,2.5040824484433614e-05,9.0
nohopuku,0.0016457748152096435,-0.0005345117825063005,0.001111263032703343,0.002180286597715944,0.002180286597715944,10.0
nohotanga,1.2683171573242254e-05,-1.235765291119136e-05,3.255186620508938e-07,2.5040824484433614e-05,2.5040824484433614e-05,9.0
nui,0.0007016074949122848,-0.0003418002292229524,0.0003598072656893324,0.0010434077241352371,0.0010434077241352371,40.0
nuinga,1.2683171573242254e-05,-1.235765291119136e-05,3.255186620508938e-07,2.5040824484433614e-05,2.5040824484433614e-05,23.0
nuku,1.2683171573242254e-05,-1.235765291119136e-05,3.255186620508938e-07,2.5040824484433614e-05,2.5040824484433614e-05,12.0
nzei,1.2683171573242254e-05,-1.235765291119136e-05,3.255186620508938e-07,2.5040824484433614e-05,2.5040824484433614e-05,9.0
oati,1.2683171573242254e-05,-1.235765291119136e-05,3.255186620508938e-07,2.5040824484433614e-05,2.5040824484433614e-05,9.0
oho,0.0007016074949122848,-0.0003418002292229524,0.0003598072656893324,0.0010434077241352371,0.0010434077241352371,10.0
ohooho,0.0016457748152096435,-0.0005345117825063005,0.001111263032703343,0.002180286597715944,0.002180286597715944,11.0
ohorere,-0.0003254374043096579,0.0006341698468011394,0.0003087324424914815,-0.0009596072511107972,0.0009596072511107972,10.0
ohoreretanga,1.2683171573242254e-05,-1.235765291119136e-05,3.255186620508938e-07,2.5040824484433614e-05,2.5040824484433614e-05,9.0
okioki,1.2683171573242254e-05,-1.235765291119136e-05,3.255186620508938e-07,2.5040824484433614e-05,2.5040824484433614e-05,10.0
oma,0.0016457748152096435,-0.0005345117825063005,0.001111263032703343,0.002180286597715944,0.002180286597715944,12.0
one,0.0007016074949122848,-0.0003418002292229524,0.0003598072656893324,0.0010434077241352371,0.0010434077241352371,9.0
onepū,1.2683171573242254e-05,-1.235765291119136e-05,3.255186620508938e-07,2.5040824484433614e-05,2.5040824484433614e-05,9.0
ono,1.2683171573242254e-05,-1.235765291119136e-05,3.255186620508938e-07,2.5040824484433614e-05,2.5040824484433614e-05,19.0
ope,1.2683171573242254e-05,-1.235765291119136e-05,3.255186620508938e-07,2.5040824484433614e-05,2.5040824484433614e-05,9.0
ora,0.0014032149898245696,-0.0006836004584459047,0.0007196145313786649,0.0020868154482704742,0.0020868154482704742,111.0
oranga,-0.0003254374043096579,0.0006341698468011394,0.0003087324424914815,-0.0009596072511107972,0.0009596072511107972,9.0
otaota,1.2683171573242254e-05,-1.235765291119136e-05,3.255186620508938e-07,2.5040824484433614e-05,2.5040824484433614e-05,9.0
oti,-0.0005232252619233966,0.0015293894300517535,0.0010061641681283569,-0.0020526146919751503,0.0020526146919751503,43.0
packhouse,1.2683171573242254e-05,-1.235765291119136e-05,3.255186620508938e-07,2.5040824484433614e-05,2.5040824484433614e-05,9.0
pae,1.2683171573242254e-05,-1.235765291119136e-05,3.255186620508938e-07,2.5040824484433614e-05,2.5040824484433614e-05,9.0
paera,1.2683171573242254e-05,-1.235765291119136e-05,3.255186620508938e-07,2.5040824484433614e-05,2.5040824484433614e-05,9.0
pahemo,1.2683171573242254e-05,-1.235765291119136e-05,3.255186620508938e-07,2.5040824484433614e-05,2.5040824484433614e-05,9.0
pahure,1.2683171573242254e-05,-1.235765291119136e-05,3.255186620508938e-07,2.5040824484433614e-05,2.5040824484433614e-05,9.0
pahū,1.2683171573242254e-05,-1.235765291119136e-05,3.255186620508938e-07,2.5040824484433614e-05,2.5040824484433614e-05,9.0
pahūtanga,1.2683171573242254e-05,-1.235765291119136e-05,3.255186620508938e-07,2.5040824484433614e-05,2.5040824484433614e-05,9.0
pai,0.029395986164056354,-0.0023867938702596455,0.02700919229379671,0.031782780034316,0.031782780034316,88.0
paihana,1.2683171573242254e-05,-1.235765291119136e-05,3.255186620508938e-07,2.5040824484433614e-05,2.5040824484433614e-05,9.0
paiheneti,1.2683171573242254e-05,-1.235765291119136e-05,3.255186620508938e-07,2.5040824484433614e-05,2.5040824484433614e-05,8.0
paihere,1.2683171573242254e-05,-1.235765291119136e-05,3.255186620508938e-07,2.5040824484433614e-05,2.5040824484433614e-05,10.0
pakanga,0.0006314130875609429,-0.0004101384123890789,0.00022127467517186404,0.0010415514999500219,0.0010415514999500219,16.0
pakari,0.0007016074949122848,-0.0003418002292229524,0.0003598072656893324,0.0010434077241352371,0.0010434077241352371,17.0
pakaru,1.2683171573242254e-05,-1.235765291119136e-05,3.255186620508938e-07,2.5040824484433614e-05,2.5040824484433614e-05,13.0
pakeke,1.2683171573242254e-05,-1.235765291119136e-05,3.255186620508938e-07,2.5040824484433614e-05,2.5040824484433614e-05,14.0
paki,1.2683171573242254e-05,-1.235765291119136e-05,3.255186620508938e-07,2.5040824484433614e-05,2.5040824484433614e-05,9.0
paku,1.2683171573242254e-05,-1.235765291119136e-05,3.255186620508938e-07,2.5040824484433614e-05,2.5040824484433614e-05,9.0
pakupaku,1.2683171573242254e-05,-1.235765291119136e-05,3.255186620508938e-07,2.5040824484433614e-05,2.5040824484433614e-05,9.0
pana,1.2683171573242254e-05,-1.235765291119136e-05,3.255186620508938e-07,2.5040824484433614e-05,2.5040824484433614e-05,14.0
panga,-0.0003254374043096579,0.0006341698468011394,0.0003087324424914815,-0.0009596072511107972,0.0009596072511107972,9.0
pangapanga,1.2683171573242254e-05,-1.235765291119136e-05,3.255186620508938e-07,2.5040824484433614e-05,2.5040824484433614e-05,9.0
pango,1.2683171573242254e-05,-1.235765291119136e-05,3.255186620508938e-07,2.5040824484433614e-05,2.5040824484433614e-05,9.0
paoho,0.0007016074949122848,-0.0003418002292229524,0.0003598072656893324,0.0010434077241352371,0.0010434077241352371,11.0
paopao,-0.0003254374043096579,0.0006341698468011394,0.0003087324424914815,-0.0009596072511107972,0.0009596072511107972,9.0
papa,0.0007016074949122848,-0.0003418002292229524,0.0003598072656893324,0.0010434077241352371,0.0010434077241352371,12.0
papahoro,1.2683171573242254e-05,-1.235765291119136e-05,3.255186620508938e-07,2.5040824484433614e-05,2.5040824484433614e-05,9.0
papaoro,1.2683171573242254e-05,-1.235765291119136e-05,3.255186620508938e-07,2.5040824484433614e-05,2.5040824484433614e-05,9.0
para,-0.0006508748086193158,0.0012683396936022787,0.000617464884982963,-0.0019192145022215944,0.0019192145022215944,12.0
parau,-0.0003254374043096579,0.0006341698468011394,0.0003087324424914815,-0.0009596072511107972,0.0009596072511107972,9.0
pare,-0.0003254374043096579,0.0006341698468011394,0.0003087324424914815,-0.0009596072511107972,0.0009596072511107972,11.0
parekuratanga,1.2683171573242254e-05,-1.235765291119136e-05,3.255186620508938e-07,2.5040824484433614e-05,2.5040824484433614e-05,9.0
paru,0.0007016074949122848,-0.0003418002292229524,0.0003598072656893324,0.0010434077241352371,0.0010434077241352371,10.0
patapatai,-0.0003254374043096579,0.0006341698468011394,0.0003087324424914815,-0.0009596072511107972,0.0009596072511107972,9.0
patu,-0.000663557980192558,0.002586109998849323,0.001922552018656765,-0.0032496679790418813,0.0032496679790418813,17.0
patunga,1.2683171573242254e-05,-1.235765291119136e-05,3.255186620508938e-07,2.5040824484433614e-05,2.5040824484433614e-05,9.0
pau,1.2683171573242254e-05,-1.235765291119136e-05,3.255186620508938e-07,2.5040824484433614e-05,2.5040824484433614e-05,21.0
paunga,1.2683171573242254e-05,-1.235765291119136e-05,3.255186620508938e-07,2.5040824484433614e-05,2.5040824484433614e-05,9.0
pei,-0.0003254374043096579,0.0006341698468011394,0.0003087324424914815,-0.0009596072511107972,0.0009596072511107972,9.0
peita,1.2683171573242254e-05,-1.235765291119136e-05,3.255186620508938e-07,2.5040824484433614e-05,2.5040824484433614e-05,9.0
peka,1.2683171573242254e-05,-1.235765291119136e-05,3.255186620508938e-07,2.5040824484433614e-05,2.5040824484433614e-05,10.0
pekanga,1.2683171573242254e-05,-1.235765291119136e-05,3.255186620508938e-07,2.5040824484433614e-05,2.5040824484433614e-05,9.0
peke,1.2683171573242254e-05,-1.235765291119136e-05,3.255186620508938e-07,2.5040824484433614e-05,2.5040824484433614e-05,8.0
pekepeke,1.2683171573242254e-05,-1.235765291119136e-05,3.255186620508938e-07,2.5040824484433614e-05,2.5040824484433614e-05,9.0
penu,1.2683171573242254e-05,-1.235765291119136e-05,3.255186620508938e-07,2.5040824484433614e-05,2.5040824484433614e-05,9.0
pepa,1.2683171573242254e-05,-1.235765291119136e-05,3.255186620508938e-07,2.5040824484433614e-05,2.5040824484433614e-05,9.0
petihana,-0.0003254374043096579,0.0006341698468011394,0.0003087324424914815,-0.0009596072511107972,0.0009596072511107972,9.0
piki,0.0014032149898245696,-0.0006836004584459047,0.0007196145313786649,0.0020868154482704742,0.0020868154482704742,25.0
pioi,1.2683171573242254e-05,-1.235765291119136e-05,3.255186620508938e-07,2.5040824484433614e-05,2.5040824484433614e-05,9.0
pirau,1.2683171573242254e-05,-1.235765291119136e-05,3.255186620508938e-07,2.5040824484433614e-05,2.5040824484433614e-05,9.0
piri,1.2683171573242254e-05,-1.235765291119136e-05,3.255186620508938e-07,2.5040824484433614e-05,2.5040824484433614e-05,9.0
pirimia,1.2683171573242254e-05,-1.235765291119136e-05,3.255186620508938e-07,2.5040824484433614e-05,2.5040824484433614e-05,12.0
piriti,1.2683171573242254e-05,-1.235765291119136e-05,3.255186620508938e-07,2.5040824484433614e-05,2.5040824484433614e-05,9.0
piro,1.2683171573242254e-05,-1.235765291119136e-05,3.255186620508938e-07,2.5040824484433614e-05,2.5040824484433614e-05,10.0
pito,1.2683171573242254e-05,-1.235765291119136e-05,3.255186620508938e-07,2.5040824484433614e-05,2.5040824484433614e-05,12.0
piu,1.2683171573242254e-05,-1.235765291119136e-05,3.255186620508938e-07,2.5040824484433614e-05,2.5040824484433614e-05,9.0
poari,1.2683171573242254e-05,-1.235765291119136e-05,3.255186620508938e-07,2.5040824484433614e-05,2.5040824484433614e-05,15.0
poho,1.2683171573242254e-05,-1.235765291119136e-05,3.255186620508938e-07,2.5040824484433614e-05,2.5040824484433614e-05,9.0
poipoi,-0.0005232252619233966,0.0015293894300517535,0.0010061641681283569,-0.0020526146919751503,0.0020526146919751503,13.0
poitūkohu,1.2683171573242254e-05,-1.235765291119136e-05,3.255186620508938e-07,2.5040824484433614e-05,2.5040824484433614e-05,9.0
poka,1.2683171573242254e-05,-1.235765291119136e-05,3.255186620508938e-07,2.5040824484433614e-05,2.5040824484433614e-05,9.0
poke,1.2683171573242254e-05,-1.235765291119136e-05,3.255186620508938e-07,2.5040824484433614e-05,2.5040824484433614e-05,9.0
policy,1.2683171573242254e-05,-1.235765291119136e-05,3.255186620508938e-07,2.5040824484433614e-05,2.5040824484433614e-05,9.0
pono,1.2683171573242254e-05,-1.235765291119136e-05,3.255186620508938e-07,2.5040824484433614e-05,2.5040824484433614e-05,9.0
pononga,1.2683171573242254e-05,-1.235765291119136e-05,3.255186620508938e-07,2.5040824484433614e-05,2.5040824484433614e-05,9.0
pou,1.2683171573242254e-05,-1.235765291119136e-05,3.255186620508938e-07,2.5040824484433614e-05,2.5040824484433614e-05,9.0
pouaka,1.2683171573242254e-05,-1.235765291119136e-05,3.255186620508938e-07,2.5040824484433614e-05,2.5040824484433614e-05,9.0
poutokomanawa,1.2683171573242254e-05,-1.235765291119136e-05,3.255186620508938e-07,2.5040824484433614e-05,2.5040824484433614e-05,10.0
pretty,1.2683171573242254e-05,-1.235765291119136e-05,3.255186620508938e-07,2.5040824484433614e-05,2.5040824484433614e-05,9.0
pua,1.2683171573242254e-05,-1.235765291119136e-05,3.255186620508938e-07,2.5040824484433614e-05,2.5040824484433614e-05,9.0
puaki,1.2683171573242254e-05,-1.235765291119136e-05,3.255186620508938e-07,2.5040824484433614e-05,2.5040824484433614e-05,9.0
puare,1.2683171573242254e-05,-1.235765291119136e-05,3.255186620508938e-07,2.5040824484433614e-05,2.5040824484433614e-05,9.0
puea,1.2683171573242254e-05,-1.235765291119136e-05,3.255186620508938e-07,2.5040824484433614e-05,2.5040824484433614e-05,9.0
puihi,1.2683171573242254e-05,-1.235765291119136e-05,3.255186620508938e-07,2.5040824484433614e-05,2.5040824484433614e-05,8.0
pukapuka,1.2683171573242254e-05,-1.235765291119136e-05,3.255186620508938e-07,2.5040824484433614e-05,2.5040824484433614e-05,9.0
puku,0.0007016074949122848,-0.0003418002292229524,0.0003598072656893324,0.0010434077241352371,0.0010434077241352371,11.0
puna,1.2683171573242254e-05,-1.235765291119136e-05,3.255186620508938e-07,2.5040824484433614e-05,2.5040824484433614e-05,9.0
pupuhi,0.0007016074949122848,-0.0003418002292229524,0.0003598072656893324,0.0010434077241352371,0.0010434077241352371,9.0
pupuri,0.0006097230981046866,-0.0004950619261385486,0.000114661171966138,0.0011047850242432353,0.0011047850242432353,25.0
pupuru,1.2683171573242254e-05,-1.235765291119136e-05,3.255186620508938e-07,2.5040824484433614e-05,2.5040824484433614e-05,9.0
pupū,0.0007016074949122848,-0.0003418002292229524,0.0003598072656893324,0.0010434077241352371,0.0010434077241352371,12.0
purei,0.0016457748152096435,-0.0005345117825063005,0.001111263032703343,0.002180286597715944,0.002180286597715944,15.0
puri,0.0016457748152096435,-0.0005345117825063005,0.001111263032703343,0.002180286597715944,0.002180286597715944,11.0
puru,0.0007016074949122848,-0.0003418002292229524,0.0003598072656893324,0.0010434077241352371,0.0010434077241352371,15.0
puruheka,1.2683171573242254e-05,-1.235765291119136e-05,3.255186620508938e-07,2.5040824484433614e-05,2.5040824484433614e-05,9.0
puta,0.0013093320133930177,-0.0007654364907193022,0.0005438955226737155,0.00207476850411232,0.00207476850411232,104.0
putanga,1.2683171573242254e-05,-1.235765291119136e-05,3.255186620508938e-07,2.5040824484433614e-05,2.5040824484433614e-05,11.0
putaputa,1.2683171573242254e-05,-1.235765291119136e-05,3.255186620508938e-07,2.5040824484433614e-05,2.5040824484433614e-05,11.0
puāwai,1.2683171573242254e-05,-1.235765291119136e-05,3.255186620508938e-07,2.5040824484433614e-05,2.5040824484433614e-05,13.0
pā,0.004366509410509074,-0.0012155546294871811,0.003150954781021893,0.005582064039996255,0.005582064039996255,161.0
pākaitore,-0.0003254374043096579,0.0006341698468011394,0.0003087324424914815,-0.0009596072511107972,0.0009596072511107972,9.0
pākarukaru,1.2683171573242254e-05,-1.235765291119136e-05,3.255186620508938e-07,2.5040824484433614e-05,2.5040824484433614e-05,8.0
pākehā,1.2683171573242254e-05,-1.235765291119136e-05,3.255186620508938e-07,2.5040824484433614e-05,2.5040824484433614e-05,10.0
pānga,1.2683171573242254e-05,-1.235765291119136e-05,3.255186620508938e-07,2.5040824484433614e-05,2.5040824484433614e-05,9.0
pānui,-0.0003254374043096579,0.0006341698468011394,0.0003087324424914815,-0.0009596072511107972,0.0009596072511107972,17.0
pānuitanga,1.2683171573242254e-05,-1.235765291119136e-05,3.255186620508938e-07,2.5040824484433614e-05,2.5040824484433614e-05,9.0
pāpaku,-0.0003254374043096579,0.0006341698468011394,0.0003087324424914815,-0.0009596072511107972,0.0009596072511107972,9.0
pāpā,1.2683171573242254e-05,-1.235765291119136e-05,3.255186620508938e-07,2.5040824484433614e-05,2.5040824484433614e-05,10.0
pāpāhi,0.0007016074949122848,-0.0003418002292229524,0.0003598072656893324,0.0010434077241352371,0.0010434077241352371,9.0
pātai,-0.0003254374043096579,0.0006341698468011394,0.0003087324424914815,-0.0009596072511107972,0.0009596072511107972,18.0
pātaitai,1.2683171573242254e-05,-1.235765291119136e-05,3.255186620508938e-07,2.5040824484433614e-05,2.5040824484433614e-05,9.0
pātaitanga,1.2683171573242254e-05,-1.235765291119136e-05,3.255186620508938e-07,2.5040824484433614e-05,2.5040824484433614e-05,9.0
pātaka,1.2683171573242254e-05,-1.235765291119136e-05,3.255186620508938e-07,2.5040824484433614e-05,2.5040824484433614e-05,9.0
pātukituki,-0.0003254374043096579,0.0006341698468011394,0.0003087324424914815,-0.0009596072511107972,0.0009596072511107972,9.0
pēhea,0.011358954120581426,-0.0011067422028133043,0.010252211917768123,0.01246569632339473,0.01246569632339473,34.0
pēhi,0.0027556972933561706,-0.0006712428055347134,0.002084454487821457,0.003426940098890884,0.003426940098890884,11.0
pēnei,1.2683171573242254e-05,-1.235765291119136e-05,3.255186620508938e-07,2.5040824484433614e-05,2.5040824484433614e-05,20.0
pēnā,0.0007016074949122848,-0.0003418002292229524,0.0003598072656893324,0.0010434077241352371,0.0010434077241352371,9.0
pēpi,1.2683171573242254e-05,-1.235765291119136e-05,3.255186620508938e-07,2.5040824484433614e-05,2.5040824484433614e-05,9.0
pēraka,1.2683171573242254e-05,-1.235765291119136e-05,3.255186620508938e-07,2.5040824484433614e-05,2.5040824484433614e-05,9.0
pērā,0.0006314130875609429,-0.0004101384123890789,0.00022127467517186404,0.0010415514999500219,0.0010415514999500219,22.0
pēwhea,1.2683171573242254e-05,-1.235765291119136e-05,3.255186620508938e-07,2.5040824484433614e-05,2.5040824484433614e-05,9.0
pīata,1.2683171573242254e-05,-1.235765291119136e-05,3.255186620508938e-07,2.5040824484433614e-05,2.5040824484433614e-05,9.0
pīhopa,1.2683171573242254e-05,-1.235765291119136e-05,3.255186620508938e-07,2.5040824484433614e-05,2.5040824484433614e-05,11.0
pīkau,-0.000663557980192558,0.002586109998849323,0.001922552018656765,-0.0032496679790418813,0.0032496679790418813,12.0
pīra,-0.0003254374043096579,0.0006341698468011394,0.0003087324424914815,-0.0009596072511107972,0.0009596072511107972,10.0
pīrangi,0.006733353441689375,-0.0009372198910553516,0.005796133550634024,0.007670573332744727,0.007670573332744727,26.0
pō,1.2683171573242254e-05,-1.235765291119136e-05,3.255186620508938e-07,2.5040824484433614e-05,2.5040824484433614e-05,12.0
pōhatu,1.2683171573242254e-05,-1.235765291119136e-05,3.255186620508938e-07,2.5040824484433614e-05,2.5040824484433614e-05,9.0
pōhiri,-0.0008685758342917155,0.0021157087218369973,0.0012471328875452818,-0.0029842845561287128,0.0029842845561287128,15.0
pōhēhē,1.2683171573242254e-05,-1.235765291119136e-05,3.255186620508938e-07,2.5040824484433614e-05,2.5040824484433614e-05,13.0
pōrearea,0.0007016074949122848,-0.0003418002292229524,0.0003598072656893324,0.0010434077241352371,0.0010434077241352371,9.0
pōtae,1.2683171573242254e-05,-1.235765291119136e-05,3.255186620508938e-07,2.5040824484433614e-05,2.5040824484433614e-05,9.0
pōti,1.2683171573242254e-05,-1.235765291119136e-05,3.255186620508938e-07,2.5040824484433614e-05,2.5040824484433614e-05,10.0
pōtitanga,1.2683171573242254e-05,-1.235765291119136e-05,3.255186620508938e-07,2.5040824484433614e-05,2.5040824484433614e-05,9.0
pōuri,0.0016457748152096435,-0.0005345117825063005,0.001111263032703343,0.002180286597715944,0.002180286597715944,10.0
pōwhiri,-0.0007724084930287579,0.0037629216033958023,0.0029905131103670443,-0.00453533009642456,0.00453533009642456,17.0
pū,1.2683171573242254e-05,-1.235765291119136e-05,3.255186620508938e-07,2.5040824484433614e-05,2.5040824484433614e-05,9.0
pūhiatanga,1.2683171573242254e-05,-1.235765291119136e-05,3.255186620508938e-07,2.5040824484433614e-05,2.5040824484433614e-05,9.0
pūmau,1.2683171573242254e-05,-1.235765291119136e-05,3.255186620508938e-07,2.5040824484433614e-05,2.5040824484433614e-05,9.0
pūremu,-0.0003254374043096579,0.0006341698468011394,0.0003087324424914815,-0.0009596072511107972,0.0009596072511107972,9.0
pūru,1.2683171573242254e-05,-1.235765291119136e-05,3.255186620508938e-07,2.5040824484433614e-05,2.5040824484433614e-05,9.0
pūrutoiha,1.2683171573242254e-05,-1.235765291119136e-05,3.255186620508938e-07,2.5040824484433614e-05,2.5040824484433614e-05,9.0
pūtake,1.2683171573242254e-05,-1.235765291119136e-05,3.255186620508938e-07,2.5040824484433614e-05,2.5040824484433614e-05,14.0
pūtaketanga,1.2683171573242254e-05,-1.235765291119136e-05,3.255186620508938e-07,2.5040824484433614e-05,2.5040824484433614e-05,9.0
pūtea,1.2683171573242254e-05,-1.235765291119136e-05,3.255186620508938e-07,2.5040824484433614e-05,2.5040824484433614e-05,11.0
rahi,1.2683171573242254e-05,-1.235765291119136e-05,3.255186620508938e-07,2.5040824484433614e-05,2.5040824484433614e-05,14.0
raki,1.2683171573242254e-05,-1.235765291119136e-05,3.255186620508938e-07,2.5040824484433614e-05,2.5040824484433614e-05,9.0
rakuraku,1.2683171573242254e-05,-1.235765291119136e-05,3.255186620508938e-07,2.5040824484433614e-05,2.5040824484433614e-05,8.0
rama,1.2683171573242254e-05,-1.235765291119136e-05,3.255186620508938e-07,2.5040824484433614e-05,2.5040824484433614e-05,9.0
ranga,1.2683171573242254e-05,-1.235765291119136e-05,3.255186620508938e-07,2.5040824484433614e-05,2.5040824484433614e-05,9.0
rangahau,1.2683171573242254e-05,-1.235765291119136e-05,3.255186620508938e-07,2.5040824484433614e-05,2.5040824484433614e-05,10.0
rangatahi,1.2683171573242254e-05,-1.235765291119136e-05,3.255186620508938e-07,2.5040824484433614e-05,2.5040824484433614e-05,9.0
rangatira,1.2683171573242254e-05,-1.235765291119136e-05,3.255186620508938e-07,2.5040824484433614e-05,2.5040824484433614e-05,15.0
rangi,1.2683171573242254e-05,-1.235765291119136e-05,3.255186620508938e-07,2.5040824484433614e-05,2.5040824484433614e-05,12.0
rangimārie,1.2683171573242254e-05,-1.235765291119136e-05,3.255186620508938e-07,2.5040824484433614e-05,2.5040824484433614e-05,9.0
rangirua,0.0007016074949122848,-0.0003418002292229524,0.0003598072656893324,0.0010434077241352371,0.0010434077241352371,9.0
rapu,-0.0007658972801755149,0.000994986960937773,0.000229089680762258,-0.0017608842411132879,0.0017608842411132879,28.0
rarau,1.2683171573242254e-05,-1.235765291119136e-05,3.255186620508938e-07,2.5040824484433614e-05,2.5040824484433614e-05,9.0
raru,-0.0003254374043096579,0.0006341698468011394,0.0003087324424914815,-0.0009596072511107972,0.0009596072511107972,13.0
raruraru,0.0027556972933561706,-0.0006712428055347134,0.002084454487821457,0.003426940098890884,0.003426940098890884,13.0
rau,1.2683171573242254e-05,-1.235765291119136e-05,3.255186620508938e-07,2.5040824484433614e-05,2.5040824484433614e-05,10.0
raupatu,-0.0005232252619233966,0.0015293894300517535,0.0010061641681283569,-0.0020526146919751503,0.0020526146919751503,10.0
rawe,0.0007016074949122848,-0.0003418002292229524,0.0003598072656893324,0.0010434077241352371,0.0010434077241352371,13.0
raweke,-0.0005232252619233966,0.0015293894300517535,0.0010061641681283569,-0.0020526146919751503,0.0020526146919751503,12.0
reihi,1.2683171573242254e-05,-1.235765291119136e-05,3.255186620508938e-07,2.5040824484433614e-05,2.5040824484433614e-05,9.0
reka,0.0007016074949122848,-0.0003418002292229524,0.0003598072656893324,0.0010434077241352371,0.0010434077241352371,10.0
rekareka,1.2683171573242254e-05,-1.235765291119136e-05,3.255186620508938e-07,2.5040824484433614e-05,2.5040824484433614e-05,10.0
reo,2.5366343146484508e-05,-2.471530582238272e-05,6.510373241017876e-07,5.008164896886723e-05,5.008164896886723e-05,32.0
rere,3.80495147197267e-05,-3.707295873357402e-05,9.76555986152678e-07,7.512247345330072e-05,7.512247345330072e-05,24.0
rerekē,1.2683171573242254e-05,-1.235765291119136e-05,3.255186620508938e-07,2.5040824484433614e-05,2.5040824484433614e-05,12.0
rerekētanga,1.2683171573242254e-05,-1.235765291119136e-05,3.255186620508938e-07,2.5040824484433614e-05,2.5040824484433614e-05,10.0
reri,0.0007016074949122848,-0.0003418002292229524,0.0003598072656893324,0.0010434077241352371,0.0010434077241352371,10.0
reta,1.2683171573242254e-05,-1.235765291119136e-05,3.255186620508938e-07,2.5040824484433614e-05,2.5040824484433614e-05,9.0
reti,1.2683171573242254e-05,-1.235765291119136e-05,3.255186620508938e-07,2.5040824484433614e-05,2.5040824484433614e-05,9.0
retireti,1.2683171573242254e-05,-1.235765291119136e-05,3.255186620508938e-07,2.5040824484433614e-05,2.5040824484433614e-05,10.0
rewa,1.2683171573242254e-05,-1.235765291119136e-05,3.255186620508938e-07,2.5040824484433614e-05,2.5040824484433614e-05,10.0
rewherī,-0.0003254374043096579,0.0006341698468011394,0.0003087324424914815,-0.0009596072511107972,0.0009596072511107972,9.0
rikarika,0.0016457748152096435,-0.0005345117825063005,0.001111263032703343,0.002180286597715944,0.002180286597715944,11.0
rima,1.2683171573242254e-05,-1.235765291119136e-05,3.255186620508938e-07,2.5040824484433614e-05,2.5040824484433614e-05,17.0
ringa,1.2683171573242254e-05,-1.235765291119136e-05,3.255186620508938e-07,2.5040824484433614e-05,2.5040824484433614e-05,11.0
ringaringa,1.2683171573242254e-05,-1.235765291119136e-05,3.255186620508938e-07,2.5040824484433614e-05,2.5040824484433614e-05,9.0
ringi,1.2683171573242254e-05,-1.235765291119136e-05,3.255186620508938e-07,2.5040824484433614e-05,2.5040824484433614e-05,9.0
riri,1.2683171573242254e-05,-1.235765291119136e-05,3.255186620508938e-07,2.5040824484433614e-05,2.5040824484433614e-05,10.0
riro,-0.0003254374043096579,0.0006341698468011394,0.0003087324424914815,-0.0009596072511107972,0.0009596072511107972,41.0
rite,0.0016457748152096435,-0.0005345117825063005,0.001111263032703343,0.002180286597715944,0.002180286597715944,20.0
riterite,1.2683171573242254e-05,-1.235765291119136e-05,3.255186620508938e-07,2.5040824484433614e-05,2.5040824484433614e-05,9.0
riu,1.2683171573242254e-05,-1.235765291119136e-05,3.255186620508938e-07,2.5040824484433614e-05,2.5040824484433614e-05,11.0
roa,1.2683171573242254e-05,-1.235765291119136e-05,3.255186620508938e-07,2.5040824484433614e-05,2.5040824484433614e-05,36.0
rohe,0.0007016074949122848,-0.0003418002292229524,0.0003598072656893324,0.0010434077241352371,0.0010434077241352371,23.0
rokohanga,1.2683171573242254e-05,-1.235765291119136e-05,3.255186620508938e-07,2.5040824484433614e-05,2.5040824484433614e-05,9.0
rongo,0.008216359193775542,-0.0010006853818464744,0.007215673811929068,0.009217044575622016,0.009217044575622016,71.0
rongohanga,1.2683171573242254e-05,-1.235765291119136e-05,3.255186620508938e-07,2.5040824484433614e-05,2.5040824484433614e-05,9.0
rongonui,1.2683171573242254e-05,-1.235765291119136e-05,3.255186620508938e-07,2.5040824484433614e-05,2.5040824484433614e-05,9.0
rongopai,1.2683171573242254e-05,-1.235765291119136e-05,3.255186620508938e-07,2.5040824484433614e-05,2.5040824484433614e-05,11.0
rori,1.2683171573242254e-05,-1.235765291119136e-05,3.255186620508938e-07,2.5040824484433614e-05,2.5040824484433614e-05,9.0
roro,1.2683171573242254e-05,-1.235765291119136e-05,3.255186620508938e-07,2.5040824484433614e-05,2.5040824484433614e-05,9.0
rua,2.5366343146484508e-05,-2.471530582238272e-05,6.510373241017876e-07,5.008164896886723e-05,5.008164896886723e-05,35.0
ruaki,1.2683171573242254e-05,-1.235765291119136e-05,3.255186620508938e-07,2.5040824484433614e-05,2.5040824484433614e-05,9.0
rui,-0.0005232252619233966,0.0015293894300517535,0.0010061641681283569,-0.0020526146919751503,0.0020526146919751503,11.0
ruirui,1.2683171573242254e-05,-1.235765291119136e-05,3.255186620508938e-07,2.5040824484433614e-05,2.5040824484433614e-05,9.0
ruku,0.0007016074949122848,-0.0003418002292229524,0.0003598072656893324,0.0010434077241352371,0.0010434077241352371,10.0
rā,1.2683171573242254e-05,-1.235765291119136e-05,3.255186620508938e-07,2.5040824484433614e-05,2.5040824484433614e-05,16.0
rāhui,-0.0003254374043096579,0.0006341698468011394,0.0003087324424914815,-0.0009596072511107972,0.0009596072511107972,13.0
rākau,1.2683171573242254e-05,-1.235765291119136e-05,3.255186620508938e-07,2.5040824484433614e-05,2.5040824484433614e-05,9.0
rākārepe,1.2683171573242254e-05,-1.235765291119136e-05,3.255186620508938e-07,2.5040824484433614e-05,2.5040824484433614e-05,8.0
rāpopoto,0.0007016074949122848,-0.0003418002292229524,0.0003598072656893324,0.0010434077241352371,0.0010434077241352371,9.0
rārangi,1.2683171573242254e-05,-1.235765291119136e-05,3.255186620508938e-07,2.5040824484433614e-05,2.5040824484433614e-05,9.0
rēmana,1.2683171573242254e-05,-1.235765291119136e-05,3.255186620508938e-07,2.5040824484433614e-05,2.5040824484433614e-05,9.0
rīhaina,1.2683171573242254e-05,-1.235765291119136e-05,3.255186620508938e-07,2.5040824484433614e-05,2.5040824484433614e-05,10.0
rīhainatanga,1.2683171573242254e-05,-1.235765291119136e-05,3.255186620508938e-07,2.5040824484433614e-05,2.5040824484433614e-05,9.0
rīhi,1.2683171573242254e-05,-1.235765291119136e-05,3.255186620508938e-07,2.5040824484433614e-05,2.5040824484433614e-05,9.0
rīketa,1.2683171573242254e-05,-1.235765291119136e-05,3.255186620508938e-07,2.5040824484433614e-05,2.5040824484433614e-05,9.0
rīki,1.2683171573242254e-05,-1.235765291119136e-05,3.255186620508938e-07,2.5040824484433614e-05,2.5040824484433614e-05,9.0
rīpoata,1.2683171573242254e-05,-1.235765291119136e-05,3.255186620508938e-07,2.5040824484433614e-05,2.5040824484433614e-05,11.0
rōia,1.2683171573242254e-05,-1.235765291119136e-05,3.255186620508938e-07,2.5040824484433614e-05,2.5040824484433614e-05,9.0
rōpū,0.0016457748152096435,-0.0005345117825063005,0.001111263032703343,0.002180286597715944,0.002180286597715944,24.0
rūkahu,1.2683171573242254e-05,-1.235765291119136e-05,3.255186620508938e-07,2.5040824484433614e-05,2.5040824484433614e-05,9.0
rūnanga,1.2683171573242254e-05,-1.235765291119136e-05,3.255186620508938e-07,2.5040824484433614e-05,2.5040824484433614e-05,12.0
rūnā,1.2683171573242254e-05,-1.235765291119136e-05,3.255186620508938e-07,2.5040824484433614e-05,2.5040824484433614e-05,9.0
rūpeke,1.2683171573242254e-05,-1.235765291119136e-05,3.255186620508938e-07,2.5040824484433614e-05,2.5040824484433614e-05,10.0
rūātoki,-0.0003254374043096579,0.0006341698468011394,0.0003087324424914815,-0.0009596072511107972,0.0009596072511107972,9.0
stratford,-0.0003254374043096579,0.0006341698468011394,0.0003087324424914815,-0.0009596072511107972,0.0009596072511107972,9.0
tae,-0.0009365412913805691,0.006387532096630782,0.005450990805250213,-0.007324073388011351,0.007324073388011351,146.0
taenga,1.2683171573242254e-05,-1.235765291119136e-05,3.255186620508938e-07,2.5040824484433614e-05,2.5040824484433614e-05,17.0
taetanga,1.2683171573242254e-05,-1.235765291119136e-05,3.255186620508938e-07,2.5040824484433614e-05,2.5040824484433614e-05,10.0
taha,0.003988874180876212,-0.0007772996265015433,0.003211574554374669,0.004766173807377755,0.004766173807377755,40.0
tahi,1.2683171573242254e-05,-1.235765291119136e-05,3.255186620508938e-07,2.5040824484433614e-05,2.5040824484433614e-05,10.0
tahitahi,-0.0003254374043096579,0.0006341698468011394,0.0003087324424914815,-0.0009596072511107972,0.0009596072511107972,9.0
tahu,1.2683171573242254e-05,-1.235765291119136e-05,3.255186620508938e-07,2.5040824484433614e-05,2.5040824484433614e-05,8.0
tahuri,0.0027556972933561706,-0.0006712428055347134,0.002084454487821457,0.003426940098890884,0.003426940098890884,21.0
tai,0.0007016074949122848,-0.0003418002292229524,0.0003598072656893324,0.0010434077241352371,0.0010434077241352371,10.0
taiapa,1.2683171573242254e-05,-1.235765291119136e-05,3.255186620508938e-07,2.5040824484433614e-05,2.5040824484433614e-05,9.0
taina,1.2683171573242254e-05,-1.235765291119136e-05,3.255186620508938e-07,2.5040824484433614e-05,2.5040824484433614e-05,9.0
taitamariki,1.2683171573242254e-05,-1.235765291119136e-05,3.255186620508938e-07,2.5040824484433614e-05,2.5040824484433614e-05,9.0
taiāwhio,1.2683171573242254e-05,-1.235765291119136e-05,3.255186620508938e-07,2.5040824484433614e-05,2.5040824484433614e-05,9.0
taka,0.0007016074949122848,-0.0003418002292229524,0.0003598072656893324,0.0010434077241352371,0.0010434077241352371,20.0
taka-hue,-0.0003254374043096579,0.0006341698468011394,0.0003087324424914815,-0.0009596072511107972,0.0009596072511107972,9.0
takahi,-0.0010412005584590754,0.0017753360282661273,0.0007341354698070519,-0.002816536586725203,0.002816536586725203,19.0
takahuri,1.2683171573242254e-05,-1.235765291119136e-05,3.255186620508938e-07,2.5040824484433614e-05,2.5040824484433614e-05,10.0
takai,-0.0003254374043096579,0.0006341698468011394,0.0003087324424914815,-0.0009596072511107972,0.0009596072511107972,9.0
takapakari,0.0007016074949122848,-0.0003418002292229524,0.0003598072656893324,0.0010434077241352371,0.0010434077241352371,9.0
takaroa,1.2683171573242254e-05,-1.235765291119136e-05,3.255186620508938e-07,2.5040824484433614e-05,2.5040824484433614e-05,9.0
takatakahi,2.5366343146484508e-05,-2.471530582238272e-05,6.510373241017876e-07,5.008164896886723e-05,5.008164896886723e-05,10.0
takatū,1.2683171573242254e-05,-1.235765291119136e-05,3.255186620508938e-07,2.5040824484433614e-05,2.5040824484433614e-05,10.0
takawaenga,-0.0003254374043096579,0.0006341698468011394,0.0003087324424914815,-0.0009596072511107972,0.0009596072511107972,9.0
takaware,1.2683171573242254e-05,-1.235765291119136e-05,3.255186620508938e-07,2.5040824484433614e-05,2.5040824484433614e-05,10.0
take,0.0027556972933561706,-0.0006712428055347134,0.002084454487821457,0.003426940098890884,0.003426940098890884,19.0
taki,-0.0003254374043096579,0.0006341698468011394,0.0003087324424914815,-0.0009596072511107972,0.0009596072511107972,9.0
takiwā,1.2683171573242254e-05,-1.235765291119136e-05,3.255186620508938e-07,2.5040824484433614e-05,2.5040824484433614e-05,10.0
takoha,2.5366343146484508e-05,-2.471530582238272e-05,6.510373241017876e-07,5.008164896886723e-05,5.008164896886723e-05,10.0
takoto,1.2683171573242254e-05,-1.235765291119136e-05,3.255186620508938e-07,2.5040824484433614e-05,2.5040824484433614e-05,22.0
takotoranga,1.2683171573242254e-05,-1.235765291119136e-05,3.255186620508938e-07,2.5040824484433614e-05,2.5040824484433614e-05,9.0
takutai,1.2683171573242254e-05,-1.235765291119136e-05,3.255186620508938e-07,2.5040824484433614e-05,2.5040824484433614e-05,9.0
tama,1.2683171573242254e-05,-1.235765291119136e-05,3.255186620508938e-07,2.5040824484433614e-05,2.5040824484433614e-05,9.0
tamaiti,1.2683171573242254e-05,-1.235765291119136e-05,3.255186620508938e-07,2.5040824484433614e-05,2.5040824484433614e-05,9.0
tamariki,1.2683171573242254e-05,-1.235765291119136e-05,3.255186620508938e-07,2.5040824484433614e-05,2.5040824484433614e-05,9.0
tamāhine,1.2683171573242254e-05,-1.235765291119136e-05,3.255186620508938e-07,2.5040824484433614e-05,2.5040824484433614e-05,9.0
tangata,1.2683171573242254e-05,-1.235765291119136e-05,3.255186620508938e-07,2.5040824484433614e-05,2.5040824484433614e-05,23.0
tangi,-0.0034477238124901153,0.011197455347916248,0.007749731535426133,-0.014645179160406363,0.014645179160406363,37.0
tango,-0.0007724084930287579,0.0037629216033958023,0.0029905131103670443,-0.00453533009642456,0.00453533009642456,17.0
tanu,1.2683171573242254e-05,-1.235765291119136e-05,3.255186620508938e-07,2.5040824484433614e-05,2.5040824484433614e-05,9.0
tao,-0.0003254374043096579,0.0006341698468011394,0.0003087324424914815,-0.0009596072511107972,0.0009596072511107972,9.0
taonga,1.2683171573242254e-05,-1.235765291119136e-05,3.255186620508938e-07,2.5040824484433614e-05,2.5040824484433614e-05,12.0
tapa,-0.0003254374043096579,0.0006341698468011394,0.0003087324424914815,-0.0009596072511107972,0.0009596072511107972,12.0
tapahi,-0.0003254374043096579,0.0006341698468011394,0.0003087324424914815,-0.0009596072511107972,0.0009596072511107972,14.0
tapu,1.2683171573242254e-05,-1.235765291119136e-05,3.255186620508938e-07,2.5040824484433614e-05,2.5040824484433614e-05,11.0
tarai,-0.0003254374043096579,0.0006341698468011394,0.0003087324424914815,-0.0009596072511107972,0.0009596072511107972,12.0
taraipiunara,1.2683171573242254e-05,-1.235765291119136e-05,3.255186620508938e-07,2.5040824484433614e-05,2.5040824484433614e-05,10.0
tari,0.0007016074949122848,-0.0003418002292229524,0.0003598072656893324,0.0010434077241352371,0.0010434077241352371,17.0
tata,0.0007016074949122848,-0.0003418002292229524,0.0003598072656893324,0.0010434077241352371,0.0010434077241352371,25.0
tatari,0.0027556972933561706,-0.0006712428055347134,0.002084454487821457,0.003426940098890884,0.003426940098890884,20.0
tatū,0.0016457748152096435,-0.0005345117825063005,0.001111263032703343,0.002180286597715944,0.002180286597715944,18.0
tau,-0.0003254374043096579,0.0006341698468011394,0.0003087324424914815,-0.0009596072511107972,0.0009596072511107972,61.0
tauira,-0.0003254374043096579,0.0006341698468011394,0.0003087324424914815,-0.0009596072511107972,0.0009596072511107972,9.0
taukumekume,0.0007016074949122848,-0.0003418002292229524,0.0003598072656893324,0.0010434077241352371,0.0010434077241352371,9.0
taumaha,0.0016457748152096435,-0.0005345117825063005,0.001111263032703343,0.002180286597715944,0.002180286597715944,14.0
taumata,0.0007016074949122848,-0.0003418002292229524,0.0003598072656893324,0.0010434077241352371,0.0010434077241352371,9.0
taunga,1.2683171573242254e-05,-1.235765291119136e-05,3.255186620508938e-07,2.5040824484433614e-05,2.5040824484433614e-05,10.0
taupatupatu,0.0007016074949122848,-0.0003418002292229524,0.0003598072656893324,0.0010434077241352371,0.0010434077241352371,9.0
taupoki,1.2683171573242254e-05,-1.235765291119136e-05,3.255186620508938e-07,2.5040824484433614e-05,2.5040824484433614e-05,9.0
taurite,1.2683171573242254e-05,-1.235765291119136e-05,3.255186620508938e-07,2.5040824484433614e-05,2.5040824484433614e-05,9.0
tautohe,1.2683171573242254e-05,-1.235765291119136e-05,3.255186620508938e-07,2.5040824484433614e-05,2.5040824484433614e-05,9.0
tautohetohe,0.0007016074949122848,-0.0003418002292229524,0.0003598072656893324,0.0010434077241352371,0.0010434077241352371,9.0
tautoko,0.00019024757359863397,-0.00018536479366787056,4.882779930763417e-06,0.00037561236726650453,0.00037561236726650453,55.0
tawhiti,1.2683171573242254e-05,-1.235765291119136e-05,3.255186620508938e-07,2.5040824484433614e-05,2.5040824484433614e-05,11.0
teina,1.2683171573242254e-05,-1.235765291119136e-05,3.255186620508938e-07,2.5040824484433614e-05,2.5040824484433614e-05,9.0
teitei,0.0007016074949122848,-0.0003418002292229524,0.0003598072656893324,0.0010434077241352371,0.0010434077241352371,9.0
teiteitanga,1.2683171573242254e-05,-1.235765291119136e-05,3.255186620508938e-07,2.5040824484433614e-05,2.5040824484433614e-05,9.0
teka,-0.0003254374043096579,0.0006341698468011394,0.0003087324424914815,-0.0009596072511107972,0.0009596072511107972,9.0
tekau,1.2683171573242254e-05,-1.235765291119136e-05,3.255186620508938e-07,2.5040824484433614e-05,2.5040824484433614e-05,23.0
tere,2.5366343146484508e-05,-2.471530582238272e-05,6.510373241017876e-07,5.008164896886723e-05,5.008164896886723e-05,17.0
tereina,1.2683171573242254e-05,-1.235765291119136e-05,3.255186620508938e-07,2.5040824484433614e-05,2.5040824484433614e-05,9.0
the,1.2683171573242254e-05,-1.235765291119136e-05,3.255186620508938e-07,2.5040824484433614e-05,2.5040824484433614e-05,9.0
three,1.2683171573242254e-05,-1.235765291119136e-05,3.255186620508938e-07,2.5040824484433614e-05,2.5040824484433614e-05,9.0
tia,-0.0003254374043096579,0.0006341698468011394,0.0003087324424914815,-0.0009596072511107972,0.0009596072511107972,9.0
tiaho,1.2683171573242254e-05,-1.235765291119136e-05,3.255186620508938e-07,2.5040824484433614e-05,2.5040824484433614e-05,9.0
tiainamana,1.2683171573242254e-05,-1.235765291119136e-05,3.255186620508938e-07,2.5040824484433614e-05,2.5040824484433614e-05,9.0
tiaki,-0.001199466413689197,0.01402417955168928,0.012824713138000083,-0.015223645965378478,0.015223645965378478,23.0
tiamana,1.2683171573242254e-05,-1.235765291119136e-05,3.255186620508938e-07,2.5040824484433614e-05,2.5040824484433614e-05,9.0
tika,0.009760500347098681,-0.0010566659121014098,0.008703834434997271,0.010817166259200092,0.010817166259200092,64.0
tikanga,1.2683171573242254e-05,-1.235765291119136e-05,3.255186620508938e-07,2.5040824484433614e-05,2.5040824484433614e-05,21.0
tiki,-0.0008613458378062968,0.005035434317974073,0.0041740884801677765,-0.00589678015578037,0.00589678015578037,22.0
timu,1.2683171573242254e-05,-1.235765291119136e-05,3.255186620508938e-07,2.5040824484433614e-05,2.5040824484433614e-05,9.0
tinana,1.2683171573242254e-05,-1.235765291119136e-05,3.255186620508938e-07,2.5040824484433614e-05,2.5040824484433614e-05,13.0
tini,1.2683171573242254e-05,-1.235765291119136e-05,3.255186620508938e-07,2.5040824484433614e-05,2.5040824484433614e-05,15.0
tini-o-maru,1.2683171573242254e-05,-1.235765291119136e-05,3.255186620508938e-07,2.5040824484433614e-05,2.5040824484433614e-05,9.0
tinihanga,-0.0005232252619233966,0.0015293894300517535,0.0010061641681283569,-0.0020526146919751503,0.0020526146919751503,11.0
tino,0.00671741516415258,-0.0014544466715792975,0.005262968492573282,0.008171861835731877,0.008171861835731877,50.0
tipu,0.0016457748152096435,-0.0005345117825063005,0.001111263032703343,0.002180286597715944,0.002180286597715944,13.0
tipuna,1.2683171573242254e-05,-1.235765291119136e-05,3.255186620508938e-07,2.5040824484433614e-05,2.5040824484433614e-05,8.0
tira,1.2683171573242254e-05,-1.235765291119136e-05,3.255186620508938e-07,2.5040824484433614e-05,2.5040824484433614e-05,11.0
tiriti,1.2683171573242254e-05,-1.235765291119136e-05,3.255186620508938e-07,2.5040824484433614e-05,2.5040824484433614e-05,16.0
tiro,0.0014032149898245696,-0.0006836004584459047,0.0007196145313786649,0.0020868154482704742,0.0020868154482704742,17.0
tirohanga,1.2683171573242254e-05,-1.235765291119136e-05,3.255186620508938e-07,2.5040824484433614e-05,2.5040824484433614e-05,9.0
tirotiro,-0.000663557980192558,0.002586109998849323,0.001922552018656765,-0.0032496679790418813,0.0032496679790418813,12.0
titiro,0.004341553030441477,-0.002996338781505178,0.001345214248936299,0.007337891811946655,0.007337891811946655,99.0
tito,-0.0003254374043096579,0.0006341698468011394,0.0003087324424914815,-0.0009596072511107972,0.0009596072511107972,10.0
toa,0.0016457748152096435,-0.0005345117825063005,0.001111263032703343,0.002180286597715944,0.002180286597715944,10.0
toe,0.0016457748152096435,-0.0005345117825063005,0.001111263032703343,0.002180286597715944,0.002180286597715944,10.0
toenga,1.2683171573242254e-05,-1.235765291119136e-05,3.255186620508938e-07,2.5040824484433614e-05,2.5040824484433614e-05,9.0
toha,-0.000370209372080993,0.0005410617011164703,0.00017085232903547734,-0.0009112710731974633,0.0009112710731974633,11.0
tohatoha,-0.0003254374043096579,0.0006341698468011394,0.0003087324424914815,-0.0009596072511107972,0.0009596072511107972,11.0
tohe,2.5366343146484508e-05,-2.471530582238272e-05,6.510373241017876e-07,5.008164896886723e-05,5.008164896886723e-05,10.0
tohetohe,-0.0003254374043096579,0.0006341698468011394,0.0003087324424914815,-0.0009596072511107972,0.0009596072511107972,9.0
tohu,-0.0009365412913805691,0.006387532096630782,0.005450990805250213,-0.007324073388011351,0.007324073388011351,35.0
tohunga,1.2683171573242254e-05,-1.235765291119136e-05,3.255186620508938e-07,2.5040824484433614e-05,2.5040824484433614e-05,10.0
tohungatanga,1.2683171573242254e-05,-1.235765291119136e-05,3.255186620508938e-07,2.5040824484433614e-05,2.5040824484433614e-05,9.0
tohutohu,-0.0011968414309953379,0.0040814340624484545,0.0028845926314531164,-0.005278275493443793,0.005278275493443793,16.0
toi,1.2683171573242254e-05,-1.235765291119136e-05,3.255186620508938e-07,2.5040824484433614e-05,2.5040824484433614e-05,10.0
toitū,1.2683171573242254e-05,-1.235765291119136e-05,3.255186620508938e-07,2.5040824484433614e-05,2.5040824484433614e-05,9.0
toka,1.2683171573242254e-05,-1.235765291119136e-05,3.255186620508938e-07,2.5040824484433614e-05,2.5040824484433614e-05,9.0
tokoiti,0.0007016074949122848,-0.0003418002292229524,0.0003598072656893324,0.0010434077241352371,0.0010434077241352371,9.0
tokomaha,1.2683171573242254e-05,-1.235765291119136e-05,3.255186620508938e-07,2.5040824484433614e-05,2.5040824484433614e-05,14.0
tokowhā,1.2683171573242254e-05,-1.235765291119136e-05,3.255186620508938e-07,2.5040824484433614e-05,2.5040824484433614e-05,9.0
tomo,1.2683171573242254e-05,-1.235765291119136e-05,3.255186620508938e-07,2.5040824484433614e-05,2.5040824484433614e-05,9.0
tonga,1.2683171573242254e-05,-1.235765291119136e-05,3.255186620508938e-07,2.5040824484433614e-05,2.5040824484433614e-05,12.0
tono,-0.001480837488323972,0.0021642468044658814,0.0006834093161419094,-0.0036450842927898534,0.0036450842927898534,49.0
tonotono,-0.0003254374043096579,0.0006341698468011394,0.0003087324424914815,-0.0009596072511107972,0.0009596072511107972,9.0
tope,-0.0003254374043096579,0.0006341698468011394,0.0003087324424914815,-0.0009596072511107972,0.0009596072511107972,9.0
toro,0.0007016074949122848,-0.0003418002292229524,0.0003598072656893324,0.0010434077241352371,0.0010434077241352371,10.0
toru,1.2683171573242254e-05,-1.235765291119136e-05,3.255186620508938e-07,2.5040824484433614e-05,2.5040824484433614e-05,19.0
torutoru,1.2683171573242254e-05,-1.235765291119136e-05,3.255186620508938e-07,2.5040824484433614e-05,2.5040824484433614e-05,9.0
totoro,0.0007016074949122848,-0.0003418002292229524,0.0003598072656893324,0.0010434077241352371,0.0010434077241352371,11.0
tou,1.2683171573242254e-05,-1.235765291119136e-05,3.255186620508938e-07,2.5040824484433614e-05,2.5040824484433614e-05,9.0
tuanui,1.2683171573242254e-05,-1.235765291119136e-05,3.255186620508938e-07,2.5040824484433614e-05,2.5040824484433614e-05,10.0
tuarā,1.2683171573242254e-05,-1.235765291119136e-05,3.255186620508938e-07,2.5040824484433614e-05,2.5040824484433614e-05,9.0
tuhi,-0.0012018985736517906,0.002732453189465018,0.0015305546158132274,-0.0039343517631168085,0.0039343517631168085,21.0
tuhituhi,-0.0005232252619233966,0.0015293894300517535,0.0010061641681283569,-0.0020526146919751503,0.0020526146919751503,12.0
tuki,-0.0003254374043096579,0.0006341698468011394,0.0003087324424914815,-0.0009596072511107972,0.0009596072511107972,11.0
tuku,-0.003391495000211524,0.007343224282249285,0.003951729282037761,-0.010734719282460808,0.010734719282460808,75.0
tumu,1.2683171573242254e-05,-1.235765291119136e-05,3.255186620508938e-07,2.5040824484433614e-05,2.5040824484433614e-05,9.0
tumuaki,1.2683171573242254e-05,-1.235765291119136e-05,3.255186620508938e-07,2.5040824484433614e-05,2.5040824484433614e-05,14.0
tunu,-0.0003254374043096579,0.0006341698468011394,0.0003087324424914815,-0.0009596072511107972,0.0009596072511107972,9.0
tuohu,1.2683171573242254e-05,-1.235765291119136e-05,3.255186620508938e-07,2.5040824484433614e-05,2.5040824484433614e-05,9.0
tupu,1.2683171573242254e-05,-1.235765291119136e-05,3.255186620508938e-07,2.5040824484433614e-05,2.5040824484433614e-05,11.0
tupuna,1.2683171573242254e-05,-1.235765291119136e-05,3.255186620508938e-07,2.5040824484433614e-05,2.5040824484433614e-05,9.0
turaki,-0.000663557980192558,0.002586109998849323,0.001922552018656765,-0.0032496679790418813,0.0032496679790418813,11.0
ture,1.2683171573242254e-05,-1.235765291119136e-05,3.255186620508938e-07,2.5040824484433614e-05,2.5040824484433614e-05,14.0
turi,0.0007016074949122848,-0.0003418002292229524,0.0003598072656893324,0.0010434077241352371,0.0010434077241352371,9.0
tutu,1.2683171573242254e-05,-1.235765291119136e-05,3.255186620508938e-07,2.5040824484433614e-05,2.5040824484433614e-05,9.0
tutuki,1.2683171573242254e-05,-1.235765291119136e-05,3.255186620508938e-07,2.5040824484433614e-05,2.5040824484433614e-05,23.0
tutū,0.0007016074949122848,-0.0003418002292229524,0.0003598072656893324,0.0010434077241352371,0.0010434077241352371,9.0
tuwhera,2.5366343146484508e-05,-2.471530582238272e-05,6.510373241017876e-07,5.008164896886723e-05,5.008164896886723e-05,12.0
tuwheratanga,1.2683171573242254e-05,-1.235765291119136e-05,3.255186620508938e-07,2.5040824484433614e-05,2.5040824484433614e-05,10.0
tā,-0.000663557980192558,0.002586109998849323,0.001922552018656765,-0.0032496679790418813,0.0032496679790418813,13.0
tāhae,-0.0005232252619233966,0.0015293894300517535,0.0010061641681283569,-0.0020526146919751503,0.0020526146919751503,12.0
tāhuhu,1.2683171573242254e-05,-1.235765291119136e-05,3.255186620508938e-07,2.5040824484433614e-05,2.5040824484433614e-05,10.0
tāima,1.2683171573242254e-05,-1.235765291119136e-05,3.255186620508938e-07,2.5040824484433614e-05,2.5040824484433614e-05,12.0
tāite,1.2683171573242254e-05,-1.235765291119136e-05,3.255186620508938e-07,2.5040824484433614e-05,2.5040824484433614e-05,10.0
tākaro,0.0007016074949122848,-0.0003418002292229524,0.0003598072656893324,0.0010434077241352371,0.0010434077241352371,15.0
tākete,0.0007016074949122848,-0.0003418002292229524,0.0003598072656893324,0.0010434077241352371,0.0010434077241352371,9.0
tākiri,-0.0003254374043096579,0.0006341698468011394,0.0003087324424914815,-0.0009596072511107972,0.0009596072511107972,9.0
tāmi,2.5366343146484508e-05,-2.471530582238272e-05,6.510373241017876e-07,5.008164896886723e-05,5.008164896886723e-05,12.0
tāne,1.2683171573242254e-05,-1.235765291119136e-05,3.255186620508938e-07,2.5040824484433614e-05,2.5040824484433614e-05,9.0
tāone,1.2683171573242254e-05,-1.235765291119136e-05,3.255186620508938e-07,2.5040824484433614e-05,2.5040824484433614e-05,12.0
tāpiri,1.2683171573242254e-05,-1.235765291119136e-05,3.255186620508938e-07,2.5040824484433614e-05,2.5040824484433614e-05,12.0
tārai,-0.0005232252619233966,0.0015293894300517535,0.0010061641681283569,-0.0020526146919751503,0.0020526146919751503,10.0
tārewa,0.0007016074949122848,-0.0003418002292229524,0.0003598072656893324,0.0010434077241352371,0.0010434077241352371,11.0
tātai,1.2683171573242254e-05,-1.235765291119136e-05,3.255186620508938e-07,2.5040824484433614e-05,2.5040824484433614e-05,10.0
tātaki,-0.0003254374043096579,0.0006341698468011394,0.0003087324424914815,-0.0009596072511107972,0.0009596072511107972,9.0
tātari,-0.0003254374043096579,0.0006341698468011394,0.0003087324424914815,-0.0009596072511107972,0.0009596072511107972,9.0
tāti,1.2683171573242254e-05,-1.235765291119136e-05,3.255186620508938e-07,2.5040824484433614e-05,2.5040824484433614e-05,9.0
tātā,0.0007016074949122848,-0.0003418002292229524,0.0003598072656893324,0.0010434077241352371,0.0010434077241352371,10.0
tētahi,-0.0005232252619233966,0.0015293894300517535,0.0010061641681283569,-0.0020526146919751503,0.0020526146919751503,10.0
tīkai,-0.0003254374043096579,0.0006341698468011394,0.0003087324424914815,-0.0009596072511107972,0.0009596072511107972,9.0
tīkiti,1.2683171573242254e-05,-1.235765291119136e-05,3.255186620508938e-07,2.5040824484433614e-05,2.5040824484433614e-05,9.0
tīma,0.0007016074949122848,-0.0003418002292229524,0.0003598072656893324,0.0010434077241352371,0.0010434077241352371,27.0
tīmata,-0.0020625030846547552,0.017081329016211556,0.0150188259315568,-0.01914383210086631,0.01914383210086631,58.0
tīmatanga,1.2683171573242254e-05,-1.235765291119136e-05,3.255186620508938e-07,2.5040824484433614e-05,2.5040824484433614e-05,22.0
tīmatatanga,1.2683171573242254e-05,-1.235765291119136e-05,3.255186620508938e-07,2.5040824484433614e-05,2.5040824484433614e-05,14.0
tīni,1.2683171573242254e-05,-1.235765291119136e-05,3.255186620508938e-07,2.5040824484433614e-05,2.5040824484433614e-05,10.0
tīraha,1.2683171573242254e-05,-1.235765291119136e-05,3.255186620508938e-07,2.5040824484433614e-05,2.5040824484433614e-05,9.0
tītaha,1.2683171573242254e-05,-1.235765291119136e-05,3.255186620508938e-07,2.5040824484433614e-05,2.5040824484433614e-05,9.0
tō,-0.0005232252619233966,0.0015293894300517535,0.0010061641681283569,-0.0020526146919751503,0.0020526146919751503,15.0
tōtanga,1.2683171573242254e-05,-1.235765291119136e-05,3.255186620508938e-07,2.5040824484433614e-05,2.5040824484433614e-05,9.0
tū,0.01493344040683472,-0.0019400223595697826,0.012993418047264936,0.0168734627664045,0.0168734627664045,97.0
tūhono,0.0007016074949122848,-0.0003418002292229524,0.0003598072656893324,0.0010434077241352371,0.0010434077241352371,13.0
tūkino,2.5366343146484508e-05,-2.471530582238272e-05,6.510373241017876e-07,5.008164896886723e-05,5.008164896886723e-05,11.0
tūmanako,0.0007016074949122848,-0.0003418002292229524,0.0003598072656893324,0.0010434077241352371,0.0010434077241352371,12.0
tūnga,1.2683171573242254e-05,-1.235765291119136e-05,3.255186620508938e-07,2.5040824484433614e-05,2.5040824484433614e-05,9.0
tūpato,1.2683171573242254e-05,-1.235765291119136e-05,3.255186620508938e-07,2.5040824484433614e-05,2.5040824484433614e-05,17.0
tūpono,1.2683171573242254e-05,-1.235765291119136e-05,3.255186620508938e-07,2.5040824484433614e-05,2.5040824484433614e-05,9.0
tūpuhi,1.2683171573242254e-05,-1.235765291119136e-05,3.255186620508938e-07,2.5040824484433614e-05,2.5040824484433614e-05,8.0
tūranga,1.2683171573242254e-05,-1.235765291119136e-05,3.255186620508938e-07,2.5040824484433614e-05,2.5040824484433614e-05,9.0
tūrei,1.2683171573242254e-05,-1.235765291119136e-05,3.255186620508938e-07,2.5040824484433614e-05,2.5040824484433614e-05,11.0
tūreiti,1.2683171573242254e-05,-1.235765291119136e-05,3.255186620508938e-07,2.5040824484433614e-05,2.5040824484433614e-05,9.0
tūru,1.2683171573242254e-05,-1.235765291119136e-05,3.255186620508938e-07,2.5040824484433614e-05,2.5040824484433614e-05,12.0
tūtaki,1.2683171573242254e-05,-1.235765291119136e-05,3.255186620508938e-07,2.5040824484433614e-05,2.5040824484433614e-05,19.0
tūtehu,1.2683171573242254e-05,-1.235765291119136e-05,3.255186620508938e-07,2.5040824484433614e-05,2.5040824484433614e-05,12.0
tūtuki,0.0007016074949122848,-0.0003418002292229524,0.0003598072656893324,0.0010434077241352371,0.0010434077241352371,10.0
tūturu,1.2683171573242254e-05,-1.235765291119136e-05,3.255186620508938e-07,2.5040824484433614e-05,2.5040824484433614e-05,10.0
tūturutanga,1.2683171573242254e-05,-1.235765291119136e-05,3.255186620508938e-07,2.5040824484433614e-05,2.5040824484433614e-05,8.0
tūtū,0.0007016074949122848,-0.0003418002292229524,0.0003598072656893324,0.0010434077241352371,0.0010434077241352371,12.0
uaua,1.2683171573242254e-05,-1.235765291119136e-05,3.255186620508938e-07,2.5040824484433614e-05,2.5040824484433614e-05,10.0
uhi,1.2683171573242254e-05,-1.235765291119136e-05,3.255186620508938e-07,2.5040824484433614e-05,2.5040824484433614e-05,9.0
ui,-0.0003254374043096579,0.0006341698468011394,0.0003087324424914815,-0.0009596072511107972,0.0009596072511107972,10.0
unu,1.2683171573242254e-05,-1.235765291119136e-05,3.255186620508938e-07,2.5040824484433614e-05,2.5040824484433614e-05,13.0
upoko-o-te-ika,1.2683171573242254e-05,-1.235765291119136e-05,3.255186620508938e-07,2.5040824484433614e-05,2.5040824484433614e-05,9.0
uri,1.2683171573242254e-05,-1.235765291119136e-05,3.255186620508938e-07,2.5040824484433614e-05,2.5040824484433614e-05,9.0
uru,0.0007016074949122848,-0.0003418002292229524,0.0003598072656893324,0.0010434077241352371,0.0010434077241352371,41.0
urunga,1.2683171573242254e-05,-1.235765291119136e-05,3.255186620508938e-07,2.5040824484433614e-05,2.5040824484433614e-05,10.0
uruuru,1.2683171573242254e-05,-1.235765291119136e-05,3.255186620508938e-07,2.5040824484433614e-05,2.5040824484433614e-05,9.0
uta,0.0007016074949122848,-0.0003418002292229524,0.0003598072656893324,0.0010434077241352371,0.0010434077241352371,11.0
utu,-0.0015696757857701898,0.00458816829015526,0.0030184925043850704,-0.00615784407592545,0.00615784407592545,29.0
uwhi,1.2683171573242254e-05,-1.235765291119136e-05,3.255186620508938e-07,2.5040824484433614e-05,2.5040824484433614e-05,10.0
waea,1.2683171573242254e-05,-1.235765291119136e-05,3.255186620508938e-07,2.5040824484433614e-05,2.5040824484433614e-05,10.0
waenganui,1.2683171573242254e-05,-1.235765291119136e-05,3.255186620508938e-07,2.5040824484433614e-05,2.5040824484433614e-05,9.0
waewae,1.2683171573242254e-05,-1.235765291119136e-05,3.255186620508938e-07,2.5040824484433614e-05,2.5040824484433614e-05,9.0
waha,1.2683171573242254e-05,-1.235765291119136e-05,3.255186620508938e-07,2.5040824484433614e-05,2.5040824484433614e-05,10.0
wahapū,1.2683171573242254e-05,-1.235765291119136e-05,3.255186620508938e-07,2.5040824484433614e-05,2.5040824484433614e-05,11.0
wahine,1.2683171573242254e-05,-1.235765291119136e-05,3.255186620508938e-07,2.5040824484433614e-05,2.5040824484433614e-05,10.0
wai,1.2683171573242254e-05,-1.235765291119136e-05,3.255186620508938e-07,2.5040824484433614e-05,2.5040824484433614e-05,13.0
waiata,-0.000663557980192558,0.002586109998849323,0.001922552018656765,-0.0032496679790418813,0.0032496679790418813,15.0
waihanga,-0.0006508748086193158,0.0012683396936022787,0.000617464884982963,-0.0019192145022215944,0.0019192145022215944,17.0
waiho,-0.000370209372080993,0.0005410617011164703,0.00017085232903547734,-0.0009112710731974633,0.0009112710731974633,17.0
waimarie,1.2683171573242254e-05,-1.235765291119136e-05,3.255186620508938e-07,2.5040824484433614e-05,2.5040824484433614e-05,8.0
waimate,1.2683171573242254e-05,-1.235765291119136e-05,3.255186620508938e-07,2.5040824484433614e-05,2.5040824484433614e-05,9.0
waiora,1.2683171573242254e-05,-1.235765291119136e-05,3.255186620508938e-07,2.5040824484433614e-05,2.5040824484433614e-05,9.0
waipuke,1.2683171573242254e-05,-1.235765291119136e-05,3.255186620508938e-07,2.5040824484433614e-05,2.5040824484433614e-05,10.0
wairua,1.2683171573242254e-05,-1.235765291119136e-05,3.255186620508938e-07,2.5040824484433614e-05,2.5040824484433614e-05,19.0
waiwai,1.2683171573242254e-05,-1.235765291119136e-05,3.255186620508938e-07,2.5040824484433614e-05,2.5040824484433614e-05,9.0
waka,1.2683171573242254e-05,-1.235765291119136e-05,3.255186620508938e-07,2.5040824484433614e-05,2.5040824484433614e-05,22.0
ware,1.2683171573242254e-05,-1.235765291119136e-05,3.255186620508938e-07,2.5040824484433614e-05,2.5040824484433614e-05,9.0
wareware,1.2683171573242254e-05,-1.235765291119136e-05,3.255186620508938e-07,2.5040824484433614e-05,2.5040824484433614e-05,15.0
waru,1.2683171573242254e-05,-1.235765291119136e-05,3.255186620508938e-07,2.5040824484433614e-05,2.5040824484433614e-05,9.0
wawata,-0.0003254374043096579,0.0006341698468011394,0.0003087324424914815,-0.0009596072511107972,0.0009596072511107972,11.0
wawe,1.2683171573242254e-05,-1.235765291119136e-05,3.255186620508938e-07,2.5040824484433614e-05,2.5040824484433614e-05,9.0
wehe,1.2683171573242254e-05,-1.235765291119136e-05,3.255186620508938e-07,2.5040824484433614e-05,2.5040824484433614e-05,19.0
wehenga,1.2683171573242254e-05,-1.235765291119136e-05,3.255186620508938e-07,2.5040824484433614e-05,2.5040824484433614e-05,10.0
wehetanga,1.2683171573242254e-05,-1.235765291119136e-05,3.255186620508938e-07,2.5040824484433614e-05,2.5040824484433614e-05,9.0
wehi,1.2683171573242254e-05,-1.235765291119136e-05,3.255186620508938e-07,2.5040824484433614e-05,2.5040824484433614e-05,11.0
wenerei,1.2683171573242254e-05,-1.235765291119136e-05,3.255186620508938e-07,2.5040824484433614e-05,2.5040824484433614e-05,10.0
wera,0.0007016074949122848,-0.0003418002292229524,0.0003598072656893324,0.0010434077241352371,0.0010434077241352371,11.0
wero,-0.0008685758342917155,0.0021157087218369973,0.0012471328875452818,-0.0029842845561287128,0.0029842845561287128,14.0
werowero,1.2683171573242254e-05,-1.235765291119136e-05,3.255186620508938e-07,2.5040824484433614e-05,2.5040824484433614e-05,9.0
weto,1.2683171573242254e-05,-1.235765291119136e-05,3.255186620508938e-07,2.5040824484433614e-05,2.5040824484433614e-05,9.0
whai,0.004615945754821654,-0.0026455739200918114,0.0019703718347298424,0.007261519674913465,0.007261519674913465,81.0
whaiwhai,-0.0003254374043096579,0.0006341698468011394,0.0003087324424914815,-0.0009596072511107972,0.0009596072511107972,15.0
whaka-,-0.0003254374043096579,0.0006341698468011394,0.0003087324424914815,-0.0009596072511107972,0.0009596072511107972,9.0
whakaae,7.60990294394534e-05,-7.414591746714805e-05,1.953111972305356e-06,0.00015024494690660145,0.00015024494690660145,45.0
whakaaetanga,1.2683171573242254e-05,-1.235765291119136e-05,3.255186620508938e-07,2.5040824484433614e-05,2.5040824484433614e-05,9.0
whakaahua,-0.0003254374043096579,0.0006341698468011394,0.0003087324424914815,-0.0009596072511107972,0.0009596072511107972,10.0
whakaako,-0.0006508748086193158,0.0012683396936022787,0.000617464884982963,-0.0019192145022215944,0.0019192145022215944,17.0
whakaara,-0.000370209372080993,0.0005410617011164703,0.00017085232903547734,-0.0009112710731974633,0.0009112710731974633,15.0
whakaari,-0.0003254374043096579,0.0006341698468011394,0.0003087324424914815,-0.0009596072511107972,0.0009596072511107972,9.0
whakaaro,0.002806429979649139,-0.0013672009168918095,0.0014392290627573297,0.0041736308965409485,0.0041736308965409485,48.0
whakaaroaro,1.2683171573242254e-05,-1.235765291119136e-05,3.255186620508938e-07,2.5040824484433614e-05,2.5040824484433614e-05,9.0
whakaata,-0.0003254374043096579,0.0006341698468011394,0.0003087324424914815,-0.0009596072511107972,0.0009596072511107972,9.0
whakaatu,-0.001327115960385116,0.005172219997698646,0.00384510403731353,-0.006499335958083763,0.006499335958083763,20.0
whakaeke,-0.0003254374043096579,0.0006341698468011394,0.0003087324424914815,-0.0009596072511107972,0.0009596072511107972,14.0
whakaeketanga,1.2683171573242254e-05,-1.235765291119136e-05,3.255186620508938e-07,2.5040824484433614e-05,2.5040824484433614e-05,9.0
whakaemi,1.2683171573242254e-05,-1.235765291119136e-05,3.255186620508938e-07,2.5040824484433614e-05,2.5040824484433614e-05,11.0
whakahaere,-0.004764729880215658,0.019232970625938407,0.01446824074572275,-0.023997700506154067,0.023997700506154067,49.0
whakahau,-0.0008685758342917155,0.0021157087218369973,0.0012471328875452818,-0.0029842845561287128,0.0029842845561287128,16.0
whakaheke,0.0016457748152096435,-0.0005345117825063005,0.001111263032703343,0.002180286597715944,0.002180286597715944,10.0
whakahihiko,-0.0003254374043096579,0.0006341698468011394,0.0003087324424914815,-0.0009596072511107972,0.0009596072511107972,9.0
whakahoki,-0.0008613458378062968,0.005035434317974073,0.0041740884801677765,-0.00589678015578037,0.00589678015578037,32.0
whakahokinga,1.2683171573242254e-05,-1.235765291119136e-05,3.255186620508938e-07,2.5040824484433614e-05,2.5040824484433614e-05,9.0
whakahokitanga,1.2683171573242254e-05,-1.235765291119136e-05,3.255186620508938e-07,2.5040824484433614e-05,2.5040824484433614e-05,9.0
whakahokohoko,1.2683171573242254e-05,-1.235765291119136e-05,3.255186620508938e-07,2.5040824484433614e-05,2.5040824484433614e-05,9.0
whakahono,1.2683171573242254e-05,-1.235765291119136e-05,3.255186620508938e-07,2.5040824484433614e-05,2.5040824484433614e-05,10.0
whakahonohono,1.2683171573242254e-05,-1.235765291119136e-05,3.255186620508938e-07,2.5040824484433614e-05,2.5040824484433614e-05,10.0
whakahua,1.2683171573242254e-05,-1.235765291119136e-05,3.255186620508938e-07,2.5040824484433614e-05,2.5040824484433614e-05,9.0
whakahui,1.2683171573242254e-05,-1.235765291119136e-05,3.255186620508938e-07,2.5040824484433614e-05,2.5040824484433614e-05,9.0
whakahuihui,2.5366343146484508e-05,-2.471530582238272e-05,6.510373241017876e-07,5.008164896886723e-05,5.008164896886723e-05,12.0
whakahuri,1.2683171573242254e-05,-1.235765291119136e-05,3.255186620508938e-07,2.5040824484433614e-05,2.5040824484433614e-05,9.0
whakahāwea,0.0007016074949122848,-0.0003418002292229524,0.0003598072656893324,0.0010434077241352371,0.0010434077241352371,13.0
whakahē,0.013268112665731264,-0.0024239214856893797,0.010844191180041884,0.015692034151420644,0.015692034151420644,34.0
whakahīhī,1.2683171573242254e-05,-1.235765291119136e-05,3.255186620508938e-07,2.5040824484433614e-05,2.5040824484433614e-05,9.0
whakahōhā,1.2683171573242254e-05,-1.235765291119136e-05,3.255186620508938e-07,2.5040824484433614e-05,2.5040824484433614e-05,9.0
whakahōnore,1.2683171573242254e-05,-1.235765291119136e-05,3.255186620508938e-07,2.5040824484433614e-05,2.5040824484433614e-05,10.0
whakaingoa,-0.0003254374043096579,0.0006341698468011394,0.0003087324424914815,-0.0009596072511107972,0.0009596072511107972,10.0
whakainu,1.2683171573242254e-05,-1.235765291119136e-05,3.255186620508938e-07,2.5040824484433614e-05,2.5040824484433614e-05,9.0
whakairi,-0.0003254374043096579,0.0006341698468011394,0.0003087324424914815,-0.0009596072511107972,0.0009596072511107972,11.0
whakairo,-0.0008613458378062968,0.005035434317974073,0.0041740884801677765,-0.00589678015578037,0.00589678015578037,13.0
whakaiti,-0.0003254374043096579,0.0006341698468011394,0.0003087324424914815,-0.0009596072511107972,0.0009596072511107972,9.0
whakakamakama,2.5366343146484508e-05,-2.471530582238272e-05,6.510373241017876e-07,5.008164896886723e-05,5.008164896886723e-05,10.0
whakakaupapa,-0.0003254374043096579,0.0006341698468011394,0.0003087324424914815,-0.0009596072511107972,0.0009596072511107972,9.0
whakakawa,1.2683171573242254e-05,-1.235765291119136e-05,3.255186620508938e-07,2.5040824484433614e-05,2.5040824484433614e-05,9.0
whakakawe,-0.0003254374043096579,0.0006341698468011394,0.0003087324424914815,-0.0009596072511107972,0.0009596072511107972,9.0
whakakeokeo,-0.0003254374043096579,0.0006341698468011394,0.0003087324424914815,-0.0009596072511107972,0.0009596072511107972,9.0
whakakite,-0.0003254374043096579,0.0006341698468011394,0.0003087324424914815,-0.0009596072511107972,0.0009596072511107972,9.0
whakakoi,1.2683171573242254e-05,-1.235765291119136e-05,3.255186620508938e-07,2.5040824484433614e-05,2.5040824484433614e-05,9.0
whakakopi,-0.000663557980192558,0.002586109998849323,0.001922552018656765,-0.0032496679790418813,0.0032496679790418813,11.0
whakakore,-0.0005232252619233966,0.0015293894300517535,0.0010061641681283569,-0.0020526146919751503,0.0020526146919751503,13.0
whakakoretake,1.2683171573242254e-05,-1.235765291119136e-05,3.255186620508938e-07,2.5040824484433614e-05,2.5040824484433614e-05,10.0
whakakorikori,0.0007016074949122848,-0.0003418002292229524,0.0003598072656893324,0.0010434077241352371,0.0010434077241352371,9.0
whakakotahi,2.5366343146484508e-05,-2.471530582238272e-05,6.510373241017876e-07,5.008164896886723e-05,5.008164896886723e-05,14.0
whakakotiti,-0.0003254374043096579,0.0006341698468011394,0.0003087324424914815,-0.0009596072511107972,0.0009596072511107972,9.0
whakakāhore,0.0007016074949122848,-0.0003418002292229524,0.0003598072656893324,0.0010434077241352371,0.0010434077241352371,10.0
whakakātu,1.2683171573242254e-05,-1.235765291119136e-05,3.255186620508938e-07,2.5040824484433614e-05,2.5040824484433614e-05,9.0
whakakīkī,1.2683171573242254e-05,-1.235765291119136e-05,3.255186620508938e-07,2.5040824484433614e-05,2.5040824484433614e-05,9.0
whakamahana,-0.0003254374043096579,0.0006341698468011394,0.0003087324424914815,-0.0009596072511107972,0.0009596072511107972,9.0
whakamahi,2.5366343146484508e-05,-2.471530582238272e-05,6.510373241017876e-07,5.008164896886723e-05,5.008164896886723e-05,19.0
whakamana,-0.0008613458378062968,0.005035434317974073,0.0041740884801677765,-0.00589678015578037,0.00589678015578037,20.0
whakamanatanga,1.2683171573242254e-05,-1.235765291119136e-05,3.255186620508938e-07,2.5040824484433614e-05,2.5040824484433614e-05,9.0
whakamanuhiri,-0.0003254374043096579,0.0006341698468011394,0.0003087324424914815,-0.0009596072511107972,0.0009596072511107972,9.0
whakamaoa,1.2683171573242254e-05,-1.235765291119136e-05,3.255186620508938e-07,2.5040824484433614e-05,2.5040824484433614e-05,9.0
whakamataku,1.2683171573242254e-05,-1.235765291119136e-05,3.255186620508938e-07,2.5040824484433614e-05,2.5040824484433614e-05,9.0
whakamau,-0.0003254374043096579,0.0006341698468011394,0.0003087324424914815,-0.0009596072511107972,0.0009596072511107972,10.0
whakamihi,1.2683171573242254e-05,-1.235765291119136e-05,3.255186620508938e-07,2.5040824484433614e-05,2.5040824484433614e-05,9.0
whakamoe,1.2683171573242254e-05,-1.235765291119136e-05,3.255186620508938e-07,2.5040824484433614e-05,2.5040824484433614e-05,9.0
whakamoemoe,1.2683171573242254e-05,-1.235765291119136e-05,3.255186620508938e-07,2.5040824484433614e-05,2.5040824484433614e-05,9.0
whakamomori,1.2683171573242254e-05,-1.235765291119136e-05,3.255186620508938e-07,2.5040824484433614e-05,2.5040824484433614e-05,9.0
whakamutu,-0.0008685758342917155,0.0021157087218369973,0.0012471328875452818,-0.0029842845561287128,0.0029842845561287128,15.0
whakamutunga,1.2683171573242254e-05,-1.235765291119136e-05,3.255186620508938e-07,2.5040824484433614e-05,2.5040824484433614e-05,12.0
whakamā,1.2683171573242254e-05,-1.235765291119136e-05,3.255186620508938e-07,2.5040824484433614e-05,2.5040824484433614e-05,9.0
whakamāmā,-0.0003254374043096579,0.0006341698468011394,0.0003087324424914815,-0.0009596072511107972,0.0009596072511107972,12.0
whakamārama,-0.001110529068911658,0.010820268969909215,0.009709739900997556,-0.011930798038820873,0.011930798038820873,32.0
whakamāramatanga,1.2683171573242254e-05,-1.235765291119136e-05,3.255186620508938e-07,2.5040824484433614e-05,2.5040824484433614e-05,9.0
whakamātautau,0.0006314130875609429,-0.0004101384123890789,0.00022127467517186404,0.0010415514999500219,0.0010415514999500219,18.0
whakamīharo,1.2683171573242254e-05,-1.235765291119136e-05,3.255186620508938e-07,2.5040824484433614e-05,2.5040824484433614e-05,9.0
whakamōhio,1.2683171573242254e-05,-1.235765291119136e-05,3.255186620508938e-07,2.5040824484433614e-05,2.5040824484433614e-05,8.0
whakangaro,1.2683171573242254e-05,-1.235765291119136e-05,3.255186620508938e-07,2.5040824484433614e-05,2.5040824484433614e-05,9.0
whakangoikore,-0.0003254374043096579,0.0006341698468011394,0.0003087324424914815,-0.0009596072511107972,0.0009596072511107972,9.0
whakangāwari,-0.0005232252619233966,0.0015293894300517535,0.0010061641681283569,-0.0020526146919751503,0.0020526146919751503,11.0
whakanoa,-0.0003254374043096579,0.0006341698468011394,0.0003087324424914815,-0.0009596072511107972,0.0009596072511107972,10.0
whakanoho,1.2683171573242254e-05,-1.235765291119136e-05,3.255186620508938e-07,2.5040824484433614e-05,2.5040824484433614e-05,9.0
whakanui,-0.0003254374043096579,0.0006341698468011394,0.0003087324424914815,-0.0009596072511107972,0.0009596072511107972,13.0
whakaohooho,0.0007016074949122848,-0.0003418002292229524,0.0003598072656893324,0.0010434077241352371,0.0010434077241352371,9.0
whakaora,-0.000663557980192558,0.002586109998849323,0.001922552018656765,-0.0032496679790418813,0.0032496679790418813,11.0
whakaoti,-0.001327115960385116,0.005172219997698646,0.00384510403731353,-0.006499335958083763,0.006499335958083763,16.0
whakapae,1.2683171573242254e-05,-1.235765291119136e-05,3.255186620508938e-07,2.5040824484433614e-05,2.5040824484433614e-05,9.0
whakapaera,0.0007016074949122848,-0.0003418002292229524,0.0003598072656893324,0.0010434077241352371,0.0010434077241352371,9.0
whakapahū,-0.0005232252619233966,0.0015293894300517535,0.0010061641681283569,-0.0020526146919751503,0.0020526146919751503,10.0
whakapai,-0.000370209372080993,0.0005410617011164703,0.00017085232903547734,-0.0009112710731974633,0.0009112710731974633,15.0
whakapaipai,1.2683171573242254e-05,-1.235765291119136e-05,3.255186620508938e-07,2.5040824484433614e-05,2.5040824484433614e-05,9.0
whakapakari,1.2683171573242254e-05,-1.235765291119136e-05,3.255186620508938e-07,2.5040824484433614e-05,2.5040824484433614e-05,10.0
whakapaoho,0.0007016074949122848,-0.0003418002292229524,0.0003598072656893324,0.0010434077241352371,0.0010434077241352371,12.0
whakapapa,1.2683171573242254e-05,-1.235765291119136e-05,3.255186620508938e-07,2.5040824484433614e-05,2.5040824484433614e-05,13.0
whakapati,0.0007016074949122848,-0.0003418002292229524,0.0003598072656893324,0.0010434077241352371,0.0010434077241352371,11.0
whakapau,2.5366343146484508e-05,-2.471530582238272e-05,6.510373241017876e-07,5.008164896886723e-05,5.008164896886723e-05,12.0
whakapaunga,1.2683171573242254e-05,-1.235765291119136e-05,3.255186620508938e-07,2.5040824484433614e-05,2.5040824484433614e-05,9.0
whakapiri,1.2683171573242254e-05,-1.235765291119136e-05,3.255186620508938e-07,2.5040824484433614e-05,2.5040824484433614e-05,9.0
whakapono,0.0016457748152096435,-0.0005345117825063005,0.001111263032703343,0.002180286597715944,0.002180286597715944,16.0
whakapoto,1.2683171573242254e-05,-1.235765291119136e-05,3.255186620508938e-07,2.5040824484433614e-05,2.5040824484433614e-05,9.0
whakapuaki,-0.0003254374043096579,0.0006341698468011394,0.0003087324424914815,-0.0009596072511107972,0.0009596072511107972,9.0
whakapuaretanga,1.2683171573242254e-05,-1.235765291119136e-05,3.255186620508938e-07,2.5040824484433614e-05,2.5040824484433614e-05,9.0
whakapupū,-0.0003254374043096579,0.0006341698468011394,0.0003087324424914815,-0.0009596072511107972,0.0009596072511107972,9.0
whakaputa,-0.0011968414309953379,0.0040814340624484545,0.0028845926314531164,-0.005278275493443793,0.005278275493443793,25.0
whakaputaputa,1.2683171573242254e-05,-1.235765291119136e-05,3.255186620508938e-07,2.5040824484433614e-05,2.5040824484433614e-05,9.0
whakapā,1.2683171573242254e-05,-1.235765291119136e-05,3.255186620508938e-07,2.5040824484433614e-05,2.5040824484433614e-05,10.0
whakapākehā,0.0007016074949122848,-0.0003418002292229524,0.0003598072656893324,0.0010434077241352371,0.0010434077241352371,10.0
whakapīataata,-0.0003254374043096579,0.0006341698468011394,0.0003087324424914815,-0.0009596072511107972,0.0009596072511107972,9.0
whakapōrearea,0.0007016074949122848,-0.0003418002292229524,0.0003598072656893324,0.0010434077241352371,0.0010434077241352371,9.0
whakapōtae,0.0007016074949122848,-0.0003418002292229524,0.0003598072656893324,0.0010434077241352371,0.0010434077241352371,9.0
whakarahi,-0.0003254374043096579,0.0006341698468011394,0.0003087324424914815,-0.0009596072511107972,0.0009596072511107972,10.0
whakarangatira,-0.000663557980192558,0.002586109998849323,0.001922552018656765,-0.0032496679790418813,0.0032496679790418813,11.0
whakarapu,1.2683171573242254e-05,-1.235765291119136e-05,3.255186620508938e-07,2.5040824484433614e-05,2.5040824484433614e-05,9.0
whakararata,-0.0005232252619233966,0.0015293894300517535,0.0010061641681283569,-0.0020526146919751503,0.0020526146919751503,10.0
whakararu,0.0053202730857166885,-0.0008639543588180616,0.004456318726898627,0.00618422744453475,0.00618422744453475,14.0
whakararuraru,0.0007016074949122848,-0.0003418002292229524,0.0003598072656893324,0.0010434077241352371,0.0010434077241352371,9.0
whakarei,-0.0003254374043096579,0.0006341698468011394,0.0003087324424914815,-0.0009596072511107972,0.0009596072511107972,9.0
whakareka,-0.0003254374043096579,0.0006341698468011394,0.0003087324424914815,-0.0009596072511107972,0.0009596072511107972,9.0
whakarerekē,0.0007016074949122848,-0.0003418002292229524,0.0003598072656893324,0.0010434077241352371,0.0010434077241352371,9.0
whakareri,1.2683171573242254e-05,-1.235765291119136e-05,3.255186620508938e-07,2.5040824484433614e-05,2.5040824484433614e-05,9.0
whakarewa,1.2683171573242254e-05,-1.235765291119136e-05,3.255186620508938e-07,2.5040824484433614e-05,2.5040824484433614e-05,9.0
whakarite,-0.001990673940577674,0.00775832999654797,0.005767656055970296,-0.009749003937125644,0.009749003937125644,39.0
whakarongo,0.0016457748152096435,-0.0005345117825063005,0.001111263032703343,0.002180286597715944,0.002180286597715944,44.0
whakarongotanga,1.2683171573242254e-05,-1.235765291119136e-05,3.255186620508938e-07,2.5040824484433614e-05,2.5040824484433614e-05,9.0
whakarāhui,-0.0003254374043096579,0.0006341698468011394,0.0003087324424914815,-0.0009596072511107972,0.0009596072511107972,9.0
whakarāpopoto,-0.0003254374043096579,0.0006341698468011394,0.0003087324424914815,-0.0009596072511107972,0.0009596072511107972,12.0
whakarārangi,-0.0003254374043096579,0.0006341698468011394,0.0003087324424914815,-0.0009596072511107972,0.0009596072511107972,9.0
whakataetae,1.2683171573242254e-05,-1.235765291119136e-05,3.255186620508938e-07,2.5040824484433614e-05,2.5040824484433614e-05,9.0
whakatakariri,0.0007016074949122848,-0.0003418002292229524,0.0003598072656893324,0.0010434077241352371,0.0010434077241352371,9.0
whakatakiri,1.2683171573242254e-05,-1.235765291119136e-05,3.255186620508938e-07,2.5040824484433614e-05,2.5040824484433614e-05,9.0
whakatakoto,-0.0023172254790862737,0.011288764810187408,0.008971539331101135,-0.013605990289273681,0.013605990289273681,32.0
whakatakototanga,1.2683171573242254e-05,-1.235765291119136e-05,3.255186620508938e-07,2.5040824484433614e-05,2.5040824484433614e-05,9.0
whakatangi,-0.000663557980192558,0.002586109998849323,0.001922552018656765,-0.0032496679790418813,0.0032496679790418813,11.0
whakatapu,-0.0005232252619233966,0.0015293894300517535,0.0010061641681283569,-0.0020526146919751503,0.0020526146919751503,10.0
whakatatanga,1.2683171573242254e-05,-1.235765291119136e-05,3.255186620508938e-07,2.5040824484433614e-05,2.5040824484433614e-05,10.0
whakatatū,-0.000663557980192558,0.002586109998849323,0.001922552018656765,-0.0032496679790418813,0.0032496679790418813,12.0
whakatau,-0.0018007821221233608,0.011404668145101608,0.009603886022978247,-0.013205450267224968,0.013205450267224968,31.0
whakatauira,-0.0003254374043096579,0.0006341698468011394,0.0003087324424914815,-0.0009596072511107972,0.0009596072511107972,10.0
whakataukī,1.2683171573242254e-05,-1.235765291119136e-05,3.255186620508938e-07,2.5040824484433614e-05,2.5040824484433614e-05,10.0
whakataumaha,0.0007016074949122848,-0.0003418002292229524,0.0003598072656893324,0.0010434077241352371,0.0010434077241352371,9.0
whakataupatupatu,1.2683171573242254e-05,-1.235765291119136e-05,3.255186620508938e-07,2.5040824484433614e-05,2.5040824484433614e-05,9.0
whakatauākī,1.2683171573242254e-05,-1.235765291119136e-05,3.255186620508938e-07,2.5040824484433614e-05,2.5040824484433614e-05,10.0
whakateka,0.0007016074949122848,-0.0003418002292229524,0.0003598072656893324,0.0010434077241352371,0.0010434077241352371,9.0
whakatere,-0.0005232252619233966,0.0015293894300517535,0.0010061641681283569,-0.0020526146919751503,0.0020526146919751503,10.0
whakatika,-0.00037507369200618035,0.00042635515528269074,5.128146327651039e-05,-0.0008014288472888711,0.0008014288472888711,23.0
whakatikatika,-0.0010016785560754582,0.007807760608192734,0.006806082052117276,-0.008809439164268193,0.008809439164268193,19.0
whakatinana,-0.0005232252619233966,0.0015293894300517535,0.0010061641681283569,-0.0020526146919751503,0.0020526146919751503,14.0
whakatipu,-0.000370209372080993,0.0005410617011164703,0.00017085232903547734,-0.0009112710731974633,0.0009112710731974633,13.0
whakatokomaha,1.2683171573242254e-05,-1.235765291119136e-05,3.255186620508938e-07,2.5040824484433614e-05,2.5040824484433614e-05,9.0
whakatupu,1.2683171573242254e-05,-1.235765291119136e-05,3.255186620508938e-07,2.5040824484433614e-05,2.5040824484433614e-05,9.0
whakature,1.2683171573242254e-05,-1.235765291119136e-05,3.255186620508938e-07,2.5040824484433614e-05,2.5040824484433614e-05,10.0
whakatutuki,-0.0003254374043096579,0.0006341698468011394,0.0003087324424914815,-0.0009596072511107972,0.0009596072511107972,10.0
whakatutukitanga,1.2683171573242254e-05,-1.235765291119136e-05,3.255186620508938e-07,2.5040824484433614e-05,2.5040824484433614e-05,9.0
whakatutū,-0.000663557980192558,0.002586109998849323,0.001922552018656765,-0.0032496679790418813,0.0032496679790418813,11.0
whakatuwhera,-0.0016378025273300278,0.008776722193748128,0.0071389196664181,-0.010414524721078155,0.010414524721078155,22.0
whakatuwheratanga,1.2683171573242254e-05,-1.235765291119136e-05,3.255186620508938e-07,2.5040824484433614e-05,2.5040824484433614e-05,12.0
whakatā,2.5366343146484508e-05,-2.471530582238272e-05,6.510373241017876e-07,5.008164896886723e-05,5.008164896886723e-05,13.0
whakatārewa,1.2683171573242254e-05,-1.235765291119136e-05,3.255186620508938e-07,2.5040824484433614e-05,2.5040824484433614e-05,9.0
whakatō,-0.0010464505238467932,0.003058778860103507,0.0020123283362567137,-0.0041052293839503005,0.0041052293839503005,14.0
whakatōmuri,-0.0003254374043096579,0.0006341698468011394,0.0003087324424914815,-0.0009596072511107972,0.0009596072511107972,9.0
whakatōpū,1.2683171573242254e-05,-1.235765291119136e-05,3.255186620508938e-07,2.5040824484433614e-05,2.5040824484433614e-05,9.0
whakatū,-0.0014190003571927145,0.002304301910840513,0.0008853015536477986,-0.003723302268033228,0.003723302268033228,45.0
whakatūpeke,1.2683171573242254e-05,-1.235765291119136e-05,3.255186620508938e-07,2.5040824484433614e-05,2.5040824484433614e-05,9.0
whakatūtanga,1.2683171573242254e-05,-1.235765291119136e-05,3.255186620508938e-07,2.5040824484433614e-05,2.5040824484433614e-05,10.0
whakatūtū,1.2683171573242254e-05,-1.235765291119136e-05,3.255186620508938e-07,2.5040824484433614e-05,2.5040824484433614e-05,9.0
whakauaua,0.0007016074949122848,-0.0003418002292229524,0.0003598072656893324,0.0010434077241352371,0.0010434077241352371,9.0
whakauru,-0.0007724084930287579,0.0037629216033958023,0.0029905131103670443,-0.00453533009642456,0.00453533009642456,18.0
whakautu,-0.000663557980192558,0.002586109998849323,0.001922552018656765,-0.0032496679790418813,0.0032496679790418813,18.0
whakaututanga,1.2683171573242254e-05,-1.235765291119136e-05,3.255186620508938e-07,2.5040824484433614e-05,2.5040824484433614e-05,9.0
whakawaiwai,-0.0003254374043096579,0.0006341698468011394,0.0003087324424914815,-0.0009596072511107972,0.0009596072511107972,9.0
whakawehe,1.2683171573242254e-05,-1.235765291119136e-05,3.255186620508938e-07,2.5040824484433614e-05,2.5040824484433614e-05,10.0
whakawehewehe,0.0007016074949122848,-0.0003418002292229524,0.0003598072656893324,0.0010434077241352371,0.0010434077241352371,11.0
whakawhirinaki,1.2683171573242254e-05,-1.235765291119136e-05,3.255186620508938e-07,2.5040824484433614e-05,2.5040824484433614e-05,9.0
whakawhiriwhiri,-0.0003254374043096579,0.0006341698468011394,0.0003087324424914815,-0.0009596072511107972,0.0009596072511107972,9.0
whakawhiti,0.003291549630419287,-0.001069023565012601,0.002222526065406686,0.004360573195431888,0.004360573195431888,22.0
whakawhitiwhiti,-0.0003254374043096579,0.0006341698468011394,0.0003087324424914815,-0.0009596072511107972,0.0009596072511107972,9.0
whakawhiu,1.2683171573242254e-05,-1.235765291119136e-05,3.255186620508938e-07,2.5040824484433614e-05,2.5040824484433614e-05,9.0
whakawhiwhi,1.2683171573242254e-05,-1.235765291119136e-05,3.255186620508938e-07,2.5040824484433614e-05,2.5040824484433614e-05,13.0
whakawhiwhinga,1.2683171573242254e-05,-1.235765291119136e-05,3.255186620508938e-07,2.5040824484433614e-05,2.5040824484433614e-05,9.0
whakawhānui,1.2683171573242254e-05,-1.235765291119136e-05,3.255186620508938e-07,2.5040824484433614e-05,2.5040824484433614e-05,13.0
whakawā,-0.0009365412913805691,0.006387532096630782,0.005450990805250213,-0.007324073388011351,0.007324073388011351,19.0
whakawāhihi,1.2683171573242254e-05,-1.235765291119136e-05,3.255186620508938e-07,2.5040824484433614e-05,2.5040824484433614e-05,8.0
whakawātea,-0.001327115960385116,0.005172219997698646,0.00384510403731353,-0.006499335958083763,0.006499335958083763,20.0
whanga,1.2683171573242254e-05,-1.235765291119136e-05,3.255186620508938e-07,2.5040824484433614e-05,2.5040824484433614e-05,11.0
whanga-nui-ā-tara,1.2683171573242254e-05,-1.235765291119136e-05,3.255186620508938e-07,2.5040824484433614e-05,2.5040824484433614e-05,10.0
whao,-0.0003254374043096579,0.0006341698468011394,0.0003087324424914815,-0.0009596072511107972,0.0009596072511107972,9.0
whara,0.0007016074949122848,-0.0003418002292229524,0.0003598072656893324,0.0010434077241352371,0.0010434077241352371,10.0
whare,1.2683171573242254e-05,-1.235765291119136e-05,3.255186620508938e-07,2.5040824484433614e-05,2.5040824484433614e-05,23.0
wharekai,1.2683171573242254e-05,-1.235765291119136e-05,3.255186620508938e-07,2.5040824484433614e-05,2.5040824484433614e-05,9.0
whata-mangō,-0.0003254374043096579,0.0006341698468011394,0.0003087324424914815,-0.0009596072511107972,0.0009596072511107972,9.0
whati,1.2683171573242254e-05,-1.235765291119136e-05,3.255186620508938e-07,2.5040824484433614e-05,2.5040824484433614e-05,9.0
whawhai,0.0014032149898245696,-0.0006836004584459047,0.0007196145313786649,0.0020868154482704742,0.0020868154482704742,18.0
whenua,1.2683171573242254e-05,-1.235765291119136e-05,3.255186620508938e-07,2.5040824484433614e-05,2.5040824484433614e-05,13.0
wherawhera,0.0007016074949122848,-0.0003418002292229524,0.0003598072656893324,0.0010434077241352371,0.0010434077241352371,9.0
whiri,1.2683171573242254e-05,-1.235765291119136e-05,3.255186620508938e-07,2.5040824484433614e-05,2.5040824484433614e-05,9.0
whirinaki,0.0007016074949122848,-0.0003418002292229524,0.0003598072656893324,0.0010434077241352371,0.0010434077241352371,9.0
whiriwhiri,-0.0011529939645968021,0.001460422488427033,0.0003074285238302309,-0.002613416453023835,0.002613416453023835,33.0
whiti,1.2683171573242254e-05,-1.235765291119136e-05,3.255186620508938e-07,2.5040824484433614e-05,2.5040824484433614e-05,14.0
whitu,1.2683171573242254e-05,-1.235765291119136e-05,3.255186620508938e-07,2.5040824484433614e-05,2.5040824484433614e-05,11.0
whiu,5.0732686292969016e-05,-4.943061164476544e-05,1.3020746482035752e-06,0.00010016329793773446,0.00010016329793773446,18.0
whiwhi,-0.0003254374043096579,0.0006341698468011394,0.0003087324424914815,-0.0009596072511107972,0.0009596072511107972,18.0
whoatu,-0.0003254374043096579,0.0006341698468011394,0.0003087324424914815,-0.0009596072511107972,0.0009596072511107972,9.0
whā,1.2683171573242254e-05,-1.235765291119136e-05,3.255186620508938e-07,2.5040824484433614e-05,2.5040824484433614e-05,13.0
whāinga,1.2683171573242254e-05,-1.235765291119136e-05,3.255186620508938e-07,2.5040824484433614e-05,2.5040824484433614e-05,9.0
whāiti,1.2683171573242254e-05,-1.235765291119136e-05,3.255186620508938e-07,2.5040824484433614e-05,2.5040824484433614e-05,9.0
whāki,-0.0005232252619233966,0.0015293894300517535,0.0010061641681283569,-0.0020526146919751503,0.0020526146919751503,10.0
whākīkī,0.0007016074949122848,-0.0003418002292229524,0.0003598072656893324,0.0010434077241352371,0.0010434077241352371,9.0
whānako,-0.000663557980192558,0.002586109998849323,0.001922552018656765,-0.0032496679790418813,0.0032496679790418813,12.0
whānau,1.2683171573242254e-05,-1.235765291119136e-05,3.255186620508938e-07,2.5040824484433614e-05,2.5040824484433614e-05,16.0
whānau-ā-rua-taupare,1.2683171573242254e-05,-1.235765291119136e-05,3.255186620508938e-07,2.5040824484433614e-05,2.5040824484433614e-05,9.0
whānautanga,1.2683171573242254e-05,-1.235765291119136e-05,3.255186620508938e-07,2.5040824484433614e-05,2.5040824484433614e-05,10.0
whāngai,-0.0030896339721150318,0.01505168641358321,0.011962052441468177,-0.01814132038569824,0.01814132038569824,35.0
whānui,1.2683171573242254e-05,-1.235765291119136e-05,3.255186620508938e-07,2.5040824484433614e-05,2.5040824484433614e-05,9.0
whānuitanga,1.2683171573242254e-05,-1.235765291119136e-05,3.255186620508938e-07,2.5040824484433614e-05,2.5040824484433614e-05,11.0
whāriki,-0.0003254374043096579,0.0006341698468011394,0.0003087324424914815,-0.0009596072511107972,0.0009596072511107972,12.0
whārua,1.2683171573242254e-05,-1.235765291119136e-05,3.255186620508938e-07,2.5040824484433614e-05,2.5040824484433614e-05,9.0
whāwhā,1.2683171573242254e-05,-1.235765291119136e-05,3.255186620508938e-07,2.5040824484433614e-05,2.5040824484433614e-05,10.0
whītiki,-0.0003254374043096579,0.0006341698468011394,0.0003087324424914815,-0.0009596072511107972,0.0009596072511107972,9.0
wiki,1.2683171573242254e-05,-1.235765291119136e-05,3.255186620508938e-07,2.5040824484433614e-05,2.5040824484433614e-05,14.0
wikitōria,-0.0003254374043096579,0.0006341698468011394,0.0003087324424914815,-0.0009596072511107972,0.0009596072511107972,15.0
wā,0.0007016074949122848,-0.0003418002292229524,0.0003598072656893324,0.0010434077241352371,0.0010434077241352371,77.0
wāhanga,1.2683171573242254e-05,-1.235765291119136e-05,3.255186620508938e-07,2.5040824484433614e-05,2.5040824484433614e-05,35.0
wāhi,0.0007016074949122848,-0.0003418002292229524,0.0003598072656893324,0.0010434077241352371,0.0010434077241352371,17.0
wānanga,-0.0005232252619233966,0.0015293894300517535,0.0010061641681283569,-0.0020526146919751503,0.0020526146919751503,12.0
wāriu,1.2683171573242254e-05,-1.235765291119136e-05,3.255186620508938e-07,2.5040824484433614e-05,2.5040824484433614e-05,10.0
wātea,0.0027556972933561706,-0.0006712428055347134,0.002084454487821457,0.003426940098890884,0.003426940098890884,20.0
wāwāhi,1.2683171573242254e-05,-1.235765291119136e-05,3.255186620508938e-07,2.5040824484433614e-05,2.5040824484433614e-05,10.0
wētahi,-0.0003254374043096579,0.0006341698468011394,0.0003087324424914815,-0.0009596072511107972,0.0009596072511107972,9.0
{unclear,0.0006314130875609429,-0.0004101384123890789,0.00022127467517186404,0.0010415514999500219,0.0010415514999500219,12.0
{unclear},1.2683171573242254e-05,-1.235765291119136e-05,3.255186620508938e-07,2.5040824484433614e-05,2.5040824484433614e-05,9.0
āhei,-0.0003254374043096579,0.0006341698468011394,0.0003087324424914815,-0.0009596072511107972,0.0009596072511107972,27.0
āhua,0.008267091880068512,-0.0020137284166041403,0.0062533634634643715,0.010280820296672651,0.010280820296672651,88.0
āhuaranga,1.2683171573242254e-05,-1.235765291119136e-05,3.255186620508938e-07,2.5040824484433614e-05,2.5040824484433614e-05,17.0
āhuatanga,0.0016457748152096435,-0.0005345117825063005,0.001111263032703343,0.002180286597715944,0.002180286597715944,29.0
āki,0.0027556972933561706,-0.0006712428055347134,0.002084454487821457,0.003426940098890884,0.003426940098890884,12.0
ākuhata,1.2683171573242254e-05,-1.235765291119136e-05,3.255186620508938e-07,2.5040824484433614e-05,2.5040824484433614e-05,9.0
āmene,1.2683171573242254e-05,-1.235765291119136e-05,3.255186620508938e-07,2.5040824484433614e-05,2.5040824484433614e-05,9.0
āpiha,1.2683171573242254e-05,-1.235765291119136e-05,3.255186620508938e-07,2.5040824484433614e-05,2.5040824484433614e-05,9.0
āporo,1.2683171573242254e-05,-1.235765291119136e-05,3.255186620508938e-07,2.5040824484433614e-05,2.5040824484433614e-05,10.0
ārahi,-0.0013017496172386316,0.0025366793872045575,0.001234929769965926,-0.003838429004443189,0.003838429004443189,19.0
āta,-0.0019231227511284552,0.005152853854318757,0.003229731103190302,-0.007075976605447213,0.007075976605447213,35.0
ātaahua,1.2683171573242254e-05,-1.235765291119136e-05,3.255186620508938e-07,2.5040824484433614e-05,2.5040824484433614e-05,11.0
āwanga,0.0007016074949122848,-0.0003418002292229524,0.0003598072656893324,0.0010434077241352371,0.0010434077241352371,9.0
āwangawanga,0.0016457748152096435,-0.0005345117825063005,0.001111263032703343,0.002180286597715944,0.002180286597715944,17.0
āwherika,-0.0003254374043096579,0.0006341698468011394,0.0003087324424914815,-0.0009596072511107972,0.0009596072511107972,9.0
āwhina,-0.0013972542713029355,0.02450507728663419,0.023107823015331253,-0.025902331557937124,0.025902331557937124,28.0
ōhākī,1.2683171573242254e-05,-1.235765291119136e-05,3.255186620508938e-07,2.5040824484433614e-05,2.5040824484433614e-05,9.0
ōrite,-0.0003254374043096579,0.0006341698468011394,0.0003087324424914815,-0.0009596072511107972,0.0009596072511107972,17.0
ū,2.5366343146484508e-05,-2.471530582238272e-05,6.510373241017876e-07,5.008164896886723e-05,5.008164896886723e-05,22.0
ūkui,1.2683171573242254e-05,-1.235765291119136e-05,3.255186620508938e-07,2.5040824484433614e-05,2.5040824484433614e-05,9.0
