SubHead,kua,ka,Key,Diff,DiffAbs,Count
aha,0.001620949923731068,-0.0005395216682551013,0.0010814282554759667,0.002160471591986169,0.002160471591986169,18.0
ahi,7.231792259536725e-07,-7.221152055133288e-07,1.0640204403437445e-09,1.4452944314670012e-06,1.4452944314670012e-06,10.0
ahiahi,7.231792259536725e-07,-7.221152055133288e-07,1.0640204403437445e-09,1.4452944314670012e-06,1.4452944314670012e-06,10.0
ahu,-0.00039684942554432483,0.00059439830584226,0.0001975488802979352,-0.0009912477313865848,0.0009912477313865848,17.0
ahurei,7.231792259536725e-07,-7.221152055133288e-07,1.0640204403437445e-09,1.4452944314670012e-06,1.4452944314670012e-06,9.0
aituā,7.231792259536725e-07,-7.221152055133288e-07,1.0640204403437445e-09,1.4452944314670012e-06,1.4452944314670012e-06,10.0
akiaki,7.231792259536725e-07,-7.221152055133288e-07,1.0640204403437445e-09,1.4452944314670012e-06,1.4452944314670012e-06,8.0
ako,-0.000898642769125848,0.002243301468783995,0.0013446586996581473,-0.003141944237909843,0.003141944237909843,43.0
amo,7.231792259536725e-07,-7.221152055133288e-07,1.0640204403437445e-09,1.4452944314670012e-06,1.4452944314670012e-06,9.0
anga,0.0006823374984911462,-0.00034066678443550125,0.000341670714055645,0.0010230042829266475,0.0010230042829266475,9.0
anini,0.0006823374984911462,-0.00034066678443550125,0.000341670714055645,0.0010230042829266475,0.0010230042829266475,9.0
ao,7.231792259536725e-07,-7.221152055133288e-07,1.0640204403437445e-09,1.4452944314670012e-06,1.4452944314670012e-06,14.0
aorangi,7.231792259536725e-07,-7.221152055133288e-07,1.0640204403437445e-09,1.4452944314670012e-06,1.4452944314670012e-06,9.0
aotearoa,7.231792259536725e-07,-7.221152055133288e-07,1.0640204403437445e-09,1.4452944314670012e-06,1.4452944314670012e-06,9.0
ara,0.0005996132136722095,-0.00039915399805022674,0.00020045921562198278,0.0009987672117224363,0.0009987672117224363,17.0
araara,7.231792259536725e-07,-7.221152055133288e-07,1.0640204403437445e-09,1.4452944314670012e-06,1.4452944314670012e-06,9.0
arataki,7.231792259536725e-07,-7.221152055133288e-07,1.0640204403437445e-09,1.4452944314670012e-06,1.4452944314670012e-06,15.0
ariki,7.231792259536725e-07,-7.221152055133288e-07,1.0640204403437445e-09,1.4452944314670012e-06,1.4452944314670012e-06,9.0
aro,-0.0007897669545825435,0.003943024814933934,0.003153257860351391,-0.0047327917695164775,0.0047327917695164775,21.0
aroaro,7.231792259536725e-07,-7.221152055133288e-07,1.0640204403437445e-09,1.4452944314670012e-06,1.4452944314670012e-06,14.0
aroaro-whaki,7.231792259536725e-07,-7.221152055133288e-07,1.0640204403437445e-09,1.4452944314670012e-06,1.4452944314670012e-06,9.0
aroha,-0.0014430602064455077,0.0038424987154789,0.002399438509033392,-0.005285558921924408,0.005285558921924408,29.0
aronui,7.231792259536725e-07,-7.221152055133288e-07,1.0640204403437445e-09,1.4452944314670012e-06,1.4452944314670012e-06,8.0
aru,7.231792259536725e-07,-7.221152055133288e-07,1.0640204403437445e-09,1.4452944314670012e-06,1.4452944314670012e-06,10.0
ata,7.231792259536725e-07,-7.221152055133288e-07,1.0640204403437445e-09,1.4452944314670012e-06,1.4452944314670012e-06,13.0
atamira,7.231792259536725e-07,-7.221152055133288e-07,1.0640204403437445e-09,1.4452944314670012e-06,1.4452944314670012e-06,10.0
atawhai,7.231792259536725e-07,-7.221152055133288e-07,1.0640204403437445e-09,1.4452944314670012e-06,1.4452944314670012e-06,15.0
atua,7.231792259536725e-07,-7.221152055133288e-07,1.0640204403437445e-09,1.4452944314670012e-06,1.4452944314670012e-06,10.0
aukati,7.231792259536725e-07,-7.221152055133288e-07,1.0640204403437445e-09,1.4452944314670012e-06,1.4452944314670012e-06,12.0
auē,7.231792259536725e-07,-7.221152055133288e-07,1.0640204403437445e-09,1.4452944314670012e-06,1.4452944314670012e-06,10.0
awa,7.231792259536725e-07,-7.221152055133288e-07,1.0640204403437445e-09,1.4452944314670012e-06,1.4452944314670012e-06,13.0
awatea,0.0006823374984911462,-0.00034066678443550125,0.000341670714055645,0.0010230042829266475,0.0010230042829266475,9.0
awe,7.231792259536725e-07,-7.221152055133288e-07,1.0640204403437445e-09,1.4452944314670012e-06,1.4452944314670012e-06,9.0
awhi,7.231792259536725e-07,-7.221152055133288e-07,1.0640204403437445e-09,1.4452944314670012e-06,1.4452944314670012e-06,16.0
big,7.231792259536725e-07,-7.221152055133288e-07,1.0640204403437445e-09,1.4452944314670012e-06,1.4452944314670012e-06,10.0
ea,2.169537677861126e-06,-2.1663456165400947e-06,3.1920613210311277e-09,4.335883294401221e-06,4.335883294401221e-06,14.0
eke,0.0061104076095821296,-0.002346698965010981,0.0037637086445711483,0.008457106574593112,0.008457106574593112,36.0
ekenga,7.231792259536725e-07,-7.221152055133288e-07,1.0640204403437445e-09,1.4452944314670012e-06,1.4452944314670012e-06,11.0
haehae,7.231792259536725e-07,-7.221152055133288e-07,1.0640204403437445e-09,1.4452944314670012e-06,1.4452944314670012e-06,9.0
haere,-0.009559543363532,0.026626860568183863,0.017067317204651863,-0.03618640393171586,0.03618640393171586,204.0
haeremaitanga,7.231792259536725e-07,-7.221152055133288e-07,1.0640204403437445e-09,1.4452944314670012e-06,1.4452944314670012e-06,8.0
haerenga,7.231792259536725e-07,-7.221152055133288e-07,1.0640204403437445e-09,1.4452944314670012e-06,1.4452944314670012e-06,13.0
haeretanga,7.231792259536725e-07,-7.221152055133288e-07,1.0640204403437445e-09,1.4452944314670012e-06,1.4452944314670012e-06,10.0
hahautanga,7.231792259536725e-07,-7.221152055133288e-07,1.0640204403437445e-09,1.4452944314670012e-06,1.4452944314670012e-06,9.0
haika,7.231792259536725e-07,-7.221152055133288e-07,1.0640204403437445e-09,1.4452944314670012e-06,1.4452944314670012e-06,9.0
haina,0.0005996132136722095,-0.00039915399805022674,0.00020045921562198278,0.0009987672117224363,0.0009987672117224363,12.0
hainamana,7.231792259536725e-07,-7.221152055133288e-07,1.0640204403437445e-09,1.4452944314670012e-06,1.4452944314670012e-06,9.0
hainatanga,7.231792259536725e-07,-7.221152055133288e-07,1.0640204403437445e-09,1.4452944314670012e-06,1.4452944314670012e-06,11.0
haka,7.231792259536725e-07,-7.221152055133288e-07,1.0640204403437445e-09,1.4452944314670012e-06,1.4452944314670012e-06,11.0
haki,7.231792259536725e-07,-7.221152055133288e-07,1.0640204403437445e-09,1.4452944314670012e-06,1.4452944314670012e-06,9.0
hanga,-0.0008793158528114013,0.005268132642444375,0.004388816789632973,-0.006147448495255776,0.006147448495255776,38.0
hangahanga,7.231792259536725e-07,-7.221152055133288e-07,1.0640204403437445e-09,1.4452944314670012e-06,1.4452944314670012e-06,9.0
hao,-0.0006801679608132852,0.00271666889301785,0.0020365009322045645,-0.0033968368538311354,0.0033968368538311354,11.0
hapū,7.231792259536725e-07,-7.221152055133288e-07,1.0640204403437445e-09,1.4452944314670012e-06,1.4452944314670012e-06,11.0
harakoa,7.231792259536725e-07,-7.221152055133288e-07,1.0640204403437445e-09,1.4452944314670012e-06,1.4452944314670012e-06,9.0
haramai,-0.0015902904190811136,0.003572888871903179,0.0019825984528220658,-0.005163179290984293,0.005163179290984293,34.0
haramaitanga,7.231792259536725e-07,-7.221152055133288e-07,1.0640204403437445e-09,1.4452944314670012e-06,1.4452944314670012e-06,9.0
hari,-0.0007897669545825435,0.003943024814933934,0.003153257860351391,-0.0047327917695164775,0.0047327917695164775,30.0
harihari,-0.00033972239079366586,0.0006784451080489492,0.00033872271725528334,-0.0010181674988426152,0.0010181674988426152,9.0
harikoa,7.231792259536725e-07,-7.221152055133288e-07,1.0640204403437445e-09,1.4452944314670012e-06,1.4452944314670012e-06,20.0
haritanga,7.231792259536725e-07,-7.221152055133288e-07,1.0640204403437445e-09,1.4452944314670012e-06,1.4452944314670012e-06,9.0
haruru,7.231792259536725e-07,-7.221152055133288e-07,1.0640204403437445e-09,1.4452944314670012e-06,1.4452944314670012e-06,9.0
hau,-0.00033972239079366586,0.0006784451080489492,0.00033872271725528334,-0.0010181674988426152,0.0010181674988426152,11.0
hauhake,7.231792259536725e-07,-7.221152055133288e-07,1.0640204403437445e-09,1.4452944314670012e-06,1.4452944314670012e-06,9.0
haunga,7.231792259536725e-07,-7.221152055133288e-07,1.0640204403437445e-09,1.4452944314670012e-06,1.4452944314670012e-06,10.0
hauora,7.231792259536725e-07,-7.221152055133288e-07,1.0640204403437445e-09,1.4452944314670012e-06,1.4452944314670012e-06,8.0
hautū,7.231792259536725e-07,-7.221152055133288e-07,1.0640204403437445e-09,1.4452944314670012e-06,1.4452944314670012e-06,12.0
heamana,7.231792259536725e-07,-7.221152055133288e-07,1.0640204403437445e-09,1.4452944314670012e-06,1.4452944314670012e-06,9.0
heke,-0.0004217234963866491,0.0005614706808194982,0.0001397471844328491,-0.0009831941772061473,0.0009831941772061473,20.0
hekenga,7.231792259536725e-07,-7.221152055133288e-07,1.0640204403437445e-09,1.4452944314670012e-06,1.4452944314670012e-06,9.0
hemo,0.0006823374984911462,-0.00034066678443550125,0.000341670714055645,0.0010230042829266475,0.0010230042829266475,9.0
here,-0.00033972239079366586,0.0006784451080489492,0.00033872271725528334,-0.0010181674988426152,0.0010181674988426152,12.0
herehere,7.231792259536725e-07,-7.221152055133288e-07,1.0640204403437445e-09,1.4452944314670012e-06,1.4452944314670012e-06,9.0
heri,7.231792259536725e-07,-7.221152055133288e-07,1.0640204403437445e-09,1.4452944314670012e-06,1.4452944314670012e-06,11.0
hia,0.0005680834289898282,-0.00042543570184770376,0.00014264772714212443,0.000993519130837532,0.000993519130837532,17.0
hiahia,0.0005996132136722095,-0.00039915399805022674,0.00020045921562198278,0.0009987672117224363,0.0009987672117224363,69.0
hiki,0.0027264572770607704,-0.0006806114536654891,0.0020458458233952813,0.0034070687307262595,0.0034070687307262595,17.0
hinengaro,7.231792259536725e-07,-7.221152055133288e-07,1.0640204403437445e-09,1.4452944314670012e-06,1.4452944314670012e-06,10.0
hinga,0.0020470124954734396,-0.0010220003533065037,0.0010250121421669358,0.0030690128487799433,0.0030690128487799433,16.0
hingahinga,0.0006823374984911462,-0.00034066678443550125,0.000341670714055645,0.0010230042829266475,0.0010230042829266475,9.0
hipa,0.0006823374984911462,-0.00034066678443550125,0.000341670714055645,0.0010230042829266475,0.0010230042829266475,9.0
hira,7.231792259536725e-07,-7.221152055133288e-07,1.0640204403437445e-09,1.4452944314670012e-06,1.4452944314670012e-06,9.0
hiri,0.0006823374984911462,-0.00034066678443550125,0.000341670714055645,0.0010230042829266475,0.0010230042829266475,9.0
hoake,7.231792259536725e-07,-7.221152055133288e-07,1.0640204403437445e-09,1.4452944314670012e-06,1.4452944314670012e-06,9.0
hoatu,-0.0008793158528114013,0.005268132642444375,0.004388816789632973,-0.006147448495255776,0.006147448495255776,20.0
hoe,7.231792259536725e-07,-7.221152055133288e-07,1.0640204403437445e-09,1.4452944314670012e-06,1.4452944314670012e-06,9.0
hohou,7.231792259536725e-07,-7.221152055133288e-07,1.0640204403437445e-09,1.4452944314670012e-06,1.4452944314670012e-06,9.0
hoki,-0.0056872775535165504,0.010461149646720255,0.0047738720932037045,-0.016148427200236806,0.016148427200236806,110.0
hokihoki,7.231792259536725e-07,-7.221152055133288e-07,1.0640204403437445e-09,1.4452944314670012e-06,1.4452944314670012e-06,9.0
hokinga,7.231792259536725e-07,-7.221152055133288e-07,1.0640204403437445e-09,1.4452944314670012e-06,1.4452944314670012e-06,12.0
hokitanga,7.231792259536725e-07,-7.221152055133288e-07,1.0640204403437445e-09,1.4452944314670012e-06,1.4452944314670012e-06,9.0
hoko,7.231792259536725e-07,-7.221152055133288e-07,1.0640204403437445e-09,1.4452944314670012e-06,1.4452944314670012e-06,29.0
homai,0.0005996132136722095,-0.00039915399805022674,0.00020045921562198278,0.0009987672117224363,0.0009987672117224363,23.0
hono,0.0006823374984911462,-0.00034066678443550125,0.000341670714055645,0.0010230042829266475,0.0010230042829266475,9.0
hopehope,0.0006823374984911462,-0.00034066678443550125,0.000341670714055645,0.0010230042829266475,0.0010230042829266475,9.0
hopu,0.0006823374984911462,-0.00034066678443550125,0.000341670714055645,0.0010230042829266475,0.0010230042829266475,12.0
hora,0.0005996132136722095,-0.00039915399805022674,0.00020045921562198278,0.0009987672117224363,0.0009987672117224363,16.0
horatanga,7.231792259536725e-07,-7.221152055133288e-07,1.0640204403437445e-09,1.4452944314670012e-06,1.4452944314670012e-06,9.0
hore,-0.00033972239079366586,0.0006784451080489492,0.00033872271725528334,-0.0010181674988426152,0.0010181674988426152,9.0
horoi,7.231792259536725e-07,-7.221152055133288e-07,1.0640204403437445e-09,1.4452944314670012e-06,1.4452944314670012e-06,10.0
hou,0.0006823374984911462,-0.00034066678443550125,0.000341670714055645,0.0010230042829266475,0.0010230042829266475,10.0
hua,7.231792259536725e-07,-7.221152055133288e-07,1.0640204403437445e-09,1.4452944314670012e-06,1.4452944314670012e-06,17.0
huarahi,7.231792259536725e-07,-7.221152055133288e-07,1.0640204403437445e-09,1.4452944314670012e-06,1.4452944314670012e-06,13.0
hui,2.169537677861126e-06,-2.1663456165400947e-06,3.1920613210311277e-09,4.335883294401221e-06,4.335883294401221e-06,31.0
huihui,0.0005996132136722095,-0.00039915399805022674,0.00020045921562198278,0.0009987672117224363,0.0009987672117224363,11.0
huihuinga,7.231792259536725e-07,-7.221152055133288e-07,1.0640204403437445e-09,1.4452944314670012e-06,1.4452944314670012e-06,9.0
huinga,7.231792259536725e-07,-7.221152055133288e-07,1.0640204403437445e-09,1.4452944314670012e-06,1.4452944314670012e-06,9.0
huna,7.231792259536725e-07,-7.221152055133288e-07,1.0640204403437445e-09,1.4452944314670012e-06,1.4452944314670012e-06,10.0
hunga,7.231792259536725e-07,-7.221152055133288e-07,1.0640204403437445e-09,1.4452944314670012e-06,1.4452944314670012e-06,13.0
hura,7.231792259536725e-07,-7.221152055133288e-07,1.0640204403437445e-09,1.4452944314670012e-06,1.4452944314670012e-06,10.0
huri,-0.0013249364938687713,0.00160648433846374,0.00028154784459496866,-0.002931420832332511,0.002931420832332511,64.0
huri-nui,7.231792259536725e-07,-7.221152055133288e-07,1.0640204403437445e-09,1.4452944314670012e-06,1.4452944314670012e-06,9.0
hurihuri,7.231792259536725e-07,-7.221152055133288e-07,1.0640204403437445e-09,1.4452944314670012e-06,1.4452944314670012e-06,10.0
huritau,7.231792259536725e-07,-7.221152055133288e-07,1.0640204403437445e-09,1.4452944314670012e-06,1.4452944314670012e-06,9.0
hurori,0.0006823374984911462,-0.00034066678443550125,0.000341670714055645,0.0010230042829266475,0.0010230042829266475,9.0
huruhuru,7.231792259536725e-07,-7.221152055133288e-07,1.0640204403437445e-09,1.4452944314670012e-06,1.4452944314670012e-06,10.0
huti,7.231792259536725e-07,-7.221152055133288e-07,1.0640204403437445e-09,1.4452944314670012e-06,1.4452944314670012e-06,9.0
hāereere,7.231792259536725e-07,-7.221152055133288e-07,1.0640204403437445e-09,1.4452944314670012e-06,1.4452944314670012e-06,9.0
hāhi,7.231792259536725e-07,-7.221152055133288e-07,1.0640204403437445e-09,1.4452944314670012e-06,1.4452944314670012e-06,10.0
hākoakoa,7.231792259536725e-07,-7.221152055133288e-07,1.0640204403437445e-09,1.4452944314670012e-06,1.4452944314670012e-06,9.0
hāmama,0.0006823374984911462,-0.00034066678443550125,0.000341670714055645,0.0010230042829266475,0.0010230042829266475,9.0
hāmene,0.0006823374984911462,-0.00034066678443550125,0.000341670714055645,0.0010230042829266475,0.0010230042829266475,15.0
hāngai,7.231792259536725e-07,-7.221152055133288e-07,1.0640204403437445e-09,1.4452944314670012e-06,1.4452944314670012e-06,17.0
hāora,7.231792259536725e-07,-7.221152055133288e-07,1.0640204403437445e-09,1.4452944314670012e-06,1.4452944314670012e-06,10.0
hāpai,7.231792259536725e-07,-7.221152055133288e-07,1.0640204403437445e-09,1.4452944314670012e-06,1.4452944314670012e-06,21.0
hātarei,7.231792259536725e-07,-7.221152055133288e-07,1.0640204403437445e-09,1.4452944314670012e-06,1.4452944314670012e-06,9.0
hē,0.002253838715074157,-0.0009002090483356517,0.0013536296667385054,0.003154047763409809,0.003154047763409809,35.0
hēkeretari,7.231792259536725e-07,-7.221152055133288e-07,1.0640204403437445e-09,1.4452944314670012e-06,1.4452944314670012e-06,10.0
hīkoi,-0.00033972239079366586,0.0006784451080489492,0.00033872271725528334,-0.0010181674988426152,0.0010181674988426152,14.0
hīkoitanga,7.231792259536725e-07,-7.221152055133288e-07,1.0640204403437445e-09,1.4452944314670012e-06,1.4452944314670012e-06,9.0
hōhipera,7.231792259536725e-07,-7.221152055133288e-07,1.0640204403437445e-09,1.4452944314670012e-06,1.4452944314670012e-06,12.0
hōhonutanga,7.231792259536725e-07,-7.221152055133288e-07,1.0640204403437445e-09,1.4452944314670012e-06,1.4452944314670012e-06,11.0
hōhā,0.0027264572770607704,-0.0006806114536654891,0.0020458458233952813,0.0034070687307262595,0.0034070687307262595,11.0
hōiho,7.231792259536725e-07,-7.221152055133288e-07,1.0640204403437445e-09,1.4452944314670012e-06,1.4452944314670012e-06,11.0
hōnore,-0.00033972239079366586,0.0006784451080489492,0.00033872271725528334,-0.0010181674988426152,0.0010181674988426152,9.0
hōpua,7.231792259536725e-07,-7.221152055133288e-07,1.0640204403437445e-09,1.4452944314670012e-06,1.4452944314670012e-06,9.0
hōrapa,-0.00033972239079366586,0.0006784451080489492,0.00033872271725528334,-0.0010181674988426152,0.0010181674988426152,9.0
hōri,-0.00033972239079366586,0.0006784451080489492,0.00033872271725528334,-0.0010181674988426152,0.0010181674988426152,9.0
hū,-0.00033972239079366586,0.0006784451080489492,0.00033872271725528334,-0.0010181674988426152,0.0010181674988426152,9.0
hūmārire,7.231792259536725e-07,-7.221152055133288e-07,1.0640204403437445e-09,1.4452944314670012e-06,1.4452944314670012e-06,9.0
hūpoki,7.231792259536725e-07,-7.221152055133288e-07,1.0640204403437445e-09,1.4452944314670012e-06,1.4452944314670012e-06,10.0
ihowa,7.231792259536725e-07,-7.221152055133288e-07,1.0640204403437445e-09,1.4452944314670012e-06,1.4452944314670012e-06,9.0
ihu,7.231792259536725e-07,-7.221152055133288e-07,1.0640204403437445e-09,1.4452944314670012e-06,1.4452944314670012e-06,9.0
ika,7.231792259536725e-07,-7.221152055133288e-07,1.0640204403437445e-09,1.4452944314670012e-06,1.4452944314670012e-06,9.0
ingarangi,7.231792259536725e-07,-7.221152055133288e-07,1.0640204403437445e-09,1.4452944314670012e-06,1.4452944314670012e-06,9.0
ingoa,7.231792259536725e-07,-7.221152055133288e-07,1.0640204403437445e-09,1.4452944314670012e-06,1.4452944314670012e-06,23.0
inoi,0.0006823374984911462,-0.00034066678443550125,0.000341670714055645,0.0010230042829266475,0.0010230042829266475,14.0
inu,-0.00033972239079366586,0.0006784451080489492,0.00033872271725528334,-0.0010181674988426152,0.0010181674988426152,9.0
iri,7.231792259536725e-07,-7.221152055133288e-07,1.0640204403437445e-09,1.4452944314670012e-06,1.4452944314670012e-06,10.0
iti,7.231792259536725e-07,-7.221152055133288e-07,1.0640204403437445e-09,1.4452944314670012e-06,1.4452944314670012e-06,10.0
iwa,0.001620949923731068,-0.0005395216682551013,0.0010814282554759667,0.002160471591986169,0.002160471591986169,14.0
iwi,7.231792259536725e-07,-7.221152055133288e-07,1.0640204403437445e-09,1.4452944314670012e-06,1.4452944314670012e-06,29.0
kaha,2.169537677861126e-06,-2.1663456165400947e-06,3.1920613210311277e-09,4.335883294401221e-06,4.335883294401221e-06,72.0
kahu,7.231792259536725e-07,-7.221152055133288e-07,1.0640204403437445e-09,1.4452944314670012e-06,1.4452944314670012e-06,10.0
kahungunu,7.231792259536725e-07,-7.221152055133288e-07,1.0640204403437445e-09,1.4452944314670012e-06,1.4452944314670012e-06,9.0
kai,-0.0006801679608132852,0.00271666889301785,0.0020365009322045645,-0.0033968368538311354,0.0033968368538311354,28.0
kaiako,7.231792259536725e-07,-7.221152055133288e-07,1.0640204403437445e-09,1.4452944314670012e-06,1.4452944314670012e-06,9.0
kaiarataki,7.231792259536725e-07,-7.221152055133288e-07,1.0640204403437445e-09,1.4452944314670012e-06,1.4452944314670012e-06,9.0
kaihautū,7.231792259536725e-07,-7.221152055133288e-07,1.0640204403437445e-09,1.4452944314670012e-06,1.4452944314670012e-06,9.0
kaikōrero,7.231792259536725e-07,-7.221152055133288e-07,1.0640204403437445e-09,1.4452944314670012e-06,1.4452944314670012e-06,11.0
kaimahi,7.231792259536725e-07,-7.221152055133288e-07,1.0640204403437445e-09,1.4452944314670012e-06,1.4452944314670012e-06,9.0
kaingākau,7.231792259536725e-07,-7.221152055133288e-07,1.0640204403437445e-09,1.4452944314670012e-06,1.4452944314670012e-06,9.0
kaipara,7.231792259536725e-07,-7.221152055133288e-07,1.0640204403437445e-09,1.4452944314670012e-06,1.4452944314670012e-06,9.0
kaipuke,7.231792259536725e-07,-7.221152055133288e-07,1.0640204403437445e-09,1.4452944314670012e-06,1.4452944314670012e-06,9.0
kaitiaki,7.231792259536725e-07,-7.221152055133288e-07,1.0640204403437445e-09,1.4452944314670012e-06,1.4452944314670012e-06,9.0
kaitākaro,7.231792259536725e-07,-7.221152055133288e-07,1.0640204403437445e-09,1.4452944314670012e-06,1.4452944314670012e-06,12.0
kaiwhakahaere,7.231792259536725e-07,-7.221152055133288e-07,1.0640204403437445e-09,1.4452944314670012e-06,1.4452944314670012e-06,12.0
kaiwhakarite,7.231792259536725e-07,-7.221152055133288e-07,1.0640204403437445e-09,1.4452944314670012e-06,1.4452944314670012e-06,9.0
kaiārahi,7.231792259536725e-07,-7.221152055133288e-07,1.0640204403437445e-09,1.4452944314670012e-06,1.4452944314670012e-06,11.0
kakama,7.231792259536725e-07,-7.221152055133288e-07,1.0640204403437445e-09,1.4452944314670012e-06,1.4452944314670012e-06,10.0
kakara,7.231792259536725e-07,-7.221152055133288e-07,1.0640204403437445e-09,1.4452944314670012e-06,1.4452944314670012e-06,9.0
kake,7.231792259536725e-07,-7.221152055133288e-07,1.0640204403437445e-09,1.4452944314670012e-06,1.4452944314670012e-06,10.0
kamupene,7.231792259536725e-07,-7.221152055133288e-07,1.0640204403437445e-09,1.4452944314670012e-06,1.4452944314670012e-06,9.0
kanapa,7.231792259536725e-07,-7.221152055133288e-07,1.0640204403437445e-09,1.4452944314670012e-06,1.4452944314670012e-06,9.0
kanohi,7.231792259536725e-07,-7.221152055133288e-07,1.0640204403437445e-09,1.4452944314670012e-06,1.4452944314670012e-06,12.0
kanohinohi,0.0006823374984911462,-0.00034066678443550125,0.000341670714055645,0.0010230042829266475,0.0010230042829266475,9.0
kape,7.231792259536725e-07,-7.221152055133288e-07,1.0640204403437445e-09,1.4452944314670012e-06,1.4452944314670012e-06,9.0
kapi,0.0006823374984911462,-0.00034066678443550125,0.000341670714055645,0.0010230042829266475,0.0010230042829266475,11.0
kapo,0.0006823374984911462,-0.00034066678443550125,0.000341670714055645,0.0010230042829266475,0.0010230042829266475,10.0
karakia,0.0006823374984911462,-0.00034066678443550125,0.000341670714055645,0.0010230042829266475,0.0010230042829266475,11.0
karanga,0.0019290851011180014,-0.0011007124685423531,0.0008283726325756483,0.0030297975696603544,0.0030297975696603544,44.0
kararehe,7.231792259536725e-07,-7.221152055133288e-07,1.0640204403437445e-09,1.4452944314670012e-06,1.4452944314670012e-06,9.0
karauna,7.231792259536725e-07,-7.221152055133288e-07,1.0640204403437445e-09,1.4452944314670012e-06,1.4452944314670012e-06,10.0
karawhiuwhiu,7.231792259536725e-07,-7.221152055133288e-07,1.0640204403437445e-09,1.4452944314670012e-06,1.4452944314670012e-06,10.0
karere,7.231792259536725e-07,-7.221152055133288e-07,1.0640204403437445e-09,1.4452944314670012e-06,1.4452944314670012e-06,10.0
karo,7.231792259536725e-07,-7.221152055133288e-07,1.0640204403437445e-09,1.4452944314670012e-06,1.4452944314670012e-06,9.0
kata,7.231792259536725e-07,-7.221152055133288e-07,1.0640204403437445e-09,1.4452944314670012e-06,1.4452944314670012e-06,9.0
kati,-0.00039684942554432483,0.00059439830584226,0.0001975488802979352,-0.0009912477313865848,0.0009912477313865848,15.0
kaua,7.231792259536725e-07,-7.221152055133288e-07,1.0640204403437445e-09,1.4452944314670012e-06,1.4452944314670012e-06,32.0
kauae,7.231792259536725e-07,-7.221152055133288e-07,1.0640204403437445e-09,1.4452944314670012e-06,1.4452944314670012e-06,9.0
kauhau,7.231792259536725e-07,-7.221152055133288e-07,1.0640204403437445e-09,1.4452944314670012e-06,1.4452944314670012e-06,11.0
kaukau,7.231792259536725e-07,-7.221152055133288e-07,1.0640204403437445e-09,1.4452944314670012e-06,1.4452944314670012e-06,9.0
kaumātua,-0.00033972239079366586,0.0006784451080489492,0.00033872271725528334,-0.0010181674988426152,0.0010181674988426152,12.0
kaunihera,7.231792259536725e-07,-7.221152055133288e-07,1.0640204403437445e-09,1.4452944314670012e-06,1.4452944314670012e-06,11.0
kaupapa,7.231792259536725e-07,-7.221152055133288e-07,1.0640204403437445e-09,1.4452944314670012e-06,1.4452944314670012e-06,33.0
kaute,7.231792259536725e-07,-7.221152055133288e-07,1.0640204403437445e-09,1.4452944314670012e-06,1.4452944314670012e-06,11.0
kawa,7.231792259536725e-07,-7.221152055133288e-07,1.0640204403437445e-09,1.4452944314670012e-06,1.4452944314670012e-06,10.0
kawe,-0.0004217234963866491,0.0005614706808194982,0.0001397471844328491,-0.0009831941772061473,0.0009831941772061473,32.0
kawenata,7.231792259536725e-07,-7.221152055133288e-07,1.0640204403437445e-09,1.4452944314670012e-06,1.4452944314670012e-06,12.0
kemokemo,0.0006823374984911462,-0.00034066678443550125,0.000341670714055645,0.0010230042829266475,0.0010230042829266475,9.0
keri,7.231792259536725e-07,-7.221152055133288e-07,1.0640204403437445e-09,1.4452944314670012e-06,1.4452944314670012e-06,9.0
kerikeri,-0.00033972239079366586,0.0006784451080489492,0.00033872271725528334,-0.0010181674988426152,0.0010181674988426152,10.0
kerēme,7.231792259536725e-07,-7.221152055133288e-07,1.0640204403437445e-09,1.4452944314670012e-06,1.4452944314670012e-06,10.0
kiko,7.231792259536725e-07,-7.221152055133288e-07,1.0640204403437445e-09,1.4452944314670012e-06,1.4452944314670012e-06,9.0
kikī,0.0006823374984911462,-0.00034066678443550125,0.000341670714055645,0.0010230042829266475,0.0010230042829266475,9.0
kimi,-0.00039684942554432483,0.00059439830584226,0.0001975488802979352,-0.0009912477313865848,0.0009912477313865848,28.0
kino,7.231792259536725e-07,-7.221152055133288e-07,1.0640204403437445e-09,1.4452944314670012e-06,1.4452944314670012e-06,10.0
kiore,7.231792259536725e-07,-7.221152055133288e-07,1.0640204403437445e-09,1.4452944314670012e-06,1.4452944314670012e-06,10.0
kiri,7.231792259536725e-07,-7.221152055133288e-07,1.0640204403437445e-09,1.4452944314670012e-06,1.4452944314670012e-06,9.0
kita,0.0006823374984911462,-0.00034066678443550125,0.000341670714055645,0.0010230042829266475,0.0010230042829266475,9.0
kite,-0.002276686921021008,0.0025805449410859645,0.0003038580200649564,-0.004857231862106973,0.004857231862106973,157.0
kitekite,7.231792259536725e-07,-7.221152055133288e-07,1.0640204403437445e-09,1.4452944314670012e-06,1.4452944314670012e-06,10.0
kitenga,7.231792259536725e-07,-7.221152055133288e-07,1.0640204403437445e-09,1.4452944314670012e-06,1.4452944314670012e-06,9.0
kitetanga,7.231792259536725e-07,-7.221152055133288e-07,1.0640204403437445e-09,1.4452944314670012e-06,1.4452944314670012e-06,9.0
koa,-0.00039684942554432483,0.00059439830584226,0.0001975488802979352,-0.0009912477313865848,0.0009912477313865848,18.0
koata,7.231792259536725e-07,-7.221152055133288e-07,1.0640204403437445e-09,1.4452944314670012e-06,1.4452944314670012e-06,9.0
kohete,7.231792259536725e-07,-7.221152055133288e-07,1.0640204403437445e-09,1.4452944314670012e-06,1.4452944314670012e-06,9.0
kohi,0.0006823374984911462,-0.00034066678443550125,0.000341670714055645,0.0010230042829266475,0.0010230042829266475,10.0
kohikohi,-0.00033972239079366586,0.0006784451080489492,0.00033872271725528334,-0.0010181674988426152,0.0010181674988426152,11.0
kohu,7.231792259536725e-07,-7.221152055133288e-07,1.0640204403437445e-09,1.4452944314670012e-06,1.4452944314670012e-06,9.0
koi,7.231792259536725e-07,-7.221152055133288e-07,1.0640204403437445e-09,1.4452944314670012e-06,1.4452944314670012e-06,9.0
koira,0.0006823374984911462,-0.00034066678443550125,0.000341670714055645,0.0010230042829266475,0.0010230042829266475,9.0
komiti,7.231792259536725e-07,-7.221152055133288e-07,1.0640204403437445e-09,1.4452944314670012e-06,1.4452944314670012e-06,10.0
konei,7.231792259536725e-07,-7.221152055133288e-07,1.0640204403437445e-09,1.4452944314670012e-06,1.4452944314670012e-06,10.0
konā,7.231792259536725e-07,-7.221152055133288e-07,1.0640204403437445e-09,1.4452944314670012e-06,1.4452944314670012e-06,9.0
kore,0.026620723196704995,-0.00590701241659761,0.020713710780107385,0.032527735613302605,0.032527735613302605,74.0
korikori,7.231792259536725e-07,-7.221152055133288e-07,1.0640204403437445e-09,1.4452944314670012e-06,1.4452944314670012e-06,9.0
koroua,7.231792259536725e-07,-7.221152055133288e-07,1.0640204403437445e-09,1.4452944314670012e-06,1.4452944314670012e-06,10.0
korowai,7.231792259536725e-07,-7.221152055133288e-07,1.0640204403437445e-09,1.4452944314670012e-06,1.4452944314670012e-06,10.0
kotahi,0.0027264572770607704,-0.0006806114536654891,0.0020458458233952813,0.0034070687307262595,0.0034070687307262595,22.0
kotiti,7.231792259536725e-07,-7.221152055133288e-07,1.0640204403437445e-09,1.4452944314670012e-06,1.4452944314670012e-06,10.0
kuhu,2.169537677861126e-06,-2.1663456165400947e-06,3.1920613210311277e-09,4.335883294401221e-06,4.335883294401221e-06,16.0
kui,7.231792259536725e-07,-7.221152055133288e-07,1.0640204403437445e-09,1.4452944314670012e-06,1.4452944314670012e-06,9.0
kuia,7.231792259536725e-07,-7.221152055133288e-07,1.0640204403437445e-09,1.4452944314670012e-06,1.4452944314670012e-06,10.0
kuini,7.231792259536725e-07,-7.221152055133288e-07,1.0640204403437445e-09,1.4452944314670012e-06,1.4452944314670012e-06,9.0
kuki,7.231792259536725e-07,-7.221152055133288e-07,1.0640204403437445e-09,1.4452944314670012e-06,1.4452944314670012e-06,9.0
kukume,7.231792259536725e-07,-7.221152055133288e-07,1.0640204403437445e-09,1.4452944314670012e-06,1.4452944314670012e-06,8.0
kume,7.231792259536725e-07,-7.221152055133288e-07,1.0640204403437445e-09,1.4452944314670012e-06,1.4452944314670012e-06,9.0
kumeatanga,7.231792259536725e-07,-7.221152055133288e-07,1.0640204403437445e-09,1.4452944314670012e-06,1.4452944314670012e-06,8.0
kupenga,7.231792259536725e-07,-7.221152055133288e-07,1.0640204403437445e-09,1.4452944314670012e-06,1.4452944314670012e-06,8.0
kupu,7.231792259536725e-07,-7.221152055133288e-07,1.0640204403437445e-09,1.4452944314670012e-06,1.4452944314670012e-06,11.0
kura,-0.00033972239079366586,0.0006784451080489492,0.00033872271725528334,-0.0010181674988426152,0.0010181674988426152,21.0
kuratini,7.231792259536725e-07,-7.221152055133288e-07,1.0640204403437445e-09,1.4452944314670012e-06,1.4452944314670012e-06,9.0
kuti,0.0006823374984911462,-0.00034066678443550125,0.000341670714055645,0.0010230042829266475,0.0010230042829266475,9.0
kā,7.231792259536725e-07,-7.221152055133288e-07,1.0640204403437445e-09,1.4452944314670012e-06,1.4452944314670012e-06,9.0
kāhaki,1.446358451907345e-06,-1.4442304110266576e-06,2.128040880687489e-09,2.8905888629340024e-06,2.8905888629340024e-06,10.0
kāhore,0.0006823374984911462,-0.00034066678443550125,0.000341670714055645,0.0010230042829266475,0.0010230042829266475,9.0
kāinga,7.231792259536725e-07,-7.221152055133288e-07,1.0640204403437445e-09,1.4452944314670012e-06,1.4452944314670012e-06,13.0
kākahu,7.231792259536725e-07,-7.221152055133288e-07,1.0640204403437445e-09,1.4452944314670012e-06,1.4452944314670012e-06,10.0
kāwai,7.231792259536725e-07,-7.221152055133288e-07,1.0640204403437445e-09,1.4452944314670012e-06,1.4452944314670012e-06,9.0
kāwana,7.231792259536725e-07,-7.221152055133288e-07,1.0640204403437445e-09,1.4452944314670012e-06,1.4452944314670012e-06,12.0
kāwanatanga,7.231792259536725e-07,-7.221152055133288e-07,1.0640204403437445e-09,1.4452944314670012e-06,1.4452944314670012e-06,12.0
kēmu,7.231792259536725e-07,-7.221152055133288e-07,1.0640204403437445e-09,1.4452944314670012e-06,1.4452944314670012e-06,10.0
kī,-0.00046428619850723724,0.0004967175962450441,3.243139773780691e-05,-0.0009610037947522813,0.0009610037947522813,101.0
kīnaki,7.231792259536725e-07,-7.221152055133288e-07,1.0640204403437445e-09,1.4452944314670012e-06,1.4452944314670012e-06,10.0
kōanga,7.231792259536725e-07,-7.221152055133288e-07,1.0640204403437445e-09,1.4452944314670012e-06,1.4452944314670012e-06,9.0
kōhanga,7.231792259536725e-07,-7.221152055133288e-07,1.0640204403437445e-09,1.4452944314670012e-06,1.4452944314670012e-06,10.0
kōhatu,-0.00033972239079366586,0.0006784451080489492,0.00033872271725528334,-0.0010181674988426152,0.0010181674988426152,9.0
kōhungahunga,7.231792259536725e-07,-7.221152055133288e-07,1.0640204403437445e-09,1.4452944314670012e-06,1.4452944314670012e-06,9.0
kōhuru,7.231792259536725e-07,-7.221152055133288e-07,1.0640204403437445e-09,1.4452944314670012e-06,1.4452944314670012e-06,13.0
kōkiri,0.0006823374984911462,-0.00034066678443550125,0.000341670714055645,0.0010230042829266475,0.0010230042829266475,17.0
kōmihana,7.231792259536725e-07,-7.221152055133288e-07,1.0640204403437445e-09,1.4452944314670012e-06,1.4452944314670012e-06,10.0
kōrero,-0.004207047058497479,0.009165506597102895,0.0049584595386054165,-0.013372553655600375,0.013372553655600375,143.0
kōrerorero,7.231792259536725e-07,-7.221152055133288e-07,1.0640204403437445e-09,1.4452944314670012e-06,1.4452944314670012e-06,9.0
kōti,7.231792259536725e-07,-7.221152055133288e-07,1.0640204403437445e-09,1.4452944314670012e-06,1.4452944314670012e-06,11.0
kūpeke,0.0006823374984911462,-0.00034066678443550125,0.000341670714055645,0.0010230042829266475,0.0010230042829266475,9.0
maha,0.0006823374984911462,-0.00034066678443550125,0.000341670714055645,0.0010230042829266475,0.0010230042829266475,20.0
mahana,-0.00033972239079366586,0.0006784451080489492,0.00033872271725528334,-0.0010181674988426152,0.0010181674988426152,10.0
mahara,-0.0006794447815873317,0.0013568902160978984,0.0006774454345105667,-0.0020363349976852303,0.0020363349976852303,23.0
mahau,7.231792259536725e-07,-7.221152055133288e-07,1.0640204403437445e-09,1.4452944314670012e-06,1.4452944314670012e-06,10.0
mahea,7.231792259536725e-07,-7.221152055133288e-07,1.0640204403437445e-09,1.4452944314670012e-06,1.4452944314670012e-06,9.0
mahi,4.339075355722252e-06,-4.332691233080189e-06,6.384122642062255e-09,8.671766588802442e-06,8.671766588802442e-06,101.0
mahue,0.002253838715074157,-0.0009002090483356517,0.0013536296667385054,0.003154047763409809,0.003154047763409809,15.0
makariri,7.231792259536725e-07,-7.221152055133288e-07,1.0640204403437445e-09,1.4452944314670012e-06,1.4452944314670012e-06,9.0
makere,1.446358451907345e-06,-1.4442304110266576e-06,2.128040880687489e-09,2.8905888629340024e-06,2.8905888629340024e-06,15.0
mamae,7.231792259536725e-07,-7.221152055133288e-07,1.0640204403437445e-09,1.4452944314670012e-06,1.4452944314670012e-06,9.0
mamaetanga,7.231792259536725e-07,-7.221152055133288e-07,1.0640204403437445e-09,1.4452944314670012e-06,1.4452944314670012e-06,9.0
mana,0.0006823374984911462,-0.00034066678443550125,0.000341670714055645,0.0010230042829266475,0.0010230042829266475,44.0
manaaki,7.231792259536725e-07,-7.221152055133288e-07,1.0640204403437445e-09,1.4452944314670012e-06,1.4452944314670012e-06,34.0
manahau,7.231792259536725e-07,-7.221152055133288e-07,1.0640204403437445e-09,1.4452944314670012e-06,1.4452944314670012e-06,9.0
manawanui,7.231792259536725e-07,-7.221152055133288e-07,1.0640204403437445e-09,1.4452944314670012e-06,1.4452944314670012e-06,9.0
manga,7.231792259536725e-07,-7.221152055133288e-07,1.0640204403437445e-09,1.4452944314670012e-06,1.4452944314670012e-06,9.0
manu,7.231792259536725e-07,-7.221152055133288e-07,1.0640204403437445e-09,1.4452944314670012e-06,1.4452944314670012e-06,10.0
manuhiri,7.231792259536725e-07,-7.221152055133288e-07,1.0640204403437445e-09,1.4452944314670012e-06,1.4452944314670012e-06,10.0
maoa,0.0006823374984911462,-0.00034066678443550125,0.000341670714055645,0.0010230042829266475,0.0010230042829266475,9.0
marae,7.231792259536725e-07,-7.221152055133288e-07,1.0640204403437445e-09,1.4452944314670012e-06,1.4452944314670012e-06,28.0
marama,7.231792259536725e-07,-7.221152055133288e-07,1.0640204403437445e-09,1.4452944314670012e-06,1.4452944314670012e-06,11.0
marangai,7.231792259536725e-07,-7.221152055133288e-07,1.0640204403437445e-09,1.4452944314670012e-06,1.4452944314670012e-06,9.0
marara,7.231792259536725e-07,-7.221152055133288e-07,1.0640204403437445e-09,1.4452944314670012e-06,1.4452944314670012e-06,9.0
maremare,7.231792259536725e-07,-7.221152055133288e-07,1.0640204403437445e-09,1.4452944314670012e-06,1.4452944314670012e-06,9.0
maru,7.231792259536725e-07,-7.221152055133288e-07,1.0640204403437445e-09,1.4452944314670012e-06,1.4452944314670012e-06,14.0
marumaru,7.231792259536725e-07,-7.221152055133288e-07,1.0640204403437445e-09,1.4452944314670012e-06,1.4452944314670012e-06,9.0
mataara,7.231792259536725e-07,-7.221152055133288e-07,1.0640204403437445e-09,1.4452944314670012e-06,1.4452944314670012e-06,11.0
mataku,7.231792259536725e-07,-7.221152055133288e-07,1.0640204403437445e-09,1.4452944314670012e-06,1.4452944314670012e-06,11.0
matapihi,7.231792259536725e-07,-7.221152055133288e-07,1.0640204403437445e-09,1.4452944314670012e-06,1.4452944314670012e-06,9.0
matapiko,7.231792259536725e-07,-7.221152055133288e-07,1.0640204403437445e-09,1.4452944314670012e-06,1.4452944314670012e-06,9.0
matatau,0.0006823374984911462,-0.00034066678443550125,0.000341670714055645,0.0010230042829266475,0.0010230042829266475,9.0
mate,0.002729349993964585,-0.001362667137742005,0.00136668285622258,0.00409201713170659,0.00409201713170659,23.0
matemate,-0.00033972239079366586,0.0006784451080489492,0.00033872271725528334,-0.0010181674988426152,0.0010181674988426152,10.0
matenga,7.231792259536725e-07,-7.221152055133288e-07,1.0640204403437445e-09,1.4452944314670012e-06,1.4452944314670012e-06,12.0
matetanga,7.231792259536725e-07,-7.221152055133288e-07,1.0640204403437445e-09,1.4452944314670012e-06,1.4452944314670012e-06,9.0
matā,7.231792259536725e-07,-7.221152055133288e-07,1.0640204403437445e-09,1.4452944314670012e-06,1.4452944314670012e-06,11.0
mau,-0.002952072699159592,0.01326478178994614,0.010312709090786548,-0.01621685448910573,0.01621685448910573,76.0
mauhere,0.0006823374984911462,-0.00034066678443550125,0.000341670714055645,0.0010230042829266475,0.0010230042829266475,9.0
maumahara,7.231792259536725e-07,-7.221152055133288e-07,1.0640204403437445e-09,1.4452944314670012e-06,1.4452944314670012e-06,16.0
maumau,7.231792259536725e-07,-7.221152055133288e-07,1.0640204403437445e-09,1.4452944314670012e-06,1.4452944314670012e-06,9.0
maunga,7.231792259536725e-07,-7.221152055133288e-07,1.0640204403437445e-09,1.4452944314670012e-06,1.4452944314670012e-06,9.0
mauri,7.231792259536725e-07,-7.221152055133288e-07,1.0640204403437445e-09,1.4452944314670012e-06,1.4452944314670012e-06,10.0
mautanga,7.231792259536725e-07,-7.221152055133288e-07,1.0640204403437445e-09,1.4452944314670012e-06,1.4452944314670012e-06,10.0
mea,-0.002038334344761995,0.004070670648293694,0.002032336303531699,-0.006109004993055689,0.006109004993055689,149.0
meahia,0.0006823374984911462,-0.00034066678443550125,0.000341670714055645,0.0010230042829266475,0.0010230042829266475,9.0
mekemeke,-0.00033972239079366586,0.0006784451080489492,0.00033872271725528334,-0.0010181674988426152,0.0010181674988426152,9.0
mema,7.231792259536725e-07,-7.221152055133288e-07,1.0640204403437445e-09,1.4452944314670012e-06,1.4452944314670012e-06,11.0
memeha,0.0006823374984911462,-0.00034066678443550125,0.000341670714055645,0.0010230042829266475,0.0010230042829266475,10.0
mene,0.0006823374984911462,-0.00034066678443550125,0.000341670714055645,0.0010230042829266475,0.0010230042829266475,9.0
mere,7.231792259536725e-07,-7.221152055133288e-07,1.0640204403437445e-09,1.4452944314670012e-06,1.4452944314670012e-06,9.0
mihi,-0.0010784637448095174,0.009691892918042962,0.008613429173233444,-0.01077035666285248,0.01077035666285248,79.0
mimi,0.001620949923731068,-0.0005395216682551013,0.0010814282554759667,0.002160471591986169,0.002160471591986169,10.0
mimiti,0.0006823374984911462,-0.00034066678443550125,0.000341670714055645,0.0010230042829266475,0.0010230042829266475,9.0
minita,7.231792259536725e-07,-7.221152055133288e-07,1.0640204403437445e-09,1.4452944314670012e-06,1.4452944314670012e-06,15.0
mirimiri,7.231792259536725e-07,-7.221152055133288e-07,1.0640204403437445e-09,1.4452944314670012e-06,1.4452944314670012e-06,9.0
moana,7.231792259536725e-07,-7.221152055133288e-07,1.0640204403437445e-09,1.4452944314670012e-06,1.4452944314670012e-06,11.0
moe,-0.0020405038824398555,0.008150006679053549,0.006109502796613694,-0.010190510561493404,0.010190510561493404,29.0
moemoe,-0.00033972239079366586,0.0006784451080489492,0.00033872271725528334,-0.0010181674988426152,0.0010181674988426152,10.0
moemoeā,7.231792259536725e-07,-7.221152055133288e-07,1.0640204403437445e-09,1.4452944314670012e-06,1.4452944314670012e-06,9.0
mokopuna,7.231792259536725e-07,-7.221152055133288e-07,1.0640204403437445e-09,1.4452944314670012e-06,1.4452944314670012e-06,10.0
moni,7.231792259536725e-07,-7.221152055133288e-07,1.0640204403437445e-09,1.4452944314670012e-06,1.4452944314670012e-06,10.0
morimori,7.231792259536725e-07,-7.221152055133288e-07,1.0640204403437445e-09,1.4452944314670012e-06,1.4452944314670012e-06,9.0
moss,7.231792259536725e-07,-7.221152055133288e-07,1.0640204403437445e-09,1.4452944314670012e-06,1.4452944314670012e-06,9.0
motu,-0.00033972239079366586,0.0006784451080489492,0.00033872271725528334,-0.0010181674988426152,0.0010181674988426152,9.0
motu-ngangara,7.231792259536725e-07,-7.221152055133288e-07,1.0640204403437445e-09,1.4452944314670012e-06,1.4452944314670012e-06,9.0
moumou,-0.00033972239079366586,0.0006784451080489492,0.00033872271725528334,-0.0010181674988426152,0.0010181674988426152,9.0
moutere,7.231792259536725e-07,-7.221152055133288e-07,1.0640204403437445e-09,1.4452944314670012e-06,1.4452944314670012e-06,14.0
mua,7.231792259536725e-07,-7.221152055133288e-07,1.0640204403437445e-09,1.4452944314670012e-06,1.4452944314670012e-06,9.0
mui,7.231792259536725e-07,-7.221152055133288e-07,1.0640204403437445e-09,1.4452944314670012e-06,1.4452944314670012e-06,10.0
muku,7.231792259536725e-07,-7.221152055133288e-07,1.0640204403437445e-09,1.4452944314670012e-06,1.4452944314670012e-06,10.0
mura,7.231792259536725e-07,-7.221152055133288e-07,1.0640204403437445e-09,1.4452944314670012e-06,1.4452944314670012e-06,10.0
muramura,7.231792259536725e-07,-7.221152055133288e-07,1.0640204403437445e-09,1.4452944314670012e-06,1.4452944314670012e-06,9.0
muru,0.0006823374984911462,-0.00034066678443550125,0.000341670714055645,0.0010230042829266475,0.0010230042829266475,13.0
mutu,0.0010401290368784834,-0.0009616654492419086,7.846358763657479e-05,0.002001794486120392,0.002001794486120392,63.0
mutunga,7.231792259536725e-07,-7.221152055133288e-07,1.0640204403437445e-09,1.4452944314670012e-06,1.4452944314670012e-06,20.0
muturanga,7.231792259536725e-07,-7.221152055133288e-07,1.0640204403437445e-09,1.4452944314670012e-06,1.4452944314670012e-06,9.0
mā,7.231792259536725e-07,-7.221152055133288e-07,1.0640204403437445e-09,1.4452944314670012e-06,1.4452944314670012e-06,9.0
māeneene,7.231792259536725e-07,-7.221152055133288e-07,1.0640204403437445e-09,1.4452944314670012e-06,1.4452944314670012e-06,9.0
māharahara,7.231792259536725e-07,-7.221152055133288e-07,1.0640204403437445e-09,1.4452944314670012e-06,1.4452944314670012e-06,14.0
māhia,7.231792259536725e-07,-7.221152055133288e-07,1.0640204403437445e-09,1.4452944314670012e-06,1.4452944314670012e-06,9.0
māia,1.446358451907345e-06,-1.4442304110266576e-06,2.128040880687489e-09,2.8905888629340024e-06,2.8905888629340024e-06,11.0
mākū,7.231792259536725e-07,-7.221152055133288e-07,1.0640204403437445e-09,1.4452944314670012e-06,1.4452944314670012e-06,9.0
māmā,-0.00033972239079366586,0.0006784451080489492,0.00033872271725528334,-0.0010181674988426152,0.0010181674988426152,11.0
māngai,7.231792259536725e-07,-7.221152055133288e-07,1.0640204403437445e-09,1.4452944314670012e-06,1.4452944314670012e-06,11.0
mānuka,7.231792259536725e-07,-7.221152055133288e-07,1.0640204403437445e-09,1.4452944314670012e-06,1.4452944314670012e-06,9.0
māori,7.231792259536725e-07,-7.221152055133288e-07,1.0640204403437445e-09,1.4452944314670012e-06,1.4452944314670012e-06,12.0
māra,7.231792259536725e-07,-7.221152055133288e-07,1.0640204403437445e-09,1.4452944314670012e-06,1.4452944314670012e-06,9.0
mārama,7.231792259536725e-07,-7.221152055133288e-07,1.0640204403437445e-09,1.4452944314670012e-06,1.4452944314670012e-06,20.0
māramatanga,7.231792259536725e-07,-7.221152055133288e-07,1.0640204403437445e-09,1.4452944314670012e-06,1.4452944314670012e-06,9.0
mārena,7.231792259536725e-07,-7.221152055133288e-07,1.0640204403437445e-09,1.4452944314670012e-06,1.4452944314670012e-06,9.0
māroha,0.0006823374984911462,-0.00034066678443550125,0.000341670714055645,0.0010230042829266475,0.0010230042829266475,9.0
mārō,7.231792259536725e-07,-7.221152055133288e-07,1.0640204403437445e-09,1.4452944314670012e-06,1.4452944314670012e-06,9.0
mātakitaki,-0.00033972239079366586,0.0006784451080489492,0.00033872271725528334,-0.0010181674988426152,0.0010181674988426152,15.0
mātao,7.231792259536725e-07,-7.221152055133288e-07,1.0640204403437445e-09,1.4452944314670012e-06,1.4452944314670012e-06,10.0
mātau,7.231792259536725e-07,-7.221152055133288e-07,1.0640204403437445e-09,1.4452944314670012e-06,1.4452944314670012e-06,19.0
mātauranga,7.231792259536725e-07,-7.221152055133288e-07,1.0640204403437445e-09,1.4452944314670012e-06,1.4452944314670012e-06,12.0
mātenga,7.231792259536725e-07,-7.221152055133288e-07,1.0640204403437445e-09,1.4452944314670012e-06,1.4452944314670012e-06,8.0
mātotoru,7.231792259536725e-07,-7.221152055133288e-07,1.0640204403437445e-09,1.4452944314670012e-06,1.4452944314670012e-06,11.0
mātotorutanga,7.231792259536725e-07,-7.221152055133288e-07,1.0640204403437445e-09,1.4452944314670012e-06,1.4452944314670012e-06,9.0
mātua,7.231792259536725e-07,-7.221152055133288e-07,1.0640204403437445e-09,1.4452944314670012e-06,1.4452944314670012e-06,11.0
māturuturu,0.0006823374984911462,-0.00034066678443550125,0.000341670714055645,0.0010230042829266475,0.0010230042829266475,9.0
mātāmua,7.231792259536725e-07,-7.221152055133288e-07,1.0640204403437445e-09,1.4452944314670012e-06,1.4452944314670012e-06,9.0
māuiui,7.231792259536725e-07,-7.221152055133288e-07,1.0640204403437445e-09,1.4452944314670012e-06,1.4452944314670012e-06,10.0
mīharo,-0.00033972239079366586,0.0006784451080489492,0.00033872271725528334,-0.0010181674988426152,0.0010181674988426152,11.0
mōhio,0.0005304667407802136,-0.0004634754775379845,6.699126324222909e-05,0.000993942218318198,0.000993942218318198,160.0
mōhiotanga,7.231792259536725e-07,-7.221152055133288e-07,1.0640204403437445e-09,1.4452944314670012e-06,1.4452944314670012e-06,9.0
mōmona,7.231792259536725e-07,-7.221152055133288e-07,1.0640204403437445e-09,1.4452944314670012e-06,1.4452944314670012e-06,10.0
mōrehu,7.231792259536725e-07,-7.221152055133288e-07,1.0640204403437445e-09,1.4452944314670012e-06,1.4452944314670012e-06,10.0
nama,7.231792259536725e-07,-7.221152055133288e-07,1.0640204403437445e-09,1.4452944314670012e-06,1.4452944314670012e-06,10.0
nanakia,7.231792259536725e-07,-7.221152055133288e-07,1.0640204403437445e-09,1.4452944314670012e-06,1.4452944314670012e-06,9.0
neke,0.003956066565172255,-0.0007900491933978137,0.0031660173717744412,0.004746115758570068,0.004746115758570068,13.0
nekenga,7.231792259536725e-07,-7.221152055133288e-07,1.0640204403437445e-09,1.4452944314670012e-06,1.4452944314670012e-06,10.0
ngahere,7.231792259536725e-07,-7.221152055133288e-07,1.0640204403437445e-09,1.4452944314670012e-06,1.4452944314670012e-06,10.0
ngahoro,7.231792259536725e-07,-7.221152055133288e-07,1.0640204403437445e-09,1.4452944314670012e-06,1.4452944314670012e-06,9.0
ngaro,0.0067615161452224725,-0.0027006271450069554,0.004060889000215517,0.009462143290229428,0.009462143290229428,33.0
ngaronga,7.231792259536725e-07,-7.221152055133288e-07,1.0640204403437445e-09,1.4452944314670012e-06,1.4452944314670012e-06,9.0
ngaru,-0.00033972239079366586,0.0006784451080489492,0.00033872271725528334,-0.0010181674988426152,0.0010181674988426152,9.0
ngau,1.446358451907345e-06,-1.4442304110266576e-06,2.128040880687489e-09,2.8905888629340024e-06,2.8905888629340024e-06,11.0
ngenge,7.231792259536725e-07,-7.221152055133288e-07,1.0640204403437445e-09,1.4452944314670012e-06,1.4452944314670012e-06,10.0
ngoikore,7.231792259536725e-07,-7.221152055133288e-07,1.0640204403437445e-09,1.4452944314670012e-06,1.4452944314670012e-06,10.0
nguha,7.231792259536725e-07,-7.221152055133288e-07,1.0640204403437445e-09,1.4452944314670012e-06,1.4452944314670012e-06,9.0
ngutu,7.231792259536725e-07,-7.221152055133288e-07,1.0640204403437445e-09,1.4452944314670012e-06,1.4452944314670012e-06,8.0
ngāherehere,7.231792259536725e-07,-7.221152055133288e-07,1.0640204403437445e-09,1.4452944314670012e-06,1.4452944314670012e-06,9.0
ngākau,7.231792259536725e-07,-7.221152055133288e-07,1.0640204403437445e-09,1.4452944314670012e-06,1.4452944314670012e-06,12.0
ngākaunui,7.231792259536725e-07,-7.221152055133288e-07,1.0640204403437445e-09,1.4452944314670012e-06,1.4452944314670012e-06,12.0
ngāwari,0.0006823374984911462,-0.00034066678443550125,0.000341670714055645,0.0010230042829266475,0.0010230042829266475,11.0
nineteen,7.231792259536725e-07,-7.221152055133288e-07,1.0640204403437445e-09,1.4452944314670012e-06,1.4452944314670012e-06,9.0
nohinohi,7.231792259536725e-07,-7.221152055133288e-07,1.0640204403437445e-09,1.4452944314670012e-06,1.4452944314670012e-06,9.0
noho,-0.004639497836694384,0.010949951289993041,0.006310453453298657,-0.015589449126687426,0.015589449126687426,132.0
nohonoho,7.231792259536725e-07,-7.221152055133288e-07,1.0640204403437445e-09,1.4452944314670012e-06,1.4452944314670012e-06,9.0
nohopuku,7.231792259536725e-07,-7.221152055133288e-07,1.0640204403437445e-09,1.4452944314670012e-06,1.4452944314670012e-06,9.0
nui,-0.001837259119840422,0.011924613630195265,0.010087354510354843,-0.013761872750035686,0.013761872750035686,39.0
nuinga,7.231792259536725e-07,-7.221152055133288e-07,1.0640204403437445e-09,1.4452944314670012e-06,1.4452944314670012e-06,34.0
nuku,-0.00039684942554432483,0.00059439830584226,0.0001975488802979352,-0.0009912477313865848,0.0009912477313865848,14.0
nukunuku,7.231792259536725e-07,-7.221152055133288e-07,1.0640204403437445e-09,1.4452944314670012e-06,1.4452944314670012e-06,9.0
nunui,-0.00033972239079366586,0.0006784451080489492,0.00033872271725528334,-0.0010181674988426152,0.0010181674988426152,9.0
nēra,0.0006823374984911462,-0.00034066678443550125,0.000341670714055645,0.0010230042829266475,0.0010230042829266475,9.0
nūpepa,7.231792259536725e-07,-7.221152055133288e-07,1.0640204403437445e-09,1.4452944314670012e-06,1.4452944314670012e-06,9.0
oho,0.001620949923731068,-0.0005395216682551013,0.0010814282554759667,0.002160471591986169,0.002160471591986169,12.0
ohooho,7.231792259536725e-07,-7.221152055133288e-07,1.0640204403437445e-09,1.4452944314670012e-06,1.4452944314670012e-06,9.0
ohorere,7.231792259536725e-07,-7.221152055133288e-07,1.0640204403437445e-09,1.4452944314670012e-06,1.4452944314670012e-06,12.0
okioki,7.231792259536725e-07,-7.221152055133288e-07,1.0640204403437445e-09,1.4452944314670012e-06,1.4452944314670012e-06,9.0
oma,-0.00033972239079366586,0.0006784451080489492,0.00033872271725528334,-0.0010181674988426152,0.0010181674988426152,12.0
omaoma,-0.00033972239079366586,0.0006784451080489492,0.00033872271725528334,-0.0010181674988426152,0.0010181674988426152,9.0
one,0.0006823374984911462,-0.00034066678443550125,0.000341670714055645,0.0010230042829266475,0.0010230042829266475,10.0
ono,0.0006823374984911462,-0.00034066678443550125,0.000341670714055645,0.0010230042829266475,0.0010230042829266475,13.0
ope,7.231792259536725e-07,-7.221152055133288e-07,1.0640204403437445e-09,1.4452944314670012e-06,1.4452944314670012e-06,9.0
ora,-0.00033972239079366586,0.0006784451080489492,0.00033872271725528334,-0.0010181674988426152,0.0010181674988426152,108.0
oranga,7.231792259536725e-07,-7.221152055133288e-07,1.0640204403437445e-09,1.4452944314670012e-06,1.4452944314670012e-06,14.0
oriori,7.231792259536725e-07,-7.221152055133288e-07,1.0640204403437445e-09,1.4452944314670012e-06,1.4452944314670012e-06,9.0
otaota,7.231792259536725e-07,-7.221152055133288e-07,1.0640204403437445e-09,1.4452944314670012e-06,1.4452944314670012e-06,9.0
oti,0.011337579710505849,-0.0031446940617118834,0.008192885648793965,0.014482273772217733,0.014482273772217733,37.0
otinga,7.231792259536725e-07,-7.221152055133288e-07,1.0640204403437445e-09,1.4452944314670012e-06,1.4452944314670012e-06,10.0
pae,7.231792259536725e-07,-7.221152055133288e-07,1.0640204403437445e-09,1.4452944314670012e-06,1.4452944314670012e-06,9.0
paepae,7.231792259536725e-07,-7.221152055133288e-07,1.0640204403437445e-09,1.4452944314670012e-06,1.4452944314670012e-06,9.0
pahemo,0.0006823374984911462,-0.00034066678443550125,0.000341670714055645,0.0010230042829266475,0.0010230042829266475,9.0
pahure,0.0006823374984911462,-0.00034066678443550125,0.000341670714055645,0.0010230042829266475,0.0010230042829266475,9.0
pahūpahū,7.231792259536725e-07,-7.221152055133288e-07,1.0640204403437445e-09,1.4452944314670012e-06,1.4452944314670012e-06,9.0
pai,-0.0012463047163307885,0.002903765704944646,0.0016574609886138576,-0.004150070421275434,0.004150070421275434,84.0
paihere,7.231792259536725e-07,-7.221152055133288e-07,1.0640204403437445e-09,1.4452944314670012e-06,1.4452944314670012e-06,9.0
painga,7.231792259536725e-07,-7.221152055133288e-07,1.0640204403437445e-09,1.4452944314670012e-06,1.4452944314670012e-06,9.0
pakanga,-0.000898642769125848,0.002243301468783995,0.0013446586996581473,-0.003141944237909843,0.003141944237909843,20.0
pakari,0.0005996132136722095,-0.00039915399805022674,0.00020045921562198278,0.0009987672117224363,0.0009987672117224363,16.0
pakaru,-0.00039684942554432483,0.00059439830584226,0.0001975488802979352,-0.0009912477313865848,0.0009912477313865848,13.0
pakeke,-0.00033972239079366586,0.0006784451080489492,0.00033872271725528334,-0.0010181674988426152,0.0010181674988426152,12.0
pakeketanga,7.231792259536725e-07,-7.221152055133288e-07,1.0640204403437445e-09,1.4452944314670012e-06,1.4452944314670012e-06,8.0
paki,-0.00033972239079366586,0.0006784451080489492,0.00033872271725528334,-0.0010181674988426152,0.0010181674988426152,9.0
pakipaki,0.0006823374984911462,-0.00034066678443550125,0.000341670714055645,0.0010230042829266475,0.0010230042829266475,9.0
pana,0.0005996132136722095,-0.00039915399805022674,0.00020045921562198278,0.0009987672117224363,0.0009987672117224363,12.0
panga,0.0006823374984911462,-0.00034066678443550125,0.000341670714055645,0.0010230042829266475,0.0010230042829266475,10.0
pani,0.0006823374984911462,-0.00034066678443550125,0.000341670714055645,0.0010230042829266475,0.0010230042829266475,9.0
paoho,-0.00033972239079366586,0.0006784451080489492,0.00033872271725528334,-0.0010181674988426152,0.0010181674988426152,12.0
paopao,7.231792259536725e-07,-7.221152055133288e-07,1.0640204403437445e-09,1.4452944314670012e-06,1.4452944314670012e-06,9.0
papa,7.231792259536725e-07,-7.221152055133288e-07,1.0640204403437445e-09,1.4452944314670012e-06,1.4452944314670012e-06,15.0
papaki,7.231792259536725e-07,-7.221152055133288e-07,1.0640204403437445e-09,1.4452944314670012e-06,1.4452944314670012e-06,9.0
papaoro,-0.00033972239079366586,0.0006784451080489492,0.00033872271725528334,-0.0010181674988426152,0.0010181674988426152,10.0
papā,7.231792259536725e-07,-7.221152055133288e-07,1.0640204403437445e-09,1.4452944314670012e-06,1.4452944314670012e-06,9.0
paraihe,7.231792259536725e-07,-7.221152055133288e-07,1.0640204403437445e-09,1.4452944314670012e-06,1.4452944314670012e-06,9.0
paraire,7.231792259536725e-07,-7.221152055133288e-07,1.0640204403437445e-09,1.4452944314670012e-06,1.4452944314670012e-06,10.0
parau,7.231792259536725e-07,-7.221152055133288e-07,1.0640204403437445e-09,1.4452944314670012e-06,1.4452944314670012e-06,9.0
pare,7.231792259536725e-07,-7.221152055133288e-07,1.0640204403437445e-09,1.4452944314670012e-06,1.4452944314670012e-06,10.0
paru,7.231792259536725e-07,-7.221152055133288e-07,1.0640204403437445e-09,1.4452944314670012e-06,1.4452944314670012e-06,10.0
pass,7.231792259536725e-07,-7.221152055133288e-07,1.0640204403437445e-09,1.4452944314670012e-06,1.4452944314670012e-06,9.0
patu,-0.00039684942554432483,0.00059439830584226,0.0001975488802979352,-0.0009912477313865848,0.0009912477313865848,19.0
pau,0.003591170668999673,-0.0015937275313788535,0.001997443137620819,0.0051848982003785266,0.0051848982003785266,24.0
paunga,7.231792259536725e-07,-7.221152055133288e-07,1.0640204403437445e-09,1.4452944314670012e-06,1.4452944314670012e-06,10.0
pei,0.0006823374984911462,-0.00034066678443550125,0.000341670714055645,0.0010230042829266475,0.0010230042829266475,10.0
peita,7.231792259536725e-07,-7.221152055133288e-07,1.0640204403437445e-09,1.4452944314670012e-06,1.4452944314670012e-06,9.0
peka,1.446358451907345e-06,-1.4442304110266576e-06,2.128040880687489e-09,2.8905888629340024e-06,2.8905888629340024e-06,10.0
peke,-0.00033972239079366586,0.0006784451080489492,0.00033872271725528334,-0.0010181674988426152,0.0010181674988426152,9.0
pekepeke,-0.00033972239079366586,0.0006784451080489492,0.00033872271725528334,-0.0010181674988426152,0.0010181674988426152,9.0
pereki,0.0006823374984911462,-0.00034066678443550125,0.000341670714055645,0.0010230042829266475,0.0010230042829266475,9.0
perēhi,7.231792259536725e-07,-7.221152055133288e-07,1.0640204403437445e-09,1.4452944314670012e-06,1.4452944314670012e-06,8.0
peti,-0.00033972239079366586,0.0006784451080489492,0.00033872271725528334,-0.0010181674988426152,0.0010181674988426152,9.0
petihana,7.231792259536725e-07,-7.221152055133288e-07,1.0640204403437445e-09,1.4452944314670012e-06,1.4452944314670012e-06,9.0
piki,-0.0007505204776944236,0.0012490270496859951,0.0004985065719915715,-0.001999547527380419,0.001999547527380419,28.0
pikitia,-0.00033972239079366586,0.0006784451080489492,0.00033872271725528334,-0.0010181674988426152,0.0010181674988426152,9.0
pirau,7.231792259536725e-07,-7.221152055133288e-07,1.0640204403437445e-09,1.4452944314670012e-06,1.4452944314670012e-06,9.0
piri,-0.0007897669545825435,0.003943024814933934,0.003153257860351391,-0.0047327917695164775,0.0047327917695164775,14.0
pirimia,7.231792259536725e-07,-7.221152055133288e-07,1.0640204403437445e-09,1.4452944314670012e-06,1.4452944314670012e-06,11.0
piro,0.0006823374984911462,-0.00034066678443550125,0.000341670714055645,0.0010230042829266475,0.0010230042829266475,9.0
pito,7.231792259536725e-07,-7.221152055133288e-07,1.0640204403437445e-09,1.4452944314670012e-06,1.4452944314670012e-06,14.0
poari,7.231792259536725e-07,-7.221152055133288e-07,1.0640204403437445e-09,1.4452944314670012e-06,1.4452944314670012e-06,11.0
poho,7.231792259536725e-07,-7.221152055133288e-07,1.0640204403437445e-09,1.4452944314670012e-06,1.4452944314670012e-06,9.0
poho-o-rāwiri,7.231792259536725e-07,-7.221152055133288e-07,1.0640204403437445e-09,1.4452944314670012e-06,1.4452944314670012e-06,9.0
poipoi,0.001620949923731068,-0.0005395216682551013,0.0010814282554759667,0.002160471591986169,0.002160471591986169,12.0
poitūkohu,7.231792259536725e-07,-7.221152055133288e-07,1.0640204403437445e-09,1.4452944314670012e-06,1.4452944314670012e-06,9.0
poka,7.231792259536725e-07,-7.221152055133288e-07,1.0640204403437445e-09,1.4452944314670012e-06,1.4452944314670012e-06,9.0
poro,0.0006823374984911462,-0.00034066678443550125,0.000341670714055645,0.0010230042829266475,0.0010230042829266475,9.0
poroporoaki,7.231792259536725e-07,-7.221152055133288e-07,1.0640204403437445e-09,1.4452944314670012e-06,1.4452944314670012e-06,10.0
pou,-0.00033972239079366586,0.0006784451080489492,0.00033872271725528334,-0.0010181674988426152,0.0010181674988426152,10.0
pouaka,7.231792259536725e-07,-7.221152055133288e-07,1.0640204403437445e-09,1.4452944314670012e-06,1.4452944314670012e-06,10.0
poukai,7.231792259536725e-07,-7.221152055133288e-07,1.0640204403437445e-09,1.4452944314670012e-06,1.4452944314670012e-06,10.0
poutāpeta,7.231792259536725e-07,-7.221152055133288e-07,1.0640204403437445e-09,1.4452944314670012e-06,1.4452944314670012e-06,9.0
puare,0.0006823374984911462,-0.00034066678443550125,0.000341670714055645,0.0010230042829266475,0.0010230042829266475,9.0
puehu,7.231792259536725e-07,-7.221152055133288e-07,1.0640204403437445e-09,1.4452944314670012e-06,1.4452944314670012e-06,9.0
pukapuka,7.231792259536725e-07,-7.221152055133288e-07,1.0640204403437445e-09,1.4452944314670012e-06,1.4452944314670012e-06,11.0
puke,7.231792259536725e-07,-7.221152055133288e-07,1.0640204403437445e-09,1.4452944314670012e-06,1.4452944314670012e-06,9.0
puku,7.231792259536725e-07,-7.221152055133288e-07,1.0640204403437445e-09,1.4452944314670012e-06,1.4452944314670012e-06,9.0
pukuriri,7.231792259536725e-07,-7.221152055133288e-07,1.0640204403437445e-09,1.4452944314670012e-06,1.4452944314670012e-06,10.0
puna,7.231792259536725e-07,-7.221152055133288e-07,1.0640204403437445e-09,1.4452944314670012e-06,1.4452944314670012e-06,11.0
pupuhi,2.169537677861126e-06,-2.1663456165400947e-06,3.1920613210311277e-09,4.335883294401221e-06,4.335883294401221e-06,14.0
pupuri,7.231792259536725e-07,-7.221152055133288e-07,1.0640204403437445e-09,1.4452944314670012e-06,1.4452944314670012e-06,21.0
pupuru,7.231792259536725e-07,-7.221152055133288e-07,1.0640204403437445e-09,1.4452944314670012e-06,1.4452944314670012e-06,9.0
pupū,-0.00039684942554432483,0.00059439830584226,0.0001975488802979352,-0.0009912477313865848,0.0009912477313865848,11.0
pure,7.231792259536725e-07,-7.221152055133288e-07,1.0640204403437445e-09,1.4452944314670012e-06,1.4452944314670012e-06,9.0
purei,7.231792259536725e-07,-7.221152055133288e-07,1.0640204403437445e-09,1.4452944314670012e-06,1.4452944314670012e-06,13.0
puri,7.231792259536725e-07,-7.221152055133288e-07,1.0640204403437445e-09,1.4452944314670012e-06,1.4452944314670012e-06,16.0
puru,-0.0005388702827917818,0.0016142323135322236,0.0010753620307404417,-0.0021531025963240054,0.0021531025963240054,10.0
purutiti,7.231792259536725e-07,-7.221152055133288e-07,1.0640204403437445e-09,1.4452944314670012e-06,1.4452944314670012e-06,9.0
puta,0.00883088219721358,-0.006118535388695066,0.0027123468085185143,0.014949417585908648,0.014949417585908648,127.0
putanga,7.231792259536725e-07,-7.221152055133288e-07,1.0640204403437445e-09,1.4452944314670012e-06,1.4452944314670012e-06,10.0
putaputa,7.231792259536725e-07,-7.221152055133288e-07,1.0640204403437445e-09,1.4452944314670012e-06,1.4452944314670012e-06,10.0
putatanga,7.231792259536725e-07,-7.221152055133288e-07,1.0640204403437445e-09,1.4452944314670012e-06,1.4452944314670012e-06,11.0
puāwai,0.001620949923731068,-0.0005395216682551013,0.0010814282554759667,0.002160471591986169,0.002160471591986169,11.0
puāwaitanga,7.231792259536725e-07,-7.221152055133288e-07,1.0640204403437445e-09,1.4452944314670012e-06,1.4452944314670012e-06,9.0
pā,0.0017042502869694864,-0.001276307105543112,0.00042794318142637443,0.0029805573925125984,0.0029805573925125984,160.0
pāhi,0.0006823374984911462,-0.00034066678443550125,0.000341670714055645,0.0010230042829266475,0.0010230042829266475,9.0
pākaitore,7.231792259536725e-07,-7.221152055133288e-07,1.0640204403437445e-09,1.4452944314670012e-06,1.4452944314670012e-06,9.0
pākehā,7.231792259536725e-07,-7.221152055133288e-07,1.0640204403437445e-09,1.4452944314670012e-06,1.4452944314670012e-06,9.0
pākōkō,7.231792259536725e-07,-7.221152055133288e-07,1.0640204403437445e-09,1.4452944314670012e-06,1.4452944314670012e-06,9.0
pānga,7.231792259536725e-07,-7.221152055133288e-07,1.0640204403437445e-09,1.4452944314670012e-06,1.4452944314670012e-06,9.0
pānui,-0.0004217234963866491,0.0005614706808194982,0.0001397471844328491,-0.0009831941772061473,0.0009831941772061473,18.0
pāoroorotanga,7.231792259536725e-07,-7.221152055133288e-07,1.0640204403437445e-09,1.4452944314670012e-06,1.4452944314670012e-06,9.0
pāpaku,7.231792259536725e-07,-7.221152055133288e-07,1.0640204403437445e-09,1.4452944314670012e-06,1.4452944314670012e-06,9.0
pātai,-0.0005388702827917818,0.0016142323135322236,0.0010753620307404417,-0.0021531025963240054,0.0021531025963240054,20.0
pātaka,7.231792259536725e-07,-7.221152055133288e-07,1.0640204403437445e-09,1.4452944314670012e-06,1.4452944314670012e-06,10.0
pātere,-0.00033972239079366586,0.0006784451080489492,0.00033872271725528334,-0.0010181674988426152,0.0010181674988426152,9.0
pāti,7.231792259536725e-07,-7.221152055133288e-07,1.0640204403437445e-09,1.4452944314670012e-06,1.4452944314670012e-06,9.0
pātukituki,0.0006823374984911462,-0.00034066678443550125,0.000341670714055645,0.0010230042829266475,0.0010230042829266475,10.0
pāua,7.231792259536725e-07,-7.221152055133288e-07,1.0640204403437445e-09,1.4452944314670012e-06,1.4452944314670012e-06,9.0
pēhea,-0.0014430602064455077,0.0038424987154789,0.002399438509033392,-0.005285558921924408,0.005285558921924408,34.0
pēhi,0.0006823374984911462,-0.00034066678443550125,0.000341670714055645,0.0010230042829266475,0.0010230042829266475,11.0
pēke,7.231792259536725e-07,-7.221152055133288e-07,1.0640204403437445e-09,1.4452944314670012e-06,1.4452944314670012e-06,10.0
pēnei,2.169537677861126e-06,-2.1663456165400947e-06,3.1920613210311277e-09,4.335883294401221e-06,4.335883294401221e-06,17.0
pēneki,7.231792259536725e-07,-7.221152055133288e-07,1.0640204403437445e-09,1.4452944314670012e-06,1.4452944314670012e-06,9.0
pēnā,7.231792259536725e-07,-7.221152055133288e-07,1.0640204403437445e-09,1.4452944314670012e-06,1.4452944314670012e-06,10.0
pēpē,7.231792259536725e-07,-7.221152055133288e-07,1.0640204403437445e-09,1.4452944314670012e-06,1.4452944314670012e-06,9.0
pērā,0.001620949923731068,-0.0005395216682551013,0.0010814282554759667,0.002160471591986169,0.002160471591986169,18.0
pīhopa,7.231792259536725e-07,-7.221152055133288e-07,1.0640204403437445e-09,1.4452944314670012e-06,1.4452944314670012e-06,11.0
pīhopatanga,7.231792259536725e-07,-7.221152055133288e-07,1.0640204403437445e-09,1.4452944314670012e-06,1.4452944314670012e-06,9.0
pīkau,7.231792259536725e-07,-7.221152055133288e-07,1.0640204403437445e-09,1.4452944314670012e-06,1.4452944314670012e-06,12.0
pīra,7.231792259536725e-07,-7.221152055133288e-07,1.0640204403437445e-09,1.4452944314670012e-06,1.4452944314670012e-06,9.0
pīrangi,-0.00033972239079366586,0.0006784451080489492,0.00033872271725528334,-0.0010181674988426152,0.0010181674988426152,24.0
pō,7.231792259536725e-07,-7.221152055133288e-07,1.0640204403437445e-09,1.4452944314670012e-06,1.4452944314670012e-06,19.0
pōhara,7.231792259536725e-07,-7.221152055133288e-07,1.0640204403437445e-09,1.4452944314670012e-06,1.4452944314670012e-06,9.0
pōhiri,7.231792259536725e-07,-7.221152055133288e-07,1.0640204403437445e-09,1.4452944314670012e-06,1.4452944314670012e-06,16.0
pōhēhē,-0.0005388702827917818,0.0016142323135322236,0.0010753620307404417,-0.0021531025963240054,0.0021531025963240054,14.0
pōkaikaha,7.231792259536725e-07,-7.221152055133288e-07,1.0640204403437445e-09,1.4452944314670012e-06,1.4452944314670012e-06,9.0
pōuri,-0.00033972239079366586,0.0006784451080489492,0.00033872271725528334,-0.0010181674988426152,0.0010181674988426152,15.0
pōwhiri,-0.0007897669545825435,0.003943024814933934,0.003153257860351391,-0.0047327917695164775,0.0047327917695164775,18.0
pū-o-rei,7.231792259536725e-07,-7.221152055133288e-07,1.0640204403437445e-09,1.4452944314670012e-06,1.4452944314670012e-06,9.0
pūhaehae,7.231792259536725e-07,-7.221152055133288e-07,1.0640204403437445e-09,1.4452944314670012e-06,1.4452944314670012e-06,9.0
pūkana,7.231792259536725e-07,-7.221152055133288e-07,1.0640204403437445e-09,1.4452944314670012e-06,1.4452944314670012e-06,9.0
pūmau,7.231792259536725e-07,-7.221152055133288e-07,1.0640204403437445e-09,1.4452944314670012e-06,1.4452944314670012e-06,10.0
pūremu,7.231792259536725e-07,-7.221152055133288e-07,1.0640204403437445e-09,1.4452944314670012e-06,1.4452944314670012e-06,9.0
pūrongo,7.231792259536725e-07,-7.221152055133288e-07,1.0640204403437445e-09,1.4452944314670012e-06,1.4452944314670012e-06,9.0
pūtake,7.231792259536725e-07,-7.221152055133288e-07,1.0640204403437445e-09,1.4452944314670012e-06,1.4452944314670012e-06,14.0
pūtea,7.231792259536725e-07,-7.221152055133288e-07,1.0640204403437445e-09,1.4452944314670012e-06,1.4452944314670012e-06,13.0
rahi,0.001620949923731068,-0.0005395216682551013,0.0010814282554759667,0.002160471591986169,0.002160471591986169,18.0
rahinga,7.231792259536725e-07,-7.221152055133288e-07,1.0640204403437445e-09,1.4452944314670012e-06,1.4452944314670012e-06,9.0
raka,-0.00033972239079366586,0.0006784451080489492,0.00033872271725528334,-0.0010181674988426152,0.0010181674988426152,9.0
rakuraku,7.231792259536725e-07,-7.221152055133288e-07,1.0640204403437445e-09,1.4452944314670012e-06,1.4452944314670012e-06,8.0
rama,7.231792259536725e-07,-7.221152055133288e-07,1.0640204403437445e-09,1.4452944314670012e-06,1.4452944314670012e-06,9.0
ranea,7.231792259536725e-07,-7.221152055133288e-07,1.0640204403437445e-09,1.4452944314670012e-06,1.4452944314670012e-06,8.0
ranga,0.0006823374984911462,-0.00034066678443550125,0.000341670714055645,0.0010230042829266475,0.0010230042829266475,9.0
rangahau,0.0006823374984911462,-0.00034066678443550125,0.000341670714055645,0.0010230042829266475,0.0010230042829266475,13.0
rangatahi,7.231792259536725e-07,-7.221152055133288e-07,1.0640204403437445e-09,1.4452944314670012e-06,1.4452944314670012e-06,9.0
rangatira,7.231792259536725e-07,-7.221152055133288e-07,1.0640204403437445e-09,1.4452944314670012e-06,1.4452944314670012e-06,15.0
rangi,7.231792259536725e-07,-7.221152055133288e-07,1.0640204403437445e-09,1.4452944314670012e-06,1.4452944314670012e-06,9.0
rangimārie,7.231792259536725e-07,-7.221152055133288e-07,1.0640204403437445e-09,1.4452944314670012e-06,1.4452944314670012e-06,9.0
rapa,-0.00033972239079366586,0.0006784451080489492,0.00033872271725528334,-0.0010181674988426152,0.0010181674988426152,10.0
rapu,7.231792259536725e-07,-7.221152055133288e-07,1.0640204403437445e-09,1.4452944314670012e-06,1.4452944314670012e-06,30.0
rapuhanga,7.231792259536725e-07,-7.221152055133288e-07,1.0640204403437445e-09,1.4452944314670012e-06,1.4452944314670012e-06,9.0
rarata,7.231792259536725e-07,-7.221152055133288e-07,1.0640204403437445e-09,1.4452944314670012e-06,1.4452944314670012e-06,9.0
raru,0.001620949923731068,-0.0005395216682551013,0.0010814282554759667,0.002160471591986169,0.002160471591986169,10.0
raruraru,7.231792259536725e-07,-7.221152055133288e-07,1.0640204403437445e-09,1.4452944314670012e-06,1.4452944314670012e-06,10.0
rata,7.231792259536725e-07,-7.221152055133288e-07,1.0640204403437445e-09,1.4452944314670012e-06,1.4452944314670012e-06,12.0
rau,7.231792259536725e-07,-7.221152055133288e-07,1.0640204403437445e-09,1.4452944314670012e-06,1.4452944314670012e-06,12.0
rauemi,7.231792259536725e-07,-7.221152055133288e-07,1.0640204403437445e-09,1.4452944314670012e-06,1.4452944314670012e-06,9.0
raupatu,7.231792259536725e-07,-7.221152055133288e-07,1.0640204403437445e-09,1.4452944314670012e-06,1.4452944314670012e-06,9.0
raupā,7.231792259536725e-07,-7.221152055133288e-07,1.0640204403437445e-09,1.4452944314670012e-06,1.4452944314670012e-06,9.0
rawe,7.231792259536725e-07,-7.221152055133288e-07,1.0640204403437445e-09,1.4452944314670012e-06,1.4452944314670012e-06,9.0
raweke,7.231792259536725e-07,-7.221152055133288e-07,1.0640204403437445e-09,1.4452944314670012e-06,1.4452944314670012e-06,11.0
rawerawe,7.231792259536725e-07,-7.221152055133288e-07,1.0640204403437445e-09,1.4452944314670012e-06,1.4452944314670012e-06,9.0
reka,7.231792259536725e-07,-7.221152055133288e-07,1.0640204403437445e-09,1.4452944314670012e-06,1.4452944314670012e-06,10.0
reo,7.231792259536725e-07,-7.221152055133288e-07,1.0640204403437445e-09,1.4452944314670012e-06,1.4452944314670012e-06,43.0
rere,-0.0008793158528114013,0.005268132642444375,0.004388816789632973,-0.006147448495255776,0.006147448495255776,27.0
rerekē,0.0013646749969822925,-0.0006813335688710025,0.00068334142811129,0.002046008565853295,0.002046008565853295,15.0
rerekētanga,7.231792259536725e-07,-7.221152055133288e-07,1.0640204403437445e-09,1.4452944314670012e-06,1.4452944314670012e-06,9.0
reri,7.231792259536725e-07,-7.221152055133288e-07,1.0640204403437445e-09,1.4452944314670012e-06,1.4452944314670012e-06,9.0
rewa,7.231792259536725e-07,-7.221152055133288e-07,1.0640204403437445e-09,1.4452944314670012e-06,1.4452944314670012e-06,9.0
rewherī,7.231792259536725e-07,-7.221152055133288e-07,1.0640204403437445e-09,1.4452944314670012e-06,1.4452944314670012e-06,9.0
rikarika,7.231792259536725e-07,-7.221152055133288e-07,1.0640204403437445e-09,1.4452944314670012e-06,1.4452944314670012e-06,11.0
rima,0.0027264572770607704,-0.0006806114536654891,0.0020458458233952813,0.0034070687307262595,0.0034070687307262595,20.0
ringa,7.231792259536725e-07,-7.221152055133288e-07,1.0640204403437445e-09,1.4452944314670012e-06,1.4452944314670012e-06,11.0
ringa-tū,7.231792259536725e-07,-7.221152055133288e-07,1.0640204403437445e-09,1.4452944314670012e-06,1.4452944314670012e-06,9.0
riri,7.231792259536725e-07,-7.221152055133288e-07,1.0640204403437445e-09,1.4452944314670012e-06,1.4452944314670012e-06,9.0
riro,0.003518146727335699,-0.002459079311328513,0.0010590674160071856,0.005977226038664212,0.005977226038664212,56.0
rirohanga,7.231792259536725e-07,-7.221152055133288e-07,1.0640204403437445e-09,1.4452944314670012e-06,1.4452944314670012e-06,9.0
rite,7.231792259536725e-07,-7.221152055133288e-07,1.0640204403437445e-09,1.4452944314670012e-06,1.4452944314670012e-06,13.0
riu,7.231792259536725e-07,-7.221152055133288e-07,1.0640204403437445e-09,1.4452944314670012e-06,1.4452944314670012e-06,9.0
roa,0.05013757035215419,-0.0016687934156773897,0.0484687769364768,0.05180636376783158,0.05180636376783158,42.0
roanga,7.231792259536725e-07,-7.221152055133288e-07,1.0640204403437445e-09,1.4452944314670012e-06,1.4452944314670012e-06,10.0
rohe,7.231792259536725e-07,-7.221152055133288e-07,1.0640204403437445e-09,1.4452944314670012e-06,1.4452944314670012e-06,26.0
roko,0.0006823374984911462,-0.00034066678443550125,0.000341670714055645,0.0010230042829266475,0.0010230042829266475,9.0
rongo,0.004197292495705467,-0.002794077986351588,0.0014032145093538792,0.006991370482057055,0.006991370482057055,88.0
rongo-mai-te-aru,7.231792259536725e-07,-7.221152055133288e-07,1.0640204403437445e-09,1.4452944314670012e-06,1.4452944314670012e-06,9.0
rongohanga,7.231792259536725e-07,-7.221152055133288e-07,1.0640204403437445e-09,1.4452944314670012e-06,1.4452944314670012e-06,9.0
rongopai,7.231792259536725e-07,-7.221152055133288e-07,1.0640204403437445e-09,1.4452944314670012e-06,1.4452944314670012e-06,9.0
rongotanga,7.231792259536725e-07,-7.221152055133288e-07,1.0640204403437445e-09,1.4452944314670012e-06,1.4452944314670012e-06,8.0
rongoā,7.231792259536725e-07,-7.221152055133288e-07,1.0640204403437445e-09,1.4452944314670012e-06,1.4452944314670012e-06,10.0
roro,7.231792259536725e-07,-7.221152055133288e-07,1.0640204403437445e-09,1.4452944314670012e-06,1.4452944314670012e-06,10.0
rua,0.003241899847462136,-0.0010790433365102025,0.0021628565109519334,0.004320943183972338,0.004320943183972338,35.0
ruaki,-0.0005388702827917818,0.0016142323135322236,0.0010753620307404417,-0.0021531025963240054,0.0021531025963240054,10.0
rui,0.0006823374984911462,-0.00034066678443550125,0.000341670714055645,0.0010230042829266475,0.0010230042829266475,10.0
ruirui,-0.00033972239079366586,0.0006784451080489492,0.00033872271725528334,-0.0010181674988426152,0.0010181674988426152,10.0
ruke,-0.0005388702827917818,0.0016142323135322236,0.0010753620307404417,-0.0021531025963240054,0.0021531025963240054,11.0
ruku,7.231792259536725e-07,-7.221152055133288e-07,1.0640204403437445e-09,1.4452944314670012e-06,1.4452944314670012e-06,9.0
rā,-0.00033972239079366586,0.0006784451080489492,0.00033872271725528334,-0.0010181674988426152,0.0010181674988426152,25.0
rāhoroi,7.231792259536725e-07,-7.221152055133288e-07,1.0640204403437445e-09,1.4452944314670012e-06,1.4452944314670012e-06,9.0
rāhui,0.001620949923731068,-0.0005395216682551013,0.0010814282554759667,0.002160471591986169,0.002160471591986169,10.0
rāhuihui,-0.00033972239079366586,0.0006784451080489492,0.00033872271725528334,-0.0010181674988426152,0.0010181674988426152,9.0
rākau,7.231792259536725e-07,-7.221152055133288e-07,1.0640204403437445e-09,1.4452944314670012e-06,1.4452944314670012e-06,13.0
rāpopoto,0.001620949923731068,-0.0005395216682551013,0.0010814282554759667,0.002160471591986169,0.002160471591986169,10.0
rātapu,7.231792259536725e-07,-7.221152055133288e-07,1.0640204403437445e-09,1.4452944314670012e-06,1.4452944314670012e-06,10.0
rēmana,7.231792259536725e-07,-7.221152055133288e-07,1.0640204403437445e-09,1.4452944314670012e-06,1.4452944314670012e-06,9.0
rīhi,0.0006823374984911462,-0.00034066678443550125,0.000341670714055645,0.0010230042829266475,0.0010230042829266475,13.0
rīpoata,7.231792259536725e-07,-7.221152055133288e-07,1.0640204403437445e-09,1.4452944314670012e-06,1.4452944314670012e-06,9.0
rītaia,-0.00033972239079366586,0.0006784451080489492,0.00033872271725528334,-0.0010181674988426152,0.0010181674988426152,9.0
rōpū,7.231792259536725e-07,-7.221152055133288e-07,1.0640204403437445e-09,1.4452944314670012e-06,1.4452944314670012e-06,15.0
rūkahu,7.231792259536725e-07,-7.221152055133288e-07,1.0640204403437445e-09,1.4452944314670012e-06,1.4452944314670012e-06,9.0
rūnanga,7.231792259536725e-07,-7.221152055133288e-07,1.0640204403437445e-09,1.4452944314670012e-06,1.4452944314670012e-06,10.0
rūpeke,0.001620949923731068,-0.0005395216682551013,0.0010814282554759667,0.002160471591986169,0.002160471591986169,10.0
rūri,7.231792259536725e-07,-7.221152055133288e-07,1.0640204403437445e-09,1.4452944314670012e-06,1.4452944314670012e-06,9.0
rūruhi,7.231792259536725e-07,-7.221152055133288e-07,1.0640204403437445e-09,1.4452944314670012e-06,1.4452944314670012e-06,8.0
rūrū,0.0006823374984911462,-0.00034066678443550125,0.000341670714055645,0.0010230042829266475,0.0010230042829266475,10.0
rūātoki,7.231792259536725e-07,-7.221152055133288e-07,1.0640204403437445e-09,1.4452944314670012e-06,1.4452944314670012e-06,9.0
sky,7.231792259536725e-07,-7.221152055133288e-07,1.0640204403437445e-09,1.4452944314670012e-06,1.4452944314670012e-06,9.0
tae,0.001036993615624628,-0.0009873065804929624,4.968703513166567e-05,0.0020243001961175906,0.0020243001961175906,132.0
taenga,7.231792259536725e-07,-7.221152055133288e-07,1.0640204403437445e-09,1.4452944314670012e-06,1.4452944314670012e-06,19.0
taetanga,7.231792259536725e-07,-7.221152055133288e-07,1.0640204403437445e-09,1.4452944314670012e-06,1.4452944314670012e-06,9.0
taha,1.446358451907345e-06,-1.4442304110266576e-06,2.128040880687489e-09,2.8905888629340024e-06,2.8905888629340024e-06,39.0
tahitahi,7.231792259536725e-07,-7.221152055133288e-07,1.0640204403437445e-09,1.4452944314670012e-06,1.4452944314670012e-06,10.0
tahu,-0.00039684942554432483,0.00059439830584226,0.0001975488802979352,-0.0009912477313865848,0.0009912477313865848,13.0
tahuri,2.89271690381469e-06,-2.888460822053315e-06,4.256081761374978e-09,5.781177725868005e-06,5.781177725868005e-06,17.0
tai,7.231792259536725e-07,-7.221152055133288e-07,1.0640204403437445e-09,1.4452944314670012e-06,1.4452944314670012e-06,10.0
taina,7.231792259536725e-07,-7.221152055133288e-07,1.0640204403437445e-09,1.4452944314670012e-06,1.4452944314670012e-06,9.0
taiāwhio,7.231792259536725e-07,-7.221152055133288e-07,1.0640204403437445e-09,1.4452944314670012e-06,1.4452944314670012e-06,9.0
taka,0.0005516108649760596,-0.0004406394197513516,0.00011097144522470803,0.0009922502847274112,0.0009922502847274112,18.0
takahi,0.0005996132136722095,-0.00039915399805022674,0.00020045921562198278,0.0009987672117224363,0.0009987672117224363,23.0
takahuri,0.0006823374984911462,-0.00034066678443550125,0.000341670714055645,0.0010230042829266475,0.0010230042829266475,9.0
takanga,7.231792259536725e-07,-7.221152055133288e-07,1.0640204403437445e-09,1.4452944314670012e-06,1.4452944314670012e-06,10.0
takapakari,7.231792259536725e-07,-7.221152055133288e-07,1.0640204403437445e-09,1.4452944314670012e-06,1.4452944314670012e-06,9.0
takariri,7.231792259536725e-07,-7.221152055133288e-07,1.0640204403437445e-09,1.4452944314670012e-06,1.4452944314670012e-06,10.0
takatakahi,7.231792259536725e-07,-7.221152055133288e-07,1.0640204403437445e-09,1.4452944314670012e-06,1.4452944314670012e-06,12.0
takawaenga,7.231792259536725e-07,-7.221152055133288e-07,1.0640204403437445e-09,1.4452944314670012e-06,1.4452944314670012e-06,9.0
take,7.231792259536725e-07,-7.221152055133288e-07,1.0640204403437445e-09,1.4452944314670012e-06,1.4452944314670012e-06,19.0
taketake,7.231792259536725e-07,-7.221152055133288e-07,1.0640204403437445e-09,1.4452944314670012e-06,1.4452944314670012e-06,9.0
taki,0.001620949923731068,-0.0005395216682551013,0.0010814282554759667,0.002160471591986169,0.002160471591986169,12.0
takitoru,-0.00033972239079366586,0.0006784451080489492,0.00033872271725528334,-0.0010181674988426152,0.0010181674988426152,9.0
takiwā,7.231792259536725e-07,-7.221152055133288e-07,1.0640204403437445e-09,1.4452944314670012e-06,1.4452944314670012e-06,9.0
takoha,7.231792259536725e-07,-7.221152055133288e-07,1.0640204403437445e-09,1.4452944314670012e-06,1.4452944314670012e-06,9.0
takoto,-0.0006794447815873317,0.0013568902160978984,0.0006774454345105667,-0.0020363349976852303,0.0020363349976852303,26.0
tamaiti,7.231792259536725e-07,-7.221152055133288e-07,1.0640204403437445e-09,1.4452944314670012e-06,1.4452944314670012e-06,9.0
tangata,7.231792259536725e-07,-7.221152055133288e-07,1.0640204403437445e-09,1.4452944314670012e-06,1.4452944314670012e-06,25.0
tangi,-0.000898642769125848,0.002243301468783995,0.0013446586996581473,-0.003141944237909843,0.003141944237909843,44.0
tango,0.0005996132136722095,-0.00039915399805022674,0.00020045921562198278,0.0009987672117224363,0.0009987672117224363,23.0
tanu,1.446358451907345e-06,-1.4442304110266576e-06,2.128040880687489e-09,2.8905888629340024e-06,2.8905888629340024e-06,11.0
tao,7.231792259536725e-07,-7.221152055133288e-07,1.0640204403437445e-09,1.4452944314670012e-06,1.4452944314670012e-06,9.0
taonga,7.231792259536725e-07,-7.221152055133288e-07,1.0640204403437445e-09,1.4452944314670012e-06,1.4452944314670012e-06,13.0
tapa,1.446358451907345e-06,-1.4442304110266576e-06,2.128040880687489e-09,2.8905888629340024e-06,2.8905888629340024e-06,12.0
tapahi,-0.000898642769125848,0.002243301468783995,0.0013446586996581473,-0.003141944237909843,0.003141944237909843,16.0
tapatapahi,-0.00033972239079366586,0.0006784451080489492,0.00033872271725528334,-0.0010181674988426152,0.0010181674988426152,10.0
tapu,-0.00033972239079366586,0.0006784451080489492,0.00033872271725528334,-0.0010181674988426152,0.0010181674988426152,11.0
tarai,7.231792259536725e-07,-7.221152055133288e-07,1.0640204403437445e-09,1.4452944314670012e-06,1.4452944314670012e-06,9.0
taraipiunara,7.231792259536725e-07,-7.221152055133288e-07,1.0640204403437445e-09,1.4452944314670012e-06,1.4452944314670012e-06,11.0
tari,-0.00033972239079366586,0.0006784451080489492,0.00033872271725528334,-0.0010181674988426152,0.0010181674988426152,20.0
tata,0.008176479114278497,-0.0010205561228954772,0.007155922991383019,0.009197035237173974,0.009197035237173974,20.0
tatari,1.446358451907345e-06,-1.4442304110266576e-06,2.128040880687489e-09,2.8905888629340024e-06,2.8905888629340024e-06,19.0
tatau,7.231792259536725e-07,-7.221152055133288e-07,1.0640204403437445e-09,1.4452944314670012e-06,1.4452944314670012e-06,8.0
tatū,7.231792259536725e-07,-7.221152055133288e-07,1.0640204403437445e-09,1.4452944314670012e-06,1.4452944314670012e-06,13.0
tau,0.001728481023697613,-0.0012552275586957384,0.00047325346500187455,0.0029837085823933513,0.0029837085823933513,61.0
tauihu,7.231792259536725e-07,-7.221152055133288e-07,1.0640204403437445e-09,1.4452944314670012e-06,1.4452944314670012e-06,10.0
tauira,0.0006823374984911462,-0.00034066678443550125,0.000341670714055645,0.0010230042829266475,0.0010230042829266475,11.0
taukumekume,7.231792259536725e-07,-7.221152055133288e-07,1.0640204403437445e-09,1.4452944314670012e-06,1.4452944314670012e-06,9.0
taumaha,-0.00033972239079366586,0.0006784451080489492,0.00033872271725528334,-0.0010181674988426152,0.0010181674988426152,9.0
taumahatanga,7.231792259536725e-07,-7.221152055133288e-07,1.0640204403437445e-09,1.4452944314670012e-06,1.4452944314670012e-06,9.0
taumata,7.231792259536725e-07,-7.221152055133288e-07,1.0640204403437445e-09,1.4452944314670012e-06,1.4452944314670012e-06,11.0
taunga,0.0006823374984911462,-0.00034066678443550125,0.000341670714055645,0.0010230042829266475,0.0010230042829266475,12.0
taunu,7.231792259536725e-07,-7.221152055133288e-07,1.0640204403437445e-09,1.4452944314670012e-06,1.4452944314670012e-06,9.0
taupatupatu,7.231792259536725e-07,-7.221152055133288e-07,1.0640204403437445e-09,1.4452944314670012e-06,1.4452944314670012e-06,9.0
taura,7.231792259536725e-07,-7.221152055133288e-07,1.0640204403437445e-09,1.4452944314670012e-06,1.4452944314670012e-06,10.0
tautohe,7.231792259536725e-07,-7.221152055133288e-07,1.0640204403437445e-09,1.4452944314670012e-06,1.4452944314670012e-06,12.0
tautohetohe,7.231792259536725e-07,-7.221152055133288e-07,1.0640204403437445e-09,1.4452944314670012e-06,1.4452944314670012e-06,9.0
tautoko,0.0005680834289898282,-0.00042543570184770376,0.00014264772714212443,0.000993519130837532,0.000993519130837532,57.0
tautokotanga,7.231792259536725e-07,-7.221152055133288e-07,1.0640204403437445e-09,1.4452944314670012e-06,1.4452944314670012e-06,9.0
tawhiti,7.231792259536725e-07,-7.221152055133288e-07,1.0640204403437445e-09,1.4452944314670012e-06,1.4452944314670012e-06,10.0
teihana,7.231792259536725e-07,-7.221152055133288e-07,1.0640204403437445e-09,1.4452944314670012e-06,1.4452944314670012e-06,9.0
teka,7.231792259536725e-07,-7.221152055133288e-07,1.0640204403437445e-09,1.4452944314670012e-06,1.4452944314670012e-06,9.0
tekau,0.001620949923731068,-0.0005395216682551013,0.0010814282554759667,0.002160471591986169,0.002160471591986169,18.0
tere,-0.0005388702827917818,0.0016142323135322236,0.0010753620307404417,-0.0021531025963240054,0.0021531025963240054,13.0
tereina,7.231792259536725e-07,-7.221152055133288e-07,1.0640204403437445e-09,1.4452944314670012e-06,1.4452944314670012e-06,9.0
tia,7.231792259536725e-07,-7.221152055133288e-07,1.0640204403437445e-09,1.4452944314670012e-06,1.4452944314670012e-06,9.0
tiaki,7.231792259536725e-07,-7.221152055133288e-07,1.0640204403437445e-09,1.4452944314670012e-06,1.4452944314670012e-06,25.0
tika,-0.000898642769125848,0.002243301468783995,0.0013446586996581473,-0.003141944237909843,0.003141944237909843,62.0
tikanga,7.231792259536725e-07,-7.221152055133288e-07,1.0640204403437445e-09,1.4452944314670012e-06,1.4452944314670012e-06,14.0
tiki,-0.0010777405655835637,0.003228464627064447,0.0021507240614808834,-0.004306205192648011,0.004306205192648011,21.0
tikitiki,7.231792259536725e-07,-7.221152055133288e-07,1.0640204403437445e-09,1.4452944314670012e-06,1.4452944314670012e-06,9.0
tina,7.231792259536725e-07,-7.221152055133288e-07,1.0640204403437445e-09,1.4452944314670012e-06,1.4452944314670012e-06,9.0
tinana,7.231792259536725e-07,-7.221152055133288e-07,1.0640204403437445e-09,1.4452944314670012e-06,1.4452944314670012e-06,9.0
tinei,-0.00033972239079366586,0.0006784451080489492,0.00033872271725528334,-0.0010181674988426152,0.0010181674988426152,9.0
tini,7.231792259536725e-07,-7.221152055133288e-07,1.0640204403437445e-09,1.4452944314670012e-06,1.4452944314670012e-06,15.0
tini-o-maru,7.231792259536725e-07,-7.221152055133288e-07,1.0640204403437445e-09,1.4452944314670012e-06,1.4452944314670012e-06,9.0
tinihanga,7.231792259536725e-07,-7.221152055133288e-07,1.0640204403437445e-09,1.4452944314670012e-06,1.4452944314670012e-06,10.0
tino,0.0013646749969822925,-0.0006813335688710025,0.00068334142811129,0.002046008565853295,0.002046008565853295,65.0
tipu,1.446358451907345e-06,-1.4442304110266576e-06,2.128040880687489e-09,2.8905888629340024e-06,2.8905888629340024e-06,13.0
tipuna,7.231792259536725e-07,-7.221152055133288e-07,1.0640204403437445e-09,1.4452944314670012e-06,1.4452944314670012e-06,9.0
tira,7.231792259536725e-07,-7.221152055133288e-07,1.0640204403437445e-09,1.4452944314670012e-06,1.4452944314670012e-06,9.0
tiriti,7.231792259536725e-07,-7.221152055133288e-07,1.0640204403437445e-09,1.4452944314670012e-06,1.4452944314670012e-06,15.0
tiro,7.231792259536725e-07,-7.221152055133288e-07,1.0640204403437445e-09,1.4452944314670012e-06,1.4452944314670012e-06,14.0
tirohanga,7.231792259536725e-07,-7.221152055133288e-07,1.0640204403437445e-09,1.4452944314670012e-06,1.4452944314670012e-06,9.0
tirotiro,7.231792259536725e-07,-7.221152055133288e-07,1.0640204403437445e-09,1.4452944314670012e-06,1.4452944314670012e-06,11.0
titi,0.001620949923731068,-0.0005395216682551013,0.0010814282554759667,0.002160471591986169,0.002160471591986169,10.0
titiro,-0.002637947558434204,0.01580439792733312,0.013166450368898918,-0.018442345485767325,0.018442345485767325,80.0
tito,-0.00033972239079366586,0.0006784451080489492,0.00033872271725528334,-0.0010181674988426152,0.0010181674988426152,10.0
tiwhikete,7.231792259536725e-07,-7.221152055133288e-07,1.0640204403437445e-09,1.4452944314670012e-06,1.4452944314670012e-06,9.0
toa,7.231792259536725e-07,-7.221152055133288e-07,1.0640204403437445e-09,1.4452944314670012e-06,1.4452944314670012e-06,12.0
toe,7.231792259536725e-07,-7.221152055133288e-07,1.0640204403437445e-09,1.4452944314670012e-06,1.4452944314670012e-06,10.0
toenga,7.231792259536725e-07,-7.221152055133288e-07,1.0640204403437445e-09,1.4452944314670012e-06,1.4452944314670012e-06,9.0
toha,0.0006823374984911462,-0.00034066678443550125,0.000341670714055645,0.0010230042829266475,0.0010230042829266475,13.0
tohatoha,7.231792259536725e-07,-7.221152055133288e-07,1.0640204403437445e-09,1.4452944314670012e-06,1.4452944314670012e-06,11.0
tohe,-0.00033972239079366586,0.0006784451080489492,0.00033872271725528334,-0.0010181674988426152,0.0010181674988426152,11.0
tohi,7.231792259536725e-07,-7.221152055133288e-07,1.0640204403437445e-09,1.4452944314670012e-06,1.4452944314670012e-06,9.0
tohu,0.0019290851011180014,-0.0011007124685423531,0.0008283726325756483,0.0030297975696603544,0.0030297975696603544,29.0
tohunga,0.0006823374984911462,-0.00034066678443550125,0.000341670714055645,0.0010230042829266475,0.0010230042829266475,11.0
tohutohu,7.231792259536725e-07,-7.221152055133288e-07,1.0640204403437445e-09,1.4452944314670012e-06,1.4452944314670012e-06,13.0
toi,7.231792259536725e-07,-7.221152055133288e-07,1.0640204403437445e-09,1.4452944314670012e-06,1.4452944314670012e-06,11.0
tokoiti,7.231792259536725e-07,-7.221152055133288e-07,1.0640204403437445e-09,1.4452944314670012e-06,1.4452944314670012e-06,9.0
tokomaha,-0.00033972239079366586,0.0006784451080489492,0.00033872271725528334,-0.0010181674988426152,0.0010181674988426152,14.0
tomo,1.446358451907345e-06,-1.4442304110266576e-06,2.128040880687489e-09,2.8905888629340024e-06,2.8905888629340024e-06,11.0
tonga,7.231792259536725e-07,-7.221152055133288e-07,1.0640204403437445e-09,1.4452944314670012e-06,1.4452944314670012e-06,9.0
tono,0.005452914554121541,-0.0013612229073309782,0.004091691646790563,0.006814137461452519,0.006814137461452519,42.0
tonotono,7.231792259536725e-07,-7.221152055133288e-07,1.0640204403437445e-09,1.4452944314670012e-06,1.4452944314670012e-06,9.0
toremi,-0.00033972239079366586,0.0006784451080489492,0.00033872271725528334,-0.0010181674988426152,0.0010181674988426152,9.0
toro,-0.0005388702827917818,0.0016142323135322236,0.0010753620307404417,-0.0021531025963240054,0.0021531025963240054,12.0
toru,0.005284573267579852,-0.0008794663374850891,0.004405106930094763,0.006164039605064941,0.006164039605064941,26.0
torutoru,7.231792259536725e-07,-7.221152055133288e-07,1.0640204403437445e-09,1.4452944314670012e-06,1.4452944314670012e-06,10.0
totohe,-0.00033972239079366586,0.0006784451080489492,0.00033872271725528334,-0.0010181674988426152,0.0010181674988426152,9.0
train,7.231792259536725e-07,-7.221152055133288e-07,1.0640204403437445e-09,1.4452944314670012e-06,1.4452944314670012e-06,9.0
tua,7.231792259536725e-07,-7.221152055133288e-07,1.0640204403437445e-09,1.4452944314670012e-06,1.4452944314670012e-06,9.0
tuahine,7.231792259536725e-07,-7.221152055133288e-07,1.0640204403437445e-09,1.4452944314670012e-06,1.4452944314670012e-06,10.0
tuanui,7.231792259536725e-07,-7.221152055133288e-07,1.0640204403437445e-09,1.4452944314670012e-06,1.4452944314670012e-06,10.0
tuarima,7.231792259536725e-07,-7.221152055133288e-07,1.0640204403437445e-09,1.4452944314670012e-06,1.4452944314670012e-06,10.0
tuarua,7.231792259536725e-07,-7.221152055133288e-07,1.0640204403437445e-09,1.4452944314670012e-06,1.4452944314670012e-06,13.0
tuatahi,7.231792259536725e-07,-7.221152055133288e-07,1.0640204403437445e-09,1.4452944314670012e-06,1.4452944314670012e-06,16.0
tuatahitanga,7.231792259536725e-07,-7.221152055133288e-07,1.0640204403437445e-09,1.4452944314670012e-06,1.4452944314670012e-06,9.0
tuatoru,7.231792259536725e-07,-7.221152055133288e-07,1.0640204403437445e-09,1.4452944314670012e-06,1.4452944314670012e-06,9.0
tuawaru,7.231792259536725e-07,-7.221152055133288e-07,1.0640204403437445e-09,1.4452944314670012e-06,1.4452944314670012e-06,9.0
tuha,7.231792259536725e-07,-7.221152055133288e-07,1.0640204403437445e-09,1.4452944314670012e-06,1.4452944314670012e-06,9.0
tuhi,7.231792259536725e-07,-7.221152055133288e-07,1.0640204403437445e-09,1.4452944314670012e-06,1.4452944314670012e-06,13.0
tuhituhi,-0.0005388702827917818,0.0016142323135322236,0.0010753620307404417,-0.0021531025963240054,0.0021531025963240054,15.0
tuitui,0.0006823374984911462,-0.00034066678443550125,0.000341670714055645,0.0010230042829266475,0.0010230042829266475,9.0
tuki,7.231792259536725e-07,-7.221152055133288e-07,1.0640204403437445e-09,1.4452944314670012e-06,1.4452944314670012e-06,10.0
tukituki,7.231792259536725e-07,-7.221152055133288e-07,1.0640204403437445e-09,1.4452944314670012e-06,1.4452944314670012e-06,9.0
tuku,0.006508062601874339,-0.0028430881621479,0.003664974439726439,0.009351150764022239,0.009351150764022239,75.0
tukunga,7.231792259536725e-07,-7.221152055133288e-07,1.0640204403437445e-09,1.4452944314670012e-06,1.4452944314670012e-06,10.0
tukutanga,7.231792259536725e-07,-7.221152055133288e-07,1.0640204403437445e-09,1.4452944314670012e-06,1.4452944314670012e-06,9.0
tukutuku,-0.00033972239079366586,0.0006784451080489492,0.00033872271725528334,-0.0010181674988426152,0.0010181674988426152,13.0
tumuaki,7.231792259536725e-07,-7.221152055133288e-07,1.0640204403437445e-09,1.4452944314670012e-06,1.4452944314670012e-06,15.0
tunu,7.231792259536725e-07,-7.221152055133288e-07,1.0640204403437445e-09,1.4452944314670012e-06,1.4452944314670012e-06,11.0
tuohu,-0.00033972239079366586,0.0006784451080489492,0.00033872271725528334,-0.0010181674988426152,0.0010181674988426152,10.0
tupu,-0.0005388702827917818,0.0016142323135322236,0.0010753620307404417,-0.0021531025963240054,0.0021531025963240054,13.0
tupuna,7.231792259536725e-07,-7.221152055133288e-07,1.0640204403437445e-09,1.4452944314670012e-06,1.4452944314670012e-06,9.0
turaki,-0.00033972239079366586,0.0006784451080489492,0.00033872271725528334,-0.0010181674988426152,0.0010181674988426152,11.0
ture,0.0006823374984911462,-0.00034066678443550125,0.000341670714055645,0.0010230042829266475,0.0010230042829266475,15.0
tutuki,0.002918168847268526,-0.0012488037076379284,0.0016693651396305974,0.004166972554906454,0.004166972554906454,29.0
tutukitanga,7.231792259536725e-07,-7.221152055133288e-07,1.0640204403437445e-09,1.4452944314670012e-06,1.4452944314670012e-06,9.0
tutuku,7.231792259536725e-07,-7.221152055133288e-07,1.0640204403437445e-09,1.4452944314670012e-06,1.4452944314670012e-06,8.0
tuwhera,0.0006823374984911462,-0.00034066678443550125,0.000341670714055645,0.0010230042829266475,0.0010230042829266475,18.0
tuwheratanga,7.231792259536725e-07,-7.221152055133288e-07,1.0640204403437445e-09,1.4452944314670012e-06,1.4452944314670012e-06,10.0
tā,7.231792259536725e-07,-7.221152055133288e-07,1.0640204403437445e-09,1.4452944314670012e-06,1.4452944314670012e-06,14.0
tāhae,0.0006823374984911462,-0.00034066678443550125,0.000341670714055645,0.0010230042829266475,0.0010230042829266475,13.0
tāhū,7.231792259536725e-07,-7.221152055133288e-07,1.0640204403437445e-09,1.4452944314670012e-06,1.4452944314670012e-06,9.0
tāima,7.231792259536725e-07,-7.221152055133288e-07,1.0640204403437445e-09,1.4452944314670012e-06,1.4452944314670012e-06,10.0
tāinga,7.231792259536725e-07,-7.221152055133288e-07,1.0640204403437445e-09,1.4452944314670012e-06,1.4452944314670012e-06,9.0
tāite,7.231792259536725e-07,-7.221152055133288e-07,1.0640204403437445e-09,1.4452944314670012e-06,1.4452944314670012e-06,10.0
tākaro,-0.0007897669545825435,0.003943024814933934,0.003153257860351391,-0.0047327917695164775,0.0047327917695164775,13.0
tākete,7.231792259536725e-07,-7.221152055133288e-07,1.0640204403437445e-09,1.4452944314670012e-06,1.4452944314670012e-06,9.0
tākiri,-0.00033972239079366586,0.0006784451080489492,0.00033872271725528334,-0.0010181674988426152,0.0010181674988426152,9.0
tāmi,7.231792259536725e-07,-7.221152055133288e-07,1.0640204403437445e-09,1.4452944314670012e-06,1.4452944314670012e-06,12.0
tāne,7.231792259536725e-07,-7.221152055133288e-07,1.0640204403437445e-09,1.4452944314670012e-06,1.4452944314670012e-06,8.0
tāone,7.231792259536725e-07,-7.221152055133288e-07,1.0640204403437445e-09,1.4452944314670012e-06,1.4452944314670012e-06,9.0
tāpiri,0.001620949923731068,-0.0005395216682551013,0.0010814282554759667,0.002160471591986169,0.002160471591986169,11.0
tāpuke,7.231792259536725e-07,-7.221152055133288e-07,1.0640204403437445e-09,1.4452944314670012e-06,1.4452944314670012e-06,9.0
tārai,7.231792259536725e-07,-7.221152055133288e-07,1.0640204403437445e-09,1.4452944314670012e-06,1.4452944314670012e-06,10.0
tārewa,7.231792259536725e-07,-7.221152055133288e-07,1.0640204403437445e-09,1.4452944314670012e-06,1.4452944314670012e-06,11.0
tātaki,7.231792259536725e-07,-7.221152055133288e-07,1.0640204403437445e-09,1.4452944314670012e-06,1.4452944314670012e-06,9.0
tātari,-0.00033972239079366586,0.0006784451080489492,0.00033872271725528334,-0.0010181674988426152,0.0010181674988426152,11.0
tāti,0.0006823374984911462,-0.00034066678443550125,0.000341670714055645,0.0010230042829266475,0.0010230042829266475,9.0
tāua,7.231792259536725e-07,-7.221152055133288e-07,1.0640204403437445e-09,1.4452944314670012e-06,1.4452944314670012e-06,9.0
tēnei,7.231792259536725e-07,-7.221152055133288e-07,1.0640204403437445e-09,1.4452944314670012e-06,1.4452944314670012e-06,10.0
tētahi,7.231792259536725e-07,-7.221152055133288e-07,1.0640204403437445e-09,1.4452944314670012e-06,1.4452944314670012e-06,9.0
tīkai,7.231792259536725e-07,-7.221152055133288e-07,1.0640204403437445e-09,1.4452944314670012e-06,1.4452944314670012e-06,9.0
tīma,7.231792259536725e-07,-7.221152055133288e-07,1.0640204403437445e-09,1.4452944314670012e-06,1.4452944314670012e-06,27.0
tīmata,-0.0021540771966213055,0.002748382294245068,0.0005943050976237626,-0.004902459490866373,0.004902459490866373,65.0
tīmatanga,7.231792259536725e-07,-7.221152055133288e-07,1.0640204403437445e-09,1.4452944314670012e-06,1.4452944314670012e-06,23.0
tīmatatanga,7.231792259536725e-07,-7.221152055133288e-07,1.0640204403437445e-09,1.4452944314670012e-06,1.4452944314670012e-06,13.0
tīni,0.001620949923731068,-0.0005395216682551013,0.0010814282554759667,0.002160471591986169,0.002160471591986169,10.0
tīraha,0.0006823374984911462,-0.00034066678443550125,0.000341670714055645,0.0010230042829266475,0.0010230042829266475,9.0
tīwahawaha,7.231792259536725e-07,-7.221152055133288e-07,1.0640204403437445e-09,1.4452944314670012e-06,1.4452944314670012e-06,9.0
tō,-0.00033972239079366586,0.0006784451080489492,0.00033872271725528334,-0.0010181674988426152,0.0010181674988426152,13.0
tōrangapū,7.231792259536725e-07,-7.221152055133288e-07,1.0640204403437445e-09,1.4452944314670012e-06,1.4452944314670012e-06,11.0
tōtika,7.231792259536725e-07,-7.221152055133288e-07,1.0640204403437445e-09,1.4452944314670012e-06,1.4452944314670012e-06,9.0
tū,-0.005054545757966979,0.018295769968943252,0.013241224210976274,-0.02335031572691023,0.02335031572691023,111.0
tūhono,-0.00033972239079366586,0.0006784451080489492,0.00033872271725528334,-0.0010181674988426152,0.0010181674988426152,11.0
tūkino,7.231792259536725e-07,-7.221152055133288e-07,1.0640204403437445e-09,1.4452944314670012e-06,1.4452944314670012e-06,10.0
tūmanako,7.231792259536725e-07,-7.221152055133288e-07,1.0640204403437445e-09,1.4452944314670012e-06,1.4452944314670012e-06,17.0
tūnga,7.231792259536725e-07,-7.221152055133288e-07,1.0640204403437445e-09,1.4452944314670012e-06,1.4452944314670012e-06,10.0
tūpato,7.231792259536725e-07,-7.221152055133288e-07,1.0640204403437445e-09,1.4452944314670012e-06,1.4452944314670012e-06,16.0
tūpono,7.231792259536725e-07,-7.221152055133288e-07,1.0640204403437445e-09,1.4452944314670012e-06,1.4452944314670012e-06,10.0
tūpuhi,7.231792259536725e-07,-7.221152055133288e-07,1.0640204403437445e-09,1.4452944314670012e-06,1.4452944314670012e-06,8.0
tūranga,7.231792259536725e-07,-7.221152055133288e-07,1.0640204403437445e-09,1.4452944314670012e-06,1.4452944314670012e-06,11.0
tūrangawaewae,7.231792259536725e-07,-7.221152055133288e-07,1.0640204403437445e-09,1.4452944314670012e-06,1.4452944314670012e-06,10.0
tūreiti,0.0006823374984911462,-0.00034066678443550125,0.000341670714055645,0.0010230042829266475,0.0010230042829266475,9.0
tūru,7.231792259536725e-07,-7.221152055133288e-07,1.0640204403437445e-09,1.4452944314670012e-06,1.4452944314670012e-06,9.0
tūtaki,-0.00039684942554432483,0.00059439830584226,0.0001975488802979352,-0.0009912477313865848,0.0009912477313865848,14.0
tūtakitaki,7.231792259536725e-07,-7.221152055133288e-07,1.0640204403437445e-09,1.4452944314670012e-06,1.4452944314670012e-06,9.0
tūtanga,7.231792259536725e-07,-7.221152055133288e-07,1.0640204403437445e-09,1.4452944314670012e-06,1.4452944314670012e-06,11.0
tūtehu,7.231792259536725e-07,-7.221152055133288e-07,1.0640204403437445e-09,1.4452944314670012e-06,1.4452944314670012e-06,11.0
tūtuki,0.0006823374984911462,-0.00034066678443550125,0.000341670714055645,0.0010230042829266475,0.0010230042829266475,9.0
tūturu,-0.00033972239079366586,0.0006784451080489492,0.00033872271725528334,-0.0010181674988426152,0.0010181674988426152,10.0
tūtū,7.231792259536725e-07,-7.221152055133288e-07,1.0640204403437445e-09,1.4452944314670012e-06,1.4452944314670012e-06,11.0
uaua,7.231792259536725e-07,-7.221152055133288e-07,1.0640204403437445e-09,1.4452944314670012e-06,1.4452944314670012e-06,9.0
uhi,0.0006823374984911462,-0.00034066678443550125,0.000341670714055645,0.0010230042829266475,0.0010230042829266475,10.0
ui,7.231792259536725e-07,-7.221152055133288e-07,1.0640204403437445e-09,1.4452944314670012e-06,1.4452944314670012e-06,9.0
um,-0.00033972239079366586,0.0006784451080489492,0.00033872271725528334,-0.0010181674988426152,0.0010181674988426152,9.0
unu,7.231792259536725e-07,-7.221152055133288e-07,1.0640204403437445e-09,1.4452944314670012e-06,1.4452944314670012e-06,11.0
upoko,7.231792259536725e-07,-7.221152055133288e-07,1.0640204403437445e-09,1.4452944314670012e-06,1.4452944314670012e-06,9.0
upoko-o-te-ika,7.231792259536725e-07,-7.221152055133288e-07,1.0640204403437445e-09,1.4452944314670012e-06,1.4452944314670012e-06,9.0
uri,7.231792259536725e-07,-7.221152055133288e-07,1.0640204403437445e-09,1.4452944314670012e-06,1.4452944314670012e-06,9.0
uru,0.0023573493366314687,-0.0016296098858578877,0.000727739450773581,0.003986959222489357,0.003986959222489357,48.0
uta,0.003956066565172255,-0.0007900491933978137,0.0031660173717744412,0.004746115758570068,0.004746115758570068,13.0
utu,1.446358451907345e-06,-1.4442304110266576e-06,2.128040880687489e-09,2.8905888629340024e-06,2.8905888629340024e-06,31.0
uwhi,-0.00033972239079366586,0.0006784451080489492,0.00033872271725528334,-0.0010181674988426152,0.0010181674988426152,10.0
waea,0.0006823374984911462,-0.00034066678443550125,0.000341670714055645,0.0010230042829266475,0.0010230042829266475,10.0
wahangū,7.231792259536725e-07,-7.221152055133288e-07,1.0640204403437445e-09,1.4452944314670012e-06,1.4452944314670012e-06,9.0
wahawaha,7.231792259536725e-07,-7.221152055133288e-07,1.0640204403437445e-09,1.4452944314670012e-06,1.4452944314670012e-06,9.0
wahine,0.0006823374984911462,-0.00034066678443550125,0.000341670714055645,0.0010230042829266475,0.0010230042829266475,12.0
wai,7.231792259536725e-07,-7.221152055133288e-07,1.0640204403437445e-09,1.4452944314670012e-06,1.4452944314670012e-06,10.0
wai-hua,7.231792259536725e-07,-7.221152055133288e-07,1.0640204403437445e-09,1.4452944314670012e-06,1.4452944314670012e-06,9.0
wai-pounamu,7.231792259536725e-07,-7.221152055133288e-07,1.0640204403437445e-09,1.4452944314670012e-06,1.4452944314670012e-06,10.0
waia,0.0006823374984911462,-0.00034066678443550125,0.000341670714055645,0.0010230042829266475,0.0010230042829266475,9.0
waiariki,7.231792259536725e-07,-7.221152055133288e-07,1.0640204403437445e-09,1.4452944314670012e-06,1.4452944314670012e-06,9.0
waiata,-0.00033972239079366586,0.0006784451080489492,0.00033872271725528334,-0.0010181674988426152,0.0010181674988426152,18.0
waihanga,0.0006823374984911462,-0.00034066678443550125,0.000341670714055645,0.0010230042829266475,0.0010230042829266475,16.0
waiho,2.169537677861126e-06,-2.1663456165400947e-06,3.1920613210311277e-09,4.335883294401221e-06,4.335883294401221e-06,20.0
waikura,0.0006823374984911462,-0.00034066678443550125,0.000341670714055645,0.0010230042829266475,0.0010230042829266475,9.0
waimarie,0.0006823374984911462,-0.00034066678443550125,0.000341670714055645,0.0010230042829266475,0.0010230042829266475,9.0
wairua,7.231792259536725e-07,-7.221152055133288e-07,1.0640204403437445e-09,1.4452944314670012e-06,1.4452944314670012e-06,20.0
waka,7.231792259536725e-07,-7.221152055133288e-07,1.0640204403437445e-09,1.4452944314670012e-06,1.4452944314670012e-06,14.0
wao,7.231792259536725e-07,-7.221152055133288e-07,1.0640204403437445e-09,1.4452944314670012e-06,1.4452944314670012e-06,10.0
ware,7.231792259536725e-07,-7.221152055133288e-07,1.0640204403437445e-09,1.4452944314670012e-06,1.4452944314670012e-06,11.0
wareware,7.231792259536725e-07,-7.221152055133288e-07,1.0640204403437445e-09,1.4452944314670012e-06,1.4452944314670012e-06,11.0
waru,0.0006823374984911462,-0.00034066678443550125,0.000341670714055645,0.0010230042829266475,0.0010230042829266475,15.0
wawata,7.231792259536725e-07,-7.221152055133288e-07,1.0640204403437445e-09,1.4452944314670012e-06,1.4452944314670012e-06,10.0
wehe,2.89271690381469e-06,-2.888460822053315e-06,4.256081761374978e-09,5.781177725868005e-06,5.781177725868005e-06,15.0
wehenga,7.231792259536725e-07,-7.221152055133288e-07,1.0640204403437445e-09,1.4452944314670012e-06,1.4452944314670012e-06,9.0
wehewehe,0.001620949923731068,-0.0005395216682551013,0.0010814282554759667,0.002160471591986169,0.002160471591986169,10.0
wehi,7.231792259536725e-07,-7.221152055133288e-07,1.0640204403437445e-09,1.4452944314670012e-06,1.4452944314670012e-06,8.0
wenerei,7.231792259536725e-07,-7.221152055133288e-07,1.0640204403437445e-09,1.4452944314670012e-06,1.4452944314670012e-06,12.0
wepu,7.231792259536725e-07,-7.221152055133288e-07,1.0640204403437445e-09,1.4452944314670012e-06,1.4452944314670012e-06,8.0
werawera,0.0006823374984911462,-0.00034066678443550125,0.000341670714055645,0.0010230042829266475,0.0010230042829266475,10.0
wero,7.231792259536725e-07,-7.221152055133288e-07,1.0640204403437445e-09,1.4452944314670012e-06,1.4452944314670012e-06,16.0
werowero,7.231792259536725e-07,-7.221152055133288e-07,1.0640204403437445e-09,1.4452944314670012e-06,1.4452944314670012e-06,9.0
whai,-0.0011506169851220377,0.0018382785143372,0.0006876615292151624,-0.002988895499459238,0.002988895499459238,77.0
whaina,0.0006823374984911462,-0.00034066678443550125,0.000341670714055645,0.0010230042829266475,0.0010230042829266475,9.0
whaiwhai,-0.00039684942554432483,0.00059439830584226,0.0001975488802979352,-0.0009912477313865848,0.0009912477313865848,16.0
whaka-,7.231792259536725e-07,-7.221152055133288e-07,1.0640204403437445e-09,1.4452944314670012e-06,1.4452944314670012e-06,10.0
whakaae,-0.0012212268454041423,0.0017420429182672412,0.0005208160728630989,-0.0029632697636713832,0.0029632697636713832,42.0
whakaahua,-0.00033972239079366586,0.0006784451080489492,0.00033872271725528334,-0.0010181674988426152,0.0010181674988426152,11.0
whakaako,7.231792259536725e-07,-7.221152055133288e-07,1.0640204403437445e-09,1.4452944314670012e-06,1.4452944314670012e-06,17.0
whakaara,7.231792259536725e-07,-7.221152055133288e-07,1.0640204403437445e-09,1.4452944314670012e-06,1.4452944314670012e-06,12.0
whakaari,7.231792259536725e-07,-7.221152055133288e-07,1.0640204403437445e-09,1.4452944314670012e-06,1.4452944314670012e-06,9.0
whakaaro,-0.0027176143874179113,0.017186234259093425,0.014468619871675515,-0.019903848646511336,0.019903848646511336,56.0
whakaata,-0.00033972239079366586,0.0006784451080489492,0.00033872271725528334,-0.0010181674988426152,0.0010181674988426152,10.0
whakaatu,-0.0005388702827917818,0.0016142323135322236,0.0010753620307404417,-0.0021531025963240054,0.0021531025963240054,23.0
whakaaturanga,7.231792259536725e-07,-7.221152055133288e-07,1.0640204403437445e-09,1.4452944314670012e-06,1.4452944314670012e-06,8.0
whakaeke,1.446358451907345e-06,-1.4442304110266576e-06,2.128040880687489e-09,2.8905888629340024e-06,2.8905888629340024e-06,13.0
whakaemi,0.0006823374984911462,-0.00034066678443550125,0.000341670714055645,0.0010230042829266475,0.0010230042829266475,9.0
whakahaere,0.0006823374984911462,-0.00034066678443550125,0.000341670714055645,0.0010230042829266475,0.0010230042829266475,54.0
whakahau,7.231792259536725e-07,-7.221152055133288e-07,1.0640204403437445e-09,1.4452944314670012e-06,1.4452944314670012e-06,14.0
whakahauora,7.231792259536725e-07,-7.221152055133288e-07,1.0640204403437445e-09,1.4452944314670012e-06,1.4452944314670012e-06,9.0
whakaheke,7.231792259536725e-07,-7.221152055133288e-07,1.0640204403437445e-09,1.4452944314670012e-06,1.4452944314670012e-06,9.0
whakahoki,-0.000435503258173218,0.0005435781226340559,0.00010807486446083787,-0.0009790813808072739,0.0009790813808072739,42.0
whakahokinga,7.231792259536725e-07,-7.221152055133288e-07,1.0640204403437445e-09,1.4452944314670012e-06,1.4452944314670012e-06,8.0
whakahokitanga,7.231792259536725e-07,-7.221152055133288e-07,1.0640204403437445e-09,1.4452944314670012e-06,1.4452944314670012e-06,11.0
whakahoko,7.231792259536725e-07,-7.221152055133288e-07,1.0640204403437445e-09,1.4452944314670012e-06,1.4452944314670012e-06,8.0
whakahono,7.231792259536725e-07,-7.221152055133288e-07,1.0640204403437445e-09,1.4452944314670012e-06,1.4452944314670012e-06,9.0
whakahora,7.231792259536725e-07,-7.221152055133288e-07,1.0640204403437445e-09,1.4452944314670012e-06,1.4452944314670012e-06,9.0
whakahoro,7.231792259536725e-07,-7.221152055133288e-07,1.0640204403437445e-09,1.4452944314670012e-06,1.4452944314670012e-06,9.0
whakahou,7.231792259536725e-07,-7.221152055133288e-07,1.0640204403437445e-09,1.4452944314670012e-06,1.4452944314670012e-06,10.0
whakahua,7.231792259536725e-07,-7.221152055133288e-07,1.0640204403437445e-09,1.4452944314670012e-06,1.4452944314670012e-06,11.0
whakahuihui,7.231792259536725e-07,-7.221152055133288e-07,1.0640204403437445e-09,1.4452944314670012e-06,1.4452944314670012e-06,11.0
whakahāwea,7.231792259536725e-07,-7.221152055133288e-07,1.0640204403437445e-09,1.4452944314670012e-06,1.4452944314670012e-06,12.0
whakahē,1.446358451907345e-06,-1.4442304110266576e-06,2.128040880687489e-09,2.8905888629340024e-06,2.8905888629340024e-06,29.0
whakahōhā,7.231792259536725e-07,-7.221152055133288e-07,1.0640204403437445e-09,1.4452944314670012e-06,1.4452944314670012e-06,9.0
whakahōnore,0.0006823374984911462,-0.00034066678443550125,0.000341670714055645,0.0010230042829266475,0.0010230042829266475,9.0
whakaingoa,0.0006823374984911462,-0.00034066678443550125,0.000341670714055645,0.0010230042829266475,0.0010230042829266475,10.0
whakairi,-0.0005388702827917818,0.0016142323135322236,0.0010753620307404417,-0.0021531025963240054,0.0021531025963240054,12.0
whakairo,7.231792259536725e-07,-7.221152055133288e-07,1.0640204403437445e-09,1.4452944314670012e-06,1.4452944314670012e-06,16.0
whakaiti,0.0006823374984911462,-0.00034066678443550125,0.000341670714055645,0.0010230042829266475,0.0010230042829266475,10.0
whakakaha,7.231792259536725e-07,-7.221152055133288e-07,1.0640204403437445e-09,1.4452944314670012e-06,1.4452944314670012e-06,9.0
whakakaingākau,7.231792259536725e-07,-7.221152055133288e-07,1.0640204403437445e-09,1.4452944314670012e-06,1.4452944314670012e-06,9.0
whakakamakama,7.231792259536725e-07,-7.221152055133288e-07,1.0640204403437445e-09,1.4452944314670012e-06,1.4452944314670012e-06,10.0
whakakapi,7.231792259536725e-07,-7.221152055133288e-07,1.0640204403437445e-09,1.4452944314670012e-06,1.4452944314670012e-06,9.0
whakakaupapa,7.231792259536725e-07,-7.221152055133288e-07,1.0640204403437445e-09,1.4452944314670012e-06,1.4452944314670012e-06,9.0
whakakeokeo,7.231792259536725e-07,-7.221152055133288e-07,1.0640204403437445e-09,1.4452944314670012e-06,1.4452944314670012e-06,9.0
whakakoi,7.231792259536725e-07,-7.221152055133288e-07,1.0640204403437445e-09,1.4452944314670012e-06,1.4452944314670012e-06,9.0
whakakopi,7.231792259536725e-07,-7.221152055133288e-07,1.0640204403437445e-09,1.4452944314670012e-06,1.4452944314670012e-06,9.0
whakakore,7.231792259536725e-07,-7.221152055133288e-07,1.0640204403437445e-09,1.4452944314670012e-06,1.4452944314670012e-06,16.0
whakakotahi,0.0006823374984911462,-0.00034066678443550125,0.000341670714055645,0.0010230042829266475,0.0010230042829266475,14.0
whakakotiti,7.231792259536725e-07,-7.221152055133288e-07,1.0640204403437445e-09,1.4452944314670012e-06,1.4452944314670012e-06,9.0
whakakuia,0.0006823374984911462,-0.00034066678443550125,0.000341670714055645,0.0010230042829266475,0.0010230042829266475,9.0
whakakā,7.231792259536725e-07,-7.221152055133288e-07,1.0640204403437445e-09,1.4452944314670012e-06,1.4452944314670012e-06,9.0
whakakāhore,0.0006823374984911462,-0.00034066678443550125,0.000341670714055645,0.0010230042829266475,0.0010230042829266475,9.0
whakakātu,-0.00033972239079366586,0.0006784451080489492,0.00033872271725528334,-0.0010181674988426152,0.0010181674988426152,9.0
whakakī,-0.00033972239079366586,0.0006784451080489492,0.00033872271725528334,-0.0010181674988426152,0.0010181674988426152,9.0
whakakīkī,7.231792259536725e-07,-7.221152055133288e-07,1.0640204403437445e-09,1.4452944314670012e-06,1.4452944314670012e-06,9.0
whakamahana,7.231792259536725e-07,-7.221152055133288e-07,1.0640204403437445e-09,1.4452944314670012e-06,1.4452944314670012e-06,9.0
whakamaharatanga,7.231792259536725e-07,-7.221152055133288e-07,1.0640204403437445e-09,1.4452944314670012e-06,1.4452944314670012e-06,9.0
whakamahi,-0.0005388702827917818,0.0016142323135322236,0.0010753620307404417,-0.0021531025963240054,0.0021531025963240054,16.0
whakamamae,7.231792259536725e-07,-7.221152055133288e-07,1.0640204403437445e-09,1.4452944314670012e-06,1.4452944314670012e-06,9.0
whakamana,0.005284573267579852,-0.0008794663374850891,0.004405106930094763,0.006164039605064941,0.006164039605064941,21.0
whakamanuhiri,7.231792259536725e-07,-7.221152055133288e-07,1.0640204403437445e-09,1.4452944314670012e-06,1.4452944314670012e-06,9.0
whakamaoa,7.231792259536725e-07,-7.221152055133288e-07,1.0640204403437445e-09,1.4452944314670012e-06,1.4452944314670012e-06,9.0
whakamatemate,7.231792259536725e-07,-7.221152055133288e-07,1.0640204403437445e-09,1.4452944314670012e-06,1.4452944314670012e-06,9.0
whakamau,-0.00039684942554432483,0.00059439830584226,0.0001975488802979352,-0.0009912477313865848,0.0009912477313865848,12.0
whakamaumahara,7.231792259536725e-07,-7.221152055133288e-07,1.0640204403437445e-09,1.4452944314670012e-06,1.4452944314670012e-06,9.0
whakamawehe,7.231792259536725e-07,-7.221152055133288e-07,1.0640204403437445e-09,1.4452944314670012e-06,1.4452944314670012e-06,9.0
whakamihi,7.231792259536725e-07,-7.221152055133288e-07,1.0640204403437445e-09,1.4452944314670012e-06,1.4452944314670012e-06,10.0
whakamoe,-0.0005388702827917818,0.0016142323135322236,0.0010753620307404417,-0.0021531025963240054,0.0021531025963240054,10.0
whakamoemiti,7.231792259536725e-07,-7.221152055133288e-07,1.0640204403437445e-09,1.4452944314670012e-06,1.4452944314670012e-06,9.0
whakamutu,7.231792259536725e-07,-7.221152055133288e-07,1.0640204403437445e-09,1.4452944314670012e-06,1.4452944314670012e-06,13.0
whakamutunga,7.231792259536725e-07,-7.221152055133288e-07,1.0640204403437445e-09,1.4452944314670012e-06,1.4452944314670012e-06,11.0
whakamā,1.446358451907345e-06,-1.4442304110266576e-06,2.128040880687489e-09,2.8905888629340024e-06,2.8905888629340024e-06,10.0
whakamākū,-0.00033972239079366586,0.0006784451080489492,0.00033872271725528334,-0.0010181674988426152,0.0010181674988426152,9.0
whakamāmā,7.231792259536725e-07,-7.221152055133288e-07,1.0640204403437445e-09,1.4452944314670012e-06,1.4452944314670012e-06,11.0
whakamārama,7.231792259536725e-07,-7.221152055133288e-07,1.0640204403437445e-09,1.4452944314670012e-06,1.4452944314670012e-06,26.0
whakamātau,7.231792259536725e-07,-7.221152055133288e-07,1.0640204403437445e-09,1.4452944314670012e-06,1.4452944314670012e-06,10.0
whakamātautau,0.0006823374984911462,-0.00034066678443550125,0.000341670714055645,0.0010230042829266475,0.0010230042829266475,11.0
whakamīharo,7.231792259536725e-07,-7.221152055133288e-07,1.0640204403437445e-09,1.4452944314670012e-06,1.4452944314670012e-06,8.0
whakamōhio,7.231792259536725e-07,-7.221152055133288e-07,1.0640204403437445e-09,1.4452944314670012e-06,1.4452944314670012e-06,10.0
whakaneke,7.231792259536725e-07,-7.221152055133288e-07,1.0640204403437445e-09,1.4452944314670012e-06,1.4452944314670012e-06,9.0
whakangahau,7.231792259536725e-07,-7.221152055133288e-07,1.0640204403437445e-09,1.4452944314670012e-06,1.4452944314670012e-06,9.0
whakangaro,7.231792259536725e-07,-7.221152055133288e-07,1.0640204403437445e-09,1.4452944314670012e-06,1.4452944314670012e-06,10.0
whakangoikore,7.231792259536725e-07,-7.221152055133288e-07,1.0640204403437445e-09,1.4452944314670012e-06,1.4452944314670012e-06,9.0
whakangāwari,7.231792259536725e-07,-7.221152055133288e-07,1.0640204403437445e-09,1.4452944314670012e-06,1.4452944314670012e-06,11.0
whakanoa,7.231792259536725e-07,-7.221152055133288e-07,1.0640204403437445e-09,1.4452944314670012e-06,1.4452944314670012e-06,9.0
whakanoho,0.0006823374984911462,-0.00034066678443550125,0.000341670714055645,0.0010230042829266475,0.0010230042829266475,11.0
whakanui,7.231792259536725e-07,-7.221152055133288e-07,1.0640204403437445e-09,1.4452944314670012e-06,1.4452944314670012e-06,17.0
whakaoho,7.231792259536725e-07,-7.221152055133288e-07,1.0640204403437445e-09,1.4452944314670012e-06,1.4452944314670012e-06,9.0
whakaohooho,-0.00033972239079366586,0.0006784451080489492,0.00033872271725528334,-0.0010181674988426152,0.0010181674988426152,11.0
whakaohorere,7.231792259536725e-07,-7.221152055133288e-07,1.0640204403437445e-09,1.4452944314670012e-06,1.4452944314670012e-06,9.0
whakaora,0.0006823374984911462,-0.00034066678443550125,0.000341670714055645,0.0010230042829266475,0.0010230042829266475,11.0
whakaoti,7.231792259536725e-07,-7.221152055133288e-07,1.0640204403437445e-09,1.4452944314670012e-06,1.4452944314670012e-06,12.0
whakaotinga,7.231792259536725e-07,-7.221152055133288e-07,1.0640204403437445e-09,1.4452944314670012e-06,1.4452944314670012e-06,9.0
whakapae,0.0006823374984911462,-0.00034066678443550125,0.000341670714055645,0.0010230042829266475,0.0010230042829266475,17.0
whakapahū,7.231792259536725e-07,-7.221152055133288e-07,1.0640204403437445e-09,1.4452944314670012e-06,1.4452944314670012e-06,9.0
whakapai,7.231792259536725e-07,-7.221152055133288e-07,1.0640204403437445e-09,1.4452944314670012e-06,1.4452944314670012e-06,15.0
whakapaipai,7.231792259536725e-07,-7.221152055133288e-07,1.0640204403437445e-09,1.4452944314670012e-06,1.4452944314670012e-06,9.0
whakapakari,7.231792259536725e-07,-7.221152055133288e-07,1.0640204403437445e-09,1.4452944314670012e-06,1.4452944314670012e-06,12.0
whakapaoho,-0.00033972239079366586,0.0006784451080489492,0.00033872271725528334,-0.0010181674988426152,0.0010181674988426152,10.0
whakapapa,7.231792259536725e-07,-7.221152055133288e-07,1.0640204403437445e-09,1.4452944314670012e-06,1.4452944314670012e-06,10.0
whakapati,7.231792259536725e-07,-7.221152055133288e-07,1.0640204403437445e-09,1.4452944314670012e-06,1.4452944314670012e-06,9.0
whakapau,-0.00033972239079366586,0.0006784451080489492,0.00033872271725528334,-0.0010181674988426152,0.0010181674988426152,12.0
whakapiri,0.001620949923731068,-0.0005395216682551013,0.0010814282554759667,0.002160471591986169,0.002160471591986169,11.0
whakapono,0.001620949923731068,-0.0005395216682551013,0.0010814282554759667,0.002160471591986169,0.002160471591986169,16.0
whakaponotanga,7.231792259536725e-07,-7.221152055133288e-07,1.0640204403437445e-09,1.4452944314670012e-06,1.4452944314670012e-06,9.0
whakapuare,7.231792259536725e-07,-7.221152055133288e-07,1.0640204403437445e-09,1.4452944314670012e-06,1.4452944314670012e-06,9.0
whakaputa,-0.00033972239079366586,0.0006784451080489492,0.00033872271725528334,-0.0010181674988426152,0.0010181674988426152,21.0
whakapā,7.231792259536725e-07,-7.221152055133288e-07,1.0640204403437445e-09,1.4452944314670012e-06,1.4452944314670012e-06,8.0
whakapākehā,7.231792259536725e-07,-7.221152055133288e-07,1.0640204403437445e-09,1.4452944314670012e-06,1.4452944314670012e-06,10.0
whakapākehātanga,7.231792259536725e-07,-7.221152055133288e-07,1.0640204403437445e-09,1.4452944314670012e-06,1.4452944314670012e-06,9.0
whakapōrearea,7.231792259536725e-07,-7.221152055133288e-07,1.0640204403437445e-09,1.4452944314670012e-06,1.4452944314670012e-06,10.0
whakapōtae,0.0006823374984911462,-0.00034066678443550125,0.000341670714055645,0.0010230042829266475,0.0010230042829266475,9.0
whakapōtaetanga,7.231792259536725e-07,-7.221152055133288e-07,1.0640204403437445e-09,1.4452944314670012e-06,1.4452944314670012e-06,9.0
whakarahi,7.231792259536725e-07,-7.221152055133288e-07,1.0640204403437445e-09,1.4452944314670012e-06,1.4452944314670012e-06,10.0
whakarangatira,7.231792259536725e-07,-7.221152055133288e-07,1.0640204403437445e-09,1.4452944314670012e-06,1.4452944314670012e-06,9.0
whakarapu,7.231792259536725e-07,-7.221152055133288e-07,1.0640204403437445e-09,1.4452944314670012e-06,1.4452944314670012e-06,9.0
whakararata,7.231792259536725e-07,-7.221152055133288e-07,1.0640204403437445e-09,1.4452944314670012e-06,1.4452944314670012e-06,10.0
whakararu,7.231792259536725e-07,-7.221152055133288e-07,1.0640204403437445e-09,1.4452944314670012e-06,1.4452944314670012e-06,12.0
whakararuraru,7.231792259536725e-07,-7.221152055133288e-07,1.0640204403437445e-09,1.4452944314670012e-06,1.4452944314670012e-06,9.0
whakarerekētanga,7.231792259536725e-07,-7.221152055133288e-07,1.0640204403437445e-09,1.4452944314670012e-06,1.4452944314670012e-06,9.0
whakareri,0.0006823374984911462,-0.00034066678443550125,0.000341670714055645,0.0010230042829266475,0.0010230042829266475,9.0
whakarite,0.005284573267579852,-0.0008794663374850891,0.004405106930094763,0.006164039605064941,0.006164039605064941,26.0
whakaroa,7.231792259536725e-07,-7.221152055133288e-07,1.0640204403437445e-09,1.4452944314670012e-06,1.4452944314670012e-06,8.0
whakarongo,-0.0007505204776944236,0.0012490270496859951,0.0004985065719915715,-0.001999547527380419,0.001999547527380419,56.0
whakarongotanga,7.231792259536725e-07,-7.221152055133288e-07,1.0640204403437445e-09,1.4452944314670012e-06,1.4452944314670012e-06,9.0
whakarāhui,7.231792259536725e-07,-7.221152055133288e-07,1.0640204403437445e-09,1.4452944314670012e-06,1.4452944314670012e-06,9.0
whakarāpopoto,0.001620949923731068,-0.0005395216682551013,0.0010814282554759667,0.002160471591986169,0.002160471591986169,12.0
whakarārangi,7.231792259536725e-07,-7.221152055133288e-07,1.0640204403437445e-09,1.4452944314670012e-06,1.4452944314670012e-06,9.0
whakarū,7.231792259536725e-07,-7.221152055133288e-07,1.0640204403437445e-09,1.4452944314670012e-06,1.4452944314670012e-06,9.0
whakataetae,7.231792259536725e-07,-7.221152055133288e-07,1.0640204403437445e-09,1.4452944314670012e-06,1.4452944314670012e-06,10.0
whakataha,-0.00033972239079366586,0.0006784451080489492,0.00033872271725528334,-0.0010181674988426152,0.0010181674988426152,9.0
whakatakariri,7.231792259536725e-07,-7.221152055133288e-07,1.0640204403437445e-09,1.4452944314670012e-06,1.4452944314670012e-06,12.0
whakatakiri,7.231792259536725e-07,-7.221152055133288e-07,1.0640204403437445e-09,1.4452944314670012e-06,1.4452944314670012e-06,9.0
whakatakoto,0.0005996132136722095,-0.00039915399805022674,0.00020045921562198278,0.0009987672117224363,0.0009987672117224363,29.0
whakatakototanga,7.231792259536725e-07,-7.221152055133288e-07,1.0640204403437445e-09,1.4452944314670012e-06,1.4452944314670012e-06,9.0
whakatangi,-0.00033972239079366586,0.0006784451080489492,0.00033872271725528334,-0.0010181674988426152,0.0010181674988426152,12.0
whakatapu,7.231792259536725e-07,-7.221152055133288e-07,1.0640204403437445e-09,1.4452944314670012e-06,1.4452944314670012e-06,10.0
whakatatanga,7.231792259536725e-07,-7.221152055133288e-07,1.0640204403437445e-09,1.4452944314670012e-06,1.4452944314670012e-06,9.0
whakatatū,7.231792259536725e-07,-7.221152055133288e-07,1.0640204403437445e-09,1.4452944314670012e-06,1.4452944314670012e-06,14.0
whakatau,-0.00039684942554432483,0.00059439830584226,0.0001975488802979352,-0.0009912477313865848,0.0009912477313865848,25.0
whakatauira,7.231792259536725e-07,-7.221152055133288e-07,1.0640204403437445e-09,1.4452944314670012e-06,1.4452944314670012e-06,9.0
whakataukī,1.446358451907345e-06,-1.4442304110266576e-06,2.128040880687489e-09,2.8905888629340024e-06,2.8905888629340024e-06,11.0
whakataumaha,7.231792259536725e-07,-7.221152055133288e-07,1.0640204403437445e-09,1.4452944314670012e-06,1.4452944314670012e-06,9.0
whakatautau,7.231792259536725e-07,-7.221152055133288e-07,1.0640204403437445e-09,1.4452944314670012e-06,1.4452944314670012e-06,9.0
whakatawhiti,7.231792259536725e-07,-7.221152055133288e-07,1.0640204403437445e-09,1.4452944314670012e-06,1.4452944314670012e-06,9.0
whakatere,0.0006823374984911462,-0.00034066678443550125,0.000341670714055645,0.0010230042829266475,0.0010230042829266475,12.0
whakatika,7.231792259536725e-07,-7.221152055133288e-07,1.0640204403437445e-09,1.4452944314670012e-06,1.4452944314670012e-06,23.0
whakatikatika,0.001620949923731068,-0.0005395216682551013,0.0010814282554759667,0.002160471591986169,0.002160471591986169,22.0
whakatinana,0.0006823374984911462,-0.00034066678443550125,0.000341670714055645,0.0010230042829266475,0.0010230042829266475,15.0
whakatipu,7.231792259536725e-07,-7.221152055133288e-07,1.0640204403437445e-09,1.4452944314670012e-06,1.4452944314670012e-06,10.0
whakatoi,7.231792259536725e-07,-7.221152055133288e-07,1.0640204403437445e-09,1.4452944314670012e-06,1.4452944314670012e-06,9.0
whakatupu,7.231792259536725e-07,-7.221152055133288e-07,1.0640204403437445e-09,1.4452944314670012e-06,1.4452944314670012e-06,9.0
whakature,0.0006823374984911462,-0.00034066678443550125,0.000341670714055645,0.0010230042829266475,0.0010230042829266475,9.0
whakatutuki,7.231792259536725e-07,-7.221152055133288e-07,1.0640204403437445e-09,1.4452944314670012e-06,1.4452944314670012e-06,14.0
whakatutū,7.231792259536725e-07,-7.221152055133288e-07,1.0640204403437445e-09,1.4452944314670012e-06,1.4452944314670012e-06,11.0
whakatuwhera,7.231792259536725e-07,-7.221152055133288e-07,1.0640204403437445e-09,1.4452944314670012e-06,1.4452944314670012e-06,15.0
whakatuwheratanga,7.231792259536725e-07,-7.221152055133288e-07,1.0640204403437445e-09,1.4452944314670012e-06,1.4452944314670012e-06,9.0
whakatā,0.0006823374984911462,-0.00034066678443550125,0.000341670714055645,0.0010230042829266475,0.0010230042829266475,11.0
whakatāpiri,7.231792259536725e-07,-7.221152055133288e-07,1.0640204403437445e-09,1.4452944314670012e-06,1.4452944314670012e-06,9.0
whakatārewa,0.0006823374984911462,-0.00034066678443550125,0.000341670714055645,0.0010230042829266475,0.0010230042829266475,10.0
whakatīmata,7.231792259536725e-07,-7.221152055133288e-07,1.0640204403437445e-09,1.4452944314670012e-06,1.4452944314670012e-06,9.0
whakatō,0.0006823374984911462,-0.00034066678443550125,0.000341670714055645,0.0010230042829266475,0.0010230042829266475,15.0
whakatōnga,7.231792259536725e-07,-7.221152055133288e-07,1.0640204403437445e-09,1.4452944314670012e-06,1.4452944314670012e-06,9.0
whakatōpū,7.231792259536725e-07,-7.221152055133288e-07,1.0640204403437445e-09,1.4452944314670012e-06,1.4452944314670012e-06,9.0
whakatū,0.0020470124954734396,-0.0010220003533065037,0.0010250121421669358,0.0030690128487799433,0.0030690128487799433,41.0
whakatūpeke,-0.00033972239079366586,0.0006784451080489492,0.00033872271725528334,-0.0010181674988426152,0.0010181674988426152,9.0
whakatūtū,-0.0005388702827917818,0.0016142323135322236,0.0010753620307404417,-0.0021531025963240054,0.0021531025963240054,10.0
whakaui,7.231792259536725e-07,-7.221152055133288e-07,1.0640204403437445e-09,1.4452944314670012e-06,1.4452944314670012e-06,9.0
whakauru,0.0006823374984911462,-0.00034066678443550125,0.000341670714055645,0.0010230042829266475,0.0010230042829266475,15.0
whakautu,7.231792259536725e-07,-7.221152055133288e-07,1.0640204403437445e-09,1.4452944314670012e-06,1.4452944314670012e-06,11.0
whakaututanga,7.231792259536725e-07,-7.221152055133288e-07,1.0640204403437445e-09,1.4452944314670012e-06,1.4452944314670012e-06,9.0
whakawaiho,7.231792259536725e-07,-7.221152055133288e-07,1.0640204403437445e-09,1.4452944314670012e-06,1.4452944314670012e-06,9.0
whakawaimehameha,7.231792259536725e-07,-7.221152055133288e-07,1.0640204403437445e-09,1.4452944314670012e-06,1.4452944314670012e-06,8.0
whakawaiwai,7.231792259536725e-07,-7.221152055133288e-07,1.0640204403437445e-09,1.4452944314670012e-06,1.4452944314670012e-06,9.0
whakawehe,0.001620949923731068,-0.0005395216682551013,0.0010814282554759667,0.002160471591986169,0.002160471591986169,10.0
whakawehewehe,0.0006823374984911462,-0.00034066678443550125,0.000341670714055645,0.0010230042829266475,0.0010230042829266475,10.0
whakawhanaunga,7.231792259536725e-07,-7.221152055133288e-07,1.0640204403437445e-09,1.4452944314670012e-06,1.4452944314670012e-06,10.0
whakawhawhai,7.231792259536725e-07,-7.221152055133288e-07,1.0640204403437445e-09,1.4452944314670012e-06,1.4452944314670012e-06,9.0
whakawhetai,7.231792259536725e-07,-7.221152055133288e-07,1.0640204403437445e-09,1.4452944314670012e-06,1.4452944314670012e-06,9.0
whakawhiti,0.0013646749969822925,-0.0006813335688710025,0.00068334142811129,0.002046008565853295,0.002046008565853295,28.0
whakawhitinga,7.231792259536725e-07,-7.221152055133288e-07,1.0640204403437445e-09,1.4452944314670012e-06,1.4452944314670012e-06,8.0
whakawhitiwhiti,0.0006823374984911462,-0.00034066678443550125,0.000341670714055645,0.0010230042829266475,0.0010230042829266475,12.0
whakawhiu,-0.00033972239079366586,0.0006784451080489492,0.00033872271725528334,-0.0010181674988426152,0.0010181674988426152,9.0
whakawhiwhi,0.001620949923731068,-0.0005395216682551013,0.0010814282554759667,0.002160471591986169,0.002160471591986169,10.0
whakawhānui,7.231792259536725e-07,-7.221152055133288e-07,1.0640204403437445e-09,1.4452944314670012e-06,1.4452944314670012e-06,10.0
whakawhāriki,0.0006823374984911462,-0.00034066678443550125,0.000341670714055645,0.0010230042829266475,0.0010230042829266475,9.0
whakawā,-0.0005388702827917818,0.0016142323135322236,0.0010753620307404417,-0.0021531025963240054,0.0021531025963240054,19.0
whakawātea,0.0027264572770607704,-0.0006806114536654891,0.0020458458233952813,0.0034070687307262595,0.0034070687307262595,20.0
whakawāwā,7.231792259536725e-07,-7.221152055133288e-07,1.0640204403437445e-09,1.4452944314670012e-06,1.4452944314670012e-06,9.0
whanaungatanga,7.231792259536725e-07,-7.221152055133288e-07,1.0640204403437445e-09,1.4452944314670012e-06,1.4452944314670012e-06,10.0
whanawhana,7.231792259536725e-07,-7.221152055133288e-07,1.0640204403437445e-09,1.4452944314670012e-06,1.4452944314670012e-06,9.0
whanga,7.231792259536725e-07,-7.221152055133288e-07,1.0640204403437445e-09,1.4452944314670012e-06,1.4452944314670012e-06,11.0
whanga-nui-ā-tara,7.231792259536725e-07,-7.221152055133288e-07,1.0640204403437445e-09,1.4452944314670012e-06,1.4452944314670012e-06,10.0
whao,7.231792259536725e-07,-7.221152055133288e-07,1.0640204403437445e-09,1.4452944314670012e-06,1.4452944314670012e-06,9.0
wharatanga,7.231792259536725e-07,-7.221152055133288e-07,1.0640204403437445e-09,1.4452944314670012e-06,1.4452944314670012e-06,9.0
whare,7.231792259536725e-07,-7.221152055133288e-07,1.0640204403437445e-09,1.4452944314670012e-06,1.4452944314670012e-06,26.0
wharekai,7.231792259536725e-07,-7.221152055133288e-07,1.0640204403437445e-09,1.4452944314670012e-06,1.4452944314670012e-06,9.0
whata-mangō,7.231792259536725e-07,-7.221152055133288e-07,1.0640204403437445e-09,1.4452944314670012e-06,1.4452944314670012e-06,9.0
whati,-0.0005388702827917818,0.0016142323135322236,0.0010753620307404417,-0.0021531025963240054,0.0021531025963240054,11.0
whatu,0.0006823374984911462,-0.00034066678443550125,0.000341670714055645,0.0010230042829266475,0.0010230042829266475,10.0
whatumanawa,7.231792259536725e-07,-7.221152055133288e-07,1.0640204403437445e-09,1.4452944314670012e-06,1.4452944314670012e-06,9.0
whawhai,7.231792259536725e-07,-7.221152055133288e-07,1.0640204403437445e-09,1.4452944314670012e-06,1.4452944314670012e-06,9.0
whenua,7.231792259536725e-07,-7.221152055133288e-07,1.0640204403437445e-09,1.4452944314670012e-06,1.4452944314670012e-06,21.0
wherawhera,7.231792259536725e-07,-7.221152055133288e-07,1.0640204403437445e-09,1.4452944314670012e-06,1.4452944314670012e-06,10.0
whetereihana,7.231792259536725e-07,-7.221152055133288e-07,1.0640204403437445e-09,1.4452944314670012e-06,1.4452944314670012e-06,9.0
wheua,7.231792259536725e-07,-7.221152055133288e-07,1.0640204403437445e-09,1.4452944314670012e-06,1.4452944314670012e-06,9.0
whiri,7.231792259536725e-07,-7.221152055133288e-07,1.0640204403437445e-09,1.4452944314670012e-06,1.4452944314670012e-06,9.0
whiriwhiri,-0.0006801679608132852,0.00271666889301785,0.0020365009322045645,-0.0033968368538311354,0.0033968368538311354,31.0
whiti,7.231792259536725e-07,-7.221152055133288e-07,1.0640204403437445e-09,1.4452944314670012e-06,1.4452944314670012e-06,8.0
whitinga,7.231792259536725e-07,-7.221152055133288e-07,1.0640204403437445e-09,1.4452944314670012e-06,1.4452944314670012e-06,11.0
whitu,0.0006823374984911462,-0.00034066678443550125,0.000341670714055645,0.0010230042829266475,0.0010230042829266475,12.0
whiu,2.169537677861126e-06,-2.1663456165400947e-06,3.1920613210311277e-09,4.335883294401221e-06,4.335883294401221e-06,16.0
whiwhi,0.0012580992550835766,-0.0007537489210446775,0.0005043503340388991,0.002011848176128254,0.002011848176128254,21.0
whoatu,7.231792259536725e-07,-7.221152055133288e-07,1.0640204403437445e-09,1.4452944314670012e-06,1.4452944314670012e-06,9.0
whā,-0.00033972239079366586,0.0006784451080489492,0.00033872271725528334,-0.0010181674988426152,0.0010181674988426152,12.0
whāinga,7.231792259536725e-07,-7.221152055133288e-07,1.0640204403437445e-09,1.4452944314670012e-06,1.4452944314670012e-06,9.0
whāiti,1.446358451907345e-06,-1.4442304110266576e-06,2.128040880687489e-09,2.8905888629340024e-06,2.8905888629340024e-06,10.0
whāki,7.231792259536725e-07,-7.221152055133288e-07,1.0640204403437445e-09,1.4452944314670012e-06,1.4452944314670012e-06,9.0
whākīkī,7.231792259536725e-07,-7.221152055133288e-07,1.0640204403437445e-09,1.4452944314670012e-06,1.4452944314670012e-06,9.0
whānako,0.0006823374984911462,-0.00034066678443550125,0.000341670714055645,0.0010230042829266475,0.0010230042829266475,12.0
whānau,1.446358451907345e-06,-1.4442304110266576e-06,2.128040880687489e-09,2.8905888629340024e-06,2.8905888629340024e-06,17.0
whānautanga,7.231792259536725e-07,-7.221152055133288e-07,1.0640204403437445e-09,1.4452944314670012e-06,1.4452944314670012e-06,10.0
whāngai,0.0005996132136722095,-0.00039915399805022674,0.00020045921562198278,0.0009987672117224363,0.0009987672117224363,29.0
whānui,7.231792259536725e-07,-7.221152055133288e-07,1.0640204403437445e-09,1.4452944314670012e-06,1.4452944314670012e-06,9.0
whānuitanga,7.231792259536725e-07,-7.221152055133288e-07,1.0640204403437445e-09,1.4452944314670012e-06,1.4452944314670012e-06,10.0
whāriki,0.0006823374984911462,-0.00034066678443550125,0.000341670714055645,0.0010230042829266475,0.0010230042829266475,11.0
whārua,7.231792259536725e-07,-7.221152055133288e-07,1.0640204403437445e-09,1.4452944314670012e-06,1.4452944314670012e-06,10.0
whārōrō,0.0006823374984911462,-0.00034066678443550125,0.000341670714055645,0.0010230042829266475,0.0010230042829266475,9.0
whāterotero,7.231792259536725e-07,-7.221152055133288e-07,1.0640204403437445e-09,1.4452944314670012e-06,1.4452944314670012e-06,9.0
whāwhā,0.0006823374984911462,-0.00034066678443550125,0.000341670714055645,0.0010230042829266475,0.0010230042829266475,10.0
whītiki,7.231792259536725e-07,-7.221152055133288e-07,1.0640204403437445e-09,1.4452944314670012e-06,1.4452944314670012e-06,9.0
whīwhiwhi,0.0006823374984911462,-0.00034066678443550125,0.000341670714055645,0.0010230042829266475,0.0010230042829266475,9.0
wiki,7.231792259536725e-07,-7.221152055133288e-07,1.0640204403437445e-09,1.4452944314670012e-06,1.4452944314670012e-06,10.0
wikitōria,0.003241899847462136,-0.0010790433365102025,0.0021628565109519334,0.004320943183972338,0.004320943183972338,15.0
wā,7.231792259536725e-07,-7.221152055133288e-07,1.0640204403437445e-09,1.4452944314670012e-06,1.4452944314670012e-06,76.0
wāhanga,7.231792259536725e-07,-7.221152055133288e-07,1.0640204403437445e-09,1.4452944314670012e-06,1.4452944314670012e-06,28.0
wāhi,7.231792259536725e-07,-7.221152055133288e-07,1.0640204403437445e-09,1.4452944314670012e-06,1.4452944314670012e-06,17.0
wānanga,7.231792259536725e-07,-7.221152055133288e-07,1.0640204403437445e-09,1.4452944314670012e-06,1.4452944314670012e-06,14.0
wāriu,7.231792259536725e-07,-7.221152055133288e-07,1.0640204403437445e-09,1.4452944314670012e-06,1.4452944314670012e-06,12.0
wātea,0.0006823374984911462,-0.00034066678443550125,0.000341670714055645,0.0010230042829266475,0.0010230042829266475,19.0
wāwāhi,-0.00033972239079366586,0.0006784451080489492,0.00033872271725528334,-0.0010181674988426152,0.0010181674988426152,9.0
wētahi,7.231792259536725e-07,-7.221152055133288e-07,1.0640204403437445e-09,1.4452944314670012e-06,1.4452944314670012e-06,9.0
{unclear},7.231792259536725e-07,-7.221152055133288e-07,1.0640204403437445e-09,1.4452944314670012e-06,1.4452944314670012e-06,9.0
āhei,3.615896129768688e-06,-3.6105760275669685e-06,5.3201022017196756e-09,7.226472157335656e-06,7.226472157335656e-06,25.0
āhua,0.0034116874924557325,-0.0017033339221775062,0.0017083535702782262,0.005115021414633238,0.005115021414633238,65.0
āhuaranga,7.231792259536725e-07,-7.221152055133288e-07,1.0640204403437445e-09,1.4452944314670012e-06,1.4452944314670012e-06,12.0
āhuatanga,7.231792259536725e-07,-7.221152055133288e-07,1.0640204403437445e-09,1.4452944314670012e-06,1.4452944314670012e-06,25.0
āki,7.231792259536725e-07,-7.221152055133288e-07,1.0640204403437445e-09,1.4452944314670012e-06,1.4452944314670012e-06,11.0
āpiti,-0.0005388702827917818,0.0016142323135322236,0.0010753620307404417,-0.0021531025963240054,0.0021531025963240054,10.0
ārahi,7.231792259536725e-07,-7.221152055133288e-07,1.0640204403437445e-09,1.4452944314670012e-06,1.4452944314670012e-06,22.0
āta,7.231792259536725e-07,-7.221152055133288e-07,1.0640204403437445e-09,1.4452944314670012e-06,1.4452944314670012e-06,39.0
ātaahua,7.231792259536725e-07,-7.221152055133288e-07,1.0640204403437445e-09,1.4452944314670012e-06,1.4452944314670012e-06,11.0
āwanga,7.231792259536725e-07,-7.221152055133288e-07,1.0640204403437445e-09,1.4452944314670012e-06,1.4452944314670012e-06,10.0
āwangawanga,7.231792259536725e-07,-7.221152055133288e-07,1.0640204403437445e-09,1.4452944314670012e-06,1.4452944314670012e-06,17.0
āwhina,-0.00033972239079366586,0.0006784451080489492,0.00033872271725528334,-0.0010181674988426152,0.0010181674988426152,35.0
ētahi,7.231792259536725e-07,-7.221152055133288e-07,1.0640204403437445e-09,1.4452944314670012e-06,1.4452944314670012e-06,9.0
īnia,7.231792259536725e-07,-7.221152055133288e-07,1.0640204403437445e-09,1.4452944314670012e-06,1.4452944314670012e-06,9.0
ōrite,7.231792259536725e-07,-7.221152055133288e-07,1.0640204403437445e-09,1.4452944314670012e-06,1.4452944314670012e-06,11.0
ū,-0.000898642769125848,0.002243301468783995,0.0013446586996581473,-0.003141944237909843,0.003141944237909843,21.0
ūkui,0.0006823374984911462,-0.00034066678443550125,0.000341670714055645,0.0010230042829266475,0.0010230042829266475,9.0
ūmere,7.231792259536725e-07,-7.221152055133288e-07,1.0640204403437445e-09,1.4452944314670012e-06,1.4452944314670012e-06,9.0
ūnga,7.231792259536725e-07,-7.221152055133288e-07,1.0640204403437445e-09,1.4452944314670012e-06,1.4452944314670012e-06,9.0
ūtanga,7.231792259536725e-07,-7.221152055133288e-07,1.0640204403437445e-09,1.4452944314670012e-06,1.4452944314670012e-06,11.0
