SubHead,kua,AE,Key,Diff,DiffAbs,Count
aha,0.0016804352250014032,-0.000537190472303793,0.0011432447526976103,0.002217625697305196,0.002217625697305196,18.0
ahi,2.0551612982732133e-05,-1.9709413110147257e-05,8.42199872584876e-07,4.026102609287939e-05,4.026102609287939e-05,10.0
ahiahi,2.0551612982732133e-05,-1.9709413110147257e-05,8.42199872584876e-07,4.026102609287939e-05,4.026102609287939e-05,10.0
ahu,0.0007219943660047033,-0.0003462036102650909,0.0003757907557396124,0.0010681979762697943,0.0010681979762697943,17.0
ahurei,2.0551612982732133e-05,-1.9709413110147257e-05,8.42199872584876e-07,4.026102609287939e-05,4.026102609287939e-05,9.0
aituā,-0.00031989395703688737,0.0006135695680895927,0.00029367561105270537,-0.0009334635251264801,0.0009334635251264801,10.0
akiaki,2.0551612982732133e-05,-1.9709413110147257e-05,8.42199872584876e-07,4.026102609287939e-05,4.026102609287939e-05,8.0
ako,-0.001797602252326865,0.011205590300185461,0.009407988047858596,-0.013003192552512326,0.013003192552512326,43.0
amo,2.0551612982732133e-05,-1.9709413110147257e-05,8.42199872584876e-07,4.026102609287939e-05,4.026102609287939e-05,9.0
anga,0.0007219943660047033,-0.0003462036102650909,0.0003757907557396124,0.0010681979762697943,0.0010681979762697943,9.0
anini,0.0007219943660047033,-0.0003462036102650909,0.0003757907557396124,0.0010681979762697943,0.0010681979762697943,9.0
ao,2.0551612982732133e-05,-1.9709413110147257e-05,8.42199872584876e-07,4.026102609287939e-05,4.026102609287939e-05,14.0
aorangi,2.0551612982732133e-05,-1.9709413110147257e-05,8.42199872584876e-07,4.026102609287939e-05,4.026102609287939e-05,9.0
aotearoa,2.0551612982732133e-05,-1.9709413110147257e-05,8.42199872584876e-07,4.026102609287939e-05,4.026102609287939e-05,9.0
ara,0.0016804352250014032,-0.000537190472303793,0.0011432447526976103,0.002217625697305196,0.002217625697305196,17.0
araara,2.0551612982732133e-05,-1.9709413110147257e-05,8.42199872584876e-07,4.026102609287939e-05,4.026102609287939e-05,9.0
arataki,-0.0009351999337045533,0.006278129748072207,0.005342929814367654,-0.00721332968177676,0.00721332968177676,15.0
ariki,2.0551612982732133e-05,-1.9709413110147257e-05,8.42199872584876e-07,4.026102609287939e-05,4.026102609287939e-05,9.0
aro,2.0551612982732133e-05,-1.9709413110147257e-05,8.42199872584876e-07,4.026102609287939e-05,4.026102609287939e-05,21.0
aroaro,2.0551612982732133e-05,-1.9709413110147257e-05,8.42199872584876e-07,4.026102609287939e-05,4.026102609287939e-05,14.0
aroaro-whaki,2.0551612982732133e-05,-1.9709413110147257e-05,8.42199872584876e-07,4.026102609287939e-05,4.026102609287939e-05,9.0
aroha,0.0016804352250014032,-0.000537190472303793,0.0011432447526976103,0.002217625697305196,0.002217625697305196,29.0
aronui,2.0551612982732133e-05,-1.9709413110147257e-05,8.42199872584876e-07,4.026102609287939e-05,4.026102609287939e-05,8.0
aru,2.0551612982732133e-05,-1.9709413110147257e-05,8.42199872584876e-07,4.026102609287939e-05,4.026102609287939e-05,10.0
ata,2.0551612982732133e-05,-1.9709413110147257e-05,8.42199872584876e-07,4.026102609287939e-05,4.026102609287939e-05,13.0
atamira,2.0551612982732133e-05,-1.9709413110147257e-05,8.42199872584876e-07,4.026102609287939e-05,4.026102609287939e-05,10.0
atawhai,-0.0007699385208257651,0.0036919331804080493,0.0029219946595822844,-0.004461871701233814,0.004461871701233814,15.0
atua,2.0551612982732133e-05,-1.9709413110147257e-05,8.42199872584876e-07,4.026102609287939e-05,4.026102609287939e-05,10.0
aukati,-0.0005190418490350034,0.0014933149382504952,0.0009742730892154919,-0.002012356787285499,0.002012356787285499,12.0
auē,2.0551612982732133e-05,-1.9709413110147257e-05,8.42199872584876e-07,4.026102609287939e-05,4.026102609287939e-05,10.0
awa,2.0551612982732133e-05,-1.9709413110147257e-05,8.42199872584876e-07,4.026102609287939e-05,4.026102609287939e-05,13.0
awatea,0.0007219943660047033,-0.0003462036102650909,0.0003757907557396124,0.0010681979762697943,0.0010681979762697943,9.0
awe,2.0551612982732133e-05,-1.9709413110147257e-05,8.42199872584876e-07,4.026102609287939e-05,4.026102609287939e-05,9.0
awhi,-0.0009351999337045533,0.006278129748072207,0.005342929814367654,-0.00721332968177676,0.00721332968177676,16.0
big,2.0551612982732133e-05,-1.9709413110147257e-05,8.42199872584876e-07,4.026102609287939e-05,4.026102609287939e-05,10.0
ea,0.0016804352250014032,-0.000537190472303793,0.0011432447526976103,0.002217625697305196,0.002217625697305196,14.0
eke,0.01221875657767566,-0.0018027746216998908,0.010415981955975769,0.014021531199375551,0.014021531199375551,36.0
ekenga,2.0551612982732133e-05,-1.9709413110147257e-05,8.42199872584876e-07,4.026102609287939e-05,4.026102609287939e-05,11.0
haehae,-0.00031989395703688737,0.0006135695680895927,0.00029367561105270537,-0.0009334635251264801,0.0009334635251264801,9.0
haere,0.011147313008572367,-0.003375947039014305,0.007771365969558063,0.014523260047586672,0.014523260047586672,204.0
haeremaitanga,2.0551612982732133e-05,-1.9709413110147257e-05,8.42199872584876e-07,4.026102609287939e-05,4.026102609287939e-05,8.0
haerenga,2.0551612982732133e-05,-1.9709413110147257e-05,8.42199872584876e-07,4.026102609287939e-05,4.026102609287939e-05,13.0
haeretanga,2.0551612982732133e-05,-1.9709413110147257e-05,8.42199872584876e-07,4.026102609287939e-05,4.026102609287939e-05,10.0
hahautanga,2.0551612982732133e-05,-1.9709413110147257e-05,8.42199872584876e-07,4.026102609287939e-05,4.026102609287939e-05,9.0
haika,2.0551612982732133e-05,-1.9709413110147257e-05,8.42199872584876e-07,4.026102609287939e-05,4.026102609287939e-05,9.0
haina,0.0006590985149425449,-0.00042139255029769867,0.0002377059646448462,0.0010804910652402436,0.0010804910652402436,12.0
hainamana,2.0551612982732133e-05,-1.9709413110147257e-05,8.42199872584876e-07,4.026102609287939e-05,4.026102609287939e-05,9.0
hainatanga,2.0551612982732133e-05,-1.9709413110147257e-05,8.42199872584876e-07,4.026102609287939e-05,4.026102609287939e-05,11.0
haka,2.0551612982732133e-05,-1.9709413110147257e-05,8.42199872584876e-07,4.026102609287939e-05,4.026102609287939e-05,11.0
haki,2.0551612982732133e-05,-1.9709413110147257e-05,8.42199872584876e-07,4.026102609287939e-05,4.026102609287939e-05,9.0
hanga,-0.0013990808810723583,0.02415144424377758,0.02275236336270522,-0.025550525124849937,0.025550525124849937,38.0
hangahanga,2.0551612982732133e-05,-1.9709413110147257e-05,8.42199872584876e-07,4.026102609287939e-05,4.026102609287939e-05,9.0
hao,2.0551612982732133e-05,-1.9709413110147257e-05,8.42199872584876e-07,4.026102609287939e-05,4.026102609287939e-05,11.0
hapū,2.0551612982732133e-05,-1.9709413110147257e-05,8.42199872584876e-07,4.026102609287939e-05,4.026102609287939e-05,11.0
harakoa,2.0551612982732133e-05,-1.9709413110147257e-05,8.42199872584876e-07,4.026102609287939e-05,4.026102609287939e-05,9.0
haramai,0.0006473971640169421,-0.0004656502446791666,0.00018174691933777555,0.0011130474086961087,0.0011130474086961087,34.0
haramaitanga,2.0551612982732133e-05,-1.9709413110147257e-05,8.42199872584876e-07,4.026102609287939e-05,4.026102609287939e-05,9.0
hari,-0.0011103840908453845,0.010648808332365535,0.009538424241520151,-0.01175919242321092,0.01175919242321092,30.0
harihari,2.0551612982732133e-05,-1.9709413110147257e-05,8.42199872584876e-07,4.026102609287939e-05,4.026102609287939e-05,9.0
harikoa,2.0551612982732133e-05,-1.9709413110147257e-05,8.42199872584876e-07,4.026102609287939e-05,4.026102609287939e-05,20.0
haritanga,2.0551612982732133e-05,-1.9709413110147257e-05,8.42199872584876e-07,4.026102609287939e-05,4.026102609287939e-05,9.0
haruru,2.0551612982732133e-05,-1.9709413110147257e-05,8.42199872584876e-07,4.026102609287939e-05,4.026102609287939e-05,9.0
hau,2.0551612982732133e-05,-1.9709413110147257e-05,8.42199872584876e-07,4.026102609287939e-05,4.026102609287939e-05,11.0
hauhake,2.0551612982732133e-05,-1.9709413110147257e-05,8.42199872584876e-07,4.026102609287939e-05,4.026102609287939e-05,9.0
haunga,2.0551612982732133e-05,-1.9709413110147257e-05,8.42199872584876e-07,4.026102609287939e-05,4.026102609287939e-05,10.0
hauora,2.0551612982732133e-05,-1.9709413110147257e-05,8.42199872584876e-07,4.026102609287939e-05,4.026102609287939e-05,8.0
hautū,-0.0007699385208257651,0.0036919331804080493,0.0029219946595822844,-0.004461871701233814,0.004461871701233814,12.0
heamana,2.0551612982732133e-05,-1.9709413110147257e-05,8.42199872584876e-07,4.026102609287939e-05,4.026102609287939e-05,9.0
heke,6.16548389481965e-05,-5.912823933044188e-05,2.526599617754628e-06,0.00012078307827863839,0.00012078307827863839,20.0
hekenga,2.0551612982732133e-05,-1.9709413110147257e-05,8.42199872584876e-07,4.026102609287939e-05,4.026102609287939e-05,9.0
hemo,0.0007219943660047033,-0.0003462036102650909,0.0003757907557396124,0.0010681979762697943,0.0010681979762697943,9.0
here,2.0551612982732133e-05,-1.9709413110147257e-05,8.42199872584876e-07,4.026102609287939e-05,4.026102609287939e-05,12.0
herehere,2.0551612982732133e-05,-1.9709413110147257e-05,8.42199872584876e-07,4.026102609287939e-05,4.026102609287939e-05,9.0
heri,-0.00031989395703688737,0.0006135695680895927,0.00029367561105270537,-0.0009334635251264801,0.0009334635251264801,11.0
hia,0.0028057710120878844,-0.0006726978074200345,0.00213307320466785,0.0034784688195079187,0.0034784688195079187,17.0
hiahia,6.16548389481965e-05,-5.912823933044188e-05,2.526599617754628e-06,0.00012078307827863839,0.00012078307827863839,69.0
hiki,-0.0007143851160615358,0.0010276646935713288,0.000313279577509793,-0.0017420498096328645,0.0017420498096328645,17.0
hinengaro,2.0551612982732133e-05,-1.9709413110147257e-05,8.42199872584876e-07,4.026102609287939e-05,4.026102609287939e-05,10.0
hinga,0.005403543870120524,-0.0008636846694587366,0.004539859200661787,0.00626722853957926,0.00626722853957926,16.0
hingahinga,0.0007219943660047033,-0.0003462036102650909,0.0003757907557396124,0.0010681979762697943,0.0010681979762697943,9.0
hipa,0.0007219943660047033,-0.0003462036102650909,0.0003757907557396124,0.0010681979762697943,0.0010681979762697943,9.0
hira,2.0551612982732133e-05,-1.9709413110147257e-05,8.42199872584876e-07,4.026102609287939e-05,4.026102609287939e-05,9.0
hiri,0.0007219943660047033,-0.0003462036102650909,0.0003757907557396124,0.0010681979762697943,0.0010681979762697943,9.0
hoake,2.0551612982732133e-05,-1.9709413110147257e-05,8.42199872584876e-07,4.026102609287939e-05,4.026102609287939e-05,9.0
hoatu,-0.000859487419054623,0.004945595059430652,0.0040861076403760285,-0.005805082478485275,0.005805082478485275,20.0
hoe,2.0551612982732133e-05,-1.9709413110147257e-05,8.42199872584876e-07,4.026102609287939e-05,4.026102609287939e-05,9.0
hohou,-0.00031989395703688737,0.0006135695680895927,0.00029367561105270537,-0.0009334635251264801,0.0009334635251264801,9.0
hoki,0.021399588786909344,-0.0021602777980587263,0.01923931098885062,0.02355986658496807,0.02355986658496807,110.0
hokihoki,2.0551612982732133e-05,-1.9709413110147257e-05,8.42199872584876e-07,4.026102609287939e-05,4.026102609287939e-05,9.0
hokinga,2.0551612982732133e-05,-1.9709413110147257e-05,8.42199872584876e-07,4.026102609287939e-05,4.026102609287939e-05,12.0
hokitanga,2.0551612982732133e-05,-1.9709413110147257e-05,8.42199872584876e-07,4.026102609287939e-05,4.026102609287939e-05,9.0
hoko,-0.0010007850970761263,0.007678185426837469,0.006677400329761342,-0.008678970523913594,0.008678970523913594,29.0
homai,-0.0013835749051751723,0.003538336953288304,0.0021547620481131317,-0.004921911858463477,0.004921911858463477,23.0
hono,0.0007219943660047033,-0.0003462036102650909,0.0003757907557396124,0.0010681979762697943,0.0010681979762697943,9.0
hopehope,0.0007219943660047033,-0.0003462036102650909,0.0003757907557396124,0.0010681979762697943,0.0010681979762697943,9.0
hopu,4.1103225965464265e-05,-3.9418826220294513e-05,1.684399745169752e-06,8.052205218575878e-05,8.052205218575878e-05,12.0
hora,0.0016804352250014032,-0.000537190472303793,0.0011432447526976103,0.002217625697305196,0.002217625697305196,16.0
horatanga,2.0551612982732133e-05,-1.9709413110147257e-05,8.42199872584876e-07,4.026102609287939e-05,4.026102609287939e-05,9.0
hore,2.0551612982732133e-05,-1.9709413110147257e-05,8.42199872584876e-07,4.026102609287939e-05,4.026102609287939e-05,9.0
horoi,-0.0005190418490350034,0.0014933149382504952,0.0009742730892154919,-0.002012356787285499,0.002012356787285499,10.0
hou,0.0007219943660047033,-0.0003462036102650909,0.0003757907557396124,0.0010681979762697943,0.0010681979762697943,10.0
hua,-0.00031989395703688737,0.0006135695680895927,0.00029367561105270537,-0.0009334635251264801,0.0009334635251264801,17.0
huarahi,2.0551612982732133e-05,-1.9709413110147257e-05,8.42199872584876e-07,4.026102609287939e-05,4.026102609287939e-05,13.0
hui,0.0016804352250014032,-0.000537190472303793,0.0011432447526976103,0.002217625697305196,0.002217625697305196,31.0
huihui,0.0016804352250014032,-0.000537190472303793,0.0011432447526976103,0.002217625697305196,0.002217625697305196,11.0
huihuinga,2.0551612982732133e-05,-1.9709413110147257e-05,8.42199872584876e-07,4.026102609287939e-05,4.026102609287939e-05,9.0
huinga,2.0551612982732133e-05,-1.9709413110147257e-05,8.42199872584876e-07,4.026102609287939e-05,4.026102609287939e-05,9.0
huna,2.0551612982732133e-05,-1.9709413110147257e-05,8.42199872584876e-07,4.026102609287939e-05,4.026102609287939e-05,10.0
hunga,2.0551612982732133e-05,-1.9709413110147257e-05,8.42199872584876e-07,4.026102609287939e-05,4.026102609287939e-05,13.0
hura,-0.0005190418490350034,0.0014933149382504952,0.0009742730892154919,-0.002012356787285499,0.002012356787285499,10.0
huri,0.013668244235380248,-0.0018725890090326481,0.011795655226347599,0.015540833244412897,0.015540833244412897,64.0
huri-nui,2.0551612982732133e-05,-1.9709413110147257e-05,8.42199872584876e-07,4.026102609287939e-05,4.026102609287939e-05,9.0
hurihuri,2.0551612982732133e-05,-1.9709413110147257e-05,8.42199872584876e-07,4.026102609287939e-05,4.026102609287939e-05,10.0
huritau,2.0551612982732133e-05,-1.9709413110147257e-05,8.42199872584876e-07,4.026102609287939e-05,4.026102609287939e-05,9.0
hurori,0.0007219943660047033,-0.0003462036102650909,0.0003757907557396124,0.0010681979762697943,0.0010681979762697943,9.0
huruhuru,2.0551612982732133e-05,-1.9709413110147257e-05,8.42199872584876e-07,4.026102609287939e-05,4.026102609287939e-05,10.0
huti,-0.00031989395703688737,0.0006135695680895927,0.00029367561105270537,-0.0009334635251264801,0.0009334635251264801,9.0
hāereere,2.0551612982732133e-05,-1.9709413110147257e-05,8.42199872584876e-07,4.026102609287939e-05,4.026102609287939e-05,9.0
hāhi,2.0551612982732133e-05,-1.9709413110147257e-05,8.42199872584876e-07,4.026102609287939e-05,4.026102609287939e-05,10.0
hākoakoa,2.0551612982732133e-05,-1.9709413110147257e-05,8.42199872584876e-07,4.026102609287939e-05,4.026102609287939e-05,9.0
hāmama,0.0007219943660047033,-0.0003462036102650909,0.0003757907557396124,0.0010681979762697943,0.0010681979762697943,9.0
hāmene,-0.0006397879140737747,0.0012271391361791855,0.0005873512221054107,-0.0018669270502529602,0.0018669270502529602,15.0
hāngai,2.0551612982732133e-05,-1.9709413110147257e-05,8.42199872584876e-07,4.026102609287939e-05,4.026102609287939e-05,17.0
hāora,2.0551612982732133e-05,-1.9709413110147257e-05,8.42199872584876e-07,4.026102609287939e-05,4.026102609287939e-05,10.0
hāpai,-0.0011103840908453845,0.010648808332365535,0.009538424241520151,-0.01175919242321092,0.01175919242321092,21.0
hātarei,2.0551612982732133e-05,-1.9709413110147257e-05,8.42199872584876e-07,4.026102609287939e-05,4.026102609287939e-05,9.0
hē,0.0023529808838580494,-0.0009026225302939216,0.0014503583535641277,0.003255603414151971,0.003255603414151971,35.0
hēkeretari,2.0551612982732133e-05,-1.9709413110147257e-05,8.42199872584876e-07,4.026102609287939e-05,4.026102609287939e-05,10.0
hīkoi,2.0551612982732133e-05,-1.9709413110147257e-05,8.42199872584876e-07,4.026102609287939e-05,4.026102609287939e-05,14.0
hīkoitanga,2.0551612982732133e-05,-1.9709413110147257e-05,8.42199872584876e-07,4.026102609287939e-05,4.026102609287939e-05,9.0
hōhipera,2.0551612982732133e-05,-1.9709413110147257e-05,8.42199872584876e-07,4.026102609287939e-05,4.026102609287939e-05,12.0
hōhonutanga,2.0551612982732133e-05,-1.9709413110147257e-05,8.42199872584876e-07,4.026102609287939e-05,4.026102609287939e-05,11.0
hōhā,0.0028057710120878844,-0.0006726978074200345,0.00213307320466785,0.0034784688195079187,0.0034784688195079187,11.0
hōiho,2.0551612982732133e-05,-1.9709413110147257e-05,8.42199872584876e-07,4.026102609287939e-05,4.026102609287939e-05,11.0
hōnore,2.0551612982732133e-05,-1.9709413110147257e-05,8.42199872584876e-07,4.026102609287939e-05,4.026102609287939e-05,9.0
hōpua,2.0551612982732133e-05,-1.9709413110147257e-05,8.42199872584876e-07,4.026102609287939e-05,4.026102609287939e-05,9.0
hōrapa,2.0551612982732133e-05,-1.9709413110147257e-05,8.42199872584876e-07,4.026102609287939e-05,4.026102609287939e-05,9.0
hōri,2.0551612982732133e-05,-1.9709413110147257e-05,8.42199872584876e-07,4.026102609287939e-05,4.026102609287939e-05,9.0
hū,2.0551612982732133e-05,-1.9709413110147257e-05,8.42199872584876e-07,4.026102609287939e-05,4.026102609287939e-05,9.0
hūmārire,2.0551612982732133e-05,-1.9709413110147257e-05,8.42199872584876e-07,4.026102609287939e-05,4.026102609287939e-05,9.0
hūpoki,-0.00031989395703688737,0.0006135695680895927,0.00029367561105270537,-0.0009334635251264801,0.0009334635251264801,10.0
ihowa,-0.00031989395703688737,0.0006135695680895927,0.00029367561105270537,-0.0009334635251264801,0.0009334635251264801,9.0
ihu,2.0551612982732133e-05,-1.9709413110147257e-05,8.42199872584876e-07,4.026102609287939e-05,4.026102609287939e-05,9.0
ika,2.0551612982732133e-05,-1.9709413110147257e-05,8.42199872584876e-07,4.026102609287939e-05,4.026102609287939e-05,9.0
ingarangi,-0.00031989395703688737,0.0006135695680895927,0.00029367561105270537,-0.0009334635251264801,0.0009334635251264801,9.0
ingoa,2.0551612982732133e-05,-1.9709413110147257e-05,8.42199872584876e-07,4.026102609287939e-05,4.026102609287939e-05,23.0
inoi,-0.0003571925580307679,0.0005138323467856644,0.0001566397887548965,-0.0008710249048164323,0.0008710249048164323,14.0
inu,2.0551612982732133e-05,-1.9709413110147257e-05,8.42199872584876e-07,4.026102609287939e-05,4.026102609287939e-05,9.0
iri,2.0551612982732133e-05,-1.9709413110147257e-05,8.42199872584876e-07,4.026102609287939e-05,4.026102609287939e-05,10.0
iti,2.0551612982732133e-05,-1.9709413110147257e-05,8.42199872584876e-07,4.026102609287939e-05,4.026102609287939e-05,10.0
iwa,0.0016804352250014032,-0.000537190472303793,0.0011432447526976103,0.002217625697305196,0.002217625697305196,14.0
iwi,2.0551612982732133e-05,-1.9709413110147257e-05,8.42199872584876e-07,4.026102609287939e-05,4.026102609287939e-05,29.0
kaha,0.0006590985149425449,-0.00042139255029769867,0.0002377059646448462,0.0010804910652402436,0.0010804910652402436,72.0
kahu,2.0551612982732133e-05,-1.9709413110147257e-05,8.42199872584876e-07,4.026102609287939e-05,4.026102609287939e-05,10.0
kahungunu,2.0551612982732133e-05,-1.9709413110147257e-05,8.42199872584876e-07,4.026102609287939e-05,4.026102609287939e-05,9.0
kai,-0.0006603395270565067,0.00253311592479896,0.0018727763977424532,-0.0031934554518554667,0.0031934554518554667,28.0
kaiako,2.0551612982732133e-05,-1.9709413110147257e-05,8.42199872584876e-07,4.026102609287939e-05,4.026102609287939e-05,9.0
kaiarataki,-0.00031989395703688737,0.0006135695680895927,0.00029367561105270537,-0.0009334635251264801,0.0009334635251264801,9.0
kaihautū,2.0551612982732133e-05,-1.9709413110147257e-05,8.42199872584876e-07,4.026102609287939e-05,4.026102609287939e-05,9.0
kaikōrero,2.0551612982732133e-05,-1.9709413110147257e-05,8.42199872584876e-07,4.026102609287939e-05,4.026102609287939e-05,11.0
kaimahi,2.0551612982732133e-05,-1.9709413110147257e-05,8.42199872584876e-07,4.026102609287939e-05,4.026102609287939e-05,9.0
kaingākau,2.0551612982732133e-05,-1.9709413110147257e-05,8.42199872584876e-07,4.026102609287939e-05,4.026102609287939e-05,9.0
kaipara,2.0551612982732133e-05,-1.9709413110147257e-05,8.42199872584876e-07,4.026102609287939e-05,4.026102609287939e-05,9.0
kaipuke,2.0551612982732133e-05,-1.9709413110147257e-05,8.42199872584876e-07,4.026102609287939e-05,4.026102609287939e-05,9.0
kaitiaki,2.0551612982732133e-05,-1.9709413110147257e-05,8.42199872584876e-07,4.026102609287939e-05,4.026102609287939e-05,9.0
kaitākaro,2.0551612982732133e-05,-1.9709413110147257e-05,8.42199872584876e-07,4.026102609287939e-05,4.026102609287939e-05,12.0
kaiwhakahaere,-0.0005190418490350034,0.0014933149382504952,0.0009742730892154919,-0.002012356787285499,0.002012356787285499,12.0
kaiwhakarite,2.0551612982732133e-05,-1.9709413110147257e-05,8.42199872584876e-07,4.026102609287939e-05,4.026102609287939e-05,9.0
kaiārahi,-0.00031989395703688737,0.0006135695680895927,0.00029367561105270537,-0.0009334635251264801,0.0009334635251264801,11.0
kakama,2.0551612982732133e-05,-1.9709413110147257e-05,8.42199872584876e-07,4.026102609287939e-05,4.026102609287939e-05,10.0
kakara,2.0551612982732133e-05,-1.9709413110147257e-05,8.42199872584876e-07,4.026102609287939e-05,4.026102609287939e-05,9.0
kake,2.0551612982732133e-05,-1.9709413110147257e-05,8.42199872584876e-07,4.026102609287939e-05,4.026102609287939e-05,10.0
kamupene,2.0551612982732133e-05,-1.9709413110147257e-05,8.42199872584876e-07,4.026102609287939e-05,4.026102609287939e-05,9.0
kanapa,2.0551612982732133e-05,-1.9709413110147257e-05,8.42199872584876e-07,4.026102609287939e-05,4.026102609287939e-05,9.0
kanohi,2.0551612982732133e-05,-1.9709413110147257e-05,8.42199872584876e-07,4.026102609287939e-05,4.026102609287939e-05,12.0
kanohinohi,0.0007219943660047033,-0.0003462036102650909,0.0003757907557396124,0.0010681979762697943,0.0010681979762697943,9.0
kape,2.0551612982732133e-05,-1.9709413110147257e-05,8.42199872584876e-07,4.026102609287939e-05,4.026102609287939e-05,9.0
kapi,0.0007219943660047033,-0.0003462036102650909,0.0003757907557396124,0.0010681979762697943,0.0010681979762697943,11.0
kapo,0.0007219943660047033,-0.0003462036102650909,0.0003757907557396124,0.0010681979762697943,0.0010681979762697943,10.0
karakia,0.0007219943660047033,-0.0003462036102650909,0.0003757907557396124,0.0010681979762697943,0.0010681979762697943,11.0
karanga,0.00014386129087912527,-0.00013796589177103114,5.895399108094132e-06,0.0002818271826501564,0.0002818271826501564,44.0
kararehe,2.0551612982732133e-05,-1.9709413110147257e-05,8.42199872584876e-07,4.026102609287939e-05,4.026102609287939e-05,9.0
karauna,2.0551612982732133e-05,-1.9709413110147257e-05,8.42199872584876e-07,4.026102609287939e-05,4.026102609287939e-05,10.0
karawhiuwhiu,2.0551612982732133e-05,-1.9709413110147257e-05,8.42199872584876e-07,4.026102609287939e-05,4.026102609287939e-05,10.0
karere,2.0551612982732133e-05,-1.9709413110147257e-05,8.42199872584876e-07,4.026102609287939e-05,4.026102609287939e-05,10.0
karo,2.0551612982732133e-05,-1.9709413110147257e-05,8.42199872584876e-07,4.026102609287939e-05,4.026102609287939e-05,9.0
kata,2.0551612982732133e-05,-1.9709413110147257e-05,8.42199872584876e-07,4.026102609287939e-05,4.026102609287939e-05,9.0
kati,4.1103225965464265e-05,-3.9418826220294513e-05,1.684399745169752e-06,8.052205218575878e-05,8.052205218575878e-05,15.0
kaua,2.0551612982732133e-05,-1.9709413110147257e-05,8.42199872584876e-07,4.026102609287939e-05,4.026102609287939e-05,32.0
kauae,2.0551612982732133e-05,-1.9709413110147257e-05,8.42199872584876e-07,4.026102609287939e-05,4.026102609287939e-05,9.0
kauhau,2.0551612982732133e-05,-1.9709413110147257e-05,8.42199872584876e-07,4.026102609287939e-05,4.026102609287939e-05,11.0
kaukau,2.0551612982732133e-05,-1.9709413110147257e-05,8.42199872584876e-07,4.026102609287939e-05,4.026102609287939e-05,9.0
kaumātua,2.0551612982732133e-05,-1.9709413110147257e-05,8.42199872584876e-07,4.026102609287939e-05,4.026102609287939e-05,12.0
kaunihera,2.0551612982732133e-05,-1.9709413110147257e-05,8.42199872584876e-07,4.026102609287939e-05,4.026102609287939e-05,11.0
kaupapa,2.0551612982732133e-05,-1.9709413110147257e-05,8.42199872584876e-07,4.026102609287939e-05,4.026102609287939e-05,33.0
kaute,-0.00031989395703688737,0.0006135695680895927,0.00029367561105270537,-0.0009334635251264801,0.0009334635251264801,11.0
kawa,2.0551612982732133e-05,-1.9709413110147257e-05,8.42199872584876e-07,4.026102609287939e-05,4.026102609287939e-05,10.0
kawe,-0.002098959702495949,0.008722761093682333,0.006623801391186384,-0.010821720796178283,0.010821720796178283,32.0
kawenata,2.0551612982732133e-05,-1.9709413110147257e-05,8.42199872584876e-07,4.026102609287939e-05,4.026102609287939e-05,12.0
kemokemo,0.0007219943660047033,-0.0003462036102650909,0.0003757907557396124,0.0010681979762697943,0.0010681979762697943,9.0
keri,2.0551612982732133e-05,-1.9709413110147257e-05,8.42199872584876e-07,4.026102609287939e-05,4.026102609287939e-05,9.0
kerikeri,2.0551612982732133e-05,-1.9709413110147257e-05,8.42199872584876e-07,4.026102609287939e-05,4.026102609287939e-05,10.0
kerēme,2.0551612982732133e-05,-1.9709413110147257e-05,8.42199872584876e-07,4.026102609287939e-05,4.026102609287939e-05,10.0
kiko,2.0551612982732133e-05,-1.9709413110147257e-05,8.42199872584876e-07,4.026102609287939e-05,4.026102609287939e-05,9.0
kikī,0.0007219943660047033,-0.0003462036102650909,0.0003757907557396124,0.0010681979762697943,0.0010681979762697943,9.0
kimi,-0.0010380836980700067,0.0029866298765009905,0.0019485461784309837,-0.004024713574570998,0.004024713574570998,28.0
kino,2.0551612982732133e-05,-1.9709413110147257e-05,8.42199872584876e-07,4.026102609287939e-05,4.026102609287939e-05,10.0
kiore,2.0551612982732133e-05,-1.9709413110147257e-05,8.42199872584876e-07,4.026102609287939e-05,4.026102609287939e-05,10.0
kiri,2.0551612982732133e-05,-1.9709413110147257e-05,8.42199872584876e-07,4.026102609287939e-05,4.026102609287939e-05,9.0
kita,0.0007219943660047033,-0.0003462036102650909,0.0003757907557396124,0.0010681979762697943,0.0010681979762697943,9.0
kite,0.0371330815898771,-0.004812348290727666,0.03232073329914943,0.04194542988060476,0.04194542988060476,157.0
kitekite,2.0551612982732133e-05,-1.9709413110147257e-05,8.42199872584876e-07,4.026102609287939e-05,4.026102609287939e-05,10.0
kitenga,2.0551612982732133e-05,-1.9709413110147257e-05,8.42199872584876e-07,4.026102609287939e-05,4.026102609287939e-05,9.0
kitetanga,2.0551612982732133e-05,-1.9709413110147257e-05,8.42199872584876e-07,4.026102609287939e-05,4.026102609287939e-05,9.0
koa,0.0007219943660047033,-0.0003462036102650909,0.0003757907557396124,0.0010681979762697943,0.0010681979762697943,18.0
koata,2.0551612982732133e-05,-1.9709413110147257e-05,8.42199872584876e-07,4.026102609287939e-05,4.026102609287939e-05,9.0
kohete,2.0551612982732133e-05,-1.9709413110147257e-05,8.42199872584876e-07,4.026102609287939e-05,4.026102609287939e-05,9.0
kohi,4.1103225965464265e-05,-3.9418826220294513e-05,1.684399745169752e-06,8.052205218575878e-05,8.052205218575878e-05,10.0
kohikohi,-0.00031989395703688737,0.0006135695680895927,0.00029367561105270537,-0.0009334635251264801,0.0009334635251264801,11.0
kohu,2.0551612982732133e-05,-1.9709413110147257e-05,8.42199872584876e-07,4.026102609287939e-05,4.026102609287939e-05,9.0
koi,2.0551612982732133e-05,-1.9709413110147257e-05,8.42199872584876e-07,4.026102609287939e-05,4.026102609287939e-05,9.0
koira,0.0007219943660047033,-0.0003462036102650909,0.0003757907557396124,0.0010681979762697943,0.0010681979762697943,9.0
komiti,2.0551612982732133e-05,-1.9709413110147257e-05,8.42199872584876e-07,4.026102609287939e-05,4.026102609287939e-05,10.0
konei,-0.0005190418490350034,0.0014933149382504952,0.0009742730892154919,-0.002012356787285499,0.002012356787285499,10.0
konā,-0.00031989395703688737,0.0006135695680895927,0.00029367561105270537,-0.0009334635251264801,0.0009334635251264801,9.0
kore,0.051846627853361624,-0.0027623314573047646,0.04908429639605686,0.05460895931066639,0.05460895931066639,74.0
korikori,2.0551612982732133e-05,-1.9709413110147257e-05,8.42199872584876e-07,4.026102609287939e-05,4.026102609287939e-05,9.0
koroua,2.0551612982732133e-05,-1.9709413110147257e-05,8.42199872584876e-07,4.026102609287939e-05,4.026102609287939e-05,10.0
korowai,2.0551612982732133e-05,-1.9709413110147257e-05,8.42199872584876e-07,4.026102609287939e-05,4.026102609287939e-05,10.0
kotahi,0.0028057710120878844,-0.0006726978074200345,0.00213307320466785,0.0034784688195079187,0.0034784688195079187,22.0
kotiti,2.0551612982732133e-05,-1.9709413110147257e-05,8.42199872584876e-07,4.026102609287939e-05,4.026102609287939e-05,10.0
kuhu,0.0016804352250014032,-0.000537190472303793,0.0011432447526976103,0.002217625697305196,0.002217625697305196,16.0
kui,-0.00031989395703688737,0.0006135695680895927,0.00029367561105270537,-0.0009334635251264801,0.0009334635251264801,9.0
kuia,-0.00031989395703688737,0.0006135695680895927,0.00029367561105270537,-0.0009334635251264801,0.0009334635251264801,10.0
kuini,2.0551612982732133e-05,-1.9709413110147257e-05,8.42199872584876e-07,4.026102609287939e-05,4.026102609287939e-05,9.0
kuki,2.0551612982732133e-05,-1.9709413110147257e-05,8.42199872584876e-07,4.026102609287939e-05,4.026102609287939e-05,9.0
kukume,2.0551612982732133e-05,-1.9709413110147257e-05,8.42199872584876e-07,4.026102609287939e-05,4.026102609287939e-05,8.0
kume,2.0551612982732133e-05,-1.9709413110147257e-05,8.42199872584876e-07,4.026102609287939e-05,4.026102609287939e-05,9.0
kumeatanga,2.0551612982732133e-05,-1.9709413110147257e-05,8.42199872584876e-07,4.026102609287939e-05,4.026102609287939e-05,8.0
kupenga,2.0551612982732133e-05,-1.9709413110147257e-05,8.42199872584876e-07,4.026102609287939e-05,4.026102609287939e-05,8.0
kupu,2.0551612982732133e-05,-1.9709413110147257e-05,8.42199872584876e-07,4.026102609287939e-05,4.026102609287939e-05,11.0
kura,-0.00031989395703688737,0.0006135695680895927,0.00029367561105270537,-0.0009334635251264801,0.0009334635251264801,21.0
kuratini,2.0551612982732133e-05,-1.9709413110147257e-05,8.42199872584876e-07,4.026102609287939e-05,4.026102609287939e-05,9.0
kuti,0.0007219943660047033,-0.0003462036102650909,0.0003757907557396124,0.0010681979762697943,0.0010681979762697943,9.0
kā,2.0551612982732133e-05,-1.9709413110147257e-05,8.42199872584876e-07,4.026102609287939e-05,4.026102609287939e-05,9.0
kāhaki,0.0007219943660047033,-0.0003462036102650909,0.0003757907557396124,0.0010681979762697943,0.0010681979762697943,10.0
kāhore,0.0007219943660047033,-0.0003462036102650909,0.0003757907557396124,0.0010681979762697943,0.0010681979762697943,9.0
kāinga,2.0551612982732133e-05,-1.9709413110147257e-05,8.42199872584876e-07,4.026102609287939e-05,4.026102609287939e-05,13.0
kākahu,2.0551612982732133e-05,-1.9709413110147257e-05,8.42199872584876e-07,4.026102609287939e-05,4.026102609287939e-05,10.0
kāwai,2.0551612982732133e-05,-1.9709413110147257e-05,8.42199872584876e-07,4.026102609287939e-05,4.026102609287939e-05,9.0
kāwana,-0.00031989395703688737,0.0006135695680895927,0.00029367561105270537,-0.0009334635251264801,0.0009334635251264801,12.0
kāwanatanga,2.0551612982732133e-05,-1.9709413110147257e-05,8.42199872584876e-07,4.026102609287939e-05,4.026102609287939e-05,12.0
kēmu,2.0551612982732133e-05,-1.9709413110147257e-05,8.42199872584876e-07,4.026102609287939e-05,4.026102609287939e-05,10.0
kī,-0.002164855618213387,0.0029659148366075337,0.0008010592183941467,-0.00513077045482092,0.00513077045482092,101.0
kīnaki,-0.00031989395703688737,0.0006135695680895927,0.00029367561105270537,-0.0009334635251264801,0.0009334635251264801,10.0
kōanga,2.0551612982732133e-05,-1.9709413110147257e-05,8.42199872584876e-07,4.026102609287939e-05,4.026102609287939e-05,9.0
kōhanga,2.0551612982732133e-05,-1.9709413110147257e-05,8.42199872584876e-07,4.026102609287939e-05,4.026102609287939e-05,10.0
kōhatu,2.0551612982732133e-05,-1.9709413110147257e-05,8.42199872584876e-07,4.026102609287939e-05,4.026102609287939e-05,9.0
kōhungahunga,2.0551612982732133e-05,-1.9709413110147257e-05,8.42199872584876e-07,4.026102609287939e-05,4.026102609287939e-05,9.0
kōhuru,-0.000859487419054623,0.004945595059430652,0.0040861076403760285,-0.005805082478485275,0.005805082478485275,13.0
kōkiri,-0.0003571925580307679,0.0005138323467856644,0.0001566397887548965,-0.0008710249048164323,0.0008710249048164323,17.0
kōmihana,2.0551612982732133e-05,-1.9709413110147257e-05,8.42199872584876e-07,4.026102609287939e-05,4.026102609287939e-05,10.0
kōrero,-0.007012398760301426,0.025677396599618704,0.018664997839317278,-0.03268979535992013,0.03268979535992013,143.0
kōrerorero,2.0551612982732133e-05,-1.9709413110147257e-05,8.42199872584876e-07,4.026102609287939e-05,4.026102609287939e-05,9.0
kōti,2.0551612982732133e-05,-1.9709413110147257e-05,8.42199872584876e-07,4.026102609287939e-05,4.026102609287939e-05,11.0
kūpeke,0.0007219943660047033,-0.0003462036102650909,0.0003757907557396124,0.0010681979762697943,0.0010681979762697943,9.0
maha,4.1103225965464265e-05,-3.9418826220294513e-05,1.684399745169752e-06,8.052205218575878e-05,8.052205218575878e-05,20.0
mahana,2.0551612982732133e-05,-1.9709413110147257e-05,8.42199872584876e-07,4.026102609287939e-05,4.026102609287939e-05,10.0
mahara,0.0007219943660047033,-0.0003462036102650909,0.0003757907557396124,0.0010681979762697943,0.0010681979762697943,23.0
mahau,2.0551612982732133e-05,-1.9709413110147257e-05,8.42199872584876e-07,4.026102609287939e-05,4.026102609287939e-05,10.0
mahea,2.0551612982732133e-05,-1.9709413110147257e-05,8.42199872584876e-07,4.026102609287939e-05,4.026102609287939e-05,9.0
mahi,-0.004197919404991898,0.017445522187364667,0.013247602782372768,-0.021643441592356566,0.021643441592356566,101.0
mahue,0.004055208733956147,-0.0007778054623019045,0.0032774032716542424,0.0048330141962580515,0.0048330141962580515,15.0
makariri,2.0551612982732133e-05,-1.9709413110147257e-05,8.42199872584876e-07,4.026102609287939e-05,4.026102609287939e-05,9.0
makere,0.0007219943660047033,-0.0003462036102650909,0.0003757907557396124,0.0010681979762697943,0.0010681979762697943,15.0
mamae,2.0551612982732133e-05,-1.9709413110147257e-05,8.42199872584876e-07,4.026102609287939e-05,4.026102609287939e-05,9.0
mamaetanga,2.0551612982732133e-05,-1.9709413110147257e-05,8.42199872584876e-07,4.026102609287939e-05,4.026102609287939e-05,9.0
mana,0.0007219943660047033,-0.0003462036102650909,0.0003757907557396124,0.0010681979762697943,0.0010681979762697943,44.0
manaaki,-0.0015194750156661625,0.03351576826830667,0.03199629325264051,-0.03503524328397283,0.03503524328397283,34.0
manahau,2.0551612982732133e-05,-1.9709413110147257e-05,8.42199872584876e-07,4.026102609287939e-05,4.026102609287939e-05,9.0
manawanui,2.0551612982732133e-05,-1.9709413110147257e-05,8.42199872584876e-07,4.026102609287939e-05,4.026102609287939e-05,9.0
manga,2.0551612982732133e-05,-1.9709413110147257e-05,8.42199872584876e-07,4.026102609287939e-05,4.026102609287939e-05,9.0
manu,2.0551612982732133e-05,-1.9709413110147257e-05,8.42199872584876e-07,4.026102609287939e-05,4.026102609287939e-05,10.0
manuhiri,2.0551612982732133e-05,-1.9709413110147257e-05,8.42199872584876e-07,4.026102609287939e-05,4.026102609287939e-05,10.0
maoa,0.0007219943660047033,-0.0003462036102650909,0.0003757907557396124,0.0010681979762697943,0.0010681979762697943,9.0
marae,2.0551612982732133e-05,-1.9709413110147257e-05,8.42199872584876e-07,4.026102609287939e-05,4.026102609287939e-05,28.0
marama,2.0551612982732133e-05,-1.9709413110147257e-05,8.42199872584876e-07,4.026102609287939e-05,4.026102609287939e-05,11.0
marangai,2.0551612982732133e-05,-1.9709413110147257e-05,8.42199872584876e-07,4.026102609287939e-05,4.026102609287939e-05,9.0
marara,2.0551612982732133e-05,-1.9709413110147257e-05,8.42199872584876e-07,4.026102609287939e-05,4.026102609287939e-05,9.0
maremare,2.0551612982732133e-05,-1.9709413110147257e-05,8.42199872584876e-07,4.026102609287939e-05,4.026102609287939e-05,9.0
maru,2.0551612982732133e-05,-1.9709413110147257e-05,8.42199872584876e-07,4.026102609287939e-05,4.026102609287939e-05,14.0
marumaru,2.0551612982732133e-05,-1.9709413110147257e-05,8.42199872584876e-07,4.026102609287939e-05,4.026102609287939e-05,9.0
mataara,2.0551612982732133e-05,-1.9709413110147257e-05,8.42199872584876e-07,4.026102609287939e-05,4.026102609287939e-05,11.0
mataku,2.0551612982732133e-05,-1.9709413110147257e-05,8.42199872584876e-07,4.026102609287939e-05,4.026102609287939e-05,11.0
matapihi,2.0551612982732133e-05,-1.9709413110147257e-05,8.42199872584876e-07,4.026102609287939e-05,4.026102609287939e-05,9.0
matapiko,2.0551612982732133e-05,-1.9709413110147257e-05,8.42199872584876e-07,4.026102609287939e-05,4.026102609287939e-05,9.0
matatau,0.0007219943660047033,-0.0003462036102650909,0.0003757907557396124,0.0010681979762697943,0.0010681979762697943,9.0
mate,0.008335106584332725,-0.000999192004574978,0.007335914579757747,0.009334298588907703,0.009334298588907703,23.0
matemate,2.0551612982732133e-05,-1.9709413110147257e-05,8.42199872584876e-07,4.026102609287939e-05,4.026102609287939e-05,10.0
matenga,2.0551612982732133e-05,-1.9709413110147257e-05,8.42199872584876e-07,4.026102609287939e-05,4.026102609287939e-05,12.0
matetanga,2.0551612982732133e-05,-1.9709413110147257e-05,8.42199872584876e-07,4.026102609287939e-05,4.026102609287939e-05,9.0
matā,2.0551612982732133e-05,-1.9709413110147257e-05,8.42199872584876e-07,4.026102609287939e-05,4.026102609287939e-05,11.0
mau,-0.002379017454739735,0.007985340735975203,0.005606323281235468,-0.010364358190714937,0.010364358190714937,76.0
mauhere,0.0007219943660047033,-0.0003462036102650909,0.0003757907557396124,0.0010681979762697943,0.0010681979762697943,9.0
maumahara,-0.00031989395703688737,0.0006135695680895927,0.00029367561105270537,-0.0009334635251264801,0.0009334635251264801,16.0
maumau,2.0551612982732133e-05,-1.9709413110147257e-05,8.42199872584876e-07,4.026102609287939e-05,4.026102609287939e-05,9.0
maunga,2.0551612982732133e-05,-1.9709413110147257e-05,8.42199872584876e-07,4.026102609287939e-05,4.026102609287939e-05,9.0
mauri,2.0551612982732133e-05,-1.9709413110147257e-05,8.42199872584876e-07,4.026102609287939e-05,4.026102609287939e-05,10.0
mautanga,2.0551612982732133e-05,-1.9709413110147257e-05,8.42199872584876e-07,4.026102609287939e-05,4.026102609287939e-05,10.0
mea,-0.0010715776740923037,0.0015414970403569927,0.000469919366264689,-0.0026130747144492966,0.0026130747144492966,149.0
meahia,0.0007219943660047033,-0.0003462036102650909,0.0003757907557396124,0.0010681979762697943,0.0010681979762697943,9.0
mekemeke,2.0551612982732133e-05,-1.9709413110147257e-05,8.42199872584876e-07,4.026102609287939e-05,4.026102609287939e-05,9.0
mema,-0.00031989395703688737,0.0006135695680895927,0.00029367561105270537,-0.0009334635251264801,0.0009334635251264801,11.0
memeha,0.0007219943660047033,-0.0003462036102650909,0.0003757907557396124,0.0010681979762697943,0.0010681979762697943,10.0
mene,0.0007219943660047033,-0.0003462036102650909,0.0003757907557396124,0.0010681979762697943,0.0010681979762697943,9.0
mere,2.0551612982732133e-05,-1.9709413110147257e-05,8.42199872584876e-07,4.026102609287939e-05,4.026102609287939e-05,9.0
mihi,-0.0005190418490350034,0.0014933149382504952,0.0009742730892154919,-0.002012356787285499,0.002012356787285499,79.0
mimi,0.0016804352250014032,-0.000537190472303793,0.0011432447526976103,0.002217625697305196,0.002217625697305196,10.0
mimiti,0.0007219943660047033,-0.0003462036102650909,0.0003757907557396124,0.0010681979762697943,0.0010681979762697943,9.0
minita,2.0551612982732133e-05,-1.9709413110147257e-05,8.42199872584876e-07,4.026102609287939e-05,4.026102609287939e-05,15.0
mirimiri,2.0551612982732133e-05,-1.9709413110147257e-05,8.42199872584876e-07,4.026102609287939e-05,4.026102609287939e-05,9.0
moana,2.0551612982732133e-05,-1.9709413110147257e-05,8.42199872584876e-07,4.026102609287939e-05,4.026102609287939e-05,11.0
moe,0.0006590985149425449,-0.00042139255029769867,0.0002377059646448462,0.0010804910652402436,0.0010804910652402436,29.0
moemoe,-0.00031989395703688737,0.0006135695680895927,0.00029367561105270537,-0.0009334635251264801,0.0009334635251264801,10.0
moemoeā,2.0551612982732133e-05,-1.9709413110147257e-05,8.42199872584876e-07,4.026102609287939e-05,4.026102609287939e-05,9.0
mokopuna,2.0551612982732133e-05,-1.9709413110147257e-05,8.42199872584876e-07,4.026102609287939e-05,4.026102609287939e-05,10.0
moni,2.0551612982732133e-05,-1.9709413110147257e-05,8.42199872584876e-07,4.026102609287939e-05,4.026102609287939e-05,10.0
morimori,-0.00031989395703688737,0.0006135695680895927,0.00029367561105270537,-0.0009334635251264801,0.0009334635251264801,9.0
moss,2.0551612982732133e-05,-1.9709413110147257e-05,8.42199872584876e-07,4.026102609287939e-05,4.026102609287939e-05,9.0
motu,2.0551612982732133e-05,-1.9709413110147257e-05,8.42199872584876e-07,4.026102609287939e-05,4.026102609287939e-05,9.0
motu-ngangara,-0.00031989395703688737,0.0006135695680895927,0.00029367561105270537,-0.0009334635251264801,0.0009334635251264801,9.0
moumou,2.0551612982732133e-05,-1.9709413110147257e-05,8.42199872584876e-07,4.026102609287939e-05,4.026102609287939e-05,9.0
moutere,2.0551612982732133e-05,-1.9709413110147257e-05,8.42199872584876e-07,4.026102609287939e-05,4.026102609287939e-05,14.0
mua,2.0551612982732133e-05,-1.9709413110147257e-05,8.42199872584876e-07,4.026102609287939e-05,4.026102609287939e-05,9.0
mui,2.0551612982732133e-05,-1.9709413110147257e-05,8.42199872584876e-07,4.026102609287939e-05,4.026102609287939e-05,10.0
muku,-0.00031989395703688737,0.0006135695680895927,0.00029367561105270537,-0.0009334635251264801,0.0009334635251264801,10.0
mura,2.0551612982732133e-05,-1.9709413110147257e-05,8.42199872584876e-07,4.026102609287939e-05,4.026102609287939e-05,10.0
muramura,2.0551612982732133e-05,-1.9709413110147257e-05,8.42199872584876e-07,4.026102609287939e-05,4.026102609287939e-05,9.0
muru,-0.0008589859016122912,0.0020594621946333313,0.0012004762930210402,-0.0029184480962456223,0.0029184480962456223,13.0
mutu,0.04426196397397035,-0.0015721525906910842,0.042689811383279264,0.04583411656466144,0.04583411656466144,63.0
mutunga,2.0551612982732133e-05,-1.9709413110147257e-05,8.42199872584876e-07,4.026102609287939e-05,4.026102609287939e-05,20.0
muturanga,2.0551612982732133e-05,-1.9709413110147257e-05,8.42199872584876e-07,4.026102609287939e-05,4.026102609287939e-05,9.0
mā,2.0551612982732133e-05,-1.9709413110147257e-05,8.42199872584876e-07,4.026102609287939e-05,4.026102609287939e-05,9.0
māeneene,2.0551612982732133e-05,-1.9709413110147257e-05,8.42199872584876e-07,4.026102609287939e-05,4.026102609287939e-05,9.0
māharahara,2.0551612982732133e-05,-1.9709413110147257e-05,8.42199872584876e-07,4.026102609287939e-05,4.026102609287939e-05,14.0
māhia,2.0551612982732133e-05,-1.9709413110147257e-05,8.42199872584876e-07,4.026102609287939e-05,4.026102609287939e-05,9.0
māia,0.0007219943660047033,-0.0003462036102650909,0.0003757907557396124,0.0010681979762697943,0.0010681979762697943,11.0
mākū,2.0551612982732133e-05,-1.9709413110147257e-05,8.42199872584876e-07,4.026102609287939e-05,4.026102609287939e-05,9.0
māmā,2.0551612982732133e-05,-1.9709413110147257e-05,8.42199872584876e-07,4.026102609287939e-05,4.026102609287939e-05,11.0
māngai,2.0551612982732133e-05,-1.9709413110147257e-05,8.42199872584876e-07,4.026102609287939e-05,4.026102609287939e-05,11.0
mānuka,2.0551612982732133e-05,-1.9709413110147257e-05,8.42199872584876e-07,4.026102609287939e-05,4.026102609287939e-05,9.0
māori,2.0551612982732133e-05,-1.9709413110147257e-05,8.42199872584876e-07,4.026102609287939e-05,4.026102609287939e-05,12.0
māra,2.0551612982732133e-05,-1.9709413110147257e-05,8.42199872584876e-07,4.026102609287939e-05,4.026102609287939e-05,9.0
mārama,2.0551612982732133e-05,-1.9709413110147257e-05,8.42199872584876e-07,4.026102609287939e-05,4.026102609287939e-05,20.0
māramatanga,2.0551612982732133e-05,-1.9709413110147257e-05,8.42199872584876e-07,4.026102609287939e-05,4.026102609287939e-05,9.0
mārena,2.0551612982732133e-05,-1.9709413110147257e-05,8.42199872584876e-07,4.026102609287939e-05,4.026102609287939e-05,9.0
māroha,0.0007219943660047033,-0.0003462036102650909,0.0003757907557396124,0.0010681979762697943,0.0010681979762697943,9.0
mārō,2.0551612982732133e-05,-1.9709413110147257e-05,8.42199872584876e-07,4.026102609287939e-05,4.026102609287939e-05,9.0
mātakitaki,-0.00031989395703688737,0.0006135695680895927,0.00029367561105270537,-0.0009334635251264801,0.0009334635251264801,15.0
mātao,2.0551612982732133e-05,-1.9709413110147257e-05,8.42199872584876e-07,4.026102609287939e-05,4.026102609287939e-05,10.0
mātau,2.0551612982732133e-05,-1.9709413110147257e-05,8.42199872584876e-07,4.026102609287939e-05,4.026102609287939e-05,19.0
mātauranga,2.0551612982732133e-05,-1.9709413110147257e-05,8.42199872584876e-07,4.026102609287939e-05,4.026102609287939e-05,12.0
mātenga,2.0551612982732133e-05,-1.9709413110147257e-05,8.42199872584876e-07,4.026102609287939e-05,4.026102609287939e-05,8.0
mātotoru,2.0551612982732133e-05,-1.9709413110147257e-05,8.42199872584876e-07,4.026102609287939e-05,4.026102609287939e-05,11.0
mātotorutanga,2.0551612982732133e-05,-1.9709413110147257e-05,8.42199872584876e-07,4.026102609287939e-05,4.026102609287939e-05,9.0
mātua,-0.00031989395703688737,0.0006135695680895927,0.00029367561105270537,-0.0009334635251264801,0.0009334635251264801,11.0
māturuturu,0.0007219943660047033,-0.0003462036102650909,0.0003757907557396124,0.0010681979762697943,0.0010681979762697943,9.0
mātāmua,2.0551612982732133e-05,-1.9709413110147257e-05,8.42199872584876e-07,4.026102609287939e-05,4.026102609287939e-05,9.0
māuiui,2.0551612982732133e-05,-1.9709413110147257e-05,8.42199872584876e-07,4.026102609287939e-05,4.026102609287939e-05,10.0
mīharo,2.0551612982732133e-05,-1.9709413110147257e-05,8.42199872584876e-07,4.026102609287939e-05,4.026102609287939e-05,11.0
mōhio,0.005611542024175769,-0.001345395614840069,0.0042661464093357,0.0069569376390158375,0.0069569376390158375,160.0
mōhiotanga,2.0551612982732133e-05,-1.9709413110147257e-05,8.42199872584876e-07,4.026102609287939e-05,4.026102609287939e-05,9.0
mōmona,2.0551612982732133e-05,-1.9709413110147257e-05,8.42199872584876e-07,4.026102609287939e-05,4.026102609287939e-05,10.0
mōrehu,2.0551612982732133e-05,-1.9709413110147257e-05,8.42199872584876e-07,4.026102609287939e-05,4.026102609287939e-05,10.0
nama,2.0551612982732133e-05,-1.9709413110147257e-05,8.42199872584876e-07,4.026102609287939e-05,4.026102609287939e-05,10.0
nanakia,-0.00031989395703688737,0.0006135695680895927,0.00029367561105270537,-0.0009334635251264801,0.0009334635251264801,9.0
neke,0.004055208733956147,-0.0007778054623019045,0.0032774032716542424,0.0048330141962580515,0.0048330141962580515,13.0
nekenga,2.0551612982732133e-05,-1.9709413110147257e-05,8.42199872584876e-07,4.026102609287939e-05,4.026102609287939e-05,10.0
ngahere,2.0551612982732133e-05,-1.9709413110147257e-05,8.42199872584876e-07,4.026102609287939e-05,4.026102609287939e-05,10.0
ngahoro,2.0551612982732133e-05,-1.9709413110147257e-05,8.42199872584876e-07,4.026102609287939e-05,4.026102609287939e-05,9.0
ngaro,0.020259528132134476,-0.0012952865214955502,0.018964241610638925,0.021554814653630027,0.021554814653630027,33.0
ngaronga,2.0551612982732133e-05,-1.9709413110147257e-05,8.42199872584876e-07,4.026102609287939e-05,4.026102609287939e-05,9.0
ngaru,2.0551612982732133e-05,-1.9709413110147257e-05,8.42199872584876e-07,4.026102609287939e-05,4.026102609287939e-05,9.0
ngau,4.1103225965464265e-05,-3.9418826220294513e-05,1.684399745169752e-06,8.052205218575878e-05,8.052205218575878e-05,11.0
ngenge,2.0551612982732133e-05,-1.9709413110147257e-05,8.42199872584876e-07,4.026102609287939e-05,4.026102609287939e-05,10.0
ngoikore,2.0551612982732133e-05,-1.9709413110147257e-05,8.42199872584876e-07,4.026102609287939e-05,4.026102609287939e-05,10.0
nguha,2.0551612982732133e-05,-1.9709413110147257e-05,8.42199872584876e-07,4.026102609287939e-05,4.026102609287939e-05,9.0
ngutu,2.0551612982732133e-05,-1.9709413110147257e-05,8.42199872584876e-07,4.026102609287939e-05,4.026102609287939e-05,8.0
ngāherehere,2.0551612982732133e-05,-1.9709413110147257e-05,8.42199872584876e-07,4.026102609287939e-05,4.026102609287939e-05,9.0
ngākau,2.0551612982732133e-05,-1.9709413110147257e-05,8.42199872584876e-07,4.026102609287939e-05,4.026102609287939e-05,12.0
ngākaunui,2.0551612982732133e-05,-1.9709413110147257e-05,8.42199872584876e-07,4.026102609287939e-05,4.026102609287939e-05,12.0
ngāwari,0.0007219943660047033,-0.0003462036102650909,0.0003757907557396124,0.0010681979762697943,0.0010681979762697943,11.0
nineteen,2.0551612982732133e-05,-1.9709413110147257e-05,8.42199872584876e-07,4.026102609287939e-05,4.026102609287939e-05,9.0
nohinohi,2.0551612982732133e-05,-1.9709413110147257e-05,8.42199872584876e-07,4.026102609287939e-05,4.026102609287939e-05,9.0
noho,0.00448590613377615,-0.001955488564289008,0.0025304175694871424,0.006441394698065158,0.006441394698065158,132.0
nohonoho,2.0551612982732133e-05,-1.9709413110147257e-05,8.42199872584876e-07,4.026102609287939e-05,4.026102609287939e-05,9.0
nohopuku,2.0551612982732133e-05,-1.9709413110147257e-05,8.42199872584876e-07,4.026102609287939e-05,4.026102609287939e-05,9.0
nui,0.0007219943660047033,-0.0003462036102650909,0.0003757907557396124,0.0010681979762697943,0.0010681979762697943,39.0
nuinga,2.0551612982732133e-05,-1.9709413110147257e-05,8.42199872584876e-07,4.026102609287939e-05,4.026102609287939e-05,34.0
nuku,0.0007219943660047033,-0.0003462036102650909,0.0003757907557396124,0.0010681979762697943,0.0010681979762697943,14.0
nukunuku,2.0551612982732133e-05,-1.9709413110147257e-05,8.42199872584876e-07,4.026102609287939e-05,4.026102609287939e-05,9.0
nunui,2.0551612982732133e-05,-1.9709413110147257e-05,8.42199872584876e-07,4.026102609287939e-05,4.026102609287939e-05,9.0
nēra,0.0007219943660047033,-0.0003462036102650909,0.0003757907557396124,0.0010681979762697943,0.0010681979762697943,9.0
nūpepa,2.0551612982732133e-05,-1.9709413110147257e-05,8.42199872584876e-07,4.026102609287939e-05,4.026102609287939e-05,9.0
oho,0.0016804352250014032,-0.000537190472303793,0.0011432447526976103,0.002217625697305196,0.002217625697305196,12.0
ohooho,2.0551612982732133e-05,-1.9709413110147257e-05,8.42199872584876e-07,4.026102609287939e-05,4.026102609287939e-05,9.0
ohorere,2.0551612982732133e-05,-1.9709413110147257e-05,8.42199872584876e-07,4.026102609287939e-05,4.026102609287939e-05,12.0
okioki,2.0551612982732133e-05,-1.9709413110147257e-05,8.42199872584876e-07,4.026102609287939e-05,4.026102609287939e-05,9.0
oma,2.0551612982732133e-05,-1.9709413110147257e-05,8.42199872584876e-07,4.026102609287939e-05,4.026102609287939e-05,12.0
omaoma,2.0551612982732133e-05,-1.9709413110147257e-05,8.42199872584876e-07,4.026102609287939e-05,4.026102609287939e-05,9.0
one,0.0007219943660047033,-0.0003462036102650909,0.0003757907557396124,0.0010681979762697943,0.0010681979762697943,10.0
ono,0.0007219943660047033,-0.0003462036102650909,0.0003757907557396124,0.0010681979762697943,0.0010681979762697943,13.0
ope,2.0551612982732133e-05,-1.9709413110147257e-05,8.42199872584876e-07,4.026102609287939e-05,4.026102609287939e-05,9.0
ora,2.0551612982732133e-05,-1.9709413110147257e-05,8.42199872584876e-07,4.026102609287939e-05,4.026102609287939e-05,108.0
oranga,-0.00031989395703688737,0.0006135695680895927,0.00029367561105270537,-0.0009334635251264801,0.0009334635251264801,14.0
oriori,2.0551612982732133e-05,-1.9709413110147257e-05,8.42199872584876e-07,4.026102609287939e-05,4.026102609287939e-05,9.0
otaota,2.0551612982732133e-05,-1.9709413110147257e-05,8.42199872584876e-07,4.026102609287939e-05,4.026102609287939e-05,9.0
oti,0.013667273405974508,-0.00291270933736998,0.010754564068604528,0.016579982743344487,0.016579982743344487,37.0
otinga,2.0551612982732133e-05,-1.9709413110147257e-05,8.42199872584876e-07,4.026102609287939e-05,4.026102609287939e-05,10.0
pae,2.0551612982732133e-05,-1.9709413110147257e-05,8.42199872584876e-07,4.026102609287939e-05,4.026102609287939e-05,9.0
paepae,2.0551612982732133e-05,-1.9709413110147257e-05,8.42199872584876e-07,4.026102609287939e-05,4.026102609287939e-05,9.0
pahemo,0.0007219943660047033,-0.0003462036102650909,0.0003757907557396124,0.0010681979762697943,0.0010681979762697943,9.0
pahure,0.0007219943660047033,-0.0003462036102650909,0.0003757907557396124,0.0010681979762697943,0.0010681979762697943,9.0
pahūpahū,2.0551612982732133e-05,-1.9709413110147257e-05,8.42199872584876e-07,4.026102609287939e-05,4.026102609287939e-05,9.0
pai,0.0006590985149425449,-0.00042139255029769867,0.0002377059646448462,0.0010804910652402436,0.0010804910652402436,84.0
paihere,2.0551612982732133e-05,-1.9709413110147257e-05,8.42199872584876e-07,4.026102609287939e-05,4.026102609287939e-05,9.0
painga,2.0551612982732133e-05,-1.9709413110147257e-05,8.42199872584876e-07,4.026102609287939e-05,4.026102609287939e-05,9.0
pakanga,4.1103225965464265e-05,-3.9418826220294513e-05,1.684399745169752e-06,8.052205218575878e-05,8.052205218575878e-05,20.0
pakari,0.0016804352250014032,-0.000537190472303793,0.0011432447526976103,0.002217625697305196,0.002217625697305196,16.0
pakaru,0.0007219943660047033,-0.0003462036102650909,0.0003757907557396124,0.0010681979762697943,0.0010681979762697943,13.0
pakeke,2.0551612982732133e-05,-1.9709413110147257e-05,8.42199872584876e-07,4.026102609287939e-05,4.026102609287939e-05,12.0
pakeketanga,2.0551612982732133e-05,-1.9709413110147257e-05,8.42199872584876e-07,4.026102609287939e-05,4.026102609287939e-05,8.0
paki,2.0551612982732133e-05,-1.9709413110147257e-05,8.42199872584876e-07,4.026102609287939e-05,4.026102609287939e-05,9.0
pakipaki,0.0007219943660047033,-0.0003462036102650909,0.0003757907557396124,0.0010681979762697943,0.0010681979762697943,9.0
pana,0.0016804352250014032,-0.000537190472303793,0.0011432447526976103,0.002217625697305196,0.002217625697305196,12.0
panga,4.1103225965464265e-05,-3.9418826220294513e-05,1.684399745169752e-06,8.052205218575878e-05,8.052205218575878e-05,10.0
pani,0.0007219943660047033,-0.0003462036102650909,0.0003757907557396124,0.0010681979762697943,0.0010681979762697943,9.0
paoho,2.0551612982732133e-05,-1.9709413110147257e-05,8.42199872584876e-07,4.026102609287939e-05,4.026102609287939e-05,12.0
paopao,-0.00031989395703688737,0.0006135695680895927,0.00029367561105270537,-0.0009334635251264801,0.0009334635251264801,9.0
papa,2.0551612982732133e-05,-1.9709413110147257e-05,8.42199872584876e-07,4.026102609287939e-05,4.026102609287939e-05,15.0
papaki,2.0551612982732133e-05,-1.9709413110147257e-05,8.42199872584876e-07,4.026102609287939e-05,4.026102609287939e-05,9.0
papaoro,2.0551612982732133e-05,-1.9709413110147257e-05,8.42199872584876e-07,4.026102609287939e-05,4.026102609287939e-05,10.0
papā,2.0551612982732133e-05,-1.9709413110147257e-05,8.42199872584876e-07,4.026102609287939e-05,4.026102609287939e-05,9.0
paraihe,2.0551612982732133e-05,-1.9709413110147257e-05,8.42199872584876e-07,4.026102609287939e-05,4.026102609287939e-05,9.0
paraire,2.0551612982732133e-05,-1.9709413110147257e-05,8.42199872584876e-07,4.026102609287939e-05,4.026102609287939e-05,10.0
parau,-0.00031989395703688737,0.0006135695680895927,0.00029367561105270537,-0.0009334635251264801,0.0009334635251264801,9.0
pare,-0.00031989395703688737,0.0006135695680895927,0.00029367561105270537,-0.0009334635251264801,0.0009334635251264801,10.0
paru,2.0551612982732133e-05,-1.9709413110147257e-05,8.42199872584876e-07,4.026102609287939e-05,4.026102609287939e-05,10.0
pass,2.0551612982732133e-05,-1.9709413110147257e-05,8.42199872584876e-07,4.026102609287939e-05,4.026102609287939e-05,9.0
patu,-0.0006397879140737747,0.0012271391361791855,0.0005873512221054107,-0.0018669270502529602,0.0018669270502529602,19.0
pau,0.00989764683316383,-0.0010546715314974386,0.008842975301666393,0.010952318364661269,0.010952318364661269,24.0
paunga,2.0551612982732133e-05,-1.9709413110147257e-05,8.42199872584876e-07,4.026102609287939e-05,4.026102609287939e-05,10.0
pei,4.1103225965464265e-05,-3.9418826220294513e-05,1.684399745169752e-06,8.052205218575878e-05,8.052205218575878e-05,10.0
peita,2.0551612982732133e-05,-1.9709413110147257e-05,8.42199872584876e-07,4.026102609287939e-05,4.026102609287939e-05,9.0
peka,0.0007219943660047033,-0.0003462036102650909,0.0003757907557396124,0.0010681979762697943,0.0010681979762697943,10.0
peke,2.0551612982732133e-05,-1.9709413110147257e-05,8.42199872584876e-07,4.026102609287939e-05,4.026102609287939e-05,9.0
pekepeke,2.0551612982732133e-05,-1.9709413110147257e-05,8.42199872584876e-07,4.026102609287939e-05,4.026102609287939e-05,9.0
pereki,0.0007219943660047033,-0.0003462036102650909,0.0003757907557396124,0.0010681979762697943,0.0010681979762697943,9.0
perēhi,2.0551612982732133e-05,-1.9709413110147257e-05,8.42199872584876e-07,4.026102609287939e-05,4.026102609287939e-05,8.0
peti,2.0551612982732133e-05,-1.9709413110147257e-05,8.42199872584876e-07,4.026102609287939e-05,4.026102609287939e-05,9.0
petihana,-0.00031989395703688737,0.0006135695680895927,0.00029367561105270537,-0.0009334635251264801,0.0009334635251264801,9.0
piki,0.0006590985149425449,-0.00042139255029769867,0.0002377059646448462,0.0010804910652402436,0.0010804910652402436,28.0
pikitia,2.0551612982732133e-05,-1.9709413110147257e-05,8.42199872584876e-07,4.026102609287939e-05,4.026102609287939e-05,9.0
pirau,2.0551612982732133e-05,-1.9709413110147257e-05,8.42199872584876e-07,4.026102609287939e-05,4.026102609287939e-05,9.0
piri,2.0551612982732133e-05,-1.9709413110147257e-05,8.42199872584876e-07,4.026102609287939e-05,4.026102609287939e-05,14.0
pirimia,2.0551612982732133e-05,-1.9709413110147257e-05,8.42199872584876e-07,4.026102609287939e-05,4.026102609287939e-05,11.0
piro,0.0007219943660047033,-0.0003462036102650909,0.0003757907557396124,0.0010681979762697943,0.0010681979762697943,9.0
pito,2.0551612982732133e-05,-1.9709413110147257e-05,8.42199872584876e-07,4.026102609287939e-05,4.026102609287939e-05,14.0
poari,2.0551612982732133e-05,-1.9709413110147257e-05,8.42199872584876e-07,4.026102609287939e-05,4.026102609287939e-05,11.0
poho,2.0551612982732133e-05,-1.9709413110147257e-05,8.42199872584876e-07,4.026102609287939e-05,4.026102609287939e-05,9.0
poho-o-rāwiri,2.0551612982732133e-05,-1.9709413110147257e-05,8.42199872584876e-07,4.026102609287939e-05,4.026102609287939e-05,9.0
poipoi,6.16548389481965e-05,-5.912823933044188e-05,2.526599617754628e-06,0.00012078307827863839,0.00012078307827863839,12.0
poitūkohu,2.0551612982732133e-05,-1.9709413110147257e-05,8.42199872584876e-07,4.026102609287939e-05,4.026102609287939e-05,9.0
poka,2.0551612982732133e-05,-1.9709413110147257e-05,8.42199872584876e-07,4.026102609287939e-05,4.026102609287939e-05,9.0
poro,0.0007219943660047033,-0.0003462036102650909,0.0003757907557396124,0.0010681979762697943,0.0010681979762697943,9.0
poroporoaki,2.0551612982732133e-05,-1.9709413110147257e-05,8.42199872584876e-07,4.026102609287939e-05,4.026102609287939e-05,10.0
pou,2.0551612982732133e-05,-1.9709413110147257e-05,8.42199872584876e-07,4.026102609287939e-05,4.026102609287939e-05,10.0
pouaka,2.0551612982732133e-05,-1.9709413110147257e-05,8.42199872584876e-07,4.026102609287939e-05,4.026102609287939e-05,10.0
poukai,2.0551612982732133e-05,-1.9709413110147257e-05,8.42199872584876e-07,4.026102609287939e-05,4.026102609287939e-05,10.0
poutāpeta,2.0551612982732133e-05,-1.9709413110147257e-05,8.42199872584876e-07,4.026102609287939e-05,4.026102609287939e-05,9.0
puare,0.0007219943660047033,-0.0003462036102650909,0.0003757907557396124,0.0010681979762697943,0.0010681979762697943,9.0
puehu,2.0551612982732133e-05,-1.9709413110147257e-05,8.42199872584876e-07,4.026102609287939e-05,4.026102609287939e-05,9.0
pukapuka,2.0551612982732133e-05,-1.9709413110147257e-05,8.42199872584876e-07,4.026102609287939e-05,4.026102609287939e-05,11.0
puke,2.0551612982732133e-05,-1.9709413110147257e-05,8.42199872584876e-07,4.026102609287939e-05,4.026102609287939e-05,9.0
puku,2.0551612982732133e-05,-1.9709413110147257e-05,8.42199872584876e-07,4.026102609287939e-05,4.026102609287939e-05,9.0
pukuriri,2.0551612982732133e-05,-1.9709413110147257e-05,8.42199872584876e-07,4.026102609287939e-05,4.026102609287939e-05,10.0
puna,2.0551612982732133e-05,-1.9709413110147257e-05,8.42199872584876e-07,4.026102609287939e-05,4.026102609287939e-05,11.0
pupuhi,0.0016804352250014032,-0.000537190472303793,0.0011432447526976103,0.002217625697305196,0.002217625697305196,14.0
pupuri,-0.0006603395270565067,0.00253311592479896,0.0018727763977424532,-0.0031934554518554667,0.0031934554518554667,21.0
pupuru,2.0551612982732133e-05,-1.9709413110147257e-05,8.42199872584876e-07,4.026102609287939e-05,4.026102609287939e-05,9.0
pupū,0.0007219943660047033,-0.0003462036102650909,0.0003757907557396124,0.0010681979762697943,0.0010681979762697943,11.0
pure,2.0551612982732133e-05,-1.9709413110147257e-05,8.42199872584876e-07,4.026102609287939e-05,4.026102609287939e-05,9.0
purei,2.0551612982732133e-05,-1.9709413110147257e-05,8.42199872584876e-07,4.026102609287939e-05,4.026102609287939e-05,13.0
puri,2.0551612982732133e-05,-1.9709413110147257e-05,8.42199872584876e-07,4.026102609287939e-05,4.026102609287939e-05,16.0
puru,2.0551612982732133e-05,-1.9709413110147257e-05,8.42199872584876e-07,4.026102609287939e-05,4.026102609287939e-05,10.0
purutiti,2.0551612982732133e-05,-1.9709413110147257e-05,8.42199872584876e-07,4.026102609287939e-05,4.026102609287939e-05,9.0
puta,0.07798884768054651,-0.0030527707975351146,0.07493607688301139,0.08104161847808163,0.08104161847808163,127.0
putanga,2.0551612982732133e-05,-1.9709413110147257e-05,8.42199872584876e-07,4.026102609287939e-05,4.026102609287939e-05,10.0
putaputa,2.0551612982732133e-05,-1.9709413110147257e-05,8.42199872584876e-07,4.026102609287939e-05,4.026102609287939e-05,10.0
putatanga,2.0551612982732133e-05,-1.9709413110147257e-05,8.42199872584876e-07,4.026102609287939e-05,4.026102609287939e-05,11.0
puāwai,0.0016804352250014032,-0.000537190472303793,0.0011432447526976103,0.002217625697305196,0.002217625697305196,11.0
puāwaitanga,2.0551612982732133e-05,-1.9709413110147257e-05,8.42199872584876e-07,4.026102609287939e-05,4.026102609287939e-05,9.0
pā,0.008417313036263654,-0.0020180934222601035,0.0063992196140035505,0.010435406458523758,0.010435406458523758,160.0
pāhi,0.0007219943660047033,-0.0003462036102650909,0.0003757907557396124,0.0010681979762697943,0.0010681979762697943,9.0
pākaitore,-0.00031989395703688737,0.0006135695680895927,0.00029367561105270537,-0.0009334635251264801,0.0009334635251264801,9.0
pākehā,2.0551612982732133e-05,-1.9709413110147257e-05,8.42199872584876e-07,4.026102609287939e-05,4.026102609287939e-05,9.0
pākōkō,2.0551612982732133e-05,-1.9709413110147257e-05,8.42199872584876e-07,4.026102609287939e-05,4.026102609287939e-05,9.0
pānga,2.0551612982732133e-05,-1.9709413110147257e-05,8.42199872584876e-07,4.026102609287939e-05,4.026102609287939e-05,9.0
pānui,0.0006590985149425449,-0.00042139255029769867,0.0002377059646448462,0.0010804910652402436,0.0010804910652402436,18.0
pāoroorotanga,2.0551612982732133e-05,-1.9709413110147257e-05,8.42199872584876e-07,4.026102609287939e-05,4.026102609287939e-05,9.0
pāpaku,-0.00031989395703688737,0.0006135695680895927,0.00029367561105270537,-0.0009334635251264801,0.0009334635251264801,9.0
pātai,-0.00031989395703688737,0.0006135695680895927,0.00029367561105270537,-0.0009334635251264801,0.0009334635251264801,20.0
pātaka,2.0551612982732133e-05,-1.9709413110147257e-05,8.42199872584876e-07,4.026102609287939e-05,4.026102609287939e-05,10.0
pātere,2.0551612982732133e-05,-1.9709413110147257e-05,8.42199872584876e-07,4.026102609287939e-05,4.026102609287939e-05,9.0
pāti,2.0551612982732133e-05,-1.9709413110147257e-05,8.42199872584876e-07,4.026102609287939e-05,4.026102609287939e-05,9.0
pātukituki,4.1103225965464265e-05,-3.9418826220294513e-05,1.684399745169752e-06,8.052205218575878e-05,8.052205218575878e-05,10.0
pāua,2.0551612982732133e-05,-1.9709413110147257e-05,8.42199872584876e-07,4.026102609287939e-05,4.026102609287939e-05,9.0
pēhea,0.0006590985149425449,-0.00042139255029769867,0.0002377059646448462,0.0010804910652402436,0.0010804910652402436,34.0
pēhi,0.0007219943660047033,-0.0003462036102650909,0.0003757907557396124,0.0010681979762697943,0.0010681979762697943,11.0
pēke,2.0551612982732133e-05,-1.9709413110147257e-05,8.42199872584876e-07,4.026102609287939e-05,4.026102609287939e-05,10.0
pēnei,0.0016804352250014032,-0.000537190472303793,0.0011432447526976103,0.002217625697305196,0.002217625697305196,17.0
pēneki,2.0551612982732133e-05,-1.9709413110147257e-05,8.42199872584876e-07,4.026102609287939e-05,4.026102609287939e-05,9.0
pēnā,2.0551612982732133e-05,-1.9709413110147257e-05,8.42199872584876e-07,4.026102609287939e-05,4.026102609287939e-05,10.0
pēpē,2.0551612982732133e-05,-1.9709413110147257e-05,8.42199872584876e-07,4.026102609287939e-05,4.026102609287939e-05,9.0
pērā,0.0016804352250014032,-0.000537190472303793,0.0011432447526976103,0.002217625697305196,0.002217625697305196,18.0
pīhopa,2.0551612982732133e-05,-1.9709413110147257e-05,8.42199872584876e-07,4.026102609287939e-05,4.026102609287939e-05,11.0
pīhopatanga,2.0551612982732133e-05,-1.9709413110147257e-05,8.42199872584876e-07,4.026102609287939e-05,4.026102609287939e-05,9.0
pīkau,-0.0006603395270565067,0.00253311592479896,0.0018727763977424532,-0.0031934554518554667,0.0031934554518554667,12.0
pīra,-0.00031989395703688737,0.0006135695680895927,0.00029367561105270537,-0.0009334635251264801,0.0009334635251264801,9.0
pīrangi,2.0551612982732133e-05,-1.9709413110147257e-05,8.42199872584876e-07,4.026102609287939e-05,4.026102609287939e-05,24.0
pō,2.0551612982732133e-05,-1.9709413110147257e-05,8.42199872584876e-07,4.026102609287939e-05,4.026102609287939e-05,19.0
pōhara,2.0551612982732133e-05,-1.9709413110147257e-05,8.42199872584876e-07,4.026102609287939e-05,4.026102609287939e-05,9.0
pōhiri,-0.0007699385208257651,0.0036919331804080493,0.0029219946595822844,-0.004461871701233814,0.004461871701233814,16.0
pōhēhē,2.0551612982732133e-05,-1.9709413110147257e-05,8.42199872584876e-07,4.026102609287939e-05,4.026102609287939e-05,14.0
pōkaikaha,2.0551612982732133e-05,-1.9709413110147257e-05,8.42199872584876e-07,4.026102609287939e-05,4.026102609287939e-05,9.0
pōuri,2.0551612982732133e-05,-1.9709413110147257e-05,8.42199872584876e-07,4.026102609287939e-05,4.026102609287939e-05,15.0
pōwhiri,-0.0007699385208257651,0.0036919331804080493,0.0029219946595822844,-0.004461871701233814,0.004461871701233814,18.0
pū-o-rei,2.0551612982732133e-05,-1.9709413110147257e-05,8.42199872584876e-07,4.026102609287939e-05,4.026102609287939e-05,9.0
pūhaehae,2.0551612982732133e-05,-1.9709413110147257e-05,8.42199872584876e-07,4.026102609287939e-05,4.026102609287939e-05,9.0
pūkana,2.0551612982732133e-05,-1.9709413110147257e-05,8.42199872584876e-07,4.026102609287939e-05,4.026102609287939e-05,9.0
pūmau,2.0551612982732133e-05,-1.9709413110147257e-05,8.42199872584876e-07,4.026102609287939e-05,4.026102609287939e-05,10.0
pūremu,-0.00031989395703688737,0.0006135695680895927,0.00029367561105270537,-0.0009334635251264801,0.0009334635251264801,9.0
pūrongo,2.0551612982732133e-05,-1.9709413110147257e-05,8.42199872584876e-07,4.026102609287939e-05,4.026102609287939e-05,9.0
pūtake,2.0551612982732133e-05,-1.9709413110147257e-05,8.42199872584876e-07,4.026102609287939e-05,4.026102609287939e-05,14.0
pūtea,2.0551612982732133e-05,-1.9709413110147257e-05,8.42199872584876e-07,4.026102609287939e-05,4.026102609287939e-05,13.0
rahi,0.0016804352250014032,-0.000537190472303793,0.0011432447526976103,0.002217625697305196,0.002217625697305196,18.0
rahinga,2.0551612982732133e-05,-1.9709413110147257e-05,8.42199872584876e-07,4.026102609287939e-05,4.026102609287939e-05,9.0
raka,2.0551612982732133e-05,-1.9709413110147257e-05,8.42199872584876e-07,4.026102609287939e-05,4.026102609287939e-05,9.0
rakuraku,2.0551612982732133e-05,-1.9709413110147257e-05,8.42199872584876e-07,4.026102609287939e-05,4.026102609287939e-05,8.0
rama,2.0551612982732133e-05,-1.9709413110147257e-05,8.42199872584876e-07,4.026102609287939e-05,4.026102609287939e-05,9.0
ranea,2.0551612982732133e-05,-1.9709413110147257e-05,8.42199872584876e-07,4.026102609287939e-05,4.026102609287939e-05,8.0
ranga,0.0007219943660047033,-0.0003462036102650909,0.0003757907557396124,0.0010681979762697943,0.0010681979762697943,9.0
rangahau,-0.0003571925580307679,0.0005138323467856644,0.0001566397887548965,-0.0008710249048164323,0.0008710249048164323,13.0
rangatahi,2.0551612982732133e-05,-1.9709413110147257e-05,8.42199872584876e-07,4.026102609287939e-05,4.026102609287939e-05,9.0
rangatira,2.0551612982732133e-05,-1.9709413110147257e-05,8.42199872584876e-07,4.026102609287939e-05,4.026102609287939e-05,15.0
rangi,2.0551612982732133e-05,-1.9709413110147257e-05,8.42199872584876e-07,4.026102609287939e-05,4.026102609287939e-05,9.0
rangimārie,2.0551612982732133e-05,-1.9709413110147257e-05,8.42199872584876e-07,4.026102609287939e-05,4.026102609287939e-05,9.0
rapa,2.0551612982732133e-05,-1.9709413110147257e-05,8.42199872584876e-07,4.026102609287939e-05,4.026102609287939e-05,10.0
rapu,-0.0009351999337045533,0.006278129748072207,0.005342929814367654,-0.00721332968177676,0.00721332968177676,30.0
rapuhanga,2.0551612982732133e-05,-1.9709413110147257e-05,8.42199872584876e-07,4.026102609287939e-05,4.026102609287939e-05,9.0
rarata,2.0551612982732133e-05,-1.9709413110147257e-05,8.42199872584876e-07,4.026102609287939e-05,4.026102609287939e-05,9.0
raru,0.0016804352250014032,-0.000537190472303793,0.0011432447526976103,0.002217625697305196,0.002217625697305196,10.0
raruraru,2.0551612982732133e-05,-1.9709413110147257e-05,8.42199872584876e-07,4.026102609287939e-05,4.026102609287939e-05,10.0
rata,2.0551612982732133e-05,-1.9709413110147257e-05,8.42199872584876e-07,4.026102609287939e-05,4.026102609287939e-05,12.0
rau,2.0551612982732133e-05,-1.9709413110147257e-05,8.42199872584876e-07,4.026102609287939e-05,4.026102609287939e-05,12.0
rauemi,2.0551612982732133e-05,-1.9709413110147257e-05,8.42199872584876e-07,4.026102609287939e-05,4.026102609287939e-05,9.0
raupatu,-0.00031989395703688737,0.0006135695680895927,0.00029367561105270537,-0.0009334635251264801,0.0009334635251264801,9.0
raupā,2.0551612982732133e-05,-1.9709413110147257e-05,8.42199872584876e-07,4.026102609287939e-05,4.026102609287939e-05,9.0
rawe,2.0551612982732133e-05,-1.9709413110147257e-05,8.42199872584876e-07,4.026102609287939e-05,4.026102609287939e-05,9.0
raweke,-0.0005190418490350034,0.0014933149382504952,0.0009742730892154919,-0.002012356787285499,0.002012356787285499,11.0
rawerawe,2.0551612982732133e-05,-1.9709413110147257e-05,8.42199872584876e-07,4.026102609287939e-05,4.026102609287939e-05,9.0
reka,2.0551612982732133e-05,-1.9709413110147257e-05,8.42199872584876e-07,4.026102609287939e-05,4.026102609287939e-05,10.0
reo,-0.00031989395703688737,0.0006135695680895927,0.00029367561105270537,-0.0009334635251264801,0.0009334635251264801,43.0
rere,-0.0005190418490350034,0.0014933149382504952,0.0009742730892154919,-0.002012356787285499,0.002012356787285499,27.0
rerekē,0.0028057710120878844,-0.0006726978074200345,0.00213307320466785,0.0034784688195079187,0.0034784688195079187,15.0
rerekētanga,2.0551612982732133e-05,-1.9709413110147257e-05,8.42199872584876e-07,4.026102609287939e-05,4.026102609287939e-05,9.0
reri,2.0551612982732133e-05,-1.9709413110147257e-05,8.42199872584876e-07,4.026102609287939e-05,4.026102609287939e-05,9.0
rewa,2.0551612982732133e-05,-1.9709413110147257e-05,8.42199872584876e-07,4.026102609287939e-05,4.026102609287939e-05,9.0
rewherī,-0.00031989395703688737,0.0006135695680895927,0.00029367561105270537,-0.0009334635251264801,0.0009334635251264801,9.0
rikarika,2.0551612982732133e-05,-1.9709413110147257e-05,8.42199872584876e-07,4.026102609287939e-05,4.026102609287939e-05,11.0
rima,0.0028057710120878844,-0.0006726978074200345,0.00213307320466785,0.0034784688195079187,0.0034784688195079187,20.0
ringa,2.0551612982732133e-05,-1.9709413110147257e-05,8.42199872584876e-07,4.026102609287939e-05,4.026102609287939e-05,11.0
ringa-tū,2.0551612982732133e-05,-1.9709413110147257e-05,8.42199872584876e-07,4.026102609287939e-05,4.026102609287939e-05,9.0
riri,2.0551612982732133e-05,-1.9709413110147257e-05,8.42199872584876e-07,4.026102609287939e-05,4.026102609287939e-05,9.0
riro,0.02983865773660937,-0.0014307938566117918,0.028407863879997577,0.03126945159322116,0.03126945159322116,56.0
rirohanga,2.0551612982732133e-05,-1.9709413110147257e-05,8.42199872584876e-07,4.026102609287939e-05,4.026102609287939e-05,9.0
rite,2.0551612982732133e-05,-1.9709413110147257e-05,8.42199872584876e-07,4.026102609287939e-05,4.026102609287939e-05,13.0
riu,2.0551612982732133e-05,-1.9709413110147257e-05,8.42199872584876e-07,4.026102609287939e-05,4.026102609287939e-05,9.0
roa,0.05073242336485754,-0.0016217807186504937,0.04911064264620704,0.052354204083508035,0.052354204083508035,42.0
roanga,2.0551612982732133e-05,-1.9709413110147257e-05,8.42199872584876e-07,4.026102609287939e-05,4.026102609287939e-05,10.0
rohe,2.0551612982732133e-05,-1.9709413110147257e-05,8.42199872584876e-07,4.026102609287939e-05,4.026102609287939e-05,26.0
roko,0.0007219943660047033,-0.0003462036102650909,0.0003757907557396124,0.0010681979762697943,0.0010681979762697943,9.0
rongo,0.031833829055442825,-0.0014537755637099698,0.030380053491732856,0.0332876046191528,0.0332876046191528,88.0
rongo-mai-te-aru,2.0551612982732133e-05,-1.9709413110147257e-05,8.42199872584876e-07,4.026102609287939e-05,4.026102609287939e-05,9.0
rongohanga,2.0551612982732133e-05,-1.9709413110147257e-05,8.42199872584876e-07,4.026102609287939e-05,4.026102609287939e-05,9.0
rongopai,2.0551612982732133e-05,-1.9709413110147257e-05,8.42199872584876e-07,4.026102609287939e-05,4.026102609287939e-05,9.0
rongotanga,2.0551612982732133e-05,-1.9709413110147257e-05,8.42199872584876e-07,4.026102609287939e-05,4.026102609287939e-05,8.0
rongoā,-0.00031989395703688737,0.0006135695680895927,0.00029367561105270537,-0.0009334635251264801,0.0009334635251264801,10.0
roro,2.0551612982732133e-05,-1.9709413110147257e-05,8.42199872584876e-07,4.026102609287939e-05,4.026102609287939e-05,10.0
rua,0.00216598309801411,-0.0010386108307952728,0.0011273722672188373,0.003204593928809383,0.003204593928809383,35.0
ruaki,2.0551612982732133e-05,-1.9709413110147257e-05,8.42199872584876e-07,4.026102609287939e-05,4.026102609287939e-05,10.0
rui,4.1103225965464265e-05,-3.9418826220294513e-05,1.684399745169752e-06,8.052205218575878e-05,8.052205218575878e-05,10.0
ruirui,2.0551612982732133e-05,-1.9709413110147257e-05,8.42199872584876e-07,4.026102609287939e-05,4.026102609287939e-05,10.0
ruke,-0.00031989395703688737,0.0006135695680895927,0.00029367561105270537,-0.0009334635251264801,0.0009334635251264801,11.0
ruku,2.0551612982732133e-05,-1.9709413110147257e-05,8.42199872584876e-07,4.026102609287939e-05,4.026102609287939e-05,9.0
rā,2.0551612982732133e-05,-1.9709413110147257e-05,8.42199872584876e-07,4.026102609287939e-05,4.026102609287939e-05,25.0
rāhoroi,2.0551612982732133e-05,-1.9709413110147257e-05,8.42199872584876e-07,4.026102609287939e-05,4.026102609287939e-05,9.0
rāhui,0.0016804352250014032,-0.000537190472303793,0.0011432447526976103,0.002217625697305196,0.002217625697305196,10.0
rāhuihui,2.0551612982732133e-05,-1.9709413110147257e-05,8.42199872584876e-07,4.026102609287939e-05,4.026102609287939e-05,9.0
rākau,2.0551612982732133e-05,-1.9709413110147257e-05,8.42199872584876e-07,4.026102609287939e-05,4.026102609287939e-05,13.0
rāpopoto,0.0016804352250014032,-0.000537190472303793,0.0011432447526976103,0.002217625697305196,0.002217625697305196,10.0
rātapu,2.0551612982732133e-05,-1.9709413110147257e-05,8.42199872584876e-07,4.026102609287939e-05,4.026102609287939e-05,10.0
rēmana,2.0551612982732133e-05,-1.9709413110147257e-05,8.42199872584876e-07,4.026102609287939e-05,4.026102609287939e-05,9.0
rīhi,0.0007219943660047033,-0.0003462036102650909,0.0003757907557396124,0.0010681979762697943,0.0010681979762697943,13.0
rīpoata,2.0551612982732133e-05,-1.9709413110147257e-05,8.42199872584876e-07,4.026102609287939e-05,4.026102609287939e-05,9.0
rītaia,2.0551612982732133e-05,-1.9709413110147257e-05,8.42199872584876e-07,4.026102609287939e-05,4.026102609287939e-05,9.0
rōpū,2.0551612982732133e-05,-1.9709413110147257e-05,8.42199872584876e-07,4.026102609287939e-05,4.026102609287939e-05,15.0
rūkahu,-0.00031989395703688737,0.0006135695680895927,0.00029367561105270537,-0.0009334635251264801,0.0009334635251264801,9.0
rūnanga,2.0551612982732133e-05,-1.9709413110147257e-05,8.42199872584876e-07,4.026102609287939e-05,4.026102609287939e-05,10.0
rūpeke,0.0016804352250014032,-0.000537190472303793,0.0011432447526976103,0.002217625697305196,0.002217625697305196,10.0
rūri,2.0551612982732133e-05,-1.9709413110147257e-05,8.42199872584876e-07,4.026102609287939e-05,4.026102609287939e-05,9.0
rūruhi,2.0551612982732133e-05,-1.9709413110147257e-05,8.42199872584876e-07,4.026102609287939e-05,4.026102609287939e-05,8.0
rūrū,4.1103225965464265e-05,-3.9418826220294513e-05,1.684399745169752e-06,8.052205218575878e-05,8.052205218575878e-05,10.0
rūātoki,-0.00031989395703688737,0.0006135695680895927,0.00029367561105270537,-0.0009334635251264801,0.0009334635251264801,9.0
sky,2.0551612982732133e-05,-1.9709413110147257e-05,8.42199872584876e-07,4.026102609287939e-05,4.026102609287939e-05,9.0
tae,0.039222358142857044,-0.0061233779343841934,0.03309898020847285,0.04534573607724124,0.04534573607724124,132.0
taenga,2.0551612982732133e-05,-1.9709413110147257e-05,8.42199872584876e-07,4.026102609287939e-05,4.026102609287939e-05,19.0
taetanga,2.0551612982732133e-05,-1.9709413110147257e-05,8.42199872584876e-07,4.026102609287939e-05,4.026102609287939e-05,9.0
taha,0.0007219943660047033,-0.0003462036102650909,0.0003757907557396124,0.0010681979762697943,0.0010681979762697943,39.0
tahitahi,-0.00031989395703688737,0.0006135695680895927,0.00029367561105270537,-0.0009334635251264801,0.0009334635251264801,10.0
tahu,-0.0003571925580307679,0.0005138323467856644,0.0001566397887548965,-0.0008710249048164323,0.0008710249048164323,13.0
tahuri,0.0028057710120878844,-0.0006726978074200345,0.00213307320466785,0.0034784688195079187,0.0034784688195079187,17.0
tai,2.0551612982732133e-05,-1.9709413110147257e-05,8.42199872584876e-07,4.026102609287939e-05,4.026102609287939e-05,10.0
taina,2.0551612982732133e-05,-1.9709413110147257e-05,8.42199872584876e-07,4.026102609287939e-05,4.026102609287939e-05,9.0
taiāwhio,2.0551612982732133e-05,-1.9709413110147257e-05,8.42199872584876e-07,4.026102609287939e-05,4.026102609287939e-05,9.0
taka,0.004055208733956147,-0.0007778054623019045,0.0032774032716542424,0.0048330141962580515,0.0048330141962580515,18.0
takahi,-0.0013835749051751723,0.003538336953288304,0.0021547620481131317,-0.004921911858463477,0.004921911858463477,23.0
takahuri,0.0007219943660047033,-0.0003462036102650909,0.0003757907557396124,0.0010681979762697943,0.0010681979762697943,9.0
takanga,2.0551612982732133e-05,-1.9709413110147257e-05,8.42199872584876e-07,4.026102609287939e-05,4.026102609287939e-05,10.0
takapakari,2.0551612982732133e-05,-1.9709413110147257e-05,8.42199872584876e-07,4.026102609287939e-05,4.026102609287939e-05,9.0
takariri,2.0551612982732133e-05,-1.9709413110147257e-05,8.42199872584876e-07,4.026102609287939e-05,4.026102609287939e-05,10.0
takatakahi,-0.0006603395270565067,0.00253311592479896,0.0018727763977424532,-0.0031934554518554667,0.0031934554518554667,12.0
takawaenga,-0.00031989395703688737,0.0006135695680895927,0.00029367561105270537,-0.0009334635251264801,0.0009334635251264801,9.0
take,2.0551612982732133e-05,-1.9709413110147257e-05,8.42199872584876e-07,4.026102609287939e-05,4.026102609287939e-05,19.0
taketake,2.0551612982732133e-05,-1.9709413110147257e-05,8.42199872584876e-07,4.026102609287939e-05,4.026102609287939e-05,9.0
taki,6.16548389481965e-05,-5.912823933044188e-05,2.526599617754628e-06,0.00012078307827863839,0.00012078307827863839,12.0
takitoru,2.0551612982732133e-05,-1.9709413110147257e-05,8.42199872584876e-07,4.026102609287939e-05,4.026102609287939e-05,9.0
takiwā,2.0551612982732133e-05,-1.9709413110147257e-05,8.42199872584876e-07,4.026102609287939e-05,4.026102609287939e-05,9.0
takoha,-0.00031989395703688737,0.0006135695680895927,0.00029367561105270537,-0.0009334635251264801,0.0009334635251264801,9.0
takoto,0.0007219943660047033,-0.0003462036102650909,0.0003757907557396124,0.0010681979762697943,0.0010681979762697943,26.0
tamaiti,2.0551612982732133e-05,-1.9709413110147257e-05,8.42199872584876e-07,4.026102609287939e-05,4.026102609287939e-05,9.0
tangata,2.0551612982732133e-05,-1.9709413110147257e-05,8.42199872584876e-07,4.026102609287939e-05,4.026102609287939e-05,25.0
tangi,-0.002268695651405339,0.02284511334702936,0.020576417695624023,-0.025113808998434697,0.025113808998434697,44.0
tango,-0.0013835749051751723,0.003538336953288304,0.0021547620481131317,-0.004921911858463477,0.004921911858463477,23.0
tanu,0.0007219943660047033,-0.0003462036102650909,0.0003757907557396124,0.0010681979762697943,0.0010681979762697943,11.0
tao,-0.00031989395703688737,0.0006135695680895927,0.00029367561105270537,-0.0009334635251264801,0.0009334635251264801,9.0
taonga,-0.00031989395703688737,0.0006135695680895927,0.00029367561105270537,-0.0009334635251264801,0.0009334635251264801,13.0
tapa,-0.0003571925580307679,0.0005138323467856644,0.0001566397887548965,-0.0008710249048164323,0.0008710249048164323,12.0
tapahi,4.1103225965464265e-05,-3.9418826220294513e-05,1.684399745169752e-06,8.052205218575878e-05,8.052205218575878e-05,16.0
tapatapahi,2.0551612982732133e-05,-1.9709413110147257e-05,8.42199872584876e-07,4.026102609287939e-05,4.026102609287939e-05,10.0
tapu,2.0551612982732133e-05,-1.9709413110147257e-05,8.42199872584876e-07,4.026102609287939e-05,4.026102609287939e-05,11.0
tarai,2.0551612982732133e-05,-1.9709413110147257e-05,8.42199872584876e-07,4.026102609287939e-05,4.026102609287939e-05,9.0
taraipiunara,2.0551612982732133e-05,-1.9709413110147257e-05,8.42199872584876e-07,4.026102609287939e-05,4.026102609287939e-05,11.0
tari,-0.00031989395703688737,0.0006135695680895927,0.00029367561105270537,-0.0009334635251264801,0.0009334635251264801,20.0
tata,0.008335106584332725,-0.000999192004574978,0.007335914579757747,0.009334298588907703,0.009334298588907703,20.0
tatari,0.0007219943660047033,-0.0003462036102650909,0.0003757907557396124,0.0010681979762697943,0.0010681979762697943,19.0
tatau,2.0551612982732133e-05,-1.9709413110147257e-05,8.42199872584876e-07,4.026102609287939e-05,4.026102609287939e-05,8.0
tatū,2.0551612982732133e-05,-1.9709413110147257e-05,8.42199872584876e-07,4.026102609287939e-05,4.026102609287939e-05,13.0
tau,0.009436396335453805,-0.0016453991297892304,0.007790997205664575,0.011081795465243035,0.011081795465243035,61.0
tauihu,2.0551612982732133e-05,-1.9709413110147257e-05,8.42199872584876e-07,4.026102609287939e-05,4.026102609287939e-05,10.0
tauira,4.1103225965464265e-05,-3.9418826220294513e-05,1.684399745169752e-06,8.052205218575878e-05,8.052205218575878e-05,11.0
taukumekume,2.0551612982732133e-05,-1.9709413110147257e-05,8.42199872584876e-07,4.026102609287939e-05,4.026102609287939e-05,9.0
taumaha,2.0551612982732133e-05,-1.9709413110147257e-05,8.42199872584876e-07,4.026102609287939e-05,4.026102609287939e-05,9.0
taumahatanga,2.0551612982732133e-05,-1.9709413110147257e-05,8.42199872584876e-07,4.026102609287939e-05,4.026102609287939e-05,9.0
taumata,2.0551612982732133e-05,-1.9709413110147257e-05,8.42199872584876e-07,4.026102609287939e-05,4.026102609287939e-05,11.0
taunga,0.0007219943660047033,-0.0003462036102650909,0.0003757907557396124,0.0010681979762697943,0.0010681979762697943,12.0
taunu,2.0551612982732133e-05,-1.9709413110147257e-05,8.42199872584876e-07,4.026102609287939e-05,4.026102609287939e-05,9.0
taupatupatu,2.0551612982732133e-05,-1.9709413110147257e-05,8.42199872584876e-07,4.026102609287939e-05,4.026102609287939e-05,9.0
taura,2.0551612982732133e-05,-1.9709413110147257e-05,8.42199872584876e-07,4.026102609287939e-05,4.026102609287939e-05,10.0
tautohe,-0.00031989395703688737,0.0006135695680895927,0.00029367561105270537,-0.0009334635251264801,0.0009334635251264801,12.0
tautohetohe,2.0551612982732133e-05,-1.9709413110147257e-05,8.42199872584876e-07,4.026102609287939e-05,4.026102609287939e-05,9.0
tautoko,-0.001510976684054,0.0032603787987053106,0.0017494021146513105,-0.0047713554827593105,0.0047713554827593105,57.0
tautokotanga,2.0551612982732133e-05,-1.9709413110147257e-05,8.42199872584876e-07,4.026102609287939e-05,4.026102609287939e-05,9.0
tawhiti,2.0551612982732133e-05,-1.9709413110147257e-05,8.42199872584876e-07,4.026102609287939e-05,4.026102609287939e-05,10.0
teihana,2.0551612982732133e-05,-1.9709413110147257e-05,8.42199872584876e-07,4.026102609287939e-05,4.026102609287939e-05,9.0
teka,-0.00031989395703688737,0.0006135695680895927,0.00029367561105270537,-0.0009334635251264801,0.0009334635251264801,9.0
tekau,0.0016804352250014032,-0.000537190472303793,0.0011432447526976103,0.002217625697305196,0.002217625697305196,18.0
tere,2.0551612982732133e-05,-1.9709413110147257e-05,8.42199872584876e-07,4.026102609287939e-05,4.026102609287939e-05,13.0
tereina,2.0551612982732133e-05,-1.9709413110147257e-05,8.42199872584876e-07,4.026102609287939e-05,4.026102609287939e-05,9.0
tia,-0.00031989395703688737,0.0006135695680895927,0.00029367561105270537,-0.0009334635251264801,0.0009334635251264801,9.0
tiaki,-0.001239246696183052,0.01545001486319973,0.014210768167016679,-0.016689261559382784,0.016689261559382784,25.0
tika,0.0007219943660047033,-0.0003462036102650909,0.0003757907557396124,0.0010681979762697943,0.0010681979762697943,62.0
tikanga,2.0551612982732133e-05,-1.9709413110147257e-05,8.42199872584876e-07,4.026102609287939e-05,4.026102609287939e-05,14.0
tiki,-0.0008589859016122912,0.0020594621946333313,0.0012004762930210402,-0.0029184480962456223,0.0029184480962456223,21.0
tikitiki,2.0551612982732133e-05,-1.9709413110147257e-05,8.42199872584876e-07,4.026102609287939e-05,4.026102609287939e-05,9.0
tina,2.0551612982732133e-05,-1.9709413110147257e-05,8.42199872584876e-07,4.026102609287939e-05,4.026102609287939e-05,9.0
tinana,2.0551612982732133e-05,-1.9709413110147257e-05,8.42199872584876e-07,4.026102609287939e-05,4.026102609287939e-05,9.0
tinei,2.0551612982732133e-05,-1.9709413110147257e-05,8.42199872584876e-07,4.026102609287939e-05,4.026102609287939e-05,9.0
tini,2.0551612982732133e-05,-1.9709413110147257e-05,8.42199872584876e-07,4.026102609287939e-05,4.026102609287939e-05,15.0
tini-o-maru,2.0551612982732133e-05,-1.9709413110147257e-05,8.42199872584876e-07,4.026102609287939e-05,4.026102609287939e-05,9.0
tinihanga,-0.0005190418490350034,0.0014933149382504952,0.0009742730892154919,-0.002012356787285499,0.002012356787285499,10.0
tino,0.0014439887320094066,-0.0006924072205301818,0.0007515815114792248,0.0021363959525395886,0.0021363959525395886,65.0
tipu,0.0007219943660047033,-0.0003462036102650909,0.0003757907557396124,0.0010681979762697943,0.0010681979762697943,13.0
tipuna,2.0551612982732133e-05,-1.9709413110147257e-05,8.42199872584876e-07,4.026102609287939e-05,4.026102609287939e-05,9.0
tira,2.0551612982732133e-05,-1.9709413110147257e-05,8.42199872584876e-07,4.026102609287939e-05,4.026102609287939e-05,9.0
tiriti,2.0551612982732133e-05,-1.9709413110147257e-05,8.42199872584876e-07,4.026102609287939e-05,4.026102609287939e-05,15.0
tiro,-0.00031989395703688737,0.0006135695680895927,0.00029367561105270537,-0.0009334635251264801,0.0009334635251264801,14.0
tirohanga,2.0551612982732133e-05,-1.9709413110147257e-05,8.42199872584876e-07,4.026102609287939e-05,4.026102609287939e-05,9.0
tirotiro,-0.0006603395270565067,0.00253311592479896,0.0018727763977424532,-0.0031934554518554667,0.0031934554518554667,11.0
titi,0.0016804352250014032,-0.000537190472303793,0.0011432447526976103,0.002217625697305196,0.002217625697305196,10.0
titiro,-0.0023098155624772954,0.011075799541224148,0.008765983978746852,-0.013385615103701443,0.013385615103701443,80.0
tito,2.0551612982732133e-05,-1.9709413110147257e-05,8.42199872584876e-07,4.026102609287939e-05,4.026102609287939e-05,10.0
tiwhikete,2.0551612982732133e-05,-1.9709413110147257e-05,8.42199872584876e-07,4.026102609287939e-05,4.026102609287939e-05,9.0
toa,-0.00031989395703688737,0.0006135695680895927,0.00029367561105270537,-0.0009334635251264801,0.0009334635251264801,12.0
toe,2.0551612982732133e-05,-1.9709413110147257e-05,8.42199872584876e-07,4.026102609287939e-05,4.026102609287939e-05,10.0
toenga,2.0551612982732133e-05,-1.9709413110147257e-05,8.42199872584876e-07,4.026102609287939e-05,4.026102609287939e-05,9.0
toha,4.1103225965464265e-05,-3.9418826220294513e-05,1.684399745169752e-06,8.052205218575878e-05,8.052205218575878e-05,13.0
tohatoha,-0.0006603395270565067,0.00253311592479896,0.0018727763977424532,-0.0031934554518554667,0.0031934554518554667,11.0
tohe,-0.00031989395703688737,0.0006135695680895927,0.00029367561105270537,-0.0009334635251264801,0.0009334635251264801,11.0
tohi,-0.00031989395703688737,0.0006135695680895927,0.00029367561105270537,-0.0009334635251264801,0.0009334635251264801,9.0
tohu,-0.00031523485272188574,0.00034550469558805434,3.02698428661686e-05,-0.00066073954830994,0.00066073954830994,29.0
tohunga,0.0007219943660047033,-0.0003462036102650909,0.0003757907557396124,0.0010681979762697943,0.0010681979762697943,11.0
tohutohu,-0.000859487419054623,0.004945595059430652,0.0040861076403760285,-0.005805082478485275,0.005805082478485275,13.0
toi,2.0551612982732133e-05,-1.9709413110147257e-05,8.42199872584876e-07,4.026102609287939e-05,4.026102609287939e-05,11.0
tokoiti,2.0551612982732133e-05,-1.9709413110147257e-05,8.42199872584876e-07,4.026102609287939e-05,4.026102609287939e-05,9.0
tokomaha,2.0551612982732133e-05,-1.9709413110147257e-05,8.42199872584876e-07,4.026102609287939e-05,4.026102609287939e-05,14.0
tomo,0.0007219943660047033,-0.0003462036102650909,0.0003757907557396124,0.0010681979762697943,0.0010681979762697943,11.0
tonga,2.0551612982732133e-05,-1.9709413110147257e-05,8.42199872584876e-07,4.026102609287939e-05,4.026102609287939e-05,9.0
tono,-0.0014287702321230716,0.0020553293871426576,0.000626559155019586,-0.003484099619265729,0.003484099619265729,42.0
tonotono,-0.00031989395703688737,0.0006135695680895927,0.00029367561105270537,-0.0009334635251264801,0.0009334635251264801,9.0
toremi,2.0551612982732133e-05,-1.9709413110147257e-05,8.42199872584876e-07,4.026102609287939e-05,4.026102609287939e-05,9.0
toro,2.0551612982732133e-05,-1.9709413110147257e-05,8.42199872584876e-07,4.026102609287939e-05,4.026102609287939e-05,12.0
toru,0.005403543870120524,-0.0008636846694587366,0.004539859200661787,0.00626722853957926,0.00626722853957926,26.0
torutoru,2.0551612982732133e-05,-1.9709413110147257e-05,8.42199872584876e-07,4.026102609287939e-05,4.026102609287939e-05,10.0
totohe,2.0551612982732133e-05,-1.9709413110147257e-05,8.42199872584876e-07,4.026102609287939e-05,4.026102609287939e-05,9.0
train,2.0551612982732133e-05,-1.9709413110147257e-05,8.42199872584876e-07,4.026102609287939e-05,4.026102609287939e-05,9.0
tua,2.0551612982732133e-05,-1.9709413110147257e-05,8.42199872584876e-07,4.026102609287939e-05,4.026102609287939e-05,9.0
tuahine,2.0551612982732133e-05,-1.9709413110147257e-05,8.42199872584876e-07,4.026102609287939e-05,4.026102609287939e-05,10.0
tuanui,2.0551612982732133e-05,-1.9709413110147257e-05,8.42199872584876e-07,4.026102609287939e-05,4.026102609287939e-05,10.0
tuarima,2.0551612982732133e-05,-1.9709413110147257e-05,8.42199872584876e-07,4.026102609287939e-05,4.026102609287939e-05,10.0
tuarua,-0.00031989395703688737,0.0006135695680895927,0.00029367561105270537,-0.0009334635251264801,0.0009334635251264801,13.0
tuatahi,2.0551612982732133e-05,-1.9709413110147257e-05,8.42199872584876e-07,4.026102609287939e-05,4.026102609287939e-05,16.0
tuatahitanga,2.0551612982732133e-05,-1.9709413110147257e-05,8.42199872584876e-07,4.026102609287939e-05,4.026102609287939e-05,9.0
tuatoru,2.0551612982732133e-05,-1.9709413110147257e-05,8.42199872584876e-07,4.026102609287939e-05,4.026102609287939e-05,9.0
tuawaru,2.0551612982732133e-05,-1.9709413110147257e-05,8.42199872584876e-07,4.026102609287939e-05,4.026102609287939e-05,9.0
tuha,2.0551612982732133e-05,-1.9709413110147257e-05,8.42199872584876e-07,4.026102609287939e-05,4.026102609287939e-05,9.0
tuhi,-0.000859487419054623,0.004945595059430652,0.0040861076403760285,-0.005805082478485275,0.005805082478485275,13.0
tuhituhi,-0.0007699385208257651,0.0036919331804080493,0.0029219946595822844,-0.004461871701233814,0.004461871701233814,15.0
tuitui,0.0007219943660047033,-0.0003462036102650909,0.0003757907557396124,0.0010681979762697943,0.0010681979762697943,9.0
tuki,2.0551612982732133e-05,-1.9709413110147257e-05,8.42199872584876e-07,4.026102609287939e-05,4.026102609287939e-05,10.0
tukituki,-0.00031989395703688737,0.0006135695680895927,0.00029367561105270537,-0.0009334635251264801,0.0009334635251264801,9.0
tuku,-0.003178341992892548,0.004762647416339812,0.0015843054234472636,-0.007940989409232359,0.007940989409232359,75.0
tukunga,2.0551612982732133e-05,-1.9709413110147257e-05,8.42199872584876e-07,4.026102609287939e-05,4.026102609287939e-05,10.0
tukutanga,2.0551612982732133e-05,-1.9709413110147257e-05,8.42199872584876e-07,4.026102609287939e-05,4.026102609287939e-05,9.0
tukutuku,2.0551612982732133e-05,-1.9709413110147257e-05,8.42199872584876e-07,4.026102609287939e-05,4.026102609287939e-05,13.0
tumuaki,2.0551612982732133e-05,-1.9709413110147257e-05,8.42199872584876e-07,4.026102609287939e-05,4.026102609287939e-05,15.0
tunu,-0.0006603395270565067,0.00253311592479896,0.0018727763977424532,-0.0031934554518554667,0.0031934554518554667,11.0
tuohu,2.0551612982732133e-05,-1.9709413110147257e-05,8.42199872584876e-07,4.026102609287939e-05,4.026102609287939e-05,10.0
tupu,2.0551612982732133e-05,-1.9709413110147257e-05,8.42199872584876e-07,4.026102609287939e-05,4.026102609287939e-05,13.0
tupuna,2.0551612982732133e-05,-1.9709413110147257e-05,8.42199872584876e-07,4.026102609287939e-05,4.026102609287939e-05,9.0
turaki,-0.00031989395703688737,0.0006135695680895927,0.00029367561105270537,-0.0009334635251264801,0.0009334635251264801,11.0
ture,0.0007219943660047033,-0.0003462036102650909,0.0003757907557396124,0.0010681979762697943,0.0010681979762697943,15.0
tutuki,0.004451003127552788,-0.0012196006147227611,0.003231402512830027,0.005670603742275549,0.005670603742275549,29.0
tutukitanga,2.0551612982732133e-05,-1.9709413110147257e-05,8.42199872584876e-07,4.026102609287939e-05,4.026102609287939e-05,9.0
tutuku,2.0551612982732133e-05,-1.9709413110147257e-05,8.42199872584876e-07,4.026102609287939e-05,4.026102609287939e-05,8.0
tuwhera,-0.0003571925580307679,0.0005138323467856644,0.0001566397887548965,-0.0008710249048164323,0.0008710249048164323,18.0
tuwheratanga,2.0551612982732133e-05,-1.9709413110147257e-05,8.42199872584876e-07,4.026102609287939e-05,4.026102609287939e-05,10.0
tā,-0.0005190418490350034,0.0014933149382504952,0.0009742730892154919,-0.002012356787285499,0.002012356787285499,14.0
tāhae,-0.0003571925580307679,0.0005138323467856644,0.0001566397887548965,-0.0008710249048164323,0.0008710249048164323,13.0
tāhū,2.0551612982732133e-05,-1.9709413110147257e-05,8.42199872584876e-07,4.026102609287939e-05,4.026102609287939e-05,9.0
tāima,2.0551612982732133e-05,-1.9709413110147257e-05,8.42199872584876e-07,4.026102609287939e-05,4.026102609287939e-05,10.0
tāinga,2.0551612982732133e-05,-1.9709413110147257e-05,8.42199872584876e-07,4.026102609287939e-05,4.026102609287939e-05,9.0
tāite,2.0551612982732133e-05,-1.9709413110147257e-05,8.42199872584876e-07,4.026102609287939e-05,4.026102609287939e-05,10.0
tākaro,2.0551612982732133e-05,-1.9709413110147257e-05,8.42199872584876e-07,4.026102609287939e-05,4.026102609287939e-05,13.0
tākete,2.0551612982732133e-05,-1.9709413110147257e-05,8.42199872584876e-07,4.026102609287939e-05,4.026102609287939e-05,9.0
tākiri,2.0551612982732133e-05,-1.9709413110147257e-05,8.42199872584876e-07,4.026102609287939e-05,4.026102609287939e-05,9.0
tāmi,-0.00031989395703688737,0.0006135695680895927,0.00029367561105270537,-0.0009334635251264801,0.0009334635251264801,12.0
tāne,2.0551612982732133e-05,-1.9709413110147257e-05,8.42199872584876e-07,4.026102609287939e-05,4.026102609287939e-05,8.0
tāone,2.0551612982732133e-05,-1.9709413110147257e-05,8.42199872584876e-07,4.026102609287939e-05,4.026102609287939e-05,9.0
tāpiri,0.0016804352250014032,-0.000537190472303793,0.0011432447526976103,0.002217625697305196,0.002217625697305196,11.0
tāpuke,2.0551612982732133e-05,-1.9709413110147257e-05,8.42199872584876e-07,4.026102609287939e-05,4.026102609287939e-05,9.0
tārai,-0.0005190418490350034,0.0014933149382504952,0.0009742730892154919,-0.002012356787285499,0.002012356787285499,10.0
tārewa,2.0551612982732133e-05,-1.9709413110147257e-05,8.42199872584876e-07,4.026102609287939e-05,4.026102609287939e-05,11.0
tātaki,-0.00031989395703688737,0.0006135695680895927,0.00029367561105270537,-0.0009334635251264801,0.0009334635251264801,9.0
tātari,-0.0005190418490350034,0.0014933149382504952,0.0009742730892154919,-0.002012356787285499,0.002012356787285499,11.0
tāti,0.0007219943660047033,-0.0003462036102650909,0.0003757907557396124,0.0010681979762697943,0.0010681979762697943,9.0
tāua,-0.00031989395703688737,0.0006135695680895927,0.00029367561105270537,-0.0009334635251264801,0.0009334635251264801,9.0
tēnei,-0.0005190418490350034,0.0014933149382504952,0.0009742730892154919,-0.002012356787285499,0.002012356787285499,10.0
tētahi,-0.00031989395703688737,0.0006135695680895927,0.00029367561105270537,-0.0009334635251264801,0.0009334635251264801,9.0
tīkai,-0.00031989395703688737,0.0006135695680895927,0.00029367561105270537,-0.0009334635251264801,0.0009334635251264801,9.0
tīma,2.0551612982732133e-05,-1.9709413110147257e-05,8.42199872584876e-07,4.026102609287939e-05,4.026102609287939e-05,27.0
tīmata,0.0014112328852682072,-0.0012030230405217228,0.00020820984474648435,0.00261425592578993,0.00261425592578993,65.0
tīmatanga,2.0551612982732133e-05,-1.9709413110147257e-05,8.42199872584876e-07,4.026102609287939e-05,4.026102609287939e-05,23.0
tīmatatanga,2.0551612982732133e-05,-1.9709413110147257e-05,8.42199872584876e-07,4.026102609287939e-05,4.026102609287939e-05,13.0
tīni,0.0016804352250014032,-0.000537190472303793,0.0011432447526976103,0.002217625697305196,0.002217625697305196,10.0
tīraha,0.0007219943660047033,-0.0003462036102650909,0.0003757907557396124,0.0010681979762697943,0.0010681979762697943,9.0
tīwahawaha,2.0551612982732133e-05,-1.9709413110147257e-05,8.42199872584876e-07,4.026102609287939e-05,4.026102609287939e-05,9.0
tō,-0.0006603395270565067,0.00253311592479896,0.0018727763977424532,-0.0031934554518554667,0.0031934554518554667,13.0
tōrangapū,2.0551612982732133e-05,-1.9709413110147257e-05,8.42199872584876e-07,4.026102609287939e-05,4.026102609287939e-05,11.0
tōtika,2.0551612982732133e-05,-1.9709413110147257e-05,8.42199872584876e-07,4.026102609287939e-05,4.026102609287939e-05,9.0
tū,0.005611542024175769,-0.001345395614840069,0.0042661464093357,0.0069569376390158375,0.0069569376390158375,111.0
tūhono,2.0551612982732133e-05,-1.9709413110147257e-05,8.42199872584876e-07,4.026102609287939e-05,4.026102609287939e-05,11.0
tūkino,-0.00031989395703688737,0.0006135695680895927,0.00029367561105270537,-0.0009334635251264801,0.0009334635251264801,10.0
tūmanako,2.0551612982732133e-05,-1.9709413110147257e-05,8.42199872584876e-07,4.026102609287939e-05,4.026102609287939e-05,17.0
tūnga,2.0551612982732133e-05,-1.9709413110147257e-05,8.42199872584876e-07,4.026102609287939e-05,4.026102609287939e-05,10.0
tūpato,2.0551612982732133e-05,-1.9709413110147257e-05,8.42199872584876e-07,4.026102609287939e-05,4.026102609287939e-05,16.0
tūpono,2.0551612982732133e-05,-1.9709413110147257e-05,8.42199872584876e-07,4.026102609287939e-05,4.026102609287939e-05,10.0
tūpuhi,2.0551612982732133e-05,-1.9709413110147257e-05,8.42199872584876e-07,4.026102609287939e-05,4.026102609287939e-05,8.0
tūranga,2.0551612982732133e-05,-1.9709413110147257e-05,8.42199872584876e-07,4.026102609287939e-05,4.026102609287939e-05,11.0
tūrangawaewae,2.0551612982732133e-05,-1.9709413110147257e-05,8.42199872584876e-07,4.026102609287939e-05,4.026102609287939e-05,10.0
tūreiti,0.0007219943660047033,-0.0003462036102650909,0.0003757907557396124,0.0010681979762697943,0.0010681979762697943,9.0
tūru,2.0551612982732133e-05,-1.9709413110147257e-05,8.42199872584876e-07,4.026102609287939e-05,4.026102609287939e-05,9.0
tūtaki,4.1103225965464265e-05,-3.9418826220294513e-05,1.684399745169752e-06,8.052205218575878e-05,8.052205218575878e-05,14.0
tūtakitaki,2.0551612982732133e-05,-1.9709413110147257e-05,8.42199872584876e-07,4.026102609287939e-05,4.026102609287939e-05,9.0
tūtanga,2.0551612982732133e-05,-1.9709413110147257e-05,8.42199872584876e-07,4.026102609287939e-05,4.026102609287939e-05,11.0
tūtehu,2.0551612982732133e-05,-1.9709413110147257e-05,8.42199872584876e-07,4.026102609287939e-05,4.026102609287939e-05,11.0
tūtuki,0.0007219943660047033,-0.0003462036102650909,0.0003757907557396124,0.0010681979762697943,0.0010681979762697943,9.0
tūturu,2.0551612982732133e-05,-1.9709413110147257e-05,8.42199872584876e-07,4.026102609287939e-05,4.026102609287939e-05,10.0
tūtū,2.0551612982732133e-05,-1.9709413110147257e-05,8.42199872584876e-07,4.026102609287939e-05,4.026102609287939e-05,11.0
uaua,2.0551612982732133e-05,-1.9709413110147257e-05,8.42199872584876e-07,4.026102609287939e-05,4.026102609287939e-05,9.0
uhi,0.0007219943660047033,-0.0003462036102650909,0.0003757907557396124,0.0010681979762697943,0.0010681979762697943,10.0
ui,-0.00031989395703688737,0.0006135695680895927,0.00029367561105270537,-0.0009334635251264801,0.0009334635251264801,9.0
um,2.0551612982732133e-05,-1.9709413110147257e-05,8.42199872584876e-07,4.026102609287939e-05,4.026102609287939e-05,9.0
unu,2.0551612982732133e-05,-1.9709413110147257e-05,8.42199872584876e-07,4.026102609287939e-05,4.026102609287939e-05,11.0
upoko,2.0551612982732133e-05,-1.9709413110147257e-05,8.42199872584876e-07,4.026102609287939e-05,4.026102609287939e-05,9.0
upoko-o-te-ika,2.0551612982732133e-05,-1.9709413110147257e-05,8.42199872584876e-07,4.026102609287939e-05,4.026102609287939e-05,9.0
uri,2.0551612982732133e-05,-1.9709413110147257e-05,8.42199872584876e-07,4.026102609287939e-05,4.026102609287939e-05,9.0
uru,0.016644548987930715,-0.001227881508004889,0.015416667479925827,0.017872430495935603,0.017872430495935603,48.0
uta,0.004055208733956147,-0.0007778054623019045,0.0032774032716542424,0.0048330141962580515,0.0048330141962580515,13.0
utu,-0.001436379482066239,0.006198826573099804,0.004762447091033565,-0.007635206055166043,0.007635206055166043,31.0
uwhi,2.0551612982732133e-05,-1.9709413110147257e-05,8.42199872584876e-07,4.026102609287939e-05,4.026102609287939e-05,10.0
waea,4.1103225965464265e-05,-3.9418826220294513e-05,1.684399745169752e-06,8.052205218575878e-05,8.052205218575878e-05,10.0
wahangū,2.0551612982732133e-05,-1.9709413110147257e-05,8.42199872584876e-07,4.026102609287939e-05,4.026102609287939e-05,9.0
wahawaha,2.0551612982732133e-05,-1.9709413110147257e-05,8.42199872584876e-07,4.026102609287939e-05,4.026102609287939e-05,9.0
wahine,0.0007219943660047033,-0.0003462036102650909,0.0003757907557396124,0.0010681979762697943,0.0010681979762697943,12.0
wai,2.0551612982732133e-05,-1.9709413110147257e-05,8.42199872584876e-07,4.026102609287939e-05,4.026102609287939e-05,10.0
wai-hua,2.0551612982732133e-05,-1.9709413110147257e-05,8.42199872584876e-07,4.026102609287939e-05,4.026102609287939e-05,9.0
wai-pounamu,2.0551612982732133e-05,-1.9709413110147257e-05,8.42199872584876e-07,4.026102609287939e-05,4.026102609287939e-05,10.0
waia,0.0007219943660047033,-0.0003462036102650909,0.0003757907557396124,0.0010681979762697943,0.0010681979762697943,9.0
waiariki,2.0551612982732133e-05,-1.9709413110147257e-05,8.42199872584876e-07,4.026102609287939e-05,4.026102609287939e-05,9.0
waiata,-0.0007699385208257651,0.0036919331804080493,0.0029219946595822844,-0.004461871701233814,0.004461871701233814,18.0
waihanga,-0.0008589859016122912,0.0020594621946333313,0.0012004762930210402,-0.0029184480962456223,0.0029184480962456223,16.0
waiho,0.0006590985149425449,-0.00042139255029769867,0.0002377059646448462,0.0010804910652402436,0.0010804910652402436,20.0
waikura,0.0007219943660047033,-0.0003462036102650909,0.0003757907557396124,0.0010681979762697943,0.0010681979762697943,9.0
waimarie,0.0007219943660047033,-0.0003462036102650909,0.0003757907557396124,0.0010681979762697943,0.0010681979762697943,9.0
wairua,2.0551612982732133e-05,-1.9709413110147257e-05,8.42199872584876e-07,4.026102609287939e-05,4.026102609287939e-05,20.0
waka,2.0551612982732133e-05,-1.9709413110147257e-05,8.42199872584876e-07,4.026102609287939e-05,4.026102609287939e-05,14.0
wao,2.0551612982732133e-05,-1.9709413110147257e-05,8.42199872584876e-07,4.026102609287939e-05,4.026102609287939e-05,10.0
ware,2.0551612982732133e-05,-1.9709413110147257e-05,8.42199872584876e-07,4.026102609287939e-05,4.026102609287939e-05,11.0
wareware,2.0551612982732133e-05,-1.9709413110147257e-05,8.42199872584876e-07,4.026102609287939e-05,4.026102609287939e-05,11.0
waru,0.0007219943660047033,-0.0003462036102650909,0.0003757907557396124,0.0010681979762697943,0.0010681979762697943,15.0
wawata,2.0551612982732133e-05,-1.9709413110147257e-05,8.42199872584876e-07,4.026102609287939e-05,4.026102609287939e-05,10.0
wehe,0.0028057710120878844,-0.0006726978074200345,0.00213307320466785,0.0034784688195079187,0.0034784688195079187,15.0
wehenga,2.0551612982732133e-05,-1.9709413110147257e-05,8.42199872584876e-07,4.026102609287939e-05,4.026102609287939e-05,9.0
wehewehe,0.0016804352250014032,-0.000537190472303793,0.0011432447526976103,0.002217625697305196,0.002217625697305196,10.0
wehi,2.0551612982732133e-05,-1.9709413110147257e-05,8.42199872584876e-07,4.026102609287939e-05,4.026102609287939e-05,8.0
wenerei,2.0551612982732133e-05,-1.9709413110147257e-05,8.42199872584876e-07,4.026102609287939e-05,4.026102609287939e-05,12.0
wepu,2.0551612982732133e-05,-1.9709413110147257e-05,8.42199872584876e-07,4.026102609287939e-05,4.026102609287939e-05,8.0
werawera,0.0007219943660047033,-0.0003462036102650909,0.0003757907557396124,0.0010681979762697943,0.0010681979762697943,10.0
wero,-0.0005190418490350034,0.0014933149382504952,0.0009742730892154919,-0.002012356787285499,0.002012356787285499,16.0
werowero,2.0551612982732133e-05,-1.9709413110147257e-05,8.42199872584876e-07,4.026102609287939e-05,4.026102609287939e-05,9.0
whai,-0.0010514748163381455,0.0016134170333034117,0.0005619422169652662,-0.002664891849641557,0.002664891849641557,77.0
whaina,0.0007219943660047033,-0.0003462036102650909,0.0003757907557396124,0.0010681979762697943,0.0010681979762697943,9.0
whaiwhai,-0.0003571925580307679,0.0005138323467856644,0.0001566397887548965,-0.0008710249048164323,0.0008710249048164323,16.0
whaka-,-0.0005190418490350034,0.0014933149382504952,0.0009742730892154919,-0.002012356787285499,0.002012356787285499,10.0
whakaae,0.002067884137415451,-0.0011332244408257474,0.0009346596965897035,0.0032011085782411982,0.0032011085782411982,42.0
whakaahua,-0.0005190418490350034,0.0014933149382504952,0.0009742730892154919,-0.002012356787285499,0.002012356787285499,11.0
whakaako,-0.0007699385208257651,0.0036919331804080493,0.0029219946595822844,-0.004461871701233814,0.004461871701233814,17.0
whakaara,-0.0007699385208257651,0.0036919331804080493,0.0029219946595822844,-0.004461871701233814,0.004461871701233814,12.0
whakaari,-0.00031989395703688737,0.0006135695680895927,0.00029367561105270537,-0.0009334635251264801,0.0009334635251264801,9.0
whakaaro,-0.0006910351764240884,0.001104527884439821,0.0004134927080157325,-0.0017955630608639094,0.0017955630608639094,56.0
whakaata,-0.00031989395703688737,0.0006135695680895927,0.00029367561105270537,-0.0009334635251264801,0.0009334635251264801,10.0
whakaatu,-0.0011103840908453845,0.010648808332365535,0.009538424241520151,-0.01175919242321092,0.01175919242321092,23.0
whakaaturanga,2.0551612982732133e-05,-1.9709413110147257e-05,8.42199872584876e-07,4.026102609287939e-05,4.026102609287939e-05,8.0
whakaeke,4.1103225965464265e-05,-3.9418826220294513e-05,1.684399745169752e-06,8.052205218575878e-05,8.052205218575878e-05,13.0
whakaemi,0.0007219943660047033,-0.0003462036102650909,0.0003757907557396124,0.0010681979762697943,0.0010681979762697943,9.0
whakahaere,-0.0028250762750996424,0.05012214930659593,0.04729707303149629,-0.05294722558169557,0.05294722558169557,54.0
whakahau,-0.0007699385208257651,0.0036919331804080493,0.0029219946595822844,-0.004461871701233814,0.004461871701233814,14.0
whakahauora,2.0551612982732133e-05,-1.9709413110147257e-05,8.42199872584876e-07,4.026102609287939e-05,4.026102609287939e-05,9.0
whakaheke,2.0551612982732133e-05,-1.9709413110147257e-05,8.42199872584876e-07,4.026102609287939e-05,4.026102609287939e-05,9.0
whakahoki,-0.0007143851160615358,0.0010276646935713288,0.000313279577509793,-0.0017420498096328645,0.0017420498096328645,42.0
whakahokinga,2.0551612982732133e-05,-1.9709413110147257e-05,8.42199872584876e-07,4.026102609287939e-05,4.026102609287939e-05,8.0
whakahokitanga,2.0551612982732133e-05,-1.9709413110147257e-05,8.42199872584876e-07,4.026102609287939e-05,4.026102609287939e-05,11.0
whakahoko,2.0551612982732133e-05,-1.9709413110147257e-05,8.42199872584876e-07,4.026102609287939e-05,4.026102609287939e-05,8.0
whakahono,2.0551612982732133e-05,-1.9709413110147257e-05,8.42199872584876e-07,4.026102609287939e-05,4.026102609287939e-05,9.0
whakahora,-0.00031989395703688737,0.0006135695680895927,0.00029367561105270537,-0.0009334635251264801,0.0009334635251264801,9.0
whakahoro,2.0551612982732133e-05,-1.9709413110147257e-05,8.42199872584876e-07,4.026102609287939e-05,4.026102609287939e-05,9.0
whakahou,2.0551612982732133e-05,-1.9709413110147257e-05,8.42199872584876e-07,4.026102609287939e-05,4.026102609287939e-05,10.0
whakahua,2.0551612982732133e-05,-1.9709413110147257e-05,8.42199872584876e-07,4.026102609287939e-05,4.026102609287939e-05,11.0
whakahuihui,-0.0005190418490350034,0.0014933149382504952,0.0009742730892154919,-0.002012356787285499,0.002012356787285499,11.0
whakahāwea,2.0551612982732133e-05,-1.9709413110147257e-05,8.42199872584876e-07,4.026102609287939e-05,4.026102609287939e-05,12.0
whakahē,-0.0006397879140737747,0.0012271391361791855,0.0005873512221054107,-0.0018669270502529602,0.0018669270502529602,29.0
whakahōhā,2.0551612982732133e-05,-1.9709413110147257e-05,8.42199872584876e-07,4.026102609287939e-05,4.026102609287939e-05,9.0
whakahōnore,0.0007219943660047033,-0.0003462036102650909,0.0003757907557396124,0.0010681979762697943,0.0010681979762697943,9.0
whakaingoa,4.1103225965464265e-05,-3.9418826220294513e-05,1.684399745169752e-06,8.052205218575878e-05,8.052205218575878e-05,10.0
whakairi,-0.0005190418490350034,0.0014933149382504952,0.0009742730892154919,-0.002012356787285499,0.002012356787285499,12.0
whakairo,-0.0010007850970761263,0.007678185426837469,0.006677400329761342,-0.008678970523913594,0.008678970523913594,16.0
whakaiti,0.0007219943660047033,-0.0003462036102650909,0.0003757907557396124,0.0010681979762697943,0.0010681979762697943,10.0
whakakaha,2.0551612982732133e-05,-1.9709413110147257e-05,8.42199872584876e-07,4.026102609287939e-05,4.026102609287939e-05,9.0
whakakaingākau,-0.00031989395703688737,0.0006135695680895927,0.00029367561105270537,-0.0009334635251264801,0.0009334635251264801,9.0
whakakamakama,-0.00031989395703688737,0.0006135695680895927,0.00029367561105270537,-0.0009334635251264801,0.0009334635251264801,10.0
whakakapi,-0.00031989395703688737,0.0006135695680895927,0.00029367561105270537,-0.0009334635251264801,0.0009334635251264801,9.0
whakakaupapa,-0.00031989395703688737,0.0006135695680895927,0.00029367561105270537,-0.0009334635251264801,0.0009334635251264801,9.0
whakakeokeo,-0.00031989395703688737,0.0006135695680895927,0.00029367561105270537,-0.0009334635251264801,0.0009334635251264801,9.0
whakakoi,2.0551612982732133e-05,-1.9709413110147257e-05,8.42199872584876e-07,4.026102609287939e-05,4.026102609287939e-05,9.0
whakakopi,-0.00031989395703688737,0.0006135695680895927,0.00029367561105270537,-0.0009334635251264801,0.0009334635251264801,9.0
whakakore,-0.0005190418490350034,0.0014933149382504952,0.0009742730892154919,-0.002012356787285499,0.002012356787285499,16.0
whakakotahi,4.1103225965464265e-05,-3.9418826220294513e-05,1.684399745169752e-06,8.052205218575878e-05,8.052205218575878e-05,14.0
whakakotiti,-0.00031989395703688737,0.0006135695680895927,0.00029367561105270537,-0.0009334635251264801,0.0009334635251264801,9.0
whakakuia,0.0007219943660047033,-0.0003462036102650909,0.0003757907557396124,0.0010681979762697943,0.0010681979762697943,9.0
whakakā,2.0551612982732133e-05,-1.9709413110147257e-05,8.42199872584876e-07,4.026102609287939e-05,4.026102609287939e-05,9.0
whakakāhore,0.0007219943660047033,-0.0003462036102650909,0.0003757907557396124,0.0010681979762697943,0.0010681979762697943,9.0
whakakātu,2.0551612982732133e-05,-1.9709413110147257e-05,8.42199872584876e-07,4.026102609287939e-05,4.026102609287939e-05,9.0
whakakī,2.0551612982732133e-05,-1.9709413110147257e-05,8.42199872584876e-07,4.026102609287939e-05,4.026102609287939e-05,9.0
whakakīkī,2.0551612982732133e-05,-1.9709413110147257e-05,8.42199872584876e-07,4.026102609287939e-05,4.026102609287939e-05,9.0
whakamahana,-0.00031989395703688737,0.0006135695680895927,0.00029367561105270537,-0.0009334635251264801,0.0009334635251264801,9.0
whakamaharatanga,2.0551612982732133e-05,-1.9709413110147257e-05,8.42199872584876e-07,4.026102609287939e-05,4.026102609287939e-05,9.0
whakamahi,-0.00031989395703688737,0.0006135695680895927,0.00029367561105270537,-0.0009334635251264801,0.0009334635251264801,16.0
whakamamae,2.0551612982732133e-05,-1.9709413110147257e-05,8.42199872584876e-07,4.026102609287939e-05,4.026102609287939e-05,9.0
whakamana,-0.0003309654100031894,0.0003703029536320816,3.9337543628892194e-05,-0.000701268363635271,0.000701268363635271,21.0
whakamanuhiri,-0.00031989395703688737,0.0006135695680895927,0.00029367561105270537,-0.0009334635251264801,0.0009334635251264801,9.0
whakamaoa,2.0551612982732133e-05,-1.9709413110147257e-05,8.42199872584876e-07,4.026102609287939e-05,4.026102609287939e-05,9.0
whakamatemate,2.0551612982732133e-05,-1.9709413110147257e-05,8.42199872584876e-07,4.026102609287939e-05,4.026102609287939e-05,9.0
whakamau,4.1103225965464265e-05,-3.9418826220294513e-05,1.684399745169752e-06,8.052205218575878e-05,8.052205218575878e-05,12.0
whakamaumahara,2.0551612982732133e-05,-1.9709413110147257e-05,8.42199872584876e-07,4.026102609287939e-05,4.026102609287939e-05,9.0
whakamawehe,-0.00031989395703688737,0.0006135695680895927,0.00029367561105270537,-0.0009334635251264801,0.0009334635251264801,9.0
whakamihi,2.0551612982732133e-05,-1.9709413110147257e-05,8.42199872584876e-07,4.026102609287939e-05,4.026102609287939e-05,10.0
whakamoe,2.0551612982732133e-05,-1.9709413110147257e-05,8.42199872584876e-07,4.026102609287939e-05,4.026102609287939e-05,10.0
whakamoemiti,2.0551612982732133e-05,-1.9709413110147257e-05,8.42199872584876e-07,4.026102609287939e-05,4.026102609287939e-05,9.0
whakamutu,-0.0007699385208257651,0.0036919331804080493,0.0029219946595822844,-0.004461871701233814,0.004461871701233814,13.0
whakamutunga,2.0551612982732133e-05,-1.9709413110147257e-05,8.42199872584876e-07,4.026102609287939e-05,4.026102609287939e-05,11.0
whakamā,0.0007219943660047033,-0.0003462036102650909,0.0003757907557396124,0.0010681979762697943,0.0010681979762697943,10.0
whakamākū,2.0551612982732133e-05,-1.9709413110147257e-05,8.42199872584876e-07,4.026102609287939e-05,4.026102609287939e-05,9.0
whakamāmā,-0.00031989395703688737,0.0006135695680895927,0.00029367561105270537,-0.0009334635251264801,0.0009334635251264801,11.0
whakamārama,-0.0011103840908453845,0.010648808332365535,0.009538424241520151,-0.01175919242321092,0.01175919242321092,26.0
whakamātau,2.0551612982732133e-05,-1.9709413110147257e-05,8.42199872584876e-07,4.026102609287939e-05,4.026102609287939e-05,10.0
whakamātautau,0.0007219943660047033,-0.0003462036102650909,0.0003757907557396124,0.0010681979762697943,0.0010681979762697943,11.0
whakamīharo,2.0551612982732133e-05,-1.9709413110147257e-05,8.42199872584876e-07,4.026102609287939e-05,4.026102609287939e-05,8.0
whakamōhio,2.0551612982732133e-05,-1.9709413110147257e-05,8.42199872584876e-07,4.026102609287939e-05,4.026102609287939e-05,10.0
whakaneke,2.0551612982732133e-05,-1.9709413110147257e-05,8.42199872584876e-07,4.026102609287939e-05,4.026102609287939e-05,9.0
whakangahau,2.0551612982732133e-05,-1.9709413110147257e-05,8.42199872584876e-07,4.026102609287939e-05,4.026102609287939e-05,9.0
whakangaro,2.0551612982732133e-05,-1.9709413110147257e-05,8.42199872584876e-07,4.026102609287939e-05,4.026102609287939e-05,10.0
whakangoikore,-0.00031989395703688737,0.0006135695680895927,0.00029367561105270537,-0.0009334635251264801,0.0009334635251264801,9.0
whakangāwari,-0.0005190418490350034,0.0014933149382504952,0.0009742730892154919,-0.002012356787285499,0.002012356787285499,11.0
whakanoa,-0.00031989395703688737,0.0006135695680895927,0.00029367561105270537,-0.0009334635251264801,0.0009334635251264801,9.0
whakanoho,0.0007219943660047033,-0.0003462036102650909,0.0003757907557396124,0.0010681979762697943,0.0010681979762697943,11.0
whakanui,-0.00031989395703688737,0.0006135695680895927,0.00029367561105270537,-0.0009334635251264801,0.0009334635251264801,17.0
whakaoho,-0.00031989395703688737,0.0006135695680895927,0.00029367561105270537,-0.0009334635251264801,0.0009334635251264801,9.0
whakaohooho,2.0551612982732133e-05,-1.9709413110147257e-05,8.42199872584876e-07,4.026102609287939e-05,4.026102609287939e-05,11.0
whakaohorere,2.0551612982732133e-05,-1.9709413110147257e-05,8.42199872584876e-07,4.026102609287939e-05,4.026102609287939e-05,9.0
whakaora,-0.0003571925580307679,0.0005138323467856644,0.0001566397887548965,-0.0008710249048164323,0.0008710249048164323,11.0
whakaoti,-0.0006603395270565067,0.00253311592479896,0.0018727763977424532,-0.0031934554518554667,0.0031934554518554667,12.0
whakaotinga,2.0551612982732133e-05,-1.9709413110147257e-05,8.42199872584876e-07,4.026102609287939e-05,4.026102609287939e-05,9.0
whakapae,0.0007219943660047033,-0.0003462036102650909,0.0003757907557396124,0.0010681979762697943,0.0010681979762697943,17.0
whakapahū,-0.00031989395703688737,0.0006135695680895927,0.00029367561105270537,-0.0009334635251264801,0.0009334635251264801,9.0
whakapai,-0.000859487419054623,0.004945595059430652,0.0040861076403760285,-0.005805082478485275,0.005805082478485275,15.0
whakapaipai,2.0551612982732133e-05,-1.9709413110147257e-05,8.42199872584876e-07,4.026102609287939e-05,4.026102609287939e-05,9.0
whakapakari,2.0551612982732133e-05,-1.9709413110147257e-05,8.42199872584876e-07,4.026102609287939e-05,4.026102609287939e-05,12.0
whakapaoho,2.0551612982732133e-05,-1.9709413110147257e-05,8.42199872584876e-07,4.026102609287939e-05,4.026102609287939e-05,10.0
whakapapa,2.0551612982732133e-05,-1.9709413110147257e-05,8.42199872584876e-07,4.026102609287939e-05,4.026102609287939e-05,10.0
whakapati,2.0551612982732133e-05,-1.9709413110147257e-05,8.42199872584876e-07,4.026102609287939e-05,4.026102609287939e-05,9.0
whakapau,-0.00031989395703688737,0.0006135695680895927,0.00029367561105270537,-0.0009334635251264801,0.0009334635251264801,12.0
whakapiri,0.0016804352250014032,-0.000537190472303793,0.0011432447526976103,0.002217625697305196,0.002217625697305196,11.0
whakapono,0.0016804352250014032,-0.000537190472303793,0.0011432447526976103,0.002217625697305196,0.002217625697305196,16.0
whakaponotanga,2.0551612982732133e-05,-1.9709413110147257e-05,8.42199872584876e-07,4.026102609287939e-05,4.026102609287939e-05,9.0
whakapuare,-0.00031989395703688737,0.0006135695680895927,0.00029367561105270537,-0.0009334635251264801,0.0009334635251264801,9.0
whakaputa,-0.0009351999337045533,0.006278129748072207,0.005342929814367654,-0.00721332968177676,0.00721332968177676,21.0
whakapā,2.0551612982732133e-05,-1.9709413110147257e-05,8.42199872584876e-07,4.026102609287939e-05,4.026102609287939e-05,8.0
whakapākehā,2.0551612982732133e-05,-1.9709413110147257e-05,8.42199872584876e-07,4.026102609287939e-05,4.026102609287939e-05,10.0
whakapākehātanga,2.0551612982732133e-05,-1.9709413110147257e-05,8.42199872584876e-07,4.026102609287939e-05,4.026102609287939e-05,9.0
whakapōrearea,2.0551612982732133e-05,-1.9709413110147257e-05,8.42199872584876e-07,4.026102609287939e-05,4.026102609287939e-05,10.0
whakapōtae,0.0007219943660047033,-0.0003462036102650909,0.0003757907557396124,0.0010681979762697943,0.0010681979762697943,9.0
whakapōtaetanga,2.0551612982732133e-05,-1.9709413110147257e-05,8.42199872584876e-07,4.026102609287939e-05,4.026102609287939e-05,9.0
whakarahi,2.0551612982732133e-05,-1.9709413110147257e-05,8.42199872584876e-07,4.026102609287939e-05,4.026102609287939e-05,10.0
whakarangatira,-0.00031989395703688737,0.0006135695680895927,0.00029367561105270537,-0.0009334635251264801,0.0009334635251264801,9.0
whakarapu,2.0551612982732133e-05,-1.9709413110147257e-05,8.42199872584876e-07,4.026102609287939e-05,4.026102609287939e-05,9.0
whakararata,-0.0005190418490350034,0.0014933149382504952,0.0009742730892154919,-0.002012356787285499,0.002012356787285499,10.0
whakararu,2.0551612982732133e-05,-1.9709413110147257e-05,8.42199872584876e-07,4.026102609287939e-05,4.026102609287939e-05,12.0
whakararuraru,2.0551612982732133e-05,-1.9709413110147257e-05,8.42199872584876e-07,4.026102609287939e-05,4.026102609287939e-05,9.0
whakarerekētanga,2.0551612982732133e-05,-1.9709413110147257e-05,8.42199872584876e-07,4.026102609287939e-05,4.026102609287939e-05,9.0
whakareri,0.0007219943660047033,-0.0003462036102650909,0.0003757907557396124,0.0010681979762697943,0.0010681979762697943,9.0
whakarite,-0.001662945145984694,0.002923796474287424,0.0012608513283027302,-0.0045867416202721185,0.0045867416202721185,26.0
whakaroa,2.0551612982732133e-05,-1.9709413110147257e-05,8.42199872584876e-07,4.026102609287939e-05,4.026102609287939e-05,8.0
whakarongo,0.0016804352250014032,-0.000537190472303793,0.0011432447526976103,0.002217625697305196,0.002217625697305196,56.0
whakarongotanga,2.0551612982732133e-05,-1.9709413110147257e-05,8.42199872584876e-07,4.026102609287939e-05,4.026102609287939e-05,9.0
whakarāhui,-0.00031989395703688737,0.0006135695680895927,0.00029367561105270537,-0.0009334635251264801,0.0009334635251264801,9.0
whakarāpopoto,0.0006590985149425449,-0.00042139255029769867,0.0002377059646448462,0.0010804910652402436,0.0010804910652402436,12.0
whakarārangi,-0.00031989395703688737,0.0006135695680895927,0.00029367561105270537,-0.0009334635251264801,0.0009334635251264801,9.0
whakarū,2.0551612982732133e-05,-1.9709413110147257e-05,8.42199872584876e-07,4.026102609287939e-05,4.026102609287939e-05,9.0
whakataetae,2.0551612982732133e-05,-1.9709413110147257e-05,8.42199872584876e-07,4.026102609287939e-05,4.026102609287939e-05,10.0
whakataha,2.0551612982732133e-05,-1.9709413110147257e-05,8.42199872584876e-07,4.026102609287939e-05,4.026102609287939e-05,9.0
whakatakariri,2.0551612982732133e-05,-1.9709413110147257e-05,8.42199872584876e-07,4.026102609287939e-05,4.026102609287939e-05,12.0
whakatakiri,2.0551612982732133e-05,-1.9709413110147257e-05,8.42199872584876e-07,4.026102609287939e-05,4.026102609287939e-05,9.0
whakatakoto,-0.002404911615234031,0.012300581061055705,0.009895669445821674,-0.014705492676289737,0.014705492676289737,29.0
whakatakototanga,2.0551612982732133e-05,-1.9709413110147257e-05,8.42199872584876e-07,4.026102609287939e-05,4.026102609287939e-05,9.0
whakatangi,-0.0005190418490350034,0.0014933149382504952,0.0009742730892154919,-0.002012356787285499,0.002012356787285499,12.0
whakatapu,-0.00031989395703688737,0.0006135695680895927,0.00029367561105270537,-0.0009334635251264801,0.0009334635251264801,10.0
whakatatanga,2.0551612982732133e-05,-1.9709413110147257e-05,8.42199872584876e-07,4.026102609287939e-05,4.026102609287939e-05,9.0
whakatatū,-0.0007699385208257651,0.0036919331804080493,0.0029219946595822844,-0.004461871701233814,0.004461871701233814,14.0
whakatau,-0.0016335019726970359,0.008616088125417528,0.006982586152720492,-0.010249590098114564,0.010249590098114564,25.0
whakatauira,2.0551612982732133e-05,-1.9709413110147257e-05,8.42199872584876e-07,4.026102609287939e-05,4.026102609287939e-05,9.0
whakataukī,0.0007219943660047033,-0.0003462036102650909,0.0003757907557396124,0.0010681979762697943,0.0010681979762697943,11.0
whakataumaha,2.0551612982732133e-05,-1.9709413110147257e-05,8.42199872584876e-07,4.026102609287939e-05,4.026102609287939e-05,9.0
whakatautau,2.0551612982732133e-05,-1.9709413110147257e-05,8.42199872584876e-07,4.026102609287939e-05,4.026102609287939e-05,9.0
whakatawhiti,2.0551612982732133e-05,-1.9709413110147257e-05,8.42199872584876e-07,4.026102609287939e-05,4.026102609287939e-05,9.0
whakatere,-0.0006397879140737747,0.0012271391361791855,0.0005873512221054107,-0.0018669270502529602,0.0018669270502529602,12.0
whakatika,-0.001058635311052739,0.009137274347494296,0.008078639036441557,-0.010195909658547036,0.010195909658547036,23.0
whakatikatika,-0.0017123718864829466,0.005473997740429079,0.003761625853946132,-0.0071863696269120255,0.0071863696269120255,22.0
whakatinana,-0.0008589859016122912,0.0020594621946333313,0.0012004762930210402,-0.0029184480962456223,0.0029184480962456223,15.0
whakatipu,-0.00031989395703688737,0.0006135695680895927,0.00029367561105270537,-0.0009334635251264801,0.0009334635251264801,10.0
whakatoi,2.0551612982732133e-05,-1.9709413110147257e-05,8.42199872584876e-07,4.026102609287939e-05,4.026102609287939e-05,9.0
whakatupu,2.0551612982732133e-05,-1.9709413110147257e-05,8.42199872584876e-07,4.026102609287939e-05,4.026102609287939e-05,9.0
whakature,0.0007219943660047033,-0.0003462036102650909,0.0003757907557396124,0.0010681979762697943,0.0010681979762697943,9.0
whakatutuki,-0.0006603395270565067,0.00253311592479896,0.0018727763977424532,-0.0031934554518554667,0.0031934554518554667,14.0
whakatutū,-0.0006603395270565067,0.00253311592479896,0.0018727763977424532,-0.0031934554518554667,0.0031934554518554667,11.0
whakatuwhera,-0.000859487419054623,0.004945595059430652,0.0040861076403760285,-0.005805082478485275,0.005805082478485275,15.0
whakatuwheratanga,2.0551612982732133e-05,-1.9709413110147257e-05,8.42199872584876e-07,4.026102609287939e-05,4.026102609287939e-05,9.0
whakatā,4.1103225965464265e-05,-3.9418826220294513e-05,1.684399745169752e-06,8.052205218575878e-05,8.052205218575878e-05,11.0
whakatāpiri,2.0551612982732133e-05,-1.9709413110147257e-05,8.42199872584876e-07,4.026102609287939e-05,4.026102609287939e-05,9.0
whakatārewa,0.0007219943660047033,-0.0003462036102650909,0.0003757907557396124,0.0010681979762697943,0.0010681979762697943,10.0
whakatīmata,-0.00031989395703688737,0.0006135695680895927,0.00029367561105270537,-0.0009334635251264801,0.0009334635251264801,9.0
whakatō,-0.0011895087273698676,0.003992670367987602,0.002803161640617734,-0.005182179095357469,0.005182179095357469,15.0
whakatōnga,2.0551612982732133e-05,-1.9709413110147257e-05,8.42199872584876e-07,4.026102609287939e-05,4.026102609287939e-05,9.0
whakatōpū,2.0551612982732133e-05,-1.9709413110147257e-05,8.42199872584876e-07,4.026102609287939e-05,4.026102609287939e-05,9.0
whakatū,-0.0010715776740923037,0.0015414970403569927,0.000469919366264689,-0.0026130747144492966,0.0026130747144492966,41.0
whakatūpeke,2.0551612982732133e-05,-1.9709413110147257e-05,8.42199872584876e-07,4.026102609287939e-05,4.026102609287939e-05,9.0
whakatūtū,2.0551612982732133e-05,-1.9709413110147257e-05,8.42199872584876e-07,4.026102609287939e-05,4.026102609287939e-05,10.0
whakaui,2.0551612982732133e-05,-1.9709413110147257e-05,8.42199872584876e-07,4.026102609287939e-05,4.026102609287939e-05,9.0
whakauru,-0.0006397879140737747,0.0012271391361791855,0.0005873512221054107,-0.0018669270502529602,0.0018669270502529602,15.0
whakautu,-0.0005190418490350034,0.0014933149382504952,0.0009742730892154919,-0.002012356787285499,0.002012356787285499,11.0
whakaututanga,2.0551612982732133e-05,-1.9709413110147257e-05,8.42199872584876e-07,4.026102609287939e-05,4.026102609287939e-05,9.0
whakawaiho,2.0551612982732133e-05,-1.9709413110147257e-05,8.42199872584876e-07,4.026102609287939e-05,4.026102609287939e-05,9.0
whakawaimehameha,2.0551612982732133e-05,-1.9709413110147257e-05,8.42199872584876e-07,4.026102609287939e-05,4.026102609287939e-05,8.0
whakawaiwai,-0.00031989395703688737,0.0006135695680895927,0.00029367561105270537,-0.0009334635251264801,0.0009334635251264801,9.0
whakawehe,0.0016804352250014032,-0.000537190472303793,0.0011432447526976103,0.002217625697305196,0.002217625697305196,10.0
whakawehewehe,0.0007219943660047033,-0.0003462036102650909,0.0003757907557396124,0.0010681979762697943,0.0010681979762697943,10.0
whakawhanaunga,2.0551612982732133e-05,-1.9709413110147257e-05,8.42199872584876e-07,4.026102609287939e-05,4.026102609287939e-05,10.0
whakawhawhai,-0.00031989395703688737,0.0006135695680895927,0.00029367561105270537,-0.0009334635251264801,0.0009334635251264801,9.0
whakawhetai,2.0551612982732133e-05,-1.9709413110147257e-05,8.42199872584876e-07,4.026102609287939e-05,4.026102609287939e-05,9.0
whakawhiti,0.0014439887320094066,-0.0006924072205301818,0.0007515815114792248,0.0021363959525395886,0.0021363959525395886,28.0
whakawhitinga,2.0551612982732133e-05,-1.9709413110147257e-05,8.42199872584876e-07,4.026102609287939e-05,4.026102609287939e-05,8.0
whakawhitiwhiti,4.1103225965464265e-05,-3.9418826220294513e-05,1.684399745169752e-06,8.052205218575878e-05,8.052205218575878e-05,12.0
whakawhiu,2.0551612982732133e-05,-1.9709413110147257e-05,8.42199872584876e-07,4.026102609287939e-05,4.026102609287939e-05,9.0
whakawhiwhi,0.0016804352250014032,-0.000537190472303793,0.0011432447526976103,0.002217625697305196,0.002217625697305196,10.0
whakawhānui,2.0551612982732133e-05,-1.9709413110147257e-05,8.42199872584876e-07,4.026102609287939e-05,4.026102609287939e-05,10.0
whakawhāriki,0.0007219943660047033,-0.0003462036102650909,0.0003757907557396124,0.0010681979762697943,0.0010681979762697943,9.0
whakawā,-0.0007699385208257651,0.0036919331804080493,0.0029219946595822844,-0.004461871701233814,0.004461871701233814,19.0
whakawātea,-0.0010172351746612575,0.0017072109879029962,0.0006899758132417387,-0.002724446162564254,0.002724446162564254,20.0
whakawāwā,-0.00031989395703688737,0.0006135695680895927,0.00029367561105270537,-0.0009334635251264801,0.0009334635251264801,9.0
whanaungatanga,2.0551612982732133e-05,-1.9709413110147257e-05,8.42199872584876e-07,4.026102609287939e-05,4.026102609287939e-05,10.0
whanawhana,2.0551612982732133e-05,-1.9709413110147257e-05,8.42199872584876e-07,4.026102609287939e-05,4.026102609287939e-05,9.0
whanga,2.0551612982732133e-05,-1.9709413110147257e-05,8.42199872584876e-07,4.026102609287939e-05,4.026102609287939e-05,11.0
whanga-nui-ā-tara,2.0551612982732133e-05,-1.9709413110147257e-05,8.42199872584876e-07,4.026102609287939e-05,4.026102609287939e-05,10.0
whao,-0.00031989395703688737,0.0006135695680895927,0.00029367561105270537,-0.0009334635251264801,0.0009334635251264801,9.0
wharatanga,2.0551612982732133e-05,-1.9709413110147257e-05,8.42199872584876e-07,4.026102609287939e-05,4.026102609287939e-05,9.0
whare,2.0551612982732133e-05,-1.9709413110147257e-05,8.42199872584876e-07,4.026102609287939e-05,4.026102609287939e-05,26.0
wharekai,2.0551612982732133e-05,-1.9709413110147257e-05,8.42199872584876e-07,4.026102609287939e-05,4.026102609287939e-05,9.0
whata-mangō,-0.00031989395703688737,0.0006135695680895927,0.00029367561105270537,-0.0009334635251264801,0.0009334635251264801,9.0
whati,-0.00031989395703688737,0.0006135695680895927,0.00029367561105270537,-0.0009334635251264801,0.0009334635251264801,11.0
whatu,0.0007219943660047033,-0.0003462036102650909,0.0003757907557396124,0.0010681979762697943,0.0010681979762697943,10.0
whatumanawa,2.0551612982732133e-05,-1.9709413110147257e-05,8.42199872584876e-07,4.026102609287939e-05,4.026102609287939e-05,9.0
whawhai,2.0551612982732133e-05,-1.9709413110147257e-05,8.42199872584876e-07,4.026102609287939e-05,4.026102609287939e-05,9.0
whenua,2.0551612982732133e-05,-1.9709413110147257e-05,8.42199872584876e-07,4.026102609287939e-05,4.026102609287939e-05,21.0
wherawhera,2.0551612982732133e-05,-1.9709413110147257e-05,8.42199872584876e-07,4.026102609287939e-05,4.026102609287939e-05,10.0
whetereihana,2.0551612982732133e-05,-1.9709413110147257e-05,8.42199872584876e-07,4.026102609287939e-05,4.026102609287939e-05,9.0
wheua,2.0551612982732133e-05,-1.9709413110147257e-05,8.42199872584876e-07,4.026102609287939e-05,4.026102609287939e-05,9.0
whiri,-0.00031989395703688737,0.0006135695680895927,0.00029367561105270537,-0.0009334635251264801,0.0009334635251264801,9.0
whiriwhiri,-0.0011103840908453845,0.010648808332365535,0.009538424241520151,-0.01175919242321092,0.01175919242321092,31.0
whiti,2.0551612982732133e-05,-1.9709413110147257e-05,8.42199872584876e-07,4.026102609287939e-05,4.026102609287939e-05,8.0
whitinga,2.0551612982732133e-05,-1.9709413110147257e-05,8.42199872584876e-07,4.026102609287939e-05,4.026102609287939e-05,11.0
whitu,0.0007219943660047033,-0.0003462036102650909,0.0003757907557396124,0.0010681979762697943,0.0010681979762697943,12.0
whiu,6.16548389481965e-05,-5.912823933044188e-05,2.526599617754628e-06,0.00012078307827863839,0.00012078307827863839,16.0
whiwhi,0.001357241423867469,-0.0007809732093247764,0.0005762682145426926,0.0021382146331922454,0.0021382146331922454,21.0
whoatu,-0.00031989395703688737,0.0006135695680895927,0.00029367561105270537,-0.0009334635251264801,0.0009334635251264801,9.0
whā,2.0551612982732133e-05,-1.9709413110147257e-05,8.42199872584876e-07,4.026102609287939e-05,4.026102609287939e-05,12.0
whāinga,2.0551612982732133e-05,-1.9709413110147257e-05,8.42199872584876e-07,4.026102609287939e-05,4.026102609287939e-05,9.0
whāiti,0.0007219943660047033,-0.0003462036102650909,0.0003757907557396124,0.0010681979762697943,0.0010681979762697943,10.0
whāki,-0.00031989395703688737,0.0006135695680895927,0.00029367561105270537,-0.0009334635251264801,0.0009334635251264801,9.0
whākīkī,2.0551612982732133e-05,-1.9709413110147257e-05,8.42199872584876e-07,4.026102609287939e-05,4.026102609287939e-05,9.0
whānako,-0.0006397879140737747,0.0012271391361791855,0.0005873512221054107,-0.0018669270502529602,0.0018669270502529602,12.0
whānau,0.0007219943660047033,-0.0003462036102650909,0.0003757907557396124,0.0010681979762697943,0.0010681979762697943,17.0
whānautanga,2.0551612982732133e-05,-1.9709413110147257e-05,8.42199872584876e-07,4.026102609287939e-05,4.026102609287939e-05,10.0
whāngai,-0.0023098155624772954,0.011075799541224148,0.008765983978746852,-0.013385615103701443,0.013385615103701443,29.0
whānui,2.0551612982732133e-05,-1.9709413110147257e-05,8.42199872584876e-07,4.026102609287939e-05,4.026102609287939e-05,9.0
whānuitanga,2.0551612982732133e-05,-1.9709413110147257e-05,8.42199872584876e-07,4.026102609287939e-05,4.026102609287939e-05,10.0
whāriki,0.0007219943660047033,-0.0003462036102650909,0.0003757907557396124,0.0010681979762697943,0.0010681979762697943,11.0
whārua,2.0551612982732133e-05,-1.9709413110147257e-05,8.42199872584876e-07,4.026102609287939e-05,4.026102609287939e-05,10.0
whārōrō,0.0007219943660047033,-0.0003462036102650909,0.0003757907557396124,0.0010681979762697943,0.0010681979762697943,9.0
whāterotero,2.0551612982732133e-05,-1.9709413110147257e-05,8.42199872584876e-07,4.026102609287939e-05,4.026102609287939e-05,9.0
whāwhā,0.0007219943660047033,-0.0003462036102650909,0.0003757907557396124,0.0010681979762697943,0.0010681979762697943,10.0
whītiki,-0.00031989395703688737,0.0006135695680895927,0.00029367561105270537,-0.0009334635251264801,0.0009334635251264801,9.0
whīwhiwhi,0.0007219943660047033,-0.0003462036102650909,0.0003757907557396124,0.0010681979762697943,0.0010681979762697943,9.0
wiki,2.0551612982732133e-05,-1.9709413110147257e-05,8.42199872584876e-07,4.026102609287939e-05,4.026102609287939e-05,10.0
wikitōria,0.0033608704500028065,-0.001074380944607586,0.0022864895053952205,0.004435251394610392,0.004435251394610392,15.0
wā,2.0551612982732133e-05,-1.9709413110147257e-05,8.42199872584876e-07,4.026102609287939e-05,4.026102609287939e-05,76.0
wāhanga,2.0551612982732133e-05,-1.9709413110147257e-05,8.42199872584876e-07,4.026102609287939e-05,4.026102609287939e-05,28.0
wāhi,2.0551612982732133e-05,-1.9709413110147257e-05,8.42199872584876e-07,4.026102609287939e-05,4.026102609287939e-05,17.0
wānanga,-0.0005190418490350034,0.0014933149382504952,0.0009742730892154919,-0.002012356787285499,0.002012356787285499,14.0
wāriu,2.0551612982732133e-05,-1.9709413110147257e-05,8.42199872584876e-07,4.026102609287939e-05,4.026102609287939e-05,12.0
wātea,0.0007219943660047033,-0.0003462036102650909,0.0003757907557396124,0.0010681979762697943,0.0010681979762697943,19.0
wāwāhi,2.0551612982732133e-05,-1.9709413110147257e-05,8.42199872584876e-07,4.026102609287939e-05,4.026102609287939e-05,9.0
wētahi,-0.00031989395703688737,0.0006135695680895927,0.00029367561105270537,-0.0009334635251264801,0.0009334635251264801,9.0
{unclear},2.0551612982732133e-05,-1.9709413110147257e-05,8.42199872584876e-07,4.026102609287939e-05,4.026102609287939e-05,9.0
āhei,0.0023529808838580494,-0.0009026225302939216,0.0014503583535641277,0.003255603414151971,0.003255603414151971,25.0
āhua,0.008110417467912294,-0.001555610924603809,0.006554806543308485,0.009666028392516103,0.009666028392516103,65.0
āhuaranga,2.0551612982732133e-05,-1.9709413110147257e-05,8.42199872584876e-07,4.026102609287939e-05,4.026102609287939e-05,12.0
āhuatanga,2.0551612982732133e-05,-1.9709413110147257e-05,8.42199872584876e-07,4.026102609287939e-05,4.026102609287939e-05,25.0
āki,2.0551612982732133e-05,-1.9709413110147257e-05,8.42199872584876e-07,4.026102609287939e-05,4.026102609287939e-05,11.0
āpiti,2.0551612982732133e-05,-1.9709413110147257e-05,8.42199872584876e-07,4.026102609287939e-05,4.026102609287939e-05,10.0
ārahi,-0.0011571965563681372,0.012207524294121908,0.011050327737753772,-0.013364720850490045,0.013364720850490045,22.0
āta,-0.0011999329890742426,0.01380912048472063,0.012609187495646386,-0.015009053473794873,0.015009053473794873,39.0
ātaahua,2.0551612982732133e-05,-1.9709413110147257e-05,8.42199872584876e-07,4.026102609287939e-05,4.026102609287939e-05,11.0
āwanga,2.0551612982732133e-05,-1.9709413110147257e-05,8.42199872584876e-07,4.026102609287939e-05,4.026102609287939e-05,10.0
āwangawanga,2.0551612982732133e-05,-1.9709413110147257e-05,8.42199872584876e-07,4.026102609287939e-05,4.026102609287939e-05,17.0
āwhina,-0.001371007003940753,0.022351999255957298,0.020980992252016543,-0.023723006259898052,0.023723006259898052,35.0
ētahi,-0.00031989395703688737,0.0006135695680895927,0.00029367561105270537,-0.0009334635251264801,0.0009334635251264801,9.0
īnia,-0.00031989395703688737,0.0006135695680895927,0.00029367561105270537,-0.0009334635251264801,0.0009334635251264801,9.0
ōrite,2.0551612982732133e-05,-1.9709413110147257e-05,8.42199872584876e-07,4.026102609287939e-05,4.026102609287939e-05,11.0
ū,4.1103225965464265e-05,-3.9418826220294513e-05,1.684399745169752e-06,8.052205218575878e-05,8.052205218575878e-05,21.0
ūkui,0.0007219943660047033,-0.0003462036102650909,0.0003757907557396124,0.0010681979762697943,0.0010681979762697943,9.0
ūmere,2.0551612982732133e-05,-1.9709413110147257e-05,8.42199872584876e-07,4.026102609287939e-05,4.026102609287939e-05,9.0
ūnga,2.0551612982732133e-05,-1.9709413110147257e-05,8.42199872584876e-07,4.026102609287939e-05,4.026102609287939e-05,9.0
ūtanga,2.0551612982732133e-05,-1.9709413110147257e-05,8.42199872584876e-07,4.026102609287939e-05,4.026102609287939e-05,11.0
